  0
SECTION
  2
HEADER
  9
$ANGBASE
  50
0.0
  9
$ANGDIR
  70
1
  9
$MEASUREMENT
  70
0
  0
ENDSEC
  0
SECTION
  2
TABLES
  0
TABLE
  2
LTYPE
  70
4
  0
LTYPE
  5
40F
  2
CONTINUOUS
  70
0
  3
Solid line
  72
65
  73
0
  40
0.0
  0
LTYPE
  5
410
  2
DASHDOT
 70
0
  3
Dash Dot ____ _ ____ _
 72
65
 73
4
 40
2.0
 49
1.25
 49
-0.25
 49
0.25
 49
-0.25
  0
LTYPE
  5
411
  2
DASHED
 70
0
  3
Dashed __ __ __ __ __
 72
65
 73
2
 40
0.75
 49
0.5
 49
-0.25
  0
LTYPE
  5
43B
  2
DOTTED
 70
0
  3
Dotted .  .  .  .
 72
65
 73
2
 40
0.2
 49
0.0
 49
-0.2
  0
ENDTAB
  0
TABLE
  2
STYLE
  70
4
  0
STYLE
  2
KICAD
  70
0
  40
0
  41
1
  42
1
  50
0
  71
0
  3
isocp.shx
  0
STYLE
  2
KICADB
  70
0
  40
0
  41
1
  42
1
  50
0
  71
0
  3
isocp.shx
  0
STYLE
  2
KICADI
  70
0
  40
0
  41
1
  42
1
  50
15
  71
0
  3
isocp.shx
  0
STYLE
  2
KICADBI
  70
0
  40
0
  41
1
  42
1
  50
15
  71
0
  3
isocp.shx
  0
ENDTAB
  0
TABLE
  2
LAYER
  70
1
  0
LAYER
  2
BLACK
  70
0
  62
7
  6
CONTINUOUS
  0
ENDTAB
  0
ENDSEC
  0
SECTION
  2
ENTITIES
0
LINE
8
BLACK
6
CONTINUOUS
10
5.7542391732283464
20
-5.81270968503937
11
5.7545300787401574
21
-5.8129603543307082
0
LINE
8
BLACK
6
CONTINUOUS
10
5.7545300787401574
20
-5.8129603543307082
11
6.093871102362205
21
-6.2472970472440945
0
LINE
8
BLACK
6
CONTINUOUS
10
6.093871102362205
20
-6.2472970472440945
11
6.0940439370078741
21
-6.2476399606299209
0
LINE
8
BLACK
6
CONTINUOUS
10
6.0940439370078741
20
-6.2476399606299209
11
6.0939521259842522
21
-6.2483876771653541
0
LINE
8
BLACK
6
CONTINUOUS
10
6.0939521259842522
20
-6.2483876771653541
11
6.0939520078740159
21
-6.2483877559055117
0
LINE
8
BLACK
6
CONTINUOUS
10
6.0939520078740159
20
-6.2483877559055117
11
6.0937014566929131
21
-6.2486785826771651
0
LINE
8
BLACK
6
CONTINUOUS
10
6.0937014566929131
20
-6.2486785826771651
11
5.6593648031496064
21
-6.5880195669291339
0
LINE
8
BLACK
6
CONTINUOUS
10
5.6593648031496064
20
-6.5880195669291339
11
5.6590218503937004
21
-6.5881924409448818
0
LINE
8
BLACK
6
CONTINUOUS
10
5.6590218503937004
20
-6.5881924409448818
11
5.6582741338582672
21
-6.5881006299212599
0
LINE
8
BLACK
6
CONTINUOUS
10
5.6582741338582672
20
-6.5881006299212599
11
5.6582740157480318
21
-6.5881005118110236
0
LINE
8
BLACK
6
CONTINUOUS
10
5.6582740157480318
20
-6.5881005118110236
11
5.6579832283464562
21
-6.5878499606299208
0
LINE
8
BLACK
6
CONTINUOUS
10
5.6579832283464562
20
-6.5878499606299208
11
5.3186422440944883
21
-6.1535133070866141
0
LINE
8
BLACK
6
CONTINUOUS
10
5.3186422440944883
20
-6.1535133070866141
11
5.3184693700787404
21
-6.1531703543307081
0
LINE
8
BLACK
6
CONTINUOUS
10
5.3184693700787404
20
-6.1531703543307081
11
5.3185611811023623
21
-6.1524226377952758
0
LINE
8
BLACK
6
CONTINUOUS
10
5.3185611811023623
20
-6.1524226377952758
11
5.3188118503937005
21
-6.1521317322834648
0
LINE
8
BLACK
6
CONTINUOUS
10
5.3188118503937005
20
-6.1521317322834648
11
5.7531485433070868
21
-5.8127907086614172
0
LINE
8
BLACK
6
CONTINUOUS
10
5.7531485433070868
20
-5.8127907086614172
11
5.7534914566929132
21
-5.8126178740157481
0
LINE
8
BLACK
6
CONTINUOUS
10
5.7534914566929132
20
-5.8126178740157481
11
5.7542391732283464
21
-5.81270968503937
0
LINE
8
BLACK
6
CONTINUOUS
10
5.3207993700787402
20
-6.1530769291338583
11
5.6589284251968506
21
-6.5858623622047245
0
LINE
8
BLACK
6
CONTINUOUS
10
5.6589284251968506
20
-6.5858623622047245
11
6.0917138582677168
21
-6.2477333464566929
0
LINE
8
BLACK
6
CONTINUOUS
10
6.0917138582677168
20
-6.2477333464566929
11
5.7535848425196852
21
-5.8149478740157479
0
LINE
8
BLACK
6
CONTINUOUS
10
5.7535848425196852
20
-5.8149478740157479
11
5.3207993700787402
21
-6.1530769291338583
0
LINE
8
BLACK
6
CONTINUOUS
10
8.1215085039370081
20
-5.8126178740157481
11
8.1218514566929141
21
-5.812790748031496
0
LINE
8
BLACK
6
CONTINUOUS
10
8.1218514566929141
20
-5.812790748031496
11
8.5561881102362207
21
-6.1521317322834648
0
LINE
8
BLACK
6
CONTINUOUS
10
8.5561881102362207
20
-6.1521317322834648
11
8.5564386614173227
21
-6.1524225196850395
0
LINE
8
BLACK
6
CONTINUOUS
10
8.5564386614173227
20
-6.1524225196850395
11
8.5564387795275589
21
-6.1524226377952758
0
LINE
8
BLACK
6
CONTINUOUS
10
8.5564387795275589
20
-6.1524226377952758
11
8.5565305905511817
21
-6.1531703543307081
0
LINE
8
BLACK
6
CONTINUOUS
10
8.5565305905511817
20
-6.1531703543307081
11
8.5563577559055108
21
-6.1535132677165354
0
LINE
8
BLACK
6
CONTINUOUS
10
8.5563577559055108
20
-6.1535132677165354
11
8.2170167322834651
21
-6.5878499606299208
0
LINE
8
BLACK
6
CONTINUOUS
10
8.2170167322834651
20
-6.5878499606299208
11
8.2167258267716541
21
-6.5881006299212599
0
LINE
8
BLACK
6
CONTINUOUS
10
8.2167258267716541
20
-6.5881006299212599
11
8.2159781102362199
21
-6.5881924409448818
0
LINE
8
BLACK
6
CONTINUOUS
10
8.2159781102362199
20
-6.5881924409448818
11
8.2156351968503927
21
-6.5880196062992127
0
LINE
8
BLACK
6
CONTINUOUS
10
8.2156351968503927
20
-6.5880196062992127
11
7.7812985039370073
21
-6.2486785826771651
0
LINE
8
BLACK
6
CONTINUOUS
10
7.7812985039370073
20
-6.2486785826771651
11
7.7810478346456691
21
-6.2483876771653541
0
LINE
8
BLACK
6
CONTINUOUS
10
7.7810478346456691
20
-6.2483876771653541
11
7.7809560236220472
21
-6.2476399606299209
0
LINE
8
BLACK
6
CONTINUOUS
10
7.7809560236220472
20
-6.2476399606299209
11
7.781128897637795
21
-6.2472970078740158
0
LINE
8
BLACK
6
CONTINUOUS
10
7.781128897637795
20
-6.2472970078740158
11
8.1204698818897629
21
-5.8129603543307082
0
LINE
8
BLACK
6
CONTINUOUS
10
8.1204698818897629
20
-5.8129603543307082
11
8.1207606692913377
21
-5.8127097637795275
0
LINE
8
BLACK
6
CONTINUOUS
10
8.1207606692913377
20
-5.8127097637795275
11
8.1207607874015739
21
-5.81270968503937
0
LINE
8
BLACK
6
CONTINUOUS
10
8.1207607874015739
20
-5.81270968503937
11
8.1215085039370081
21
-5.8126178740157481
0
LINE
8
BLACK
6
CONTINUOUS
10
7.7832860236220469
20
-6.2477333464566929
11
8.2160714960629928
21
-6.5858624015748033
0
LINE
8
BLACK
6
CONTINUOUS
10
8.2160714960629928
20
-6.5858624015748033
11
8.5542005118110236
21
-6.1530769291338583
0
LINE
8
BLACK
6
CONTINUOUS
10
8.5542005118110236
20
-6.1530769291338583
11
8.1214150787401564
21
-5.8149479133858266
0
LINE
8
BLACK
6
CONTINUOUS
10
8.1214150787401564
20
-5.8149479133858266
11
7.7832860236220469
21
-6.2477333464566929
0
LINE
8
BLACK
6
CONTINUOUS
10
6.3452472440944883
20
-5.3509635826771653
11
6.3455381496062992
21
-5.3512142519685035
0
LINE
8
BLACK
6
CONTINUOUS
10
6.3455381496062992
20
-5.3512142519685035
11
6.6848791732283459
21
-5.7855509448818898
0
LINE
8
BLACK
6
CONTINUOUS
10
6.6848791732283459
20
-5.7855509448818898
11
6.6850520078740159
21
-5.7858938582677162
0
LINE
8
BLACK
6
CONTINUOUS
10
6.6850520078740159
20
-5.7858938582677162
11
6.6849601968503931
21
-5.7866415748031494
0
LINE
8
BLACK
6
CONTINUOUS
10
6.6849601968503931
20
-5.7866415748031494
11
6.6849600787401577
21
-5.786641653543307
0
LINE
8
BLACK
6
CONTINUOUS
10
6.6849600787401577
20
-5.786641653543307
11
6.6847095275590549
21
-5.7869324803149604
0
LINE
8
BLACK
6
CONTINUOUS
10
6.6847095275590549
20
-5.7869324803149604
11
6.2503728740157483
21
-6.1262734645669292
0
LINE
8
BLACK
6
CONTINUOUS
10
6.2503728740157483
20
-6.1262734645669292
11
6.2500299212598422
21
-6.1264463385826771
0
LINE
8
BLACK
6
CONTINUOUS
10
6.2500299212598422
20
-6.1264463385826771
11
6.249282204724409
21
-6.1263545275590552
0
LINE
8
BLACK
6
CONTINUOUS
10
6.249282204724409
20
-6.1263545275590552
11
6.2492820866141727
21
-6.1263544094488189
0
LINE
8
BLACK
6
CONTINUOUS
10
6.2492820866141727
20
-6.1263544094488189
11
6.248991299212598
21
-6.1261038582677161
0
LINE
8
BLACK
6
CONTINUOUS
10
6.248991299212598
20
-6.1261038582677161
11
5.9096503149606301
21
-5.6917672047244094
0
LINE
8
BLACK
6
CONTINUOUS
10
5.9096503149606301
20
-5.6917672047244094
11
5.9094774409448814
21
-5.6914242519685034
0
LINE
8
BLACK
6
CONTINUOUS
10
5.9094774409448814
20
-5.6914242519685034
11
5.9095692519685041
21
-5.6906765354330711
0
LINE
8
BLACK
6
CONTINUOUS
10
5.9095692519685041
20
-5.6906765354330711
11
5.9098199212598423
21
-5.6903856299212601
0
LINE
8
BLACK
6
CONTINUOUS
10
5.9098199212598423
20
-5.6903856299212601
11
6.3441566141732286
21
-5.3510446062992125
0
LINE
8
BLACK
6
CONTINUOUS
10
6.3441566141732286
20
-5.3510446062992125
11
6.344499527559055
21
-5.3508717716535434
0
LINE
8
BLACK
6
CONTINUOUS
10
6.344499527559055
20
-5.3508717716535434
11
6.3452472440944883
21
-5.3509635826771653
0
LINE
8
BLACK
6
CONTINUOUS
10
5.911807440944882
20
-5.6913308267716536
11
6.2499364960629924
21
-6.1241162598425198
0
LINE
8
BLACK
6
CONTINUOUS
10
6.2499364960629924
20
-6.1241162598425198
11
6.6827219291338578
21
-5.7859872440944882
0
LINE
8
BLACK
6
CONTINUOUS
10
6.6827219291338578
20
-5.7859872440944882
11
6.344592913385827
21
-5.3532017716535432
0
LINE
8
BLACK
6
CONTINUOUS
10
6.344592913385827
20
-5.3532017716535432
11
5.911807440944882
21
-5.6913308267716536
0
LINE
8
BLACK
6
CONTINUOUS
10
7.530500472440945
20
-5.3508717716535434
11
7.5308434251968501
21
-5.3510446456692913
0
LINE
8
BLACK
6
CONTINUOUS
10
7.5308434251968501
20
-5.3510446456692913
11
7.9651800787401577
21
-5.6903856299212601
0
LINE
8
BLACK
6
CONTINUOUS
10
7.9651800787401577
20
-5.6903856299212601
11
7.9654306299212596
21
-5.6906764173228348
0
LINE
8
BLACK
6
CONTINUOUS
10
7.9654306299212596
20
-5.6906764173228348
11
7.9654307480314959
21
-5.6906765354330711
0
LINE
8
BLACK
6
CONTINUOUS
10
7.9654307480314959
20
-5.6906765354330711
11
7.9655225590551177
21
-5.6914242519685034
0
LINE
8
BLACK
6
CONTINUOUS
10
7.9655225590551177
20
-5.6914242519685034
11
7.9653497244094487
21
-5.6917671653543307
0
LINE
8
BLACK
6
CONTINUOUS
10
7.9653497244094487
20
-5.6917671653543307
11
7.6260087007874011
21
-6.1261038582677161
0
LINE
8
BLACK
6
CONTINUOUS
10
7.6260087007874011
20
-6.1261038582677161
11
7.6257177952755901
21
-6.1263545275590552
0
LINE
8
BLACK
6
CONTINUOUS
10
7.6257177952755901
20
-6.1263545275590552
11
7.6249700787401569
21
-6.1264463385826771
0
LINE
8
BLACK
6
CONTINUOUS
10
7.6249700787401569
20
-6.1264463385826771
11
7.6246271653543305
21
-6.126273503937008
0
LINE
8
BLACK
6
CONTINUOUS
10
7.6246271653543305
20
-6.126273503937008
11
7.1902904724409451
21
-5.7869324803149604
0
LINE
8
BLACK
6
CONTINUOUS
10
7.1902904724409451
20
-5.7869324803149604
11
7.190039803149606
21
-5.7866415748031494
0
LINE
8
BLACK
6
CONTINUOUS
10
7.190039803149606
20
-5.7866415748031494
11
7.1899479921259841
21
-5.7858938582677162
0
LINE
8
BLACK
6
CONTINUOUS
10
7.1899479921259841
20
-5.7858938582677162
11
7.190120866141732
21
-5.7855509055118111
0
LINE
8
BLACK
6
CONTINUOUS
10
7.190120866141732
20
-5.7855509055118111
11
7.5294618503937008
21
-5.3512142519685035
0
LINE
8
BLACK
6
CONTINUOUS
10
7.5294618503937008
20
-5.3512142519685035
11
7.5297526377952755
21
-5.3509636614173228
0
LINE
8
BLACK
6
CONTINUOUS
10
7.5297526377952755
20
-5.3509636614173228
11
7.5297527559055117
21
-5.3509635826771653
0
LINE
8
BLACK
6
CONTINUOUS
10
7.5297527559055117
20
-5.3509635826771653
11
7.530500472440945
21
-5.3508717716535434
0
LINE
8
BLACK
6
CONTINUOUS
10
7.1922779921259838
20
-5.7859872440944882
11
7.6250634645669289
21
-6.1241162992125986
0
LINE
8
BLACK
6
CONTINUOUS
10
7.6250634645669289
20
-6.1241162992125986
11
7.9631924803149605
21
-5.6913308267716536
0
LINE
8
BLACK
6
CONTINUOUS
10
7.9631924803149605
20
-5.6913308267716536
11
7.5304070472440943
21
-5.3532018110236219
0
LINE
8
BLACK
6
CONTINUOUS
10
7.5304070472440943
20
-5.3532018110236219
11
7.1922779921259838
21
-5.7859872440944882
0
LINE
8
BLACK
6
CONTINUOUS
10
5.1030745669291333
20
-5.2275176377952759
11
5.5253037401574803
21
-5.5818099999999999
0
LINE
8
BLACK
6
CONTINUOUS
10
5.5253037401574803
20
-5.5818099999999999
11
5.5255441338582676
21
-5.5821094881889763
0
LINE
8
BLACK
6
CONTINUOUS
10
5.5255441338582676
20
-5.5821094881889763
11
5.5255441338582676
21
-5.5821095275590551
0
LINE
8
BLACK
6
CONTINUOUS
10
5.5255441338582676
20
-5.5821095275590551
11
5.5256098031496066
21
-5.5828599606299214
0
LINE
8
BLACK
6
CONTINUOUS
10
5.5256098031496066
20
-5.5828599606299214
11
5.5254250787401578
21
-5.5831966535433066
0
LINE
8
BLACK
6
CONTINUOUS
10
5.5254250787401578
20
-5.5831966535433066
11
5.1711327165354328
21
-6.0054258661417323
0
LINE
8
BLACK
6
CONTINUOUS
10
5.1711327165354328
20
-6.0054258661417323
11
5.1708332283464564
21
-6.0056662204724409
0
LINE
8
BLACK
6
CONTINUOUS
10
5.1708332283464564
20
-6.0056662204724409
11
5.1700827559055114
21
-6.005731889763779
0
LINE
8
BLACK
6
CONTINUOUS
10
5.1700827559055114
20
-6.005731889763779
11
5.1697460629921261
21
-6.0055471653543302
0
LINE
8
BLACK
6
CONTINUOUS
10
5.1697460629921261
20
-6.0055471653543302
11
4.7475168503937004
21
-5.6512548031496062
0
LINE
8
BLACK
6
CONTINUOUS
10
4.7475168503937004
20
-5.6512548031496062
11
4.7472764960629918
21
-5.6509553149606297
0
LINE
8
BLACK
6
CONTINUOUS
10
4.7472764960629918
20
-5.6509553149606297
11
4.7472108267716537
21
-5.6502048425196847
0
LINE
8
BLACK
6
CONTINUOUS
10
4.7472108267716537
20
-5.6502048425196847
11
4.7473955511811026
21
-5.6498681496062995
0
LINE
8
BLACK
6
CONTINUOUS
10
4.7473955511811026
20
-5.6498681496062995
11
5.1016879133858266
21
-5.2276389763779525
0
LINE
8
BLACK
6
CONTINUOUS
10
5.1016879133858266
20
-5.2276389763779525
11
5.101987401574803
21
-5.2273985826771652
0
LINE
8
BLACK
6
CONTINUOUS
10
5.101987401574803
20
-5.2273985826771652
11
5.1027378740157481
21
-5.2273329133858271
0
LINE
8
BLACK
6
CONTINUOUS
10
5.1027378740157481
20
-5.2273329133858271
11
5.1030745669291333
21
-5.2275176377952759
0
LINE
8
BLACK
6
CONTINUOUS
10
4.7495361417322837
20
-5.6503794881889764
11
5.1702574015748031
21
-6.0034065354330703
0
LINE
8
BLACK
6
CONTINUOUS
10
5.1702574015748031
20
-6.0034065354330703
11
5.5232844488188979
21
-5.5826852755905509
0
LINE
8
BLACK
6
CONTINUOUS
10
5.5232844488188979
20
-5.5826852755905509
11
5.1025631889763776
21
-5.229658228346457
0
LINE
8
BLACK
6
CONTINUOUS
10
5.1025631889763776
20
-5.229658228346457
11
4.7495361417322837
21
-5.6503794881889764
0
LINE
8
BLACK
6
CONTINUOUS
10
8.773012598425197
20
-5.2273985826771652
11
8.7733120866141725
21
-5.2276389370078737
0
LINE
8
BLACK
6
CONTINUOUS
10
8.7733120866141725
20
-5.2276389370078737
11
9.1276044488188965
21
-5.6498681496062995
0
LINE
8
BLACK
6
CONTINUOUS
10
9.1276044488188965
20
-5.6498681496062995
11
9.1277891732283454
21
-5.6502048425196847
0
LINE
8
BLACK
6
CONTINUOUS
10
9.1277891732283454
20
-5.6502048425196847
11
9.1277292125984246
21
-5.6508896456692916
0
LINE
8
BLACK
6
CONTINUOUS
10
9.1277292125984246
20
-5.6508896456692916
11
9.1277235039370073
21
-5.6509553149606297
0
LINE
8
BLACK
6
CONTINUOUS
10
9.1277235039370073
20
-5.6509553149606297
11
9.1274831102362199
21
-5.6512548031496062
0
LINE
8
BLACK
6
CONTINUOUS
10
9.1274831102362199
20
-5.6512548031496062
11
8.705253937007873
21
-6.0055471653543302
0
LINE
8
BLACK
6
CONTINUOUS
10
8.705253937007873
20
-6.0055471653543302
11
8.7049172440944886
21
-6.005731889763779
0
LINE
8
BLACK
6
CONTINUOUS
10
8.7049172440944886
20
-6.005731889763779
11
8.7041667716535436
21
-6.0056662204724409
0
LINE
8
BLACK
6
CONTINUOUS
10
8.7041667716535436
20
-6.0056662204724409
11
8.7038672834645663
21
-6.0054258267716536
0
LINE
8
BLACK
6
CONTINUOUS
10
8.7038672834645663
20
-6.0054258267716536
11
8.3495749212598422
21
-5.5831966535433066
0
LINE
8
BLACK
6
CONTINUOUS
10
8.3495749212598422
20
-5.5831966535433066
11
8.3493901968503934
21
-5.5828599606299214
0
LINE
8
BLACK
6
CONTINUOUS
10
8.3493901968503934
20
-5.5828599606299214
11
8.3494558661417315
21
-5.5821094881889763
0
LINE
8
BLACK
6
CONTINUOUS
10
8.3494558661417315
20
-5.5821094881889763
11
8.3496962204724401
21
-5.5818099999999999
0
LINE
8
BLACK
6
CONTINUOUS
10
8.3496962204724401
20
-5.5818099999999999
11
8.7719254330708658
21
-5.2275176377952759
0
LINE
8
BLACK
6
CONTINUOUS
10
8.7719254330708658
20
-5.2275176377952759
11
8.7722621259842519
21
-5.2273329133858271
0
LINE
8
BLACK
6
CONTINUOUS
10
8.7722621259842519
20
-5.2273329133858271
11
8.773012598425197
21
-5.2273985826771652
0
LINE
8
BLACK
6
CONTINUOUS
10
8.3517155118110242
20
-5.5826852755905509
11
8.7047425590551182
21
-6.0034065354330703
0
LINE
8
BLACK
6
CONTINUOUS
10
8.7047425590551182
20
-6.0034065354330703
11
9.1254638188976376
21
-5.6503794881889764
0
LINE
8
BLACK
6
CONTINUOUS
10
9.1254638188976376
20
-5.6503794881889764
11
8.7724367716535436
21
-5.229658228346457
0
LINE
8
BLACK
6
CONTINUOUS
10
8.7724367716535436
20
-5.229658228346457
11
8.3517155118110242
21
-5.5826852755905509
0
LINE
8
BLACK
6
CONTINUOUS
10
4.3441345669291334
20
-4.7903134251968504
11
4.8307985826771649
21
-5.049077283464567
0
LINE
8
BLACK
6
CONTINUOUS
10
4.8307985826771649
20
-5.049077283464567
11
4.8310959842519683
21
-5.0493202755905511
0
LINE
8
BLACK
6
CONTINUOUS
10
4.8310959842519683
20
-5.0493202755905511
11
4.8313162204724405
21
-5.0500406692913389
0
LINE
8
BLACK
6
CONTINUOUS
10
4.8313162204724405
20
-5.0500406692913389
11
4.8312055511811023
21
-5.0504084251968502
0
LINE
8
BLACK
6
CONTINUOUS
10
4.8312055511811023
20
-5.0504084251968502
11
4.5724416929133858
21
-5.5370724409448817
0
LINE
8
BLACK
6
CONTINUOUS
10
4.5724416929133858
20
-5.5370724409448817
11
4.5721987007874016
21
-5.5373698425196851
0
LINE
8
BLACK
6
CONTINUOUS
10
4.5721987007874016
20
-5.5373698425196851
11
4.5714783070866138
21
-5.5375900787401573
0
LINE
8
BLACK
6
CONTINUOUS
10
4.5714783070866138
20
-5.5375900787401573
11
4.5711105511811025
21
-5.5374794094488191
0
LINE
8
BLACK
6
CONTINUOUS
10
4.5711105511811025
20
-5.5374794094488191
11
4.084446535433071
21
-5.2787155511811026
0
LINE
8
BLACK
6
CONTINUOUS
10
4.084446535433071
20
-5.2787155511811026
11
4.0841491338582676
21
-5.2784725590551176
0
LINE
8
BLACK
6
CONTINUOUS
10
4.0841491338582676
20
-5.2784725590551176
11
4.0839288976377954
21
-5.2777521653543307
0
LINE
8
BLACK
6
CONTINUOUS
10
4.0839288976377954
20
-5.2777521653543307
11
4.0840395669291336
21
-5.2773844094488185
0
LINE
8
BLACK
6
CONTINUOUS
10
4.0840395669291336
20
-5.2773844094488185
11
4.3428034251968501
21
-4.7907203937007869
0
LINE
8
BLACK
6
CONTINUOUS
10
4.3428034251968501
20
-4.7907203937007869
11
4.3430464173228343
21
-4.7904229921259844
0
LINE
8
BLACK
6
CONTINUOUS
10
4.3430464173228343
20
-4.7904229921259844
11
4.3437668110236221
21
-4.7902027559055114
0
LINE
8
BLACK
6
CONTINUOUS
10
4.3437668110236221
20
-4.7902027559055114
11
4.3441345669291334
21
-4.7903134251968504
0
LINE
8
BLACK
6
CONTINUOUS
10
4.0862397244094488
20
-5.2774394881889766
11
4.5711656299212597
21
-5.5352792125984251
0
LINE
8
BLACK
6
CONTINUOUS
10
4.5711656299212597
20
-5.5352792125984251
11
4.8290053543307083
21
-5.0503533070866142
0
LINE
8
BLACK
6
CONTINUOUS
10
4.8290053543307083
20
-5.0503533070866142
11
4.3440794488188974
21
-4.7925135826771657
0
LINE
8
BLACK
6
CONTINUOUS
10
4.3440794488188974
20
-4.7925135826771657
11
4.0862397244094488
21
-5.2774394881889766
0
LINE
8
BLACK
6
CONTINUOUS
10
9.5319535826771649
20
-4.7904229921259844
11
9.5321965748031499
21
-4.7907203937007869
0
LINE
8
BLACK
6
CONTINUOUS
10
9.5321965748031499
20
-4.7907203937007869
11
9.7909604330708664
21
-5.2773844094488185
0
LINE
8
BLACK
6
CONTINUOUS
10
9.7909604330708664
20
-5.2773844094488185
11
9.7910711023622046
21
-5.2777521653543307
0
LINE
8
BLACK
6
CONTINUOUS
10
9.7910711023622046
20
-5.2777521653543307
11
9.7908508661417315
21
-5.2784725590551176
0
LINE
8
BLACK
6
CONTINUOUS
10
9.7908508661417315
20
-5.2784725590551176
11
9.7905534645669281
21
-5.2787155511811026
0
LINE
8
BLACK
6
CONTINUOUS
10
9.7905534645669281
20
-5.2787155511811026
11
9.3038894488188966
21
-5.5374794094488191
0
LINE
8
BLACK
6
CONTINUOUS
10
9.3038894488188966
20
-5.5374794094488191
11
9.3035216929133853
21
-5.5375900787401573
0
LINE
8
BLACK
6
CONTINUOUS
10
9.3035216929133853
20
-5.5375900787401573
11
9.3028012992125984
21
-5.5373698425196851
0
LINE
8
BLACK
6
CONTINUOUS
10
9.3028012992125984
20
-5.5373698425196851
11
9.3025583070866134
21
-5.5370724409448817
0
LINE
8
BLACK
6
CONTINUOUS
10
9.3025583070866134
20
-5.5370724409448817
11
9.0437944488188968
21
-5.0504084251968502
0
LINE
8
BLACK
6
CONTINUOUS
10
9.0437944488188968
20
-5.0504084251968502
11
9.0436837795275586
21
-5.0500406692913389
0
LINE
8
BLACK
6
CONTINUOUS
10
9.0436837795275586
20
-5.0500406692913389
11
9.0439040157480317
21
-5.0493202755905511
0
LINE
8
BLACK
6
CONTINUOUS
10
9.0439040157480317
20
-5.0493202755905511
11
9.0442014173228351
21
-5.049077283464567
0
LINE
8
BLACK
6
CONTINUOUS
10
9.0442014173228351
20
-5.049077283464567
11
9.5308654330708666
21
-4.7903134251968504
0
LINE
8
BLACK
6
CONTINUOUS
10
9.5308654330708666
20
-4.7903134251968504
11
9.5312331889763779
21
-4.7902027559055114
0
LINE
8
BLACK
6
CONTINUOUS
10
9.5312331889763779
20
-4.7902027559055114
11
9.5319535826771649
21
-4.7904229921259844
0
LINE
8
BLACK
6
CONTINUOUS
10
9.045994606299212
20
-5.0503533070866142
11
9.3038343307086606
21
-5.5352792125984251
0
LINE
8
BLACK
6
CONTINUOUS
10
9.3038343307086606
20
-5.5352792125984251
11
9.7887602362204724
21
-5.2774394881889766
0
LINE
8
BLACK
6
CONTINUOUS
10
9.7887602362204724
20
-5.2774394881889766
11
9.5309205118110238
21
-4.7925135826771657
0
LINE
8
BLACK
6
CONTINUOUS
10
9.5309205118110238
20
-4.7925135826771657
11
9.045994606299212
21
-5.0503533070866142
0
LINE
8
BLACK
6
CONTINUOUS
10
5.58516531496063
20
-4.6529843307086614
11
6.007394488188976
21
-5.0072766929133854
0
LINE
8
BLACK
6
CONTINUOUS
10
6.007394488188976
20
-5.0072766929133854
11
6.0076348818897634
21
-5.0075761811023618
0
LINE
8
BLACK
6
CONTINUOUS
10
6.0076348818897634
20
-5.0075761811023618
11
6.0076348818897634
21
-5.0075762204724406
0
LINE
8
BLACK
6
CONTINUOUS
10
6.0076348818897634
20
-5.0075762204724406
11
6.0077005511811024
21
-5.0083266535433069
0
LINE
8
BLACK
6
CONTINUOUS
10
6.0077005511811024
20
-5.0083266535433069
11
6.0075158267716535
21
-5.008663346456693
0
LINE
8
BLACK
6
CONTINUOUS
10
6.0075158267716535
20
-5.008663346456693
11
5.6532234645669286
21
-5.4308925590551178
0
LINE
8
BLACK
6
CONTINUOUS
10
5.6532234645669286
20
-5.4308925590551178
11
5.6529239763779522
21
-5.4311329133858264
0
LINE
8
BLACK
6
CONTINUOUS
10
5.6529239763779522
20
-5.4311329133858264
11
5.652173503937008
21
-5.4311985826771654
0
LINE
8
BLACK
6
CONTINUOUS
10
5.652173503937008
20
-5.4311985826771654
11
5.6518368110236219
21
-5.4310138582677165
0
LINE
8
BLACK
6
CONTINUOUS
10
5.6518368110236219
20
-5.4310138582677165
11
5.2296075984251971
21
-5.0767214960629916
0
LINE
8
BLACK
6
CONTINUOUS
10
5.2296075984251971
20
-5.0767214960629916
11
5.2293672440944885
21
-5.0764220078740152
0
LINE
8
BLACK
6
CONTINUOUS
10
5.2293672440944885
20
-5.0764220078740152
11
5.2293015748031495
21
-5.075671535433071
0
LINE
8
BLACK
6
CONTINUOUS
10
5.2293015748031495
20
-5.075671535433071
11
5.2294862992125983
21
-5.0753348425196849
0
LINE
8
BLACK
6
CONTINUOUS
10
5.2294862992125983
20
-5.0753348425196849
11
5.5837786614173224
21
-4.6531056692913388
0
LINE
8
BLACK
6
CONTINUOUS
10
5.5837786614173224
20
-4.6531056692913388
11
5.5840781496062988
21
-4.6528652755905515
0
LINE
8
BLACK
6
CONTINUOUS
10
5.5840781496062988
20
-4.6528652755905515
11
5.5848286220472438
21
-4.6527996062992125
0
LINE
8
BLACK
6
CONTINUOUS
10
5.5848286220472438
20
-4.6527996062992125
11
5.58516531496063
21
-4.6529843307086614
0
LINE
8
BLACK
6
CONTINUOUS
10
5.2316268897637794
20
-5.0758461811023619
11
5.6523481496062988
21
-5.4288732283464567
0
LINE
8
BLACK
6
CONTINUOUS
10
5.6523481496062988
20
-5.4288732283464567
11
6.0053751968503937
21
-5.0081519685039373
0
LINE
8
BLACK
6
CONTINUOUS
10
6.0053751968503937
20
-5.0081519685039373
11
5.5846539370078743
21
-4.6551249212598425
0
LINE
8
BLACK
6
CONTINUOUS
10
5.5846539370078743
20
-4.6551249212598425
11
5.2316268897637794
21
-5.0758461811023619
0
LINE
8
BLACK
6
CONTINUOUS
10
8.2909218503937012
20
-4.6528652755905515
11
8.2912213385826767
21
-4.6531056299212601
0
LINE
8
BLACK
6
CONTINUOUS
10
8.2912213385826767
20
-4.6531056299212601
11
8.6455137007874008
21
-5.0753348425196849
0
LINE
8
BLACK
6
CONTINUOUS
10
8.6455137007874008
20
-5.0753348425196849
11
8.6456984251968496
21
-5.075671535433071
0
LINE
8
BLACK
6
CONTINUOUS
10
8.6456984251968496
20
-5.075671535433071
11
8.6456384645669289
21
-5.0763563385826771
0
LINE
8
BLACK
6
CONTINUOUS
10
8.6456384645669289
20
-5.0763563385826771
11
8.6456327559055115
21
-5.0764220078740152
0
LINE
8
BLACK
6
CONTINUOUS
10
8.6456327559055115
20
-5.0764220078740152
11
8.6453923622047242
21
-5.0767214960629916
0
LINE
8
BLACK
6
CONTINUOUS
10
8.6453923622047242
20
-5.0767214960629916
11
8.2231631889763772
21
-5.4310138582677165
0
LINE
8
BLACK
6
CONTINUOUS
10
8.2231631889763772
20
-5.4310138582677165
11
8.2228264960629911
21
-5.4311985826771654
0
LINE
8
BLACK
6
CONTINUOUS
10
8.2228264960629911
20
-5.4311985826771654
11
8.2220760236220478
21
-5.4311329133858264
0
LINE
8
BLACK
6
CONTINUOUS
10
8.2220760236220478
20
-5.4311329133858264
11
8.2217765354330705
21
-5.4308925196850391
0
LINE
8
BLACK
6
CONTINUOUS
10
8.2217765354330705
20
-5.4308925196850391
11
7.8674841732283465
21
-5.008663346456693
0
LINE
8
BLACK
6
CONTINUOUS
10
7.8674841732283465
20
-5.008663346456693
11
7.8672994488188976
21
-5.0083266535433069
0
LINE
8
BLACK
6
CONTINUOUS
10
7.8672994488188976
20
-5.0083266535433069
11
7.8673651181102358
21
-5.0075761811023618
0
LINE
8
BLACK
6
CONTINUOUS
10
7.8673651181102358
20
-5.0075761811023618
11
7.8676054724409443
21
-5.0072766929133854
0
LINE
8
BLACK
6
CONTINUOUS
10
7.8676054724409443
20
-5.0072766929133854
11
8.28983468503937
21
-4.6529843307086614
0
LINE
8
BLACK
6
CONTINUOUS
10
8.28983468503937
20
-4.6529843307086614
11
8.2901713779527562
21
-4.6527996062992125
0
LINE
8
BLACK
6
CONTINUOUS
10
8.2901713779527562
20
-4.6527996062992125
11
8.2909218503937012
21
-4.6528652755905515
0
LINE
8
BLACK
6
CONTINUOUS
10
7.8696247637795276
20
-5.0081519685039373
11
8.2226518110236224
21
-5.4288732283464567
0
LINE
8
BLACK
6
CONTINUOUS
10
8.2226518110236224
20
-5.4288732283464567
11
8.6433730708661418
21
-5.0758461811023619
0
LINE
8
BLACK
6
CONTINUOUS
10
8.6433730708661418
20
-5.0758461811023619
11
8.2903460236220479
21
-4.6551249212598425
0
LINE
8
BLACK
6
CONTINUOUS
10
8.2903460236220479
20
-4.6551249212598425
11
7.8696247637795276
21
-5.0081519685039373
0
LINE
8
BLACK
6
CONTINUOUS
10
3.5108793700787402
20
-4.5204557086614177
11
4.0407086220472443
21
-4.6723818110236222
0
LINE
8
BLACK
6
CONTINUOUS
10
4.0407086220472443
20
-4.6723818110236222
11
4.041050039370079
21
-4.6725576771653543
0
LINE
8
BLACK
6
CONTINUOUS
10
4.041050039370079
20
-4.6725576771653543
11
4.0414152362204723
21
-4.6732165354330704
0
LINE
8
BLACK
6
CONTINUOUS
10
4.0414152362204723
20
-4.6732165354330704
11
4.0413834251968499
21
-4.6735992519685041
0
LINE
8
BLACK
6
CONTINUOUS
10
4.0413834251968499
20
-4.6735992519685041
11
3.8894573622047242
21
-5.2034285039370074
0
LINE
8
BLACK
6
CONTINUOUS
10
3.8894573622047242
20
-5.2034285039370074
11
3.889281496062992
21
-5.2037699212598421
0
LINE
8
BLACK
6
CONTINUOUS
10
3.889281496062992
20
-5.2037699212598421
11
3.8886226377952755
21
-5.2041351181102362
0
LINE
8
BLACK
6
CONTINUOUS
10
3.8886226377952755
20
-5.2041351181102362
11
3.8882399212598426
21
-5.2041033070866138
0
LINE
8
BLACK
6
CONTINUOUS
10
3.8882399212598426
20
-5.2041033070866138
11
3.3584106692913385
21
-5.0521772440944881
0
LINE
8
BLACK
6
CONTINUOUS
10
3.3584106692913385
20
-5.0521772440944881
11
3.3580692519685038
21
-5.0520013779527559
0
LINE
8
BLACK
6
CONTINUOUS
10
3.3580692519685038
20
-5.0520013779527559
11
3.3577040551181101
21
-5.051342519685039
0
LINE
8
BLACK
6
CONTINUOUS
10
3.3577040551181101
20
-5.051342519685039
11
3.3577358267716533
21
-5.0509598031496061
0
LINE
8
BLACK
6
CONTINUOUS
10
3.3577358267716533
20
-5.0509598031496061
11
3.5096619291338582
21
-4.521130551181102
0
LINE
8
BLACK
6
CONTINUOUS
10
3.5096619291338582
20
-4.521130551181102
11
3.5098377952755904
21
-4.5207891338582673
0
LINE
8
BLACK
6
CONTINUOUS
10
3.5098377952755904
20
-4.5207891338582673
11
3.5104966535433069
21
-4.520423937007874
0
LINE
8
BLACK
6
CONTINUOUS
10
3.5104966535433069
20
-4.520423937007874
11
3.5108793700787402
21
-4.5204557086614177
0
LINE
8
BLACK
6
CONTINUOUS
10
3.3598994094488188
20
-5.0505562598425193
11
3.8878363779527558
21
-5.2019397244094483
0
LINE
8
BLACK
6
CONTINUOUS
10
3.8878363779527558
20
-5.2019397244094483
11
4.039219881889764
21
-4.6740027165354325
0
LINE
8
BLACK
6
CONTINUOUS
10
4.039219881889764
20
-4.6740027165354325
11
3.5112828740157478
21
-4.5226192519685036
0
LINE
8
BLACK
6
CONTINUOUS
10
3.5112828740157478
20
-4.5226192519685036
11
3.3598994094488188
21
-5.0505562598425193
0
LINE
8
BLACK
6
CONTINUOUS
10
10.3651622047244096
20
-4.5207891338582673
11
10.3653380708661409
21
-4.521130551181102
0
LINE
8
BLACK
6
CONTINUOUS
10
10.3653380708661409
20
-4.521130551181102
11
10.5172641338582675
21
-5.0509598031496061
0
LINE
8
BLACK
6
CONTINUOUS
10
10.5172641338582675
20
-5.0509598031496061
11
10.517295944881889
21
-5.051342519685039
0
LINE
8
BLACK
6
CONTINUOUS
10
10.517295944881889
20
-5.051342519685039
11
10.5169307480314966
21
-5.0520013779527559
0
LINE
8
BLACK
6
CONTINUOUS
10
10.5169307480314966
20
-5.0520013779527559
11
10.516589330708662
21
-5.0521772440944881
0
LINE
8
BLACK
6
CONTINUOUS
10
10.516589330708662
20
-5.0521772440944881
11
9.9867600787401578
21
-5.2041033464566926
0
LINE
8
BLACK
6
CONTINUOUS
10
9.9867600787401578
20
-5.2041033464566926
11
9.9863773622047241
21
-5.2041351181102362
0
LINE
8
BLACK
6
CONTINUOUS
10
9.9863773622047241
20
-5.2041351181102362
11
9.985718503937008
21
-5.2037699212598421
0
LINE
8
BLACK
6
CONTINUOUS
10
9.985718503937008
20
-5.2037699212598421
11
9.985542637795275
21
-5.2034285039370074
0
LINE
8
BLACK
6
CONTINUOUS
10
9.985542637795275
20
-5.2034285039370074
11
9.8336165354330713
21
-4.6735992519685041
0
LINE
8
BLACK
6
CONTINUOUS
10
9.8336165354330713
20
-4.6735992519685041
11
9.8335847637795268
21
-4.6732165354330704
0
LINE
8
BLACK
6
CONTINUOUS
10
9.8335847637795268
20
-4.6732165354330704
11
9.833949960629921
21
-4.6725576771653543
0
LINE
8
BLACK
6
CONTINUOUS
10
9.833949960629921
20
-4.6725576771653543
11
9.8342913779527557
21
-4.6723818110236222
0
LINE
8
BLACK
6
CONTINUOUS
10
9.8342913779527557
20
-4.6723818110236222
11
10.3641206299212598
21
-4.5204557480314955
0
LINE
8
BLACK
6
CONTINUOUS
10
10.3641206299212598
20
-4.5204557480314955
11
10.3645033464566918
21
-4.520423937007874
0
LINE
8
BLACK
6
CONTINUOUS
10
10.3645033464566918
20
-4.520423937007874
11
10.3651622047244096
21
-4.5207891338582673
0
LINE
8
BLACK
6
CONTINUOUS
10
9.835780118110236
20
-4.6740027559055113
11
9.9871635826771659
21
-5.201939763779527
0
LINE
8
BLACK
6
CONTINUOUS
10
9.9871635826771659
20
-5.201939763779527
11
10.5151005905511816
21
-5.0505562992125981
0
LINE
8
BLACK
6
CONTINUOUS
10
10.5151005905511816
20
-5.0505562992125981
11
10.363717086614173
21
-4.5226192913385823
0
LINE
8
BLACK
6
CONTINUOUS
10
10.363717086614173
20
-4.5226192913385823
11
9.835780118110236
21
-4.6740027559055113
0
LINE
8
BLACK
6
CONTINUOUS
10
4.7990267716535433
20
-4.1096014960629921
11
5.3288560236220475
21
-4.2615275984251966
0
LINE
8
BLACK
6
CONTINUOUS
10
5.3288560236220475
20
-4.2615275984251966
11
5.3291974409448821
21
-4.2617034645669287
0
LINE
8
BLACK
6
CONTINUOUS
10
5.3291974409448821
20
-4.2617034645669287
11
5.3295626377952754
21
-4.2623623228346457
0
LINE
8
BLACK
6
CONTINUOUS
10
5.3295626377952754
20
-4.2623623228346457
11
5.329530826771653
21
-4.2627450393700785
0
LINE
8
BLACK
6
CONTINUOUS
10
5.329530826771653
20
-4.2627450393700785
11
5.1776047637795273
21
-4.7925742913385827
0
LINE
8
BLACK
6
CONTINUOUS
10
5.1776047637795273
20
-4.7925742913385827
11
5.1774288976377951
21
-4.7929157086614174
0
LINE
8
BLACK
6
CONTINUOUS
10
5.1774288976377951
20
-4.7929157086614174
11
5.1767700393700782
21
-4.7932809055118106
0
LINE
8
BLACK
6
CONTINUOUS
10
5.1767700393700782
20
-4.7932809055118106
11
5.1763873228346453
21
-4.7932490944881891
0
LINE
8
BLACK
6
CONTINUOUS
10
5.1763873228346453
20
-4.7932490944881891
11
4.646558070866142
21
-4.6413230314960625
0
LINE
8
BLACK
6
CONTINUOUS
10
4.646558070866142
20
-4.6413230314960625
11
4.6462166535433074
21
-4.6411471653543304
0
LINE
8
BLACK
6
CONTINUOUS
10
4.6462166535433074
20
-4.6411471653543304
11
4.6458514566929132
21
-4.6404883070866143
0
LINE
8
BLACK
6
CONTINUOUS
10
4.6458514566929132
20
-4.6404883070866143
11
4.6458832283464568
21
-4.6401055905511814
0
LINE
8
BLACK
6
CONTINUOUS
10
4.6458832283464568
20
-4.6401055905511814
11
4.7978093307086613
21
-4.1102763385826773
0
LINE
8
BLACK
6
CONTINUOUS
10
4.7978093307086613
20
-4.1102763385826773
11
4.7979851968503935
21
-4.1099349212598426
0
LINE
8
BLACK
6
CONTINUOUS
10
4.7979851968503935
20
-4.1099349212598426
11
4.7986440551181104
21
-4.1095697244094485
0
LINE
8
BLACK
6
CONTINUOUS
10
4.7986440551181104
20
-4.1095697244094485
11
4.7990267716535433
21
-4.1096014960629921
0
LINE
8
BLACK
6
CONTINUOUS
10
4.6480468110236224
20
-4.6397020472440946
11
5.1759837795275585
21
-4.7910855118110236
0
LINE
8
BLACK
6
CONTINUOUS
10
5.1759837795275585
20
-4.7910855118110236
11
5.3273672834645671
21
-4.2631485039370078
0
LINE
8
BLACK
6
CONTINUOUS
10
5.3273672834645671
20
-4.2631485039370078
11
4.7994302755905514
21
-4.1117650393700789
0
LINE
8
BLACK
6
CONTINUOUS
10
4.7994302755905514
20
-4.1117650393700789
11
4.6480468110236224
21
-4.6397020472440946
0
LINE
8
BLACK
6
CONTINUOUS
10
9.0770148031496056
20
-4.1099349212598426
11
9.0771906692913387
21
-4.1102763385826773
0
LINE
8
BLACK
6
CONTINUOUS
10
9.0771906692913387
20
-4.1102763385826773
11
9.2291167322834635
21
-4.6401055905511814
0
LINE
8
BLACK
6
CONTINUOUS
10
9.2291167322834635
20
-4.6401055905511814
11
9.2291485433070868
21
-4.6404883070866143
0
LINE
8
BLACK
6
CONTINUOUS
10
9.2291485433070868
20
-4.6404883070866143
11
9.2287833464566926
21
-4.6411471653543304
0
LINE
8
BLACK
6
CONTINUOUS
10
9.2287833464566926
20
-4.6411471653543304
11
9.228441929133858
21
-4.6413230314960625
0
LINE
8
BLACK
6
CONTINUOUS
10
9.228441929133858
20
-4.6413230314960625
11
8.6986126771653538
21
-4.7932491338582679
0
LINE
8
BLACK
6
CONTINUOUS
10
8.6986126771653538
20
-4.7932491338582679
11
8.6982299606299218
21
-4.7932809055118106
0
LINE
8
BLACK
6
CONTINUOUS
10
8.6982299606299218
20
-4.7932809055118106
11
8.697571102362204
21
-4.7929157086614174
0
LINE
8
BLACK
6
CONTINUOUS
10
8.697571102362204
20
-4.7929157086614174
11
8.6973952362204727
21
-4.7925742913385827
0
LINE
8
BLACK
6
CONTINUOUS
10
8.6973952362204727
20
-4.7925742913385827
11
8.5454691338582673
21
-4.2627450393700785
0
LINE
8
BLACK
6
CONTINUOUS
10
8.5454691338582673
20
-4.2627450393700785
11
8.5454373622047246
21
-4.2623623228346457
0
LINE
8
BLACK
6
CONTINUOUS
10
8.5454373622047246
20
-4.2623623228346457
11
8.5458025590551188
21
-4.2617034645669287
0
LINE
8
BLACK
6
CONTINUOUS
10
8.5458025590551188
20
-4.2617034645669287
11
8.5461439763779534
21
-4.2615275984251966
0
LINE
8
BLACK
6
CONTINUOUS
10
8.5461439763779534
20
-4.2615275984251966
11
9.0759732283464558
21
-4.1096015354330708
0
LINE
8
BLACK
6
CONTINUOUS
10
9.0759732283464558
20
-4.1096015354330708
11
9.0763559448818896
21
-4.1095697244094485
0
LINE
8
BLACK
6
CONTINUOUS
10
9.0763559448818896
20
-4.1095697244094485
11
9.0770148031496056
21
-4.1099349212598426
0
LINE
8
BLACK
6
CONTINUOUS
10
8.547632716535432
20
-4.2631485433070866
11
8.6990161811023619
21
-4.7910855511811024
0
LINE
8
BLACK
6
CONTINUOUS
10
8.6990161811023619
20
-4.7910855511811024
11
9.2269531889763776
21
-4.6397020866141734
0
LINE
8
BLACK
6
CONTINUOUS
10
9.2269531889763776
20
-4.6397020866141734
11
9.075569685039369
21
-4.1117650787401576
0
LINE
8
BLACK
6
CONTINUOUS
10
9.075569685039369
20
-4.1117650787401576
11
8.547632716535432
21
-4.2631485433070866
0
LINE
8
BLACK
6
CONTINUOUS
10
4.1297625196850394
20
-3.7226368897637796
11
4.6595917716535435
21
-3.8745629921259841
0
LINE
8
BLACK
6
CONTINUOUS
10
4.6595917716535435
20
-3.8745629921259841
11
4.6599331889763782
21
-3.8747388582677162
0
LINE
8
BLACK
6
CONTINUOUS
10
4.6599331889763782
20
-3.8747388582677162
11
4.6602983858267715
21
-3.8753977165354332
0
LINE
8
BLACK
6
CONTINUOUS
10
4.6602983858267715
20
-3.8753977165354332
11
4.6602665748031491
21
-3.8757804330708661
0
LINE
8
BLACK
6
CONTINUOUS
10
4.6602665748031491
20
-3.8757804330708661
11
4.5083405118110234
21
-4.4056096850393702
0
LINE
8
BLACK
6
CONTINUOUS
10
4.5083405118110234
20
-4.4056096850393702
11
4.5081646456692912
21
-4.4059511023622049
0
LINE
8
BLACK
6
CONTINUOUS
10
4.5081646456692912
20
-4.4059511023622049
11
4.5075057874015743
21
-4.4063162992125982
0
LINE
8
BLACK
6
CONTINUOUS
10
4.5075057874015743
20
-4.4063162992125982
11
4.5071230708661414
21
-4.4062844881889767
0
LINE
8
BLACK
6
CONTINUOUS
10
4.5071230708661414
20
-4.4062844881889767
11
3.9772938188976377
21
-4.25435842519685
0
LINE
8
BLACK
6
CONTINUOUS
10
3.9772938188976377
20
-4.25435842519685
11
3.976952401574803
21
-4.2541825590551179
0
LINE
8
BLACK
6
CONTINUOUS
10
3.976952401574803
20
-4.2541825590551179
11
3.9765872047244093
21
-4.2535237007874018
0
LINE
8
BLACK
6
CONTINUOUS
10
3.9765872047244093
20
-4.2535237007874018
11
3.9766189763779525
21
-4.2531409842519681
0
LINE
8
BLACK
6
CONTINUOUS
10
3.9766189763779525
20
-4.2531409842519681
11
4.1285450787401574
21
-3.7233117322834643
0
LINE
8
BLACK
6
CONTINUOUS
10
4.1285450787401574
20
-3.7233117322834643
11
4.1287209448818896
21
-3.7229703149606297
0
LINE
8
BLACK
6
CONTINUOUS
10
4.1287209448818896
20
-3.7229703149606297
11
4.1293798031496065
21
-3.722605118110236
0
LINE
8
BLACK
6
CONTINUOUS
10
4.1293798031496065
20
-3.722605118110236
11
4.1297625196850394
21
-3.7226368897637796
0
LINE
8
BLACK
6
CONTINUOUS
10
3.978782559055118
20
-4.2527374409448822
11
4.5067195275590546
21
-4.4041209055118111
0
LINE
8
BLACK
6
CONTINUOUS
10
4.5067195275590546
20
-4.4041209055118111
11
4.6581030314960632
21
-3.8761838976377954
0
LINE
8
BLACK
6
CONTINUOUS
10
4.6581030314960632
20
-3.8761838976377954
11
4.1301660236220474
21
-3.7248004330708659
0
LINE
8
BLACK
6
CONTINUOUS
10
4.1301660236220474
20
-3.7248004330708659
11
3.978782559055118
21
-4.2527374409448822
0
LINE
8
BLACK
6
CONTINUOUS
10
9.7462790551181104
20
-3.7229703149606297
11
9.7464549212598417
21
-3.7233117322834643
0
LINE
8
BLACK
6
CONTINUOUS
10
9.7464549212598417
20
-3.7233117322834643
11
9.8983809842519683
21
-4.2531409842519681
0
LINE
8
BLACK
6
CONTINUOUS
10
9.8983809842519683
20
-4.2531409842519681
11
9.8984127952755898
21
-4.2535237007874018
0
LINE
8
BLACK
6
CONTINUOUS
10
9.8984127952755898
20
-4.2535237007874018
11
9.8980475984251974
21
-4.2541825590551179
0
LINE
8
BLACK
6
CONTINUOUS
10
9.8980475984251974
20
-4.2541825590551179
11
9.8977061811023628
21
-4.25435842519685
0
LINE
8
BLACK
6
CONTINUOUS
10
9.8977061811023628
20
-4.25435842519685
11
9.3678769291338586
21
-4.4062845275590554
0
LINE
8
BLACK
6
CONTINUOUS
10
9.3678769291338586
20
-4.4062845275590554
11
9.3674942125984249
21
-4.4063162992125982
0
LINE
8
BLACK
6
CONTINUOUS
10
9.3674942125984249
20
-4.4063162992125982
11
9.3668353543307088
21
-4.4059511023622049
0
LINE
8
BLACK
6
CONTINUOUS
10
9.3668353543307088
20
-4.4059511023622049
11
9.3666594881889758
21
-4.4056096850393702
0
LINE
8
BLACK
6
CONTINUOUS
10
9.3666594881889758
20
-4.4056096850393702
11
9.2147333858267721
21
-3.8757804330708661
0
LINE
8
BLACK
6
CONTINUOUS
10
9.2147333858267721
20
-3.8757804330708661
11
9.2147016141732276
21
-3.8753977165354332
0
LINE
8
BLACK
6
CONTINUOUS
10
9.2147016141732276
20
-3.8753977165354332
11
9.2150668110236218
21
-3.8747388582677162
0
LINE
8
BLACK
6
CONTINUOUS
10
9.2150668110236218
20
-3.8747388582677162
11
9.2154082283464565
21
-3.8745629921259841
0
LINE
8
BLACK
6
CONTINUOUS
10
9.2154082283464565
20
-3.8745629921259841
11
9.7452374803149606
21
-3.7226369291338584
0
LINE
8
BLACK
6
CONTINUOUS
10
9.7452374803149606
20
-3.7226369291338584
11
9.7456201968503926
21
-3.722605118110236
0
LINE
8
BLACK
6
CONTINUOUS
10
9.7456201968503926
20
-3.722605118110236
11
9.7462790551181104
21
-3.7229703149606297
0
LINE
8
BLACK
6
CONTINUOUS
10
9.2168969685039368
20
-3.8761839370078741
11
9.3682804330708667
21
-4.4041209448818899
0
LINE
8
BLACK
6
CONTINUOUS
10
9.3682804330708667
20
-4.4041209448818899
11
9.8962174409448824
21
-4.2527374803149609
0
LINE
8
BLACK
6
CONTINUOUS
10
9.8962174409448824
20
-4.2527374803149609
11
9.7448339370078738
21
-3.7248004724409447
0
LINE
8
BLACK
6
CONTINUOUS
10
9.7448339370078738
20
-3.7248004724409447
11
9.2168969685039368
21
-3.8761839370078741
0
LINE
8
BLACK
6
CONTINUOUS
10
5.005754803149606
20
-3.3886552362204725
11
5.5355840551181101
21
-3.540581338582677
0
LINE
8
BLACK
6
CONTINUOUS
10
5.5355840551181101
20
-3.540581338582677
11
5.5359254724409448
21
-3.5407572047244096
0
LINE
8
BLACK
6
CONTINUOUS
10
5.5359254724409448
20
-3.5407572047244096
11
5.5362906692913381
21
-3.5414160629921261
0
LINE
8
BLACK
6
CONTINUOUS
10
5.5362906692913381
20
-3.5414160629921261
11
5.5362588582677166
21
-3.5417987795275589
0
LINE
8
BLACK
6
CONTINUOUS
10
5.5362588582677166
20
-3.5417987795275589
11
5.3843327952755908
21
-4.0716280314960631
0
LINE
8
BLACK
6
CONTINUOUS
10
5.3843327952755908
20
-4.0716280314960631
11
5.3841569291338578
21
-4.0719694488188978
0
LINE
8
BLACK
6
CONTINUOUS
10
5.3841569291338578
20
-4.0719694488188978
11
5.3834980708661417
21
-4.072334645669291
0
LINE
8
BLACK
6
CONTINUOUS
10
5.3834980708661417
20
-4.072334645669291
11
5.3831153543307089
21
-4.0723028346456696
0
LINE
8
BLACK
6
CONTINUOUS
10
5.3831153543307089
20
-4.0723028346456696
11
4.8532861023622047
21
-3.9203767716535434
0
LINE
8
BLACK
6
CONTINUOUS
10
4.8532861023622047
20
-3.9203767716535434
11
4.85294468503937
21
-3.9202009055118108
0
LINE
8
BLACK
6
CONTINUOUS
10
4.85294468503937
20
-3.9202009055118108
11
4.8525794881889759
21
-3.9195420472440943
0
LINE
8
BLACK
6
CONTINUOUS
10
4.8525794881889759
20
-3.9195420472440943
11
4.8526112598425195
21
-3.9191593307086614
0
LINE
8
BLACK
6
CONTINUOUS
10
4.8526112598425195
20
-3.9191593307086614
11
5.004537362204724
21
-3.3893300787401572
0
LINE
8
BLACK
6
CONTINUOUS
10
5.004537362204724
20
-3.3893300787401572
11
5.0047132283464562
21
-3.3889886614173226
0
LINE
8
BLACK
6
CONTINUOUS
10
5.0047132283464562
20
-3.3889886614173226
11
5.0053720866141731
21
-3.3886234645669289
0
LINE
8
BLACK
6
CONTINUOUS
10
5.0053720866141731
20
-3.3886234645669289
11
5.005754803149606
21
-3.3886552362204725
0
LINE
8
BLACK
6
CONTINUOUS
10
4.8547748425196851
20
-3.9187557874015746
11
5.3827118110236221
21
-4.070139251968504
0
LINE
8
BLACK
6
CONTINUOUS
10
5.3827118110236221
20
-4.070139251968504
11
5.5340953149606298
21
-3.5422022440944883
0
LINE
8
BLACK
6
CONTINUOUS
10
5.5340953149606298
20
-3.5422022440944883
11
5.006158307086614
21
-3.3908187795275588
0
LINE
8
BLACK
6
CONTINUOUS
10
5.006158307086614
20
-3.3908187795275588
11
4.8547748425196851
21
-3.9187557874015746
0
LINE
8
BLACK
6
CONTINUOUS
10
8.870286771653543
20
-3.3889886614173226
11
8.870462637795276
21
-3.3893300787401572
0
LINE
8
BLACK
6
CONTINUOUS
10
8.870462637795276
20
-3.3893300787401572
11
9.0223887007874009
21
-3.9191593307086614
0
LINE
8
BLACK
6
CONTINUOUS
10
9.0223887007874009
20
-3.9191593307086614
11
9.0224205118110241
21
-3.9195420472440943
0
LINE
8
BLACK
6
CONTINUOUS
10
9.0224205118110241
20
-3.9195420472440943
11
9.02205531496063
21
-3.9202009055118108
0
LINE
8
BLACK
6
CONTINUOUS
10
9.02205531496063
20
-3.9202009055118108
11
9.0217138976377953
21
-3.9203767716535434
0
LINE
8
BLACK
6
CONTINUOUS
10
9.0217138976377953
20
-3.9203767716535434
11
8.4918846456692911
21
-4.0723028740157483
0
LINE
8
BLACK
6
CONTINUOUS
10
8.4918846456692911
20
-4.0723028740157483
11
8.4915019291338574
21
-4.072334645669291
0
LINE
8
BLACK
6
CONTINUOUS
10
8.4915019291338574
20
-4.072334645669291
11
8.4908430708661413
21
-4.0719694488188978
0
LINE
8
BLACK
6
CONTINUOUS
10
8.4908430708661413
20
-4.0719694488188978
11
8.4906672047244101
21
-4.0716280314960631
0
LINE
8
BLACK
6
CONTINUOUS
10
8.4906672047244101
20
-4.0716280314960631
11
8.3387411023622047
21
-3.5417987795275589
0
LINE
8
BLACK
6
CONTINUOUS
10
8.3387411023622047
20
-3.5417987795275589
11
8.3387093307086619
21
-3.5414160629921261
0
LINE
8
BLACK
6
CONTINUOUS
10
8.3387093307086619
20
-3.5414160629921261
11
8.3390745275590543
21
-3.5407572047244096
0
LINE
8
BLACK
6
CONTINUOUS
10
8.3390745275590543
20
-3.5407572047244096
11
8.339415944881889
21
-3.540581338582677
0
LINE
8
BLACK
6
CONTINUOUS
10
8.339415944881889
20
-3.540581338582677
11
8.8692451968503931
21
-3.3886552755905512
0
LINE
8
BLACK
6
CONTINUOUS
10
8.8692451968503931
20
-3.3886552755905512
11
8.8696279133858269
21
-3.3886234645669289
0
LINE
8
BLACK
6
CONTINUOUS
10
8.8696279133858269
20
-3.3886234645669289
11
8.870286771653543
21
-3.3889886614173226
0
LINE
8
BLACK
6
CONTINUOUS
10
8.3409046850393693
20
-3.542202283464567
11
8.4922881496062992
21
-4.0701392913385828
0
LINE
8
BLACK
6
CONTINUOUS
10
8.4922881496062992
20
-4.0701392913385828
11
9.0202251574803149
21
-3.9187558267716533
0
LINE
8
BLACK
6
CONTINUOUS
10
9.0202251574803149
20
-3.9187558267716533
11
8.8688416535433063
21
-3.3908188188976376
0
LINE
8
BLACK
6
CONTINUOUS
10
8.8688416535433063
20
-3.3908188188976376
11
8.3409046850393693
21
-3.542202283464567
0
LINE
8
BLACK
6
CONTINUOUS
10
3.4604982283464567
20
-3.3356723228346454
11
3.9903274803149604
21
-3.4875984251968504
0
LINE
8
BLACK
6
CONTINUOUS
10
3.9903274803149604
20
-3.4875984251968504
11
3.9906688976377951
21
-3.4877742913385825
0
LINE
8
BLACK
6
CONTINUOUS
10
3.9906688976377951
20
-3.4877742913385825
11
3.9910340944881888
21
-3.488433149606299
0
LINE
8
BLACK
6
CONTINUOUS
10
3.9910340944881888
20
-3.488433149606299
11
3.9910022834645669
21
-3.4888158661417323
0
LINE
8
BLACK
6
CONTINUOUS
10
3.9910022834645669
20
-3.4888158661417323
11
3.8390762204724407
21
-4.0186451181102365
0
LINE
8
BLACK
6
CONTINUOUS
10
3.8390762204724407
20
-4.0186451181102365
11
3.8389003543307085
21
-4.0189865354330712
0
LINE
8
BLACK
6
CONTINUOUS
10
3.8389003543307085
20
-4.0189865354330712
11
3.838241496062992
21
-4.0193517322834644
0
LINE
8
BLACK
6
CONTINUOUS
10
3.838241496062992
20
-4.0193517322834644
11
3.8378587795275592
21
-4.0193199212598421
0
LINE
8
BLACK
6
CONTINUOUS
10
3.8378587795275592
20
-4.0193199212598421
11
3.308029527559055
21
-3.8673938582677163
0
LINE
8
BLACK
6
CONTINUOUS
10
3.308029527559055
20
-3.8673938582677163
11
3.3076881102362203
21
-3.8672179921259842
0
LINE
8
BLACK
6
CONTINUOUS
10
3.3076881102362203
20
-3.8672179921259842
11
3.3073229133858266
21
-3.8665591338582677
0
LINE
8
BLACK
6
CONTINUOUS
10
3.3073229133858266
20
-3.8665591338582677
11
3.3073546850393698
21
-3.8661764173228343
0
LINE
8
BLACK
6
CONTINUOUS
10
3.3073546850393698
20
-3.8661764173228343
11
3.4592807874015747
21
-3.3363471653543306
0
LINE
8
BLACK
6
CONTINUOUS
10
3.4592807874015747
20
-3.3363471653543306
11
3.4594566535433069
21
-3.336005748031496
0
LINE
8
BLACK
6
CONTINUOUS
10
3.4594566535433069
20
-3.336005748031496
11
3.4601155118110234
21
-3.3356405511811023
0
LINE
8
BLACK
6
CONTINUOUS
10
3.4601155118110234
20
-3.3356405511811023
11
3.4604982283464567
21
-3.3356723228346454
0
LINE
8
BLACK
6
CONTINUOUS
10
3.3095182677165353
20
-3.865772874015748
11
3.8374552362204724
21
-4.0171563385826774
0
LINE
8
BLACK
6
CONTINUOUS
10
3.8374552362204724
20
-4.0171563385826774
11
3.9888387401574801
21
-3.4892193307086612
0
LINE
8
BLACK
6
CONTINUOUS
10
3.9888387401574801
20
-3.4892193307086612
11
3.4609017322834643
21
-3.3378358661417322
0
LINE
8
BLACK
6
CONTINUOUS
10
3.4609017322834643
20
-3.3378358661417322
11
3.3095182677165353
21
-3.865772874015748
0
LINE
8
BLACK
6
CONTINUOUS
10
10.4155433464566922
20
-3.336005748031496
11
10.4157192125984253
21
-3.3363471653543306
0
LINE
8
BLACK
6
CONTINUOUS
10
10.4157192125984253
20
-3.3363471653543306
11
10.5676452755905501
21
-3.8661764173228343
0
LINE
8
BLACK
6
CONTINUOUS
10
10.5676452755905501
20
-3.8661764173228343
11
10.5676770866141734
21
-3.8665591338582677
0
LINE
8
BLACK
6
CONTINUOUS
10
10.5676770866141734
20
-3.8665591338582677
11
10.5673118897637792
21
-3.8672179921259842
0
LINE
8
BLACK
6
CONTINUOUS
10
10.5673118897637792
20
-3.8672179921259842
11
10.5669704724409446
21
-3.8673938582677163
0
LINE
8
BLACK
6
CONTINUOUS
10
10.5669704724409446
20
-3.8673938582677163
11
10.0371412204724404
21
-4.0193199606299208
0
LINE
8
BLACK
6
CONTINUOUS
10
10.0371412204724404
20
-4.0193199606299208
11
10.0367585039370084
21
-4.0193517322834644
0
LINE
8
BLACK
6
CONTINUOUS
10
10.0367585039370084
20
-4.0193517322834644
11
10.0360996456692906
21
-4.0189865354330712
0
LINE
8
BLACK
6
CONTINUOUS
10
10.0360996456692906
20
-4.0189865354330712
11
10.0359237795275593
21
-4.0186451181102365
0
LINE
8
BLACK
6
CONTINUOUS
10
10.0359237795275593
20
-4.0186451181102365
11
9.8839976771653539
21
-3.4888158661417323
0
LINE
8
BLACK
6
CONTINUOUS
10
9.8839976771653539
20
-3.4888158661417323
11
9.8839659055118112
21
-3.488433149606299
0
LINE
8
BLACK
6
CONTINUOUS
10
9.8839659055118112
20
-3.488433149606299
11
9.8843311023622054
21
-3.4877742913385825
0
LINE
8
BLACK
6
CONTINUOUS
10
9.8843311023622054
20
-3.4877742913385825
11
9.88467251968504
21
-3.4875984251968504
0
LINE
8
BLACK
6
CONTINUOUS
10
9.88467251968504
20
-3.4875984251968504
11
10.4145017716535424
21
-3.3356723622047242
0
LINE
8
BLACK
6
CONTINUOUS
10
10.4145017716535424
20
-3.3356723622047242
11
10.4148844881889762
21
-3.3356405511811023
0
LINE
8
BLACK
6
CONTINUOUS
10
10.4148844881889762
20
-3.3356405511811023
11
10.4155433464566922
21
-3.336005748031496
0
LINE
8
BLACK
6
CONTINUOUS
10
9.8861612598425186
20
-3.4892193700787399
11
10.0375447244094484
21
-4.0171563779527562
0
LINE
8
BLACK
6
CONTINUOUS
10
10.0375447244094484
20
-4.0171563779527562
11
10.5654817322834642
21
-3.8657729133858267
0
LINE
8
BLACK
6
CONTINUOUS
10
10.5654817322834642
20
-3.8657729133858267
11
10.4140982283464556
21
-3.337835905511811
0
LINE
8
BLACK
6
CONTINUOUS
10
10.4140982283464556
20
-3.337835905511811
11
9.8861612598425186
21
-3.4892193700787399
0
LINE
8
BLACK
6
CONTINUOUS
10
2.687869960629921
20
-3.3091808661417321
11
3.2176992125984252
21
-3.4611069685039371
0
LINE
8
BLACK
6
CONTINUOUS
10
3.2176992125984252
20
-3.4611069685039371
11
3.2180406299212598
21
-3.4612828346456692
0
LINE
8
BLACK
6
CONTINUOUS
10
3.2180406299212598
20
-3.4612828346456692
11
3.2184058267716535
21
-3.4619416929133857
0
LINE
8
BLACK
6
CONTINUOUS
10
3.2184058267716535
20
-3.4619416929133857
11
3.2183740157480316
21
-3.462324409448819
0
LINE
8
BLACK
6
CONTINUOUS
10
3.2183740157480316
20
-3.462324409448819
11
3.0664479527559054
21
-3.9921536614173228
0
LINE
8
BLACK
6
CONTINUOUS
10
3.0664479527559054
20
-3.9921536614173228
11
3.0662720866141733
21
-3.9924950787401574
0
LINE
8
BLACK
6
CONTINUOUS
10
3.0662720866141733
20
-3.9924950787401574
11
3.0656132283464568
21
-3.9928602755905511
0
LINE
8
BLACK
6
CONTINUOUS
10
3.0656132283464568
20
-3.9928602755905511
11
3.0652305118110235
21
-3.9928284645669292
0
LINE
8
BLACK
6
CONTINUOUS
10
3.0652305118110235
20
-3.9928284645669292
11
2.5354012598425197
21
-3.840902401574803
0
LINE
8
BLACK
6
CONTINUOUS
10
2.5354012598425197
20
-3.840902401574803
11
2.5350598425196851
21
-3.8407265354330709
0
LINE
8
BLACK
6
CONTINUOUS
10
2.5350598425196851
20
-3.8407265354330709
11
2.5346946456692914
21
-3.8400676771653544
0
LINE
8
BLACK
6
CONTINUOUS
10
2.5346946456692914
20
-3.8400676771653544
11
2.5347264173228345
21
-3.839684960629921
0
LINE
8
BLACK
6
CONTINUOUS
10
2.5347264173228345
20
-3.839684960629921
11
2.6866525196850395
21
-3.3098557086614173
0
LINE
8
BLACK
6
CONTINUOUS
10
2.6866525196850395
20
-3.3098557086614173
11
2.6868283858267716
21
-3.3095142913385827
0
LINE
8
BLACK
6
CONTINUOUS
10
2.6868283858267716
20
-3.3095142913385827
11
2.6874872440944881
21
-3.3091490944881889
0
LINE
8
BLACK
6
CONTINUOUS
10
2.6874872440944881
20
-3.3091490944881889
11
2.687869960629921
21
-3.3091808661417321
0
LINE
8
BLACK
6
CONTINUOUS
10
2.5368900000000001
20
-3.8392814173228347
11
3.0648269685039371
21
-3.9906648818897636
0
LINE
8
BLACK
6
CONTINUOUS
10
3.0648269685039371
20
-3.9906648818897636
11
3.2162104724409448
21
-3.4627278740157479
0
LINE
8
BLACK
6
CONTINUOUS
10
3.2162104724409448
20
-3.4627278740157479
11
2.6882734645669291
21
-3.3113444094488189
0
LINE
8
BLACK
6
CONTINUOUS
10
2.6882734645669291
20
-3.3113444094488189
11
2.5368900000000001
21
-3.8392814173228347
0
LINE
8
BLACK
6
CONTINUOUS
10
11.1881716141732284
20
-3.3095142913385827
11
11.1883474803149596
21
-3.3098557086614173
0
LINE
8
BLACK
6
CONTINUOUS
10
11.1883474803149596
20
-3.3098557086614173
11
11.3402735433070863
21
-3.839684960629921
0
LINE
8
BLACK
6
CONTINUOUS
10
11.3402735433070863
20
-3.839684960629921
11
11.3403053543307077
21
-3.8400676771653544
0
LINE
8
BLACK
6
CONTINUOUS
10
11.3403053543307077
20
-3.8400676771653544
11
11.3399401574803154
21
-3.8407265354330709
0
LINE
8
BLACK
6
CONTINUOUS
10
11.3399401574803154
20
-3.8407265354330709
11
11.3395987401574807
21
-3.840902401574803
0
LINE
8
BLACK
6
CONTINUOUS
10
11.3395987401574807
20
-3.840902401574803
11
10.8097694881889765
21
-3.9928285039370079
0
LINE
8
BLACK
6
CONTINUOUS
10
10.8097694881889765
20
-3.9928285039370079
11
10.8093867716535428
21
-3.9928602755905511
0
LINE
8
BLACK
6
CONTINUOUS
10
10.8093867716535428
20
-3.9928602755905511
11
10.8087279133858267
21
-3.9924950787401574
0
LINE
8
BLACK
6
CONTINUOUS
10
10.8087279133858267
20
-3.9924950787401574
11
10.8085520472440937
21
-3.9921536614173228
0
LINE
8
BLACK
6
CONTINUOUS
10
10.8085520472440937
20
-3.9921536614173228
11
10.6566259448818901
21
-3.462324409448819
0
LINE
8
BLACK
6
CONTINUOUS
10
10.6566259448818901
20
-3.462324409448819
11
10.6565941732283456
21
-3.4619416929133857
0
LINE
8
BLACK
6
CONTINUOUS
10
10.6565941732283456
20
-3.4619416929133857
11
10.6569593700787397
21
-3.4612828346456692
0
LINE
8
BLACK
6
CONTINUOUS
10
10.6569593700787397
20
-3.4612828346456692
11
10.6573007874015744
21
-3.4611069685039371
0
LINE
8
BLACK
6
CONTINUOUS
10
10.6573007874015744
20
-3.4611069685039371
11
11.1871300393700785
21
-3.3091809055118109
0
LINE
8
BLACK
6
CONTINUOUS
10
11.1871300393700785
20
-3.3091809055118109
11
11.1875127559055123
21
-3.3091490944881889
0
LINE
8
BLACK
6
CONTINUOUS
10
11.1875127559055123
20
-3.3091490944881889
11
11.1881716141732284
21
-3.3095142913385827
0
LINE
8
BLACK
6
CONTINUOUS
10
10.6587895275590547
20
-3.4627279133858266
11
10.8101729921259846
21
-3.9906649212598424
0
LINE
8
BLACK
6
CONTINUOUS
10
10.8101729921259846
20
-3.9906649212598424
11
11.3381100000000004
21
-3.8392814566929134
0
LINE
8
BLACK
6
CONTINUOUS
10
11.3381100000000004
20
-3.8392814566929134
11
11.1867264960629917
21
-3.3113444488188977
0
LINE
8
BLACK
6
CONTINUOUS
10
11.1867264960629917
20
-3.3113444488188977
11
10.6587895275590547
21
-3.4627279133858266
0
LINE
8
BLACK
6
CONTINUOUS
10
12.0001738976377954
20
-3.3209910236220472
11
12.0008057086614173
21
-3.3214012992125985
0
LINE
8
BLACK
6
CONTINUOUS
10
12.0008057086614173
20
-3.3214012992125985
11
12.0008057086614173
21
-3.3214014566929131
0
LINE
8
BLACK
6
CONTINUOUS
10
12.0008057086614173
20
-3.3214014566929131
11
12.000957283464567
21
-3.3217541338582675
0
LINE
8
BLACK
6
CONTINUOUS
10
12.000957283464567
20
-3.3217541338582675
11
12.115554291338583
21
-3.86089062992126
0
LINE
8
BLACK
6
CONTINUOUS
10
12.115554291338583
20
-3.86089062992126
11
12.115559251968504
21
-3.86127437007874
0
LINE
8
BLACK
6
CONTINUOUS
10
12.115559251968504
20
-3.86127437007874
11
12.1155593307086615
21
-3.8612746062992125
0
LINE
8
BLACK
6
CONTINUOUS
10
12.1155593307086615
20
-3.8612746062992125
11
12.1153137795275594
21
-3.8616527165354331
0
LINE
8
BLACK
6
CONTINUOUS
10
12.1153137795275594
20
-3.8616527165354331
11
12.115149015748031
21
-3.8619064173228344
0
LINE
8
BLACK
6
CONTINUOUS
10
12.115149015748031
20
-3.8619064173228344
11
12.1151488188976373
21
-3.8619064173228344
0
LINE
8
BLACK
6
CONTINUOUS
10
12.1151488188976373
20
-3.8619064173228344
11
12.1147961811023617
21
-3.8620579921259841
0
LINE
8
BLACK
6
CONTINUOUS
10
12.1147961811023617
20
-3.8620579921259841
11
11.5756597244094479
21
-3.9766550000000001
0
LINE
8
BLACK
6
CONTINUOUS
10
11.5756597244094479
20
-3.9766550000000001
11
11.5752759055118108
21
-3.9766599606299211
0
LINE
8
BLACK
6
CONTINUOUS
10
11.5752759055118108
20
-3.9766599606299211
11
11.5752757086614171
21
-3.9766600393700786
0
LINE
8
BLACK
6
CONTINUOUS
10
11.5752757086614171
20
-3.9766600393700786
11
11.574643937007874
21
-3.9762497244094486
0
LINE
8
BLACK
6
CONTINUOUS
10
11.574643937007874
20
-3.9762497244094486
11
11.5744923228346455
21
-3.9758968897637796
0
LINE
8
BLACK
6
CONTINUOUS
10
11.5744923228346455
20
-3.9758968897637796
11
11.4598953149606295
21
-3.4367604330708659
0
LINE
8
BLACK
6
CONTINUOUS
10
11.4598953149606295
20
-3.4367604330708659
11
11.4598903149606297
21
-3.4363764173228346
0
LINE
8
BLACK
6
CONTINUOUS
10
11.4598903149606297
20
-3.4363764173228346
11
11.4603005905511814
21
-3.4357446456692911
0
LINE
8
BLACK
6
CONTINUOUS
10
11.4603005905511814
20
-3.4357446456692911
11
11.4606534251968508
21
-3.435593031496063
0
LINE
8
BLACK
6
CONTINUOUS
10
11.4606534251968508
20
-3.435593031496063
11
11.9997899212598416
21
-3.320996023622047
0
LINE
8
BLACK
6
CONTINUOUS
10
11.9997899212598416
20
-3.320996023622047
11
12.0001738976377954
21
-3.3209910236220472
0
LINE
8
BLACK
6
CONTINUOUS
10
11.4620254330708651
20
-3.4373138976377953
11
11.5762131496062981
21
-3.9745248425196849
0
LINE
8
BLACK
6
CONTINUOUS
10
11.5762131496062981
20
-3.9745248425196849
11
12.1134241338582669
21
-3.8603371259842518
0
LINE
8
BLACK
6
CONTINUOUS
10
12.1134241338582669
20
-3.8603371259842518
11
11.9992363779527551
21
-3.3231261417322835
0
LINE
8
BLACK
6
CONTINUOUS
10
11.9992363779527551
20
-3.3231261417322835
11
11.4620254330708651
21
-3.4373138976377953
0
LINE
8
BLACK
6
CONTINUOUS
10
1.8748262992125984
20
-3.3209910236220472
11
1.8752101181102361
21
-3.320996023622047
0
LINE
8
BLACK
6
CONTINUOUS
10
1.8752101181102361
20
-3.320996023622047
11
2.4143465748031496
21
-3.435593031496063
0
LINE
8
BLACK
6
CONTINUOUS
10
2.4143465748031496
20
-3.435593031496063
11
2.4146992125984252
21
-3.435744566929134
0
LINE
8
BLACK
6
CONTINUOUS
10
2.4146992125984252
20
-3.435744566929134
11
2.414699409448819
21
-3.4357446062992123
0
LINE
8
BLACK
6
CONTINUOUS
10
2.414699409448819
20
-3.4357446062992123
11
2.4148609448818896
21
-3.435993346456693
0
LINE
8
BLACK
6
CONTINUOUS
10
2.4148609448818896
20
-3.435993346456693
11
2.4151097244094486
21
-3.4363764173228346
0
LINE
8
BLACK
6
CONTINUOUS
10
2.4151097244094486
20
-3.4363764173228346
11
2.4151096456692911
21
-3.4363766141732284
0
LINE
8
BLACK
6
CONTINUOUS
10
2.4151096456692911
20
-3.4363766141732284
11
2.41510468503937
21
-3.4367603937007871
0
LINE
8
BLACK
6
CONTINUOUS
10
2.41510468503937
20
-3.4367603937007871
11
2.3005076771653541
21
-3.9758968897637796
0
LINE
8
BLACK
6
CONTINUOUS
10
2.3005076771653541
20
-3.9758968897637796
11
2.3003561023622048
21
-3.9762495275590548
0
LINE
8
BLACK
6
CONTINUOUS
10
2.3003561023622048
20
-3.9762495275590548
11
2.3003561023622048
21
-3.9762497244094486
0
LINE
8
BLACK
6
CONTINUOUS
10
2.3003561023622048
20
-3.9762497244094486
11
2.2997242913385825
21
-3.9766599999999999
0
LINE
8
BLACK
6
CONTINUOUS
10
2.2997242913385825
20
-3.9766599999999999
11
2.29934031496063
21
-3.9766550000000001
0
LINE
8
BLACK
6
CONTINUOUS
10
2.29934031496063
20
-3.9766550000000001
11
1.7602038188976377
21
-3.8620579921259841
0
LINE
8
BLACK
6
CONTINUOUS
10
1.7602038188976377
20
-3.8620579921259841
11
1.7598509842519685
21
-3.8619063779527556
0
LINE
8
BLACK
6
CONTINUOUS
10
1.7598509842519685
20
-3.8619063779527556
11
1.7594407086614172
21
-3.8612746062992125
0
LINE
8
BLACK
6
CONTINUOUS
10
1.7594407086614172
20
-3.8612746062992125
11
1.7594457086614173
21
-3.8608905905511812
0
LINE
8
BLACK
6
CONTINUOUS
10
1.7594457086614173
20
-3.8608905905511812
11
1.874042716535433
21
-3.3217541338582675
0
LINE
8
BLACK
6
CONTINUOUS
10
1.874042716535433
20
-3.3217541338582675
11
1.8741943307086615
21
-3.3214012992125985
0
LINE
8
BLACK
6
CONTINUOUS
10
1.8741943307086615
20
-3.3214012992125985
11
1.8748261023622046
21
-3.3209909842519685
0
LINE
8
BLACK
6
CONTINUOUS
10
1.8748261023622046
20
-3.3209909842519685
11
1.8748262992125984
21
-3.3209910236220472
0
LINE
8
BLACK
6
CONTINUOUS
10
1.7615758267716535
20
-3.8603370866141731
11
2.2987867716535431
21
-3.9745248425196849
0
LINE
8
BLACK
6
CONTINUOUS
10
2.2987867716535431
20
-3.9745248425196849
11
2.4129745275590553
21
-3.4373138582677165
0
LINE
8
BLACK
6
CONTINUOUS
10
2.4129745275590553
20
-3.4373138582677165
11
1.8757635433070865
21
-3.3231261417322835
0
LINE
8
BLACK
6
CONTINUOUS
10
1.8757635433070865
20
-3.3231261417322835
11
1.7615758267716535
21
-3.8603370866141731
0
LINE
8
BLACK
6
CONTINUOUS
10
12.7337846456692905
20
-3.1650572440944882
11
12.7344164566929123
21
-3.1654675196850395
0
LINE
8
BLACK
6
CONTINUOUS
10
12.7344164566929123
20
-3.1654675196850395
11
12.7344164566929123
21
-3.165467677165354
0
LINE
8
BLACK
6
CONTINUOUS
10
12.7344164566929123
20
-3.165467677165354
11
12.7345680314960621
21
-3.1658203543307084
0
LINE
8
BLACK
6
CONTINUOUS
10
12.7345680314960621
20
-3.1658203543307084
11
12.849165039370078
21
-3.7049568503937005
0
LINE
8
BLACK
6
CONTINUOUS
10
12.849165039370078
20
-3.7049568503937005
11
12.8491699999999991
21
-3.7053405905511809
0
LINE
8
BLACK
6
CONTINUOUS
10
12.8491699999999991
20
-3.7053405905511809
11
12.8491700787401566
21
-3.7053408267716534
0
LINE
8
BLACK
6
CONTINUOUS
10
12.8491700787401566
20
-3.7053408267716534
11
12.8489245275590545
21
-3.705718937007874
0
LINE
8
BLACK
6
CONTINUOUS
10
12.8489245275590545
20
-3.705718937007874
11
12.8487597637795279
21
-3.7059726377952753
0
LINE
8
BLACK
6
CONTINUOUS
10
12.8487597637795279
20
-3.7059726377952753
11
12.8487595669291341
21
-3.7059726377952753
0
LINE
8
BLACK
6
CONTINUOUS
10
12.8487595669291341
20
-3.7059726377952753
11
12.8484069291338585
21
-3.7061242125984251
0
LINE
8
BLACK
6
CONTINUOUS
10
12.8484069291338585
20
-3.7061242125984251
11
12.3092704724409447
21
-3.820721220472441
0
LINE
8
BLACK
6
CONTINUOUS
10
12.3092704724409447
20
-3.820721220472441
11
12.3088866535433077
21
-3.8207261811023621
0
LINE
8
BLACK
6
CONTINUOUS
10
12.3088866535433077
20
-3.8207261811023621
11
12.3088864566929139
21
-3.8207262598425196
0
LINE
8
BLACK
6
CONTINUOUS
10
12.3088864566929139
20
-3.8207262598425196
11
12.308254685039369
21
-3.8203159448818895
0
LINE
8
BLACK
6
CONTINUOUS
10
12.308254685039369
20
-3.8203159448818895
11
12.3081030708661423
21
-3.8199631102362206
0
LINE
8
BLACK
6
CONTINUOUS
10
12.3081030708661423
20
-3.8199631102362206
11
12.1935060629921264
21
-3.2808266535433068
0
LINE
8
BLACK
6
CONTINUOUS
10
12.1935060629921264
20
-3.2808266535433068
11
12.1935010629921265
21
-3.2804426377952756
0
LINE
8
BLACK
6
CONTINUOUS
10
12.1935010629921265
20
-3.2804426377952756
11
12.1939113385826765
21
-3.279810866141732
0
LINE
8
BLACK
6
CONTINUOUS
10
12.1939113385826765
20
-3.279810866141732
11
12.1942641732283459
21
-3.2796592519685039
0
LINE
8
BLACK
6
CONTINUOUS
10
12.1942641732283459
20
-3.2796592519685039
11
12.7334006692913384
21
-3.165062244094488
0
LINE
8
BLACK
6
CONTINUOUS
10
12.7334006692913384
20
-3.165062244094488
11
12.7337846456692905
21
-3.1650572440944882
0
LINE
8
BLACK
6
CONTINUOUS
10
12.1956361811023619
20
-3.2813801181102362
11
12.3098238976377949
21
-3.8185910629921258
0
LINE
8
BLACK
6
CONTINUOUS
10
12.3098238976377949
20
-3.8185910629921258
11
12.8470348818897637
21
-3.7044033464566928
0
LINE
8
BLACK
6
CONTINUOUS
10
12.8470348818897637
20
-3.7044033464566928
11
12.7328471259842519
21
-3.1671923622047244
0
LINE
8
BLACK
6
CONTINUOUS
10
12.7328471259842519
20
-3.1671923622047244
11
12.1956361811023619
21
-3.2813801181102362
0
LINE
8
BLACK
6
CONTINUOUS
10
1.1412155511811024
20
-3.1650572440944882
11
1.1415993700787401
21
-3.165062244094488
0
LINE
8
BLACK
6
CONTINUOUS
10
1.1415993700787401
20
-3.165062244094488
11
1.6807358267716535
21
-3.2796592519685039
0
LINE
8
BLACK
6
CONTINUOUS
10
1.6807358267716535
20
-3.2796592519685039
11
1.6810884645669291
21
-3.2798107874015749
0
LINE
8
BLACK
6
CONTINUOUS
10
1.6810884645669291
20
-3.2798107874015749
11
1.6810886614173228
21
-3.2798108267716533
0
LINE
8
BLACK
6
CONTINUOUS
10
1.6810886614173228
20
-3.2798108267716533
11
1.6812501968503937
21
-3.2800595669291339
0
LINE
8
BLACK
6
CONTINUOUS
10
1.6812501968503937
20
-3.2800595669291339
11
1.6814989763779526
21
-3.2804426377952756
0
LINE
8
BLACK
6
CONTINUOUS
10
1.6814989763779526
20
-3.2804426377952756
11
1.6814988976377951
21
-3.2804428346456693
0
LINE
8
BLACK
6
CONTINUOUS
10
1.6814988976377951
20
-3.2804428346456693
11
1.6814939370078741
21
-3.2808266141732281
0
LINE
8
BLACK
6
CONTINUOUS
10
1.6814939370078741
20
-3.2808266141732281
11
1.5668969291338581
21
-3.8199631102362206
0
LINE
8
BLACK
6
CONTINUOUS
10
1.5668969291338581
20
-3.8199631102362206
11
1.5667453543307086
21
-3.8203157480314958
0
LINE
8
BLACK
6
CONTINUOUS
10
1.5667453543307086
20
-3.8203157480314958
11
1.5667453543307086
21
-3.8203159448818895
0
LINE
8
BLACK
6
CONTINUOUS
10
1.5667453543307086
20
-3.8203159448818895
11
1.5661135433070865
21
-3.8207262204724408
0
LINE
8
BLACK
6
CONTINUOUS
10
1.5661135433070865
20
-3.8207262204724408
11
1.5657295669291338
21
-3.820721220472441
0
LINE
8
BLACK
6
CONTINUOUS
10
1.5657295669291338
20
-3.820721220472441
11
1.0265930708661417
21
-3.7061242125984251
0
LINE
8
BLACK
6
CONTINUOUS
10
1.0265930708661417
20
-3.7061242125984251
11
1.0262402362204723
21
-3.7059725984251966
0
LINE
8
BLACK
6
CONTINUOUS
10
1.0262402362204723
20
-3.7059725984251966
11
1.0258299606299213
21
-3.7053408267716534
0
LINE
8
BLACK
6
CONTINUOUS
10
1.0258299606299213
20
-3.7053408267716534
11
1.0258349606299213
21
-3.7049568110236222
0
LINE
8
BLACK
6
CONTINUOUS
10
1.0258349606299213
20
-3.7049568110236222
11
1.140431968503937
21
-3.1658203543307084
0
LINE
8
BLACK
6
CONTINUOUS
10
1.140431968503937
20
-3.1658203543307084
11
1.1405835826771653
21
-3.1654675196850395
0
LINE
8
BLACK
6
CONTINUOUS
10
1.1405835826771653
20
-3.1654675196850395
11
1.1412153543307086
21
-3.1650572047244094
0
LINE
8
BLACK
6
CONTINUOUS
10
1.1412153543307086
20
-3.1650572047244094
11
1.1412155511811024
21
-3.1650572440944882
0
LINE
8
BLACK
6
CONTINUOUS
10
1.0279650787401575
20
-3.704403307086614
11
1.5651760236220471
21
-3.8185910629921258
0
LINE
8
BLACK
6
CONTINUOUS
10
1.5651760236220471
20
-3.8185910629921258
11
1.6793637795275591
21
-3.2813800787401575
0
LINE
8
BLACK
6
CONTINUOUS
10
1.6793637795275591
20
-3.2813800787401575
11
1.1421527952755905
21
-3.1671923622047244
0
LINE
8
BLACK
6
CONTINUOUS
10
1.1421527952755905
20
-3.1671923622047244
11
1.0279650787401575
21
-3.704403307086614
0
LINE
8
BLACK
6
CONTINUOUS
10
4.336490551181102
20
-3.0016906692913383
11
4.8663198031496062
21
-3.1536167716535433
0
LINE
8
BLACK
6
CONTINUOUS
10
4.8663198031496062
20
-3.1536167716535433
11
4.8666612204724409
21
-3.1537926377952754
0
LINE
8
BLACK
6
CONTINUOUS
10
4.8666612204724409
20
-3.1537926377952754
11
4.8670264173228341
21
-3.1544514960629919
0
LINE
8
BLACK
6
CONTINUOUS
10
4.8670264173228341
20
-3.1544514960629919
11
4.8669946062992127
21
-3.1548342125984252
0
LINE
8
BLACK
6
CONTINUOUS
10
4.8669946062992127
20
-3.1548342125984252
11
4.7150685433070869
21
-3.6846634645669289
0
LINE
8
BLACK
6
CONTINUOUS
10
4.7150685433070869
20
-3.6846634645669289
11
4.7148926771653539
21
-3.6850048818897636
0
LINE
8
BLACK
6
CONTINUOUS
10
4.7148926771653539
20
-3.6850048818897636
11
4.7142338188976378
21
-3.6853700787401573
0
LINE
8
BLACK
6
CONTINUOUS
10
4.7142338188976378
20
-3.6853700787401573
11
4.7138511023622049
21
-3.6853382677165354
0
LINE
8
BLACK
6
CONTINUOUS
10
4.7138511023622049
20
-3.6853382677165354
11
4.1840218503937008
21
-3.5334122047244092
0
LINE
8
BLACK
6
CONTINUOUS
10
4.1840218503937008
20
-3.5334122047244092
11
4.1836804330708661
21
-3.533236338582677
0
LINE
8
BLACK
6
CONTINUOUS
10
4.1836804330708661
20
-3.533236338582677
11
4.183315236220472
21
-3.5325774803149605
0
LINE
8
BLACK
6
CONTINUOUS
10
4.183315236220472
20
-3.5325774803149605
11
4.183315236220472
21
-3.5325774409448818
0
LINE
8
BLACK
6
CONTINUOUS
10
4.183315236220472
20
-3.5325774409448818
11
4.1833470078740156
21
-3.5321947637795277
0
LINE
8
BLACK
6
CONTINUOUS
10
4.1833470078740156
20
-3.5321947637795277
11
4.3352731102362201
21
-3.0023655118110235
0
LINE
8
BLACK
6
CONTINUOUS
10
4.3352731102362201
20
-3.0023655118110235
11
4.3354489763779522
21
-3.0020240944881889
0
LINE
8
BLACK
6
CONTINUOUS
10
4.3354489763779522
20
-3.0020240944881889
11
4.3361078346456692
21
-3.0016588976377951
0
LINE
8
BLACK
6
CONTINUOUS
10
4.3361078346456692
20
-3.0016588976377951
11
4.336490551181102
21
-3.0016906692913383
0
LINE
8
BLACK
6
CONTINUOUS
10
4.1855105905511811
20
-3.5317912204724409
11
4.7134475590551181
21
-3.6831746850393698
0
LINE
8
BLACK
6
CONTINUOUS
10
4.7134475590551181
20
-3.6831746850393698
11
4.8648310629921259
21
-3.1552376771653541
0
LINE
8
BLACK
6
CONTINUOUS
10
4.8648310629921259
20
-3.1552376771653541
11
4.3368940551181101
21
-3.0038542125984251
0
LINE
8
BLACK
6
CONTINUOUS
10
4.3368940551181101
20
-3.0038542125984251
11
4.1855105905511811
21
-3.5317912204724409
0
LINE
8
BLACK
6
CONTINUOUS
10
9.5395510236220478
20
-3.0020240551181101
11
9.539726889763779
21
-3.0023654724409448
0
LINE
8
BLACK
6
CONTINUOUS
10
9.539726889763779
20
-3.0023654724409448
11
9.6916529527559057
21
-3.5321947244094489
0
LINE
8
BLACK
6
CONTINUOUS
10
9.6916529527559057
20
-3.5321947244094489
11
9.6916847637795271
21
-3.5325774409448818
0
LINE
8
BLACK
6
CONTINUOUS
10
9.6916847637795271
20
-3.5325774409448818
11
9.691319566929133
21
-3.5332362992125983
0
LINE
8
BLACK
6
CONTINUOUS
10
9.691319566929133
20
-3.5332362992125983
11
9.6909781496062983
21
-3.5334121653543304
0
LINE
8
BLACK
6
CONTINUOUS
10
9.6909781496062983
20
-3.5334121653543304
11
9.1611488976377959
21
-3.6853382677165354
0
LINE
8
BLACK
6
CONTINUOUS
10
9.1611488976377959
20
-3.6853382677165354
11
9.1607661811023622
21
-3.6853700393700786
0
LINE
8
BLACK
6
CONTINUOUS
10
9.1607661811023622
20
-3.6853700393700786
11
9.1601073228346461
21
-3.6850048425196849
0
LINE
8
BLACK
6
CONTINUOUS
10
9.1601073228346461
20
-3.6850048425196849
11
9.1599314566929131
21
-3.6846634251968502
0
LINE
8
BLACK
6
CONTINUOUS
10
9.1599314566929131
20
-3.6846634251968502
11
9.0080053543307077
21
-3.1548341732283465
0
LINE
8
BLACK
6
CONTINUOUS
10
9.0080053543307077
20
-3.1548341732283465
11
9.007973582677165
21
-3.1544514566929132
0
LINE
8
BLACK
6
CONTINUOUS
10
9.007973582677165
20
-3.1544514566929132
11
9.0083387795275591
21
-3.1537925984251967
0
LINE
8
BLACK
6
CONTINUOUS
10
9.0083387795275591
20
-3.1537925984251967
11
9.0086801968503938
21
-3.1536167322834645
0
LINE
8
BLACK
6
CONTINUOUS
10
9.0086801968503938
20
-3.1536167322834645
11
9.538509448818898
21
-3.0016906692913383
0
LINE
8
BLACK
6
CONTINUOUS
10
9.538509448818898
20
-3.0016906692913383
11
9.5388921653543299
21
-3.0016588582677164
0
LINE
8
BLACK
6
CONTINUOUS
10
9.5388921653543299
20
-3.0016588582677164
11
9.5395510236220478
21
-3.0020240551181101
0
LINE
8
BLACK
6
CONTINUOUS
10
9.0101689370078741
20
-3.1552376771653541
11
9.1615524015748022
21
-3.6831746850393698
0
LINE
8
BLACK
6
CONTINUOUS
10
9.1615524015748022
20
-3.6831746850393698
11
9.689489409448818
21
-3.5317912204724409
0
LINE
8
BLACK
6
CONTINUOUS
10
9.689489409448818
20
-3.5317912204724409
11
9.5381059055118111
21
-3.0038542125984251
0
LINE
8
BLACK
6
CONTINUOUS
10
9.5381059055118111
20
-3.0038542125984251
11
9.0101689370078741
21
-3.1552376771653541
0
LINE
8
BLACK
6
CONTINUOUS
10
5.2124827952755908
20
-2.6677089370078741
11
5.7423120472440941
21
-2.8196350393700786
0
LINE
8
BLACK
6
CONTINUOUS
10
5.7423120472440941
20
-2.8196350393700786
11
5.7426534645669287
21
-2.8198109055118108
0
LINE
8
BLACK
6
CONTINUOUS
10
5.7426534645669287
20
-2.8198109055118108
11
5.7430186614173229
21
-2.8204697637795273
0
LINE
8
BLACK
6
CONTINUOUS
10
5.7430186614173229
20
-2.8204697637795273
11
5.7429868503937005
21
-2.8208524803149606
0
LINE
8
BLACK
6
CONTINUOUS
10
5.7429868503937005
20
-2.8208524803149606
11
5.5910607874015747
21
-3.3506817322834643
0
LINE
8
BLACK
6
CONTINUOUS
10
5.5910607874015747
20
-3.3506817322834643
11
5.5908849212598426
21
-3.351023149606299
0
LINE
8
BLACK
6
CONTINUOUS
10
5.5908849212598426
20
-3.351023149606299
11
5.5902260629921257
21
-3.3513883464566927
0
LINE
8
BLACK
6
CONTINUOUS
10
5.5902260629921257
20
-3.3513883464566927
11
5.5898433464566928
21
-3.3513565354330708
0
LINE
8
BLACK
6
CONTINUOUS
10
5.5898433464566928
20
-3.3513565354330708
11
5.0600140944881886
21
-3.199430472440945
0
LINE
8
BLACK
6
CONTINUOUS
10
5.0600140944881886
20
-3.199430472440945
11
5.059672677165354
21
-3.1992546062992124
0
LINE
8
BLACK
6
CONTINUOUS
10
5.059672677165354
20
-3.1992546062992124
11
5.0593074803149607
21
-3.1985957480314959
0
LINE
8
BLACK
6
CONTINUOUS
10
5.0593074803149607
20
-3.1985957480314959
11
5.0593392519685034
21
-3.1982130314960631
0
LINE
8
BLACK
6
CONTINUOUS
10
5.0593392519685034
20
-3.1982130314960631
11
5.2112653543307088
21
-2.6683837795275589
0
LINE
8
BLACK
6
CONTINUOUS
10
5.2112653543307088
20
-2.6683837795275589
11
5.211441220472441
21
-2.6680423622047242
0
LINE
8
BLACK
6
CONTINUOUS
10
5.211441220472441
20
-2.6680423622047242
11
5.212100078740157
21
-2.6676771653543305
0
LINE
8
BLACK
6
CONTINUOUS
10
5.212100078740157
20
-2.6676771653543305
11
5.2124827952755908
21
-2.6677089370078741
0
LINE
8
BLACK
6
CONTINUOUS
10
5.061502834645669
20
-3.1978094881889763
11
5.589439803149606
21
-3.3491929527559052
0
LINE
8
BLACK
6
CONTINUOUS
10
5.589439803149606
20
-3.3491929527559052
11
5.7408233070866137
21
-2.8212559448818899
0
LINE
8
BLACK
6
CONTINUOUS
10
5.7408233070866137
20
-2.8212559448818899
11
5.2128862992125979
21
-2.6698724803149605
0
LINE
8
BLACK
6
CONTINUOUS
10
5.2128862992125979
20
-2.6698724803149605
11
5.061502834645669
21
-3.1978094881889763
0
LINE
8
BLACK
6
CONTINUOUS
10
8.663558779527559
20
-2.6680423622047242
11
8.6637346456692903
21
-2.6683837795275589
0
LINE
8
BLACK
6
CONTINUOUS
10
8.6637346456692903
20
-2.6683837795275589
11
8.8156607086614169
21
-3.1982130314960631
0
LINE
8
BLACK
6
CONTINUOUS
10
8.8156607086614169
20
-3.1982130314960631
11
8.8156925196850384
21
-3.1985957480314959
0
LINE
8
BLACK
6
CONTINUOUS
10
8.8156925196850384
20
-3.1985957480314959
11
8.815327322834646
21
-3.1992546062992124
0
LINE
8
BLACK
6
CONTINUOUS
10
8.815327322834646
20
-3.1992546062992124
11
8.8149859055118114
21
-3.199430472440945
0
LINE
8
BLACK
6
CONTINUOUS
10
8.8149859055118114
20
-3.199430472440945
11
8.2851566535433072
21
-3.3513565748031495
0
LINE
8
BLACK
6
CONTINUOUS
10
8.2851566535433072
20
-3.3513565748031495
11
8.2847739370078735
21
-3.3513883464566927
0
LINE
8
BLACK
6
CONTINUOUS
10
8.2847739370078735
20
-3.3513883464566927
11
8.2841150787401574
21
-3.351023149606299
0
LINE
8
BLACK
6
CONTINUOUS
10
8.2841150787401574
20
-3.351023149606299
11
8.2839392125984244
21
-3.3506817322834643
0
LINE
8
BLACK
6
CONTINUOUS
10
8.2839392125984244
20
-3.3506817322834643
11
8.1320131102362208
21
-2.8208524803149606
0
LINE
8
BLACK
6
CONTINUOUS
10
8.1320131102362208
20
-2.8208524803149606
11
8.1319813385826762
21
-2.8204697637795273
0
LINE
8
BLACK
6
CONTINUOUS
10
8.1319813385826762
20
-2.8204697637795273
11
8.1323465354330704
21
-2.8198109055118108
0
LINE
8
BLACK
6
CONTINUOUS
10
8.1323465354330704
20
-2.8198109055118108
11
8.1326879527559051
21
-2.8196350393700786
0
LINE
8
BLACK
6
CONTINUOUS
10
8.1326879527559051
20
-2.8196350393700786
11
8.6625172047244092
21
-2.6677089763779529
0
LINE
8
BLACK
6
CONTINUOUS
10
8.6625172047244092
20
-2.6677089763779529
11
8.662899921259843
21
-2.6676771653543305
0
LINE
8
BLACK
6
CONTINUOUS
10
8.662899921259843
20
-2.6676771653543305
11
8.663558779527559
21
-2.6680423622047242
0
LINE
8
BLACK
6
CONTINUOUS
10
8.1341766929133854
20
-2.8212559842519682
11
8.2855601574803153
21
-3.349192992125984
0
LINE
8
BLACK
6
CONTINUOUS
10
8.2855601574803153
20
-3.349192992125984
11
8.813497165354331
21
-3.197809527559055
0
LINE
8
BLACK
6
CONTINUOUS
10
8.813497165354331
20
-3.197809527559055
11
8.6621136614173224
21
-2.6698725196850392
0
LINE
8
BLACK
6
CONTINUOUS
10
8.6621136614173224
20
-2.6698725196850392
11
8.1341766929133854
21
-2.8212559842519682
0
LINE
8
BLACK
6
CONTINUOUS
10
3.6672262598425198
20
-2.6147261023622046
11
4.1970555118110235
21
-2.7666522047244095
0
LINE
8
BLACK
6
CONTINUOUS
10
4.1970555118110235
20
-2.7666522047244095
11
4.1973969291338582
21
-2.7668280708661417
0
LINE
8
BLACK
6
CONTINUOUS
10
4.1973969291338582
20
-2.7668280708661417
11
4.1977621259842515
21
-2.7674869291338582
0
LINE
8
BLACK
6
CONTINUOUS
10
4.1977621259842515
20
-2.7674869291338582
11
4.19773031496063
21
-2.7678696456692911
0
LINE
8
BLACK
6
CONTINUOUS
10
4.19773031496063
20
-2.7678696456692911
11
4.0458042519685042
21
-3.2976988976377952
0
LINE
8
BLACK
6
CONTINUOUS
10
4.0458042519685042
20
-3.2976988976377952
11
4.0456283858267712
21
-3.2980403149606299
0
LINE
8
BLACK
6
CONTINUOUS
10
4.0456283858267712
20
-3.2980403149606299
11
4.0449695275590551
21
-3.2984055118110236
0
LINE
8
BLACK
6
CONTINUOUS
10
4.0449695275590551
20
-3.2984055118110236
11
4.0445868110236223
21
-3.2983737007874017
0
LINE
8
BLACK
6
CONTINUOUS
10
4.0445868110236223
20
-3.2983737007874017
11
3.5147575590551181
21
-3.1464476377952755
0
LINE
8
BLACK
6
CONTINUOUS
10
3.5147575590551181
20
-3.1464476377952755
11
3.5144161417322834
21
-3.1462717716535433
0
LINE
8
BLACK
6
CONTINUOUS
10
3.5144161417322834
20
-3.1462717716535433
11
3.5140509448818897
21
-3.1456129133858268
0
LINE
8
BLACK
6
CONTINUOUS
10
3.5140509448818897
20
-3.1456129133858268
11
3.5140827165354329
21
-3.1452301968503935
0
LINE
8
BLACK
6
CONTINUOUS
10
3.5140827165354329
20
-3.1452301968503935
11
3.6660088188976379
21
-2.6154009448818898
0
LINE
8
BLACK
6
CONTINUOUS
10
3.6660088188976379
20
-2.6154009448818898
11
3.66618468503937
21
-2.6150595275590551
0
LINE
8
BLACK
6
CONTINUOUS
10
3.66618468503937
20
-2.6150595275590551
11
3.6668435433070865
21
-2.6146943307086614
0
LINE
8
BLACK
6
CONTINUOUS
10
3.6668435433070865
20
-2.6146943307086614
11
3.6672262598425198
21
-2.6147261023622046
0
LINE
8
BLACK
6
CONTINUOUS
10
3.5162462992125985
20
-3.1448266535433071
11
4.0441832677165355
21
-3.2962101181102361
0
LINE
8
BLACK
6
CONTINUOUS
10
4.0441832677165355
20
-3.2962101181102361
11
4.1955667716535432
21
-2.7682731102362204
0
LINE
8
BLACK
6
CONTINUOUS
10
4.1955667716535432
20
-2.7682731102362204
11
3.6676297637795274
21
-2.6168896456692914
0
LINE
8
BLACK
6
CONTINUOUS
10
3.6676297637795274
20
-2.6168896456692914
11
3.5162462992125985
21
-3.1448266535433071
0
LINE
8
BLACK
6
CONTINUOUS
10
10.2088153149606296
20
-2.6150595275590551
11
10.2089911811023626
21
-2.6154009448818898
0
LINE
8
BLACK
6
CONTINUOUS
10
10.2089911811023626
20
-2.6154009448818898
11
10.3609172440944874
21
-3.1452301968503935
0
LINE
8
BLACK
6
CONTINUOUS
10
10.3609172440944874
20
-3.1452301968503935
11
10.3609490551181107
21
-3.1456129133858268
0
LINE
8
BLACK
6
CONTINUOUS
10
10.3609490551181107
20
-3.1456129133858268
11
10.3605838582677166
21
-3.1462717716535433
0
LINE
8
BLACK
6
CONTINUOUS
10
10.3605838582677166
20
-3.1462717716535433
11
10.3602424409448819
21
-3.1464476377952755
0
LINE
8
BLACK
6
CONTINUOUS
10
10.3602424409448819
20
-3.1464476377952755
11
9.8304131889763777
21
-3.2983737401574804
0
LINE
8
BLACK
6
CONTINUOUS
10
9.8304131889763777
20
-3.2983737401574804
11
9.830030472440944
21
-3.2984055118110236
0
LINE
8
BLACK
6
CONTINUOUS
10
9.830030472440944
20
-3.2984055118110236
11
9.8293716141732279
21
-3.2980403149606299
0
LINE
8
BLACK
6
CONTINUOUS
10
9.8293716141732279
20
-3.2980403149606299
11
9.8291957480314966
21
-3.2976988976377952
0
LINE
8
BLACK
6
CONTINUOUS
10
9.8291957480314966
20
-3.2976988976377952
11
9.6772696456692913
21
-2.7678696456692911
0
LINE
8
BLACK
6
CONTINUOUS
10
9.6772696456692913
20
-2.7678696456692911
11
9.6772378740157485
21
-2.7674869291338582
0
LINE
8
BLACK
6
CONTINUOUS
10
9.6772378740157485
20
-2.7674869291338582
11
9.6776030708661409
21
-2.7668280708661417
0
LINE
8
BLACK
6
CONTINUOUS
10
9.6776030708661409
20
-2.7668280708661417
11
9.6779444881889756
21
-2.7666522047244095
0
LINE
8
BLACK
6
CONTINUOUS
10
9.6779444881889756
20
-2.7666522047244095
11
10.2077737401574797
21
-2.6147261417322833
0
LINE
8
BLACK
6
CONTINUOUS
10
10.2077737401574797
20
-2.6147261417322833
11
10.2081564566929135
21
-2.6146943307086614
0
LINE
8
BLACK
6
CONTINUOUS
10
10.2081564566929135
20
-2.6146943307086614
11
10.2088153149606296
21
-2.6150595275590551
0
LINE
8
BLACK
6
CONTINUOUS
10
9.6794332283464559
20
-2.7682731496062991
11
9.8308166929133858
21
-3.2962101574803149
0
LINE
8
BLACK
6
CONTINUOUS
10
9.8308166929133858
20
-3.2962101574803149
11
10.3587537007874015
21
-3.1448266929133859
0
LINE
8
BLACK
6
CONTINUOUS
10
10.3587537007874015
20
-3.1448266929133859
11
10.2073701968503929
21
-2.6168896850393701
0
LINE
8
BLACK
6
CONTINUOUS
10
10.2073701968503929
20
-2.6168896850393701
11
9.6794332283464559
21
-2.7682731496062991
0
LINE
8
BLACK
6
CONTINUOUS
10
2.8945979921259841
20
-2.5882346456692913
11
3.4244272440944883
21
-2.7401607480314958
0
LINE
8
BLACK
6
CONTINUOUS
10
3.4244272440944883
20
-2.7401607480314958
11
3.4247686614173229
21
-2.7403366141732284
0
LINE
8
BLACK
6
CONTINUOUS
10
3.4247686614173229
20
-2.7403366141732284
11
3.4251338582677167
21
-2.7409954724409449
0
LINE
8
BLACK
6
CONTINUOUS
10
3.4251338582677167
20
-2.7409954724409449
11
3.4251020472440943
21
-2.7413781889763777
0
LINE
8
BLACK
6
CONTINUOUS
10
3.4251020472440943
20
-2.7413781889763777
11
3.2731759842519685
21
-3.2712074409448819
0
LINE
8
BLACK
6
CONTINUOUS
10
3.2731759842519685
20
-3.2712074409448819
11
3.2730001181102359
21
-3.2715488582677166
0
LINE
8
BLACK
6
CONTINUOUS
10
3.2730001181102359
20
-3.2715488582677166
11
3.2723412598425194
21
-3.2719140551181103
0
LINE
8
BLACK
6
CONTINUOUS
10
3.2723412598425194
20
-3.2719140551181103
11
3.2719585433070866
21
-3.2718822440944879
0
LINE
8
BLACK
6
CONTINUOUS
10
3.2719585433070866
20
-3.2718822440944879
11
2.7421292913385824
21
-3.1199561811023622
0
LINE
8
BLACK
6
CONTINUOUS
10
2.7421292913385824
20
-3.1199561811023622
11
2.7417878740157478
21
-3.11978031496063
0
LINE
8
BLACK
6
CONTINUOUS
10
2.7417878740157478
20
-3.11978031496063
11
2.7414226771653545
21
-3.1191214566929135
0
LINE
8
BLACK
6
CONTINUOUS
10
2.7414226771653545
20
-3.1191214566929135
11
2.7414544488188977
21
-3.1187387401574802
0
LINE
8
BLACK
6
CONTINUOUS
10
2.7414544488188977
20
-3.1187387401574802
11
2.8933805511811022
21
-2.5889094881889765
0
LINE
8
BLACK
6
CONTINUOUS
10
2.8933805511811022
20
-2.5889094881889765
11
2.8935564173228348
21
-2.5885680708661418
0
LINE
8
BLACK
6
CONTINUOUS
10
2.8935564173228348
20
-2.5885680708661418
11
2.8942152755905513
21
-2.5882028740157481
0
LINE
8
BLACK
6
CONTINUOUS
10
2.8942152755905513
20
-2.5882028740157481
11
2.8945979921259841
21
-2.5882346456692913
0
LINE
8
BLACK
6
CONTINUOUS
10
2.7436180314960628
20
-3.1183351968503938
11
3.2715549999999998
21
-3.2697186614173228
0
LINE
8
BLACK
6
CONTINUOUS
10
3.2715549999999998
20
-3.2697186614173228
11
3.4229385039370079
21
-2.7417816535433071
0
LINE
8
BLACK
6
CONTINUOUS
10
3.4229385039370079
20
-2.7417816535433071
11
2.8950014960629922
21
-2.5903981889763781
0
LINE
8
BLACK
6
CONTINUOUS
10
2.8950014960629922
20
-2.5903981889763781
11
2.7436180314960628
21
-3.1183351968503938
0
LINE
8
BLACK
6
CONTINUOUS
10
10.9814435826771657
20
-2.5885680708661418
11
10.981619448818897
21
-2.5889094881889765
0
LINE
8
BLACK
6
CONTINUOUS
10
10.981619448818897
20
-2.5889094881889765
11
11.1335455118110236
21
-3.1187387401574802
0
LINE
8
BLACK
6
CONTINUOUS
10
11.1335455118110236
20
-3.1187387401574802
11
11.1335773228346451
21
-3.1191214566929135
0
LINE
8
BLACK
6
CONTINUOUS
10
11.1335773228346451
20
-3.1191214566929135
11
11.1332121259842509
21
-3.11978031496063
0
LINE
8
BLACK
6
CONTINUOUS
10
11.1332121259842509
20
-3.11978031496063
11
11.1328707086614163
21
-3.1199561811023622
0
LINE
8
BLACK
6
CONTINUOUS
10
11.1328707086614163
20
-3.1199561811023622
11
10.6030414566929139
21
-3.2718822834645667
0
LINE
8
BLACK
6
CONTINUOUS
10
10.6030414566929139
20
-3.2718822834645667
11
10.6026587401574801
21
-3.2719140551181103
0
LINE
8
BLACK
6
CONTINUOUS
10
10.6026587401574801
20
-3.2719140551181103
11
10.6019998818897641
21
-3.2715488582677166
0
LINE
8
BLACK
6
CONTINUOUS
10
10.6019998818897641
20
-3.2715488582677166
11
10.601824015748031
21
-3.2712074409448819
0
LINE
8
BLACK
6
CONTINUOUS
10
10.601824015748031
20
-3.2712074409448819
11
10.4498979133858274
21
-2.7413781889763777
0
LINE
8
BLACK
6
CONTINUOUS
10
10.4498979133858274
20
-2.7413781889763777
11
10.4498661417322829
21
-2.7409954724409449
0
LINE
8
BLACK
6
CONTINUOUS
10
10.4498661417322829
20
-2.7409954724409449
11
10.4502313385826771
21
-2.7403366141732284
0
LINE
8
BLACK
6
CONTINUOUS
10
10.4502313385826771
20
-2.7403366141732284
11
10.4505727559055117
21
-2.7401607480314958
0
LINE
8
BLACK
6
CONTINUOUS
10
10.4505727559055117
20
-2.7401607480314958
11
10.9804020078740159
21
-2.58823468503937
0
LINE
8
BLACK
6
CONTINUOUS
10
10.9804020078740159
20
-2.58823468503937
11
10.9807847244094479
21
-2.5882028740157481
0
LINE
8
BLACK
6
CONTINUOUS
10
10.9807847244094479
20
-2.5882028740157481
11
10.9814435826771657
21
-2.5885680708661418
0
LINE
8
BLACK
6
CONTINUOUS
10
10.4520614960629921
20
-2.7417816929133858
11
10.6034449606299201
21
-3.2697187007874016
0
LINE
8
BLACK
6
CONTINUOUS
10
10.6034449606299201
20
-3.2697187007874016
11
11.1313819685039359
21
-3.1183352362204722
0
LINE
8
BLACK
6
CONTINUOUS
10
11.1313819685039359
20
-3.1183352362204722
11
10.9799984645669291
21
-2.5903982283464568
0
LINE
8
BLACK
6
CONTINUOUS
10
10.9799984645669291
20
-2.5903982283464568
11
10.4520614960629921
21
-2.7417816929133858
0
LINE
8
BLACK
6
CONTINUOUS
10
11.8442401574803142
20
-2.5873803543307088
11
11.8448719685039361
21
-2.5877906299212596
0
LINE
8
BLACK
6
CONTINUOUS
10
11.8448719685039361
20
-2.5877906299212596
11
11.8448719685039361
21
-2.5877907874015746
0
LINE
8
BLACK
6
CONTINUOUS
10
11.8448719685039361
20
-2.5877907874015746
11
11.8450235433070858
21
-2.588143464566929
0
LINE
8
BLACK
6
CONTINUOUS
10
11.8450235433070858
20
-2.588143464566929
11
11.9596205511811018
21
-3.1272799606299211
0
LINE
8
BLACK
6
CONTINUOUS
10
11.9596205511811018
20
-3.1272799606299211
11
11.9596255118110228
21
-3.1276637007874015
0
LINE
8
BLACK
6
CONTINUOUS
10
11.9596255118110228
20
-3.1276637007874015
11
11.9596255905511804
21
-3.127663937007874
0
LINE
8
BLACK
6
CONTINUOUS
10
11.9596255905511804
20
-3.127663937007874
11
11.9593800393700782
21
-3.1280420472440946
0
LINE
8
BLACK
6
CONTINUOUS
10
11.9593800393700782
20
-3.1280420472440946
11
11.9592152755905516
21
-3.1282957480314959
0
LINE
8
BLACK
6
CONTINUOUS
10
11.9592152755905516
20
-3.1282957480314959
11
11.9592150787401579
21
-3.1282957480314959
0
LINE
8
BLACK
6
CONTINUOUS
10
11.9592150787401579
20
-3.1282957480314959
11
11.9588624409448823
21
-3.1284473228346457
0
LINE
8
BLACK
6
CONTINUOUS
10
11.9588624409448823
20
-3.1284473228346457
11
11.4197259842519685
21
-3.2430443307086612
0
LINE
8
BLACK
6
CONTINUOUS
10
11.4197259842519685
20
-3.2430443307086612
11
11.4193421653543297
21
-3.2430492913385827
0
LINE
8
BLACK
6
CONTINUOUS
10
11.4193421653543297
20
-3.2430492913385827
11
11.4193419685039359
21
-3.2430493700787402
0
LINE
8
BLACK
6
CONTINUOUS
10
11.4193419685039359
20
-3.2430493700787402
11
11.4187101968503928
21
-3.2426390551181101
0
LINE
8
BLACK
6
CONTINUOUS
10
11.4187101968503928
20
-3.2426390551181101
11
11.4185585826771643
21
-3.2422862204724407
0
LINE
8
BLACK
6
CONTINUOUS
10
11.4185585826771643
20
-3.2422862204724407
11
11.3039615748031501
21
-2.7031497637795274
0
LINE
8
BLACK
6
CONTINUOUS
10
11.3039615748031501
20
-2.7031497637795274
11
11.3039565748031485
21
-2.7027657480314962
0
LINE
8
BLACK
6
CONTINUOUS
10
11.3039565748031485
20
-2.7027657480314962
11
11.3043668503937003
21
-2.7021339763779526
0
LINE
8
BLACK
6
CONTINUOUS
10
11.3043668503937003
20
-2.7021339763779526
11
11.3047196850393696
21
-2.7019823622047245
0
LINE
8
BLACK
6
CONTINUOUS
10
11.3047196850393696
20
-2.7019823622047245
11
11.8438561811023622
21
-2.5873853543307086
0
LINE
8
BLACK
6
CONTINUOUS
10
11.8438561811023622
20
-2.5873853543307086
11
11.8442401574803142
21
-2.5873803543307088
0
LINE
8
BLACK
6
CONTINUOUS
10
11.3060916929133857
20
-2.7037032283464568
11
11.4202794094488187
21
-3.2409141732283464
0
LINE
8
BLACK
6
CONTINUOUS
10
11.4202794094488187
20
-3.2409141732283464
11
11.9574903937007875
21
-3.1267264566929134
0
LINE
8
BLACK
6
CONTINUOUS
10
11.9574903937007875
20
-3.1267264566929134
11
11.8433026377952757
21
-2.589515472440945
0
LINE
8
BLACK
6
CONTINUOUS
10
11.8433026377952757
20
-2.589515472440945
11
11.3060916929133857
21
-2.7037032283464568
0
LINE
8
BLACK
6
CONTINUOUS
10
2.0307600393700787
20
-2.5873803543307088
11
2.0311438582677166
21
-2.5873853543307086
0
LINE
8
BLACK
6
CONTINUOUS
10
2.0311438582677166
20
-2.5873853543307086
11
2.5702803149606299
21
-2.7019823622047245
0
LINE
8
BLACK
6
CONTINUOUS
10
2.5702803149606299
20
-2.7019823622047245
11
2.5706329527559055
21
-2.7021338976377951
0
LINE
8
BLACK
6
CONTINUOUS
10
2.5706329527559055
20
-2.7021338976377951
11
2.5706331496062993
21
-2.7021339370078739
0
LINE
8
BLACK
6
CONTINUOUS
10
2.5706331496062993
20
-2.7021339370078739
11
2.5707946850393699
21
-2.7023826771653541
0
LINE
8
BLACK
6
CONTINUOUS
10
2.5707946850393699
20
-2.7023826771653541
11
2.5710434645669289
21
-2.7027657480314962
0
LINE
8
BLACK
6
CONTINUOUS
10
2.5710434645669289
20
-2.7027657480314962
11
2.5710433858267714
21
-2.7027659448818895
0
LINE
8
BLACK
6
CONTINUOUS
10
2.5710433858267714
20
-2.7027659448818895
11
2.5710384251968503
21
-2.7031497244094487
0
LINE
8
BLACK
6
CONTINUOUS
10
2.5710384251968503
20
-2.7031497244094487
11
2.4564414173228344
21
-3.2422862204724407
0
LINE
8
BLACK
6
CONTINUOUS
10
2.4564414173228344
20
-3.2422862204724407
11
2.4562898425196851
21
-3.2426388582677164
0
LINE
8
BLACK
6
CONTINUOUS
10
2.4562898425196851
20
-3.2426388582677164
11
2.4562898425196851
21
-3.2426390551181101
0
LINE
8
BLACK
6
CONTINUOUS
10
2.4562898425196851
20
-3.2426390551181101
11
2.4556580314960628
21
-3.2430493307086614
0
LINE
8
BLACK
6
CONTINUOUS
10
2.4556580314960628
20
-3.2430493307086614
11
2.4552740551181103
21
-3.2430443307086612
0
LINE
8
BLACK
6
CONTINUOUS
10
2.4552740551181103
20
-3.2430443307086612
11
1.916137559055118
21
-3.1284473228346457
0
LINE
8
BLACK
6
CONTINUOUS
10
1.916137559055118
20
-3.1284473228346457
11
1.9157847244094488
21
-3.1282957086614172
0
LINE
8
BLACK
6
CONTINUOUS
10
1.9157847244094488
20
-3.1282957086614172
11
1.9153744488188975
21
-3.127663937007874
0
LINE
8
BLACK
6
CONTINUOUS
10
1.9153744488188975
20
-3.127663937007874
11
1.9153794488188975
21
-3.1272799212598423
0
LINE
8
BLACK
6
CONTINUOUS
10
1.9153794488188975
20
-3.1272799212598423
11
2.0299764566929133
21
-2.588143464566929
0
LINE
8
BLACK
6
CONTINUOUS
10
2.0299764566929133
20
-2.588143464566929
11
2.0301280708661418
21
-2.5877906299212596
0
LINE
8
BLACK
6
CONTINUOUS
10
2.0301280708661418
20
-2.5877906299212596
11
2.0307598425196849
21
-2.58738031496063
0
LINE
8
BLACK
6
CONTINUOUS
10
2.0307598425196849
20
-2.58738031496063
11
2.0307600393700787
21
-2.5873803543307088
0
LINE
8
BLACK
6
CONTINUOUS
10
1.9175095669291338
20
-3.1267264173228346
11
2.4547205118110234
21
-3.2409141732283464
0
LINE
8
BLACK
6
CONTINUOUS
10
2.4547205118110234
20
-3.2409141732283464
11
2.5689082677165356
21
-2.7037031889763781
0
LINE
8
BLACK
6
CONTINUOUS
10
2.5689082677165356
20
-2.7037031889763781
11
2.0316972834645668
21
-2.589515472440945
0
LINE
8
BLACK
6
CONTINUOUS
10
2.0316972834645668
20
-2.589515472440945
11
1.9175095669291338
21
-3.1267264173228346
0
LINE
8
BLACK
6
CONTINUOUS
10
12.5778508661417323
20
-2.4314465748031497
11
12.5784826771653542
21
-2.4318568503937006
0
LINE
8
BLACK
6
CONTINUOUS
10
12.5784826771653542
20
-2.4318568503937006
11
12.5784826771653542
21
-2.4318570078740156
0
LINE
8
BLACK
6
CONTINUOUS
10
12.5784826771653542
20
-2.4318570078740156
11
12.5786342519685039
21
-2.43220968503937
0
LINE
8
BLACK
6
CONTINUOUS
10
12.5786342519685039
20
-2.43220968503937
11
12.6932312598425199
21
-2.971346181102362
0
LINE
8
BLACK
6
CONTINUOUS
10
12.6932312598425199
20
-2.971346181102362
11
12.6932362204724409
21
-2.9717299212598425
0
LINE
8
BLACK
6
CONTINUOUS
10
12.6932362204724409
20
-2.9717299212598425
11
12.6932362992125984
21
-2.971730157480315
0
LINE
8
BLACK
6
CONTINUOUS
10
12.6932362992125984
20
-2.971730157480315
11
12.6929907480314963
21
-2.9721082677165356
0
LINE
8
BLACK
6
CONTINUOUS
10
12.6929907480314963
20
-2.9721082677165356
11
12.692825984251968
21
-2.9723619685039369
0
LINE
8
BLACK
6
CONTINUOUS
10
12.692825984251968
20
-2.9723619685039369
11
12.6928257874015742
21
-2.9723619685039369
0
LINE
8
BLACK
6
CONTINUOUS
10
12.6928257874015742
20
-2.9723619685039369
11
12.6924731496062986
21
-2.9725135433070866
0
LINE
8
BLACK
6
CONTINUOUS
10
12.6924731496062986
20
-2.9725135433070866
11
12.1533366929133848
21
-3.0871105511811021
0
LINE
8
BLACK
6
CONTINUOUS
10
12.1533366929133848
20
-3.0871105511811021
11
12.1529528740157478
21
-3.0871155118110236
0
LINE
8
BLACK
6
CONTINUOUS
10
12.1529528740157478
20
-3.0871155118110236
11
12.152952677165354
21
-3.0871155905511811
0
LINE
8
BLACK
6
CONTINUOUS
10
12.152952677165354
20
-3.0871155905511811
11
12.1523209055118109
21
-3.0867052755905511
0
LINE
8
BLACK
6
CONTINUOUS
10
12.1523209055118109
20
-3.0867052755905511
11
12.1521692913385824
21
-3.0863524409448817
0
LINE
8
BLACK
6
CONTINUOUS
10
12.1521692913385824
20
-3.0863524409448817
11
12.0375722834645664
21
-2.5472159842519684
0
LINE
8
BLACK
6
CONTINUOUS
10
12.0375722834645664
20
-2.5472159842519684
11
12.0375672834645666
21
-2.5468319685039371
0
LINE
8
BLACK
6
CONTINUOUS
10
12.0375672834645666
20
-2.5468319685039371
11
12.0379775590551183
21
-2.5462001968503936
0
LINE
8
BLACK
6
CONTINUOUS
10
12.0379775590551183
20
-2.5462001968503936
11
12.0383303937007877
21
-2.5460485826771655
0
LINE
8
BLACK
6
CONTINUOUS
10
12.0383303937007877
20
-2.5460485826771655
11
12.5774668897637785
21
-2.4314515748031496
0
LINE
8
BLACK
6
CONTINUOUS
10
12.5774668897637785
20
-2.4314515748031496
11
12.5778508661417323
21
-2.4314465748031497
0
LINE
8
BLACK
6
CONTINUOUS
10
12.0397024015748038
20
-2.5477694488188978
11
12.1538901181102368
21
-3.0849803937007874
0
LINE
8
BLACK
6
CONTINUOUS
10
12.1538901181102368
20
-3.0849803937007874
11
12.6911011023622038
21
-2.9707926771653543
0
LINE
8
BLACK
6
CONTINUOUS
10
12.6911011023622038
20
-2.9707926771653543
11
12.576913346456692
21
-2.4335816929133856
0
LINE
8
BLACK
6
CONTINUOUS
10
12.576913346456692
20
-2.4335816929133856
11
12.0397024015748038
21
-2.5477694488188978
0
LINE
8
BLACK
6
CONTINUOUS
10
1.2971493307086615
20
-2.4314465748031497
11
1.2975331496062992
21
-2.4314515748031496
0
LINE
8
BLACK
6
CONTINUOUS
10
1.2975331496062992
20
-2.4314515748031496
11
1.8366696062992125
21
-2.5460485826771655
0
LINE
8
BLACK
6
CONTINUOUS
10
1.8366696062992125
20
-2.5460485826771655
11
1.8370222440944881
21
-2.5462001181102361
0
LINE
8
BLACK
6
CONTINUOUS
10
1.8370222440944881
20
-2.5462001181102361
11
1.8370224409448819
21
-2.5462001574803148
0
LINE
8
BLACK
6
CONTINUOUS
10
1.8370224409448819
20
-2.5462001574803148
11
1.8371839763779527
21
-2.546448897637795
0
LINE
8
BLACK
6
CONTINUOUS
10
1.8371839763779527
20
-2.546448897637795
11
1.8374327559055117
21
-2.5468319685039371
0
LINE
8
BLACK
6
CONTINUOUS
10
1.8374327559055117
20
-2.5468319685039371
11
1.8374326771653542
21
-2.5468321653543304
0
LINE
8
BLACK
6
CONTINUOUS
10
1.8374326771653542
20
-2.5468321653543304
11
1.8374277165354331
21
-2.5472159448818896
0
LINE
8
BLACK
6
CONTINUOUS
10
1.8374277165354331
20
-2.5472159448818896
11
1.7228307086614172
21
-3.0863524409448817
0
LINE
8
BLACK
6
CONTINUOUS
10
1.7228307086614172
20
-3.0863524409448817
11
1.7226791338582677
21
-3.0867050787401573
0
LINE
8
BLACK
6
CONTINUOUS
10
1.7226791338582677
20
-3.0867050787401573
11
1.7226791338582677
21
-3.0867052755905511
0
LINE
8
BLACK
6
CONTINUOUS
10
1.7226791338582677
20
-3.0867052755905511
11
1.7220473228346456
21
-3.0871155511811024
0
LINE
8
BLACK
6
CONTINUOUS
10
1.7220473228346456
20
-3.0871155511811024
11
1.7216633464566928
21
-3.0871105511811021
0
LINE
8
BLACK
6
CONTINUOUS
10
1.7216633464566928
20
-3.0871105511811021
11
1.1825268503937008
21
-2.9725135433070866
0
LINE
8
BLACK
6
CONTINUOUS
10
1.1825268503937008
20
-2.9725135433070866
11
1.1821740157480314
21
-2.9723619291338581
0
LINE
8
BLACK
6
CONTINUOUS
10
1.1821740157480314
20
-2.9723619291338581
11
1.1817637401574803
21
-2.971730157480315
0
LINE
8
BLACK
6
CONTINUOUS
10
1.1817637401574803
20
-2.971730157480315
11
1.1817687401574803
21
-2.9713461417322833
0
LINE
8
BLACK
6
CONTINUOUS
10
1.1817687401574803
20
-2.9713461417322833
11
1.2963657480314961
21
-2.43220968503937
0
LINE
8
BLACK
6
CONTINUOUS
10
1.2963657480314961
20
-2.43220968503937
11
1.2965173622047244
21
-2.4318568503937006
0
LINE
8
BLACK
6
CONTINUOUS
10
1.2965173622047244
20
-2.4318568503937006
11
1.2971491338582677
21
-2.431446535433071
0
LINE
8
BLACK
6
CONTINUOUS
10
1.2971491338582677
20
-2.431446535433071
11
1.2971493307086615
21
-2.4314465748031497
0
LINE
8
BLACK
6
CONTINUOUS
10
1.1838988582677166
20
-2.9707926377952756
11
1.7211098031496062
21
-3.0849803937007874
0
LINE
8
BLACK
6
CONTINUOUS
10
1.7211098031496062
20
-3.0849803937007874
11
1.8352975590551182
21
-2.547769409448819
0
LINE
8
BLACK
6
CONTINUOUS
10
1.8352975590551182
20
-2.547769409448819
11
1.2980865748031496
21
-2.4335816929133856
0
LINE
8
BLACK
6
CONTINUOUS
10
1.2980865748031496
20
-2.4335816929133856
11
1.1838988582677166
21
-2.9707926377952756
0
LINE
8
BLACK
6
CONTINUOUS
10
4.5432185433070869
20
-2.28074437007874
11
5.0730477952755901
21
-2.4326704724409449
0
LINE
8
BLACK
6
CONTINUOUS
10
5.0730477952755901
20
-2.4326704724409449
11
5.0733892125984248
21
-2.4328463385826771
0
LINE
8
BLACK
6
CONTINUOUS
10
5.0733892125984248
20
-2.4328463385826771
11
5.0737544094488189
21
-2.4335051968503936
0
LINE
8
BLACK
6
CONTINUOUS
10
5.0737544094488189
20
-2.4335051968503936
11
5.0737225984251966
21
-2.4338879133858269
0
LINE
8
BLACK
6
CONTINUOUS
10
5.0737225984251966
20
-2.4338879133858269
11
4.9217965354330708
21
-2.9637171653543306
0
LINE
8
BLACK
6
CONTINUOUS
10
4.9217965354330708
20
-2.9637171653543306
11
4.9216206692913387
21
-2.9640585826771653
0
LINE
8
BLACK
6
CONTINUOUS
10
4.9216206692913387
20
-2.9640585826771653
11
4.9209618110236217
21
-2.964423779527559
0
LINE
8
BLACK
6
CONTINUOUS
10
4.9209618110236217
20
-2.964423779527559
11
4.9205790944881889
21
-2.964391968503937
0
LINE
8
BLACK
6
CONTINUOUS
10
4.9205790944881889
20
-2.964391968503937
11
4.3907498425196847
21
-2.8124659055118109
0
LINE
8
BLACK
6
CONTINUOUS
10
4.3907498425196847
20
-2.8124659055118109
11
4.39040842519685
21
-2.8122900393700787
0
LINE
8
BLACK
6
CONTINUOUS
10
4.39040842519685
20
-2.8122900393700787
11
4.3900432283464568
21
-2.8116311811023622
0
LINE
8
BLACK
6
CONTINUOUS
10
4.3900432283464568
20
-2.8116311811023622
11
4.3900749999999995
21
-2.8112484645669289
0
LINE
8
BLACK
6
CONTINUOUS
10
4.3900749999999995
20
-2.8112484645669289
11
4.5420011023622049
21
-2.2814192125984252
0
LINE
8
BLACK
6
CONTINUOUS
10
4.5420011023622049
20
-2.2814192125984252
11
4.542176968503937
21
-2.2810777952755905
0
LINE
8
BLACK
6
CONTINUOUS
10
4.542176968503937
20
-2.2810777952755905
11
4.5428358267716531
21
-2.2807125984251968
0
LINE
8
BLACK
6
CONTINUOUS
10
4.5428358267716531
20
-2.2807125984251968
11
4.5432185433070869
21
-2.28074437007874
0
LINE
8
BLACK
6
CONTINUOUS
10
4.392238582677165
20
-2.8108449212598425
11
4.9201755511811021
21
-2.9622283858267715
0
LINE
8
BLACK
6
CONTINUOUS
10
4.9201755511811021
20
-2.9622283858267715
11
5.0715590551181098
21
-2.4342913779527557
0
LINE
8
BLACK
6
CONTINUOUS
10
5.0715590551181098
20
-2.4342913779527557
11
4.543622047244094
21
-2.2829079133858268
0
LINE
8
BLACK
6
CONTINUOUS
10
4.543622047244094
20
-2.2829079133858268
11
4.392238582677165
21
-2.8108449212598425
0
LINE
8
BLACK
6
CONTINUOUS
10
9.3328230314960621
20
-2.2810777952755905
11
9.3329988976377951
21
-2.2814192125984252
0
LINE
8
BLACK
6
CONTINUOUS
10
9.3329988976377951
20
-2.2814192125984252
11
9.4849249606299217
21
-2.8112484645669289
0
LINE
8
BLACK
6
CONTINUOUS
10
9.4849249606299217
20
-2.8112484645669289
11
9.4849567716535432
21
-2.8116311811023622
0
LINE
8
BLACK
6
CONTINUOUS
10
9.4849567716535432
20
-2.8116311811023622
11
9.4845915748031491
21
-2.8122900393700787
0
LINE
8
BLACK
6
CONTINUOUS
10
9.4845915748031491
20
-2.8122900393700787
11
9.4842501574803144
21
-2.8124659055118109
0
LINE
8
BLACK
6
CONTINUOUS
10
9.4842501574803144
20
-2.8124659055118109
11
8.9544209055118102
21
-2.9643920078740158
0
LINE
8
BLACK
6
CONTINUOUS
10
8.9544209055118102
20
-2.9643920078740158
11
8.9540381889763783
21
-2.964423779527559
0
LINE
8
BLACK
6
CONTINUOUS
10
8.9540381889763783
20
-2.964423779527559
11
8.9533793307086604
21
-2.9640585826771653
0
LINE
8
BLACK
6
CONTINUOUS
10
8.9533793307086604
20
-2.9640585826771653
11
8.9532034645669292
21
-2.9637171653543306
0
LINE
8
BLACK
6
CONTINUOUS
10
8.9532034645669292
20
-2.9637171653543306
11
8.8012773622047238
21
-2.4338879133858269
0
LINE
8
BLACK
6
CONTINUOUS
10
8.8012773622047238
20
-2.4338879133858269
11
8.8012455905511811
21
-2.4335051968503936
0
LINE
8
BLACK
6
CONTINUOUS
10
8.8012455905511811
20
-2.4335051968503936
11
8.8016107874015752
21
-2.4328463385826771
0
LINE
8
BLACK
6
CONTINUOUS
10
8.8016107874015752
20
-2.4328463385826771
11
8.8019522047244099
21
-2.4326704724409449
0
LINE
8
BLACK
6
CONTINUOUS
10
8.8019522047244099
20
-2.4326704724409449
11
9.331781456692914
21
-2.2807444094488187
0
LINE
8
BLACK
6
CONTINUOUS
10
9.331781456692914
20
-2.2807444094488187
11
9.332164173228346
21
-2.2807125984251968
0
LINE
8
BLACK
6
CONTINUOUS
10
9.332164173228346
20
-2.2807125984251968
11
9.3328230314960621
21
-2.2810777952755905
0
LINE
8
BLACK
6
CONTINUOUS
10
8.8034409448818902
20
-2.4342914173228345
11
8.9548244094488183
21
-2.9622284251968503
0
LINE
8
BLACK
6
CONTINUOUS
10
8.9548244094488183
20
-2.9622284251968503
11
9.4827614173228341
21
-2.8108449606299213
0
LINE
8
BLACK
6
CONTINUOUS
10
9.4827614173228341
20
-2.8108449606299213
11
9.3313779133858272
21
-2.2829079527559055
0
LINE
8
BLACK
6
CONTINUOUS
10
9.3313779133858272
20
-2.2829079527559055
11
8.8034409448818902
21
-2.4342914173228345
0
LINE
8
BLACK
6
CONTINUOUS
10
5.4192108267716534
20
-1.9467626771653543
11
5.9490400787401576
21
-2.0986887795275591
0
LINE
8
BLACK
6
CONTINUOUS
10
5.9490400787401576
20
-2.0986887795275591
11
5.9493814960629923
21
-2.0988646456692912
0
LINE
8
BLACK
6
CONTINUOUS
10
5.9493814960629923
20
-2.0988646456692912
11
5.9497466929133855
21
-2.0995235039370077
0
LINE
8
BLACK
6
CONTINUOUS
10
5.9497466929133855
20
-2.0995235039370077
11
5.9497148818897641
21
-2.099906220472441
0
LINE
8
BLACK
6
CONTINUOUS
10
5.9497148818897641
20
-2.099906220472441
11
5.7977888188976374
21
-2.6297354724409447
0
LINE
8
BLACK
6
CONTINUOUS
10
5.7977888188976374
20
-2.6297354724409447
11
5.7976129527559053
21
-2.6300768897637794
0
LINE
8
BLACK
6
CONTINUOUS
10
5.7976129527559053
20
-2.6300768897637794
11
5.7969540944881892
21
-2.6304420866141731
0
LINE
8
BLACK
6
CONTINUOUS
10
5.7969540944881892
20
-2.6304420866141731
11
5.7965713779527555
21
-2.6304102755905512
0
LINE
8
BLACK
6
CONTINUOUS
10
5.7965713779527555
20
-2.6304102755905512
11
5.2667421259842522
21
-2.478484212598425
0
LINE
8
BLACK
6
CONTINUOUS
10
5.2667421259842522
20
-2.478484212598425
11
5.2664007086614175
21
-2.4783083464566928
0
LINE
8
BLACK
6
CONTINUOUS
10
5.2664007086614175
20
-2.4783083464566928
11
5.2660355118110234
21
-2.4776494881889763
0
LINE
8
BLACK
6
CONTINUOUS
10
5.2660355118110234
20
-2.4776494881889763
11
5.266067283464567
21
-2.477266771653543
0
LINE
8
BLACK
6
CONTINUOUS
10
5.266067283464567
20
-2.477266771653543
11
5.4179933858267715
21
-1.9474375196850393
0
LINE
8
BLACK
6
CONTINUOUS
10
5.4179933858267715
20
-1.9474375196850393
11
5.4181692519685036
21
-1.9470961023622047
0
LINE
8
BLACK
6
CONTINUOUS
10
5.4181692519685036
20
-1.9470961023622047
11
5.4188281102362206
21
-1.9467309055118109
0
LINE
8
BLACK
6
CONTINUOUS
10
5.4188281102362206
20
-1.9467309055118109
11
5.4192108267716534
21
-1.9467626771653543
0
LINE
8
BLACK
6
CONTINUOUS
10
5.2682308661417325
20
-2.4768632283464567
11
5.7961678346456695
21
-2.6282466929133856
0
LINE
8
BLACK
6
CONTINUOUS
10
5.7961678346456695
20
-2.6282466929133856
11
5.9475513385826773
21
-2.1003096850393699
0
LINE
8
BLACK
6
CONTINUOUS
10
5.9475513385826773
20
-2.1003096850393699
11
5.4196143307086615
21
-1.9489262204724409
0
LINE
8
BLACK
6
CONTINUOUS
10
5.4196143307086615
20
-1.9489262204724409
11
5.2682308661417325
21
-2.4768632283464567
0
LINE
8
BLACK
6
CONTINUOUS
10
8.4568307480314964
20
-1.9470961023622047
11
8.4570066141732276
21
-1.9474375196850393
0
LINE
8
BLACK
6
CONTINUOUS
10
8.4570066141732276
20
-1.9474375196850393
11
8.6089326771653543
21
-2.477266771653543
0
LINE
8
BLACK
6
CONTINUOUS
10
8.6089326771653543
20
-2.477266771653543
11
8.6089644881889757
21
-2.4776494881889763
0
LINE
8
BLACK
6
CONTINUOUS
10
8.6089644881889757
20
-2.4776494881889763
11
8.6085992913385816
21
-2.4783083464566928
0
LINE
8
BLACK
6
CONTINUOUS
10
8.6085992913385816
20
-2.4783083464566928
11
8.6082578740157487
21
-2.478484212598425
0
LINE
8
BLACK
6
CONTINUOUS
10
8.6082578740157487
20
-2.478484212598425
11
8.0784286220472445
21
-2.6304103149606299
0
LINE
8
BLACK
6
CONTINUOUS
10
8.0784286220472445
20
-2.6304103149606299
11
8.0780459055118108
21
-2.6304420866141731
0
LINE
8
BLACK
6
CONTINUOUS
10
8.0780459055118108
20
-2.6304420866141731
11
8.0773870472440947
21
-2.6300768897637794
0
LINE
8
BLACK
6
CONTINUOUS
10
8.0773870472440947
20
-2.6300768897637794
11
8.0772111811023617
21
-2.6297354724409447
0
LINE
8
BLACK
6
CONTINUOUS
10
8.0772111811023617
20
-2.6297354724409447
11
7.9252850787401572
21
-2.099906220472441
0
LINE
8
BLACK
6
CONTINUOUS
10
7.9252850787401572
20
-2.099906220472441
11
7.9252533070866136
21
-2.0995235039370077
0
LINE
8
BLACK
6
CONTINUOUS
10
7.9252533070866136
20
-2.0995235039370077
11
7.9256185039370077
21
-2.0988646456692912
0
LINE
8
BLACK
6
CONTINUOUS
10
7.9256185039370077
20
-2.0988646456692912
11
7.9259599212598424
21
-2.0986887795275591
0
LINE
8
BLACK
6
CONTINUOUS
10
7.9259599212598424
20
-2.0986887795275591
11
8.4557891732283466
21
-1.9467627165354331
0
LINE
8
BLACK
6
CONTINUOUS
10
8.4557891732283466
20
-1.9467627165354331
11
8.4561718897637785
21
-1.9467309055118109
0
LINE
8
BLACK
6
CONTINUOUS
10
8.4561718897637785
20
-1.9467309055118109
11
8.4568307480314964
21
-1.9470961023622047
0
LINE
8
BLACK
6
CONTINUOUS
10
7.9274486614173227
20
-2.1003097244094486
11
8.0788321259842526
21
-2.6282467322834644
0
LINE
8
BLACK
6
CONTINUOUS
10
8.0788321259842526
20
-2.6282467322834644
11
8.6067691338582684
21
-2.4768632677165354
0
LINE
8
BLACK
6
CONTINUOUS
10
8.6067691338582684
20
-2.4768632677165354
11
8.4553856299212597
21
-1.9489262598425197
0
LINE
8
BLACK
6
CONTINUOUS
10
8.4553856299212597
20
-1.9489262598425197
11
7.9274486614173227
21
-2.1003097244094486
0
LINE
8
BLACK
6
CONTINUOUS
10
3.873954212598425
20
-1.8937798031496063
11
4.4037834645669287
21
-2.0457059055118112
0
LINE
8
BLACK
6
CONTINUOUS
10
4.4037834645669287
20
-2.0457059055118112
11
4.4041248818897634
21
-2.0458817716535433
0
LINE
8
BLACK
6
CONTINUOUS
10
4.4041248818897634
20
-2.0458817716535433
11
4.4044900787401575
21
-2.0465406299212598
0
LINE
8
BLACK
6
CONTINUOUS
10
4.4044900787401575
20
-2.0465406299212598
11
4.4044582677165351
21
-2.0469233464566927
0
LINE
8
BLACK
6
CONTINUOUS
10
4.4044582677165351
20
-2.0469233464566927
11
4.2525322047244094
21
-2.5767525984251969
0
LINE
8
BLACK
6
CONTINUOUS
10
4.2525322047244094
20
-2.5767525984251969
11
4.2523563385826773
21
-2.5770940157480315
0
LINE
8
BLACK
6
CONTINUOUS
10
4.2523563385826773
20
-2.5770940157480315
11
4.2516974803149603
21
-2.5774592125984253
0
LINE
8
BLACK
6
CONTINUOUS
10
4.2516974803149603
20
-2.5774592125984253
11
4.2513147637795274
21
-2.5774274015748029
0
LINE
8
BLACK
6
CONTINUOUS
10
4.2513147637795274
20
-2.5774274015748029
11
3.7214855118110237
21
-2.4255013385826771
0
LINE
8
BLACK
6
CONTINUOUS
10
3.7214855118110237
20
-2.4255013385826771
11
3.7211440944881891
21
-2.425325472440945
0
LINE
8
BLACK
6
CONTINUOUS
10
3.7211440944881891
20
-2.425325472440945
11
3.7207788976377953
21
-2.4246666141732285
0
LINE
8
BLACK
6
CONTINUOUS
10
3.7207788976377953
20
-2.4246666141732285
11
3.7208106692913385
21
-2.4242838976377952
0
LINE
8
BLACK
6
CONTINUOUS
10
3.7208106692913385
20
-2.4242838976377952
11
3.872736771653543
21
-1.8944546456692912
0
LINE
8
BLACK
6
CONTINUOUS
10
3.872736771653543
20
-1.8944546456692912
11
3.8729126377952756
21
-1.8941132283464566
0
LINE
8
BLACK
6
CONTINUOUS
10
3.8729126377952756
20
-1.8941132283464566
11
3.8735714960629921
21
-1.8937480314960629
0
LINE
8
BLACK
6
CONTINUOUS
10
3.8735714960629921
20
-1.8937480314960629
11
3.873954212598425
21
-1.8937798031496063
0
LINE
8
BLACK
6
CONTINUOUS
10
3.7229742519685041
20
-2.4238803543307088
11
4.2509112204724406
21
-2.5752638188976378
0
LINE
8
BLACK
6
CONTINUOUS
10
4.2509112204724406
20
-2.5752638188976378
11
4.4022947244094484
21
-2.047326811023622
0
LINE
8
BLACK
6
CONTINUOUS
10
4.4022947244094484
20
-2.047326811023622
11
3.874357716535433
21
-1.8959433464566928
0
LINE
8
BLACK
6
CONTINUOUS
10
3.874357716535433
20
-1.8959433464566928
11
3.7229742519685041
21
-2.4238803543307088
0
LINE
8
BLACK
6
CONTINUOUS
10
10.0020873622047244
20
-1.8941132283464566
11
10.0022632283464556
21
-1.8944546456692912
0
LINE
8
BLACK
6
CONTINUOUS
10
10.0022632283464556
20
-1.8944546456692912
11
10.1541892913385823
21
-2.4242838976377952
0
LINE
8
BLACK
6
CONTINUOUS
10
10.1541892913385823
20
-2.4242838976377952
11
10.1542211023622038
21
-2.4246666141732285
0
LINE
8
BLACK
6
CONTINUOUS
10
10.1542211023622038
20
-2.4246666141732285
11
10.1538559055118114
21
-2.425325472440945
0
LINE
8
BLACK
6
CONTINUOUS
10
10.1538559055118114
20
-2.425325472440945
11
10.1535144881889767
21
-2.4255013385826771
0
LINE
8
BLACK
6
CONTINUOUS
10
10.1535144881889767
20
-2.4255013385826771
11
9.6236852362204726
21
-2.5774274409448816
0
LINE
8
BLACK
6
CONTINUOUS
10
9.6236852362204726
20
-2.5774274409448816
11
9.6233025196850388
21
-2.5774592125984253
0
LINE
8
BLACK
6
CONTINUOUS
10
9.6233025196850388
20
-2.5774592125984253
11
9.6226436614173227
21
-2.5770940157480315
0
LINE
8
BLACK
6
CONTINUOUS
10
9.6226436614173227
20
-2.5770940157480315
11
9.6224677952755897
21
-2.5767525984251969
0
LINE
8
BLACK
6
CONTINUOUS
10
9.6224677952755897
20
-2.5767525984251969
11
9.4705416929133861
21
-2.0469233464566927
0
LINE
8
BLACK
6
CONTINUOUS
10
9.4705416929133861
20
-2.0469233464566927
11
9.4705099212598416
21
-2.0465406299212598
0
LINE
8
BLACK
6
CONTINUOUS
10
9.4705099212598416
20
-2.0465406299212598
11
9.4708751181102357
21
-2.0458817716535433
0
LINE
8
BLACK
6
CONTINUOUS
10
9.4708751181102357
20
-2.0458817716535433
11
9.4712165354330704
21
-2.0457059055118112
0
LINE
8
BLACK
6
CONTINUOUS
10
9.4712165354330704
20
-2.0457059055118112
11
10.0010457874015746
21
-1.893779842519685
0
LINE
8
BLACK
6
CONTINUOUS
10
10.0010457874015746
20
-1.893779842519685
11
10.0014285039370083
21
-1.8937480314960629
0
LINE
8
BLACK
6
CONTINUOUS
10
10.0014285039370083
20
-1.8937480314960629
11
10.0020873622047244
21
-1.8941132283464566
0
LINE
8
BLACK
6
CONTINUOUS
10
9.4727052755905508
20
-2.0473268503937008
11
9.6240887401574806
21
-2.5752638582677165
0
LINE
8
BLACK
6
CONTINUOUS
10
9.6240887401574806
20
-2.5752638582677165
11
10.1520257480314964
21
-2.4238803937007876
0
LINE
8
BLACK
6
CONTINUOUS
10
10.1520257480314964
20
-2.4238803937007876
11
10.0006422440944878
21
-1.8959433858267716
0
LINE
8
BLACK
6
CONTINUOUS
10
10.0006422440944878
20
-1.8959433858267716
11
9.4727052755905508
21
-2.0473268503937008
0
LINE
8
BLACK
6
CONTINUOUS
10
3.1013259842519685
20
-1.8672883464566929
11
3.6311552362204722
21
-2.0192144488188974
0
LINE
8
BLACK
6
CONTINUOUS
10
3.6311552362204722
20
-2.0192144488188974
11
3.6314966535433069
21
-2.01939031496063
0
LINE
8
BLACK
6
CONTINUOUS
10
3.6314966535433069
20
-2.01939031496063
11
3.6318618503937006
21
-2.0200491732283465
0
LINE
8
BLACK
6
CONTINUOUS
10
3.6318618503937006
20
-2.0200491732283465
11
3.6318300393700786
21
-2.0204318897637794
0
LINE
8
BLACK
6
CONTINUOUS
10
3.6318300393700786
20
-2.0204318897637794
11
3.4799039763779525
21
-2.5502611417322836
0
LINE
8
BLACK
6
CONTINUOUS
10
3.4799039763779525
20
-2.5502611417322836
11
3.4797281102362203
21
-2.5506025590551182
0
LINE
8
BLACK
6
CONTINUOUS
10
3.4797281102362203
20
-2.5506025590551182
11
3.4790692519685038
21
-2.5509677559055119
0
LINE
8
BLACK
6
CONTINUOUS
10
3.4790692519685038
20
-2.5509677559055119
11
3.4786865354330709
21
-2.5509359448818896
0
LINE
8
BLACK
6
CONTINUOUS
10
3.4786865354330709
20
-2.5509359448818896
11
2.9488572834645668
21
-2.3990098818897638
0
LINE
8
BLACK
6
CONTINUOUS
10
2.9488572834645668
20
-2.3990098818897638
11
2.9485158661417321
21
-2.3988340157480312
0
LINE
8
BLACK
6
CONTINUOUS
10
2.9485158661417321
20
-2.3988340157480312
11
2.9481506692913384
21
-2.3981751574803147
0
LINE
8
BLACK
6
CONTINUOUS
10
2.9481506692913384
20
-2.3981751574803147
11
2.948182440944882
21
-2.3977924409448819
0
LINE
8
BLACK
6
CONTINUOUS
10
2.948182440944882
20
-2.3977924409448819
11
3.1001085433070865
21
-1.8679631889763779
0
LINE
8
BLACK
6
CONTINUOUS
10
3.1001085433070865
20
-1.8679631889763779
11
3.1002844094488187
21
-1.8676217716535433
0
LINE
8
BLACK
6
CONTINUOUS
10
3.1002844094488187
20
-1.8676217716535433
11
3.1009432677165352
21
-1.8672565748031495
0
LINE
8
BLACK
6
CONTINUOUS
10
3.1009432677165352
20
-1.8672565748031495
11
3.1013259842519685
21
-1.8672883464566929
0
LINE
8
BLACK
6
CONTINUOUS
10
2.9503460236220471
20
-2.3973888976377951
11
3.4782829921259841
21
-2.5487723622047245
0
LINE
8
BLACK
6
CONTINUOUS
10
3.4782829921259841
20
-2.5487723622047245
11
3.6296664960629919
21
-2.0208353543307087
0
LINE
8
BLACK
6
CONTINUOUS
10
3.6296664960629919
20
-2.0208353543307087
11
3.1017294881889761
21
-1.8694518897637795
0
LINE
8
BLACK
6
CONTINUOUS
10
3.1017294881889761
20
-1.8694518897637795
11
2.9503460236220471
21
-2.3973888976377951
0
LINE
8
BLACK
6
CONTINUOUS
10
10.77471559055118
20
-1.8676217716535433
11
10.774891456692913
21
-1.8679631889763779
0
LINE
8
BLACK
6
CONTINUOUS
10
10.774891456692913
20
-1.8679631889763779
11
10.9268175196850397
21
-2.3977924409448819
0
LINE
8
BLACK
6
CONTINUOUS
10
10.9268175196850397
20
-2.3977924409448819
11
10.9268493307086612
21
-2.3981751574803147
0
LINE
8
BLACK
6
CONTINUOUS
10
10.9268493307086612
20
-2.3981751574803147
11
10.926484133858267
21
-2.3988340157480312
0
LINE
8
BLACK
6
CONTINUOUS
10
10.926484133858267
20
-2.3988340157480312
11
10.9261427165354323
21
-2.3990098818897638
0
LINE
8
BLACK
6
CONTINUOUS
10
10.9261427165354323
20
-2.3990098818897638
11
10.3963134645669282
21
-2.5509359842519683
0
LINE
8
BLACK
6
CONTINUOUS
10
10.3963134645669282
20
-2.5509359842519683
11
10.3959307480314962
21
-2.5509677559055119
0
LINE
8
BLACK
6
CONTINUOUS
10
10.3959307480314962
20
-2.5509677559055119
11
10.3952718897637801
21
-2.5506025590551182
0
LINE
8
BLACK
6
CONTINUOUS
10
10.3952718897637801
20
-2.5506025590551182
11
10.3950960236220471
21
-2.5502611417322836
0
LINE
8
BLACK
6
CONTINUOUS
10
10.3950960236220471
20
-2.5502611417322836
11
10.2431699212598417
21
-2.0204318897637794
0
LINE
8
BLACK
6
CONTINUOUS
10
10.2431699212598417
20
-2.0204318897637794
11
10.243138149606299
21
-2.0200491732283465
0
LINE
8
BLACK
6
CONTINUOUS
10
10.243138149606299
20
-2.0200491732283465
11
10.2435033464566931
21
-2.01939031496063
0
LINE
8
BLACK
6
CONTINUOUS
10
10.2435033464566931
20
-2.01939031496063
11
10.2438447637795278
21
-2.0192144488188974
0
LINE
8
BLACK
6
CONTINUOUS
10
10.2438447637795278
20
-2.0192144488188974
11
10.773674015748032
21
-1.8672883858267717
0
LINE
8
BLACK
6
CONTINUOUS
10
10.773674015748032
20
-1.8672883858267717
11
10.7740567322834639
21
-1.8672565748031495
0
LINE
8
BLACK
6
CONTINUOUS
10
10.7740567322834639
20
-1.8672565748031495
11
10.77471559055118
21
-1.8676217716535433
0
LINE
8
BLACK
6
CONTINUOUS
10
10.2453335039370081
20
-2.0208353937007875
11
10.3967169685039362
21
-2.5487724015748032
0
LINE
8
BLACK
6
CONTINUOUS
10
10.3967169685039362
20
-2.5487724015748032
11
10.924653976377952
21
-2.3973889370078738
0
LINE
8
BLACK
6
CONTINUOUS
10
10.924653976377952
20
-2.3973889370078738
11
10.7732704724409452
21
-1.8694519291338583
0
LINE
8
BLACK
6
CONTINUOUS
10
10.7732704724409452
20
-1.8694519291338583
11
10.2453335039370081
21
-2.0208353937007875
0
LINE
8
BLACK
6
CONTINUOUS
10
11.6883063779527561
20
-1.8537696062992126
11
11.6889381889763779
21
-1.8541798818897637
0
LINE
8
BLACK
6
CONTINUOUS
10
11.6889381889763779
20
-1.8541798818897637
11
11.6889381889763779
21
-1.8541800393700787
0
LINE
8
BLACK
6
CONTINUOUS
10
11.6889381889763779
20
-1.8541800393700787
11
11.6890897637795277
21
-1.8545327165354331
0
LINE
8
BLACK
6
CONTINUOUS
10
11.6890897637795277
20
-1.8545327165354331
11
11.8036867716535436
21
-2.3936692125984251
0
LINE
8
BLACK
6
CONTINUOUS
10
11.8036867716535436
20
-2.3936692125984251
11
11.8036917322834647
21
-2.3940529527559056
0
LINE
8
BLACK
6
CONTINUOUS
10
11.8036917322834647
20
-2.3940529527559056
11
11.8036918110236222
21
-2.3940531889763781
0
LINE
8
BLACK
6
CONTINUOUS
10
11.8036918110236222
20
-2.3940531889763781
11
11.80344625984252
21
-2.3944312992125982
0
LINE
8
BLACK
6
CONTINUOUS
10
11.80344625984252
20
-2.3944312992125982
11
11.8032814960629917
21
-2.394685
0
LINE
8
BLACK
6
CONTINUOUS
10
11.8032814960629917
20
-2.394685
11
11.8032812992125979
21
-2.394685
0
LINE
8
BLACK
6
CONTINUOUS
10
11.8032812992125979
20
-2.394685
11
11.8029286614173223
21
-2.3948365748031497
0
LINE
8
BLACK
6
CONTINUOUS
10
11.8029286614173223
20
-2.3948365748031497
11
11.2637922047244086
21
-2.5094335826771652
0
LINE
8
BLACK
6
CONTINUOUS
10
11.2637922047244086
20
-2.5094335826771652
11
11.2634083858267715
21
-2.5094385433070867
0
LINE
8
BLACK
6
CONTINUOUS
10
11.2634083858267715
20
-2.5094385433070867
11
11.2634081889763777
21
-2.5094386220472442
0
LINE
8
BLACK
6
CONTINUOUS
10
11.2634081889763777
20
-2.5094386220472442
11
11.2627764173228346
21
-2.5090283070866142
0
LINE
8
BLACK
6
CONTINUOUS
10
11.2627764173228346
20
-2.5090283070866142
11
11.2626248031496061
21
-2.5086754724409448
0
LINE
8
BLACK
6
CONTINUOUS
10
11.2626248031496061
20
-2.5086754724409448
11
11.1480277952755902
21
-1.9695390157480315
0
LINE
8
BLACK
6
CONTINUOUS
10
11.1480277952755902
20
-1.9695390157480315
11
11.1480227952755904
21
-1.969155
0
LINE
8
BLACK
6
CONTINUOUS
10
11.1480227952755904
20
-1.969155
11
11.1484330708661421
21
-1.9685232283464567
0
LINE
8
BLACK
6
CONTINUOUS
10
11.1484330708661421
20
-1.9685232283464567
11
11.1487859055118115
21
-1.9683716141732284
0
LINE
8
BLACK
6
CONTINUOUS
10
11.1487859055118115
20
-1.9683716141732284
11
11.6879224015748022
21
-1.8537746062992126
0
LINE
8
BLACK
6
CONTINUOUS
10
11.6879224015748022
20
-1.8537746062992126
11
11.6883063779527561
21
-1.8537696062992126
0
LINE
8
BLACK
6
CONTINUOUS
10
11.1501579133858257
20
-1.9700924803149606
11
11.2643456299212588
21
-2.5073034251968505
0
LINE
8
BLACK
6
CONTINUOUS
10
11.2643456299212588
20
-2.5073034251968505
11
11.8015566141732275
21
-2.3931157086614174
0
LINE
8
BLACK
6
CONTINUOUS
10
11.8015566141732275
20
-2.3931157086614174
11
11.6873688582677158
21
-1.8559047244094489
0
LINE
8
BLACK
6
CONTINUOUS
10
11.6873688582677158
20
-1.8559047244094489
11
11.1501579133858257
21
-1.9700924803149606
0
LINE
8
BLACK
6
CONTINUOUS
10
2.1866938188976377
20
-1.8537696062992126
11
2.1870776377952756
21
-1.8537746062992126
0
LINE
8
BLACK
6
CONTINUOUS
10
2.1870776377952756
20
-1.8537746062992126
11
2.726214094488189
21
-1.9683716141732284
0
LINE
8
BLACK
6
CONTINUOUS
10
2.726214094488189
20
-1.9683716141732284
11
2.7265667322834646
21
-1.9685231496062991
0
LINE
8
BLACK
6
CONTINUOUS
10
2.7265667322834646
20
-1.9685231496062991
11
2.7265669291338583
21
-1.9685231889763779
0
LINE
8
BLACK
6
CONTINUOUS
10
2.7265669291338583
20
-1.9685231889763779
11
2.726728464566929
21
-1.9687719291338581
0
LINE
8
BLACK
6
CONTINUOUS
10
2.726728464566929
20
-1.9687719291338581
11
2.7269772440944879
21
-1.969155
0
LINE
8
BLACK
6
CONTINUOUS
10
2.7269772440944879
20
-1.969155
11
2.7269771653543304
21
-1.9691551968503938
0
LINE
8
BLACK
6
CONTINUOUS
10
2.7269771653543304
20
-1.9691551968503938
11
2.7269722047244094
21
-1.9695389763779527
0
LINE
8
BLACK
6
CONTINUOUS
10
2.7269722047244094
20
-1.9695389763779527
11
2.6123751968503934
21
-2.5086754724409448
0
LINE
8
BLACK
6
CONTINUOUS
10
2.6123751968503934
20
-2.5086754724409448
11
2.6122236220472441
21
-2.5090281102362204
0
LINE
8
BLACK
6
CONTINUOUS
10
2.6122236220472441
20
-2.5090281102362204
11
2.6122236220472441
21
-2.5090283070866142
0
LINE
8
BLACK
6
CONTINUOUS
10
2.6122236220472441
20
-2.5090283070866142
11
2.6115918110236218
21
-2.5094385826771655
0
LINE
8
BLACK
6
CONTINUOUS
10
2.6115918110236218
20
-2.5094385826771655
11
2.6112078346456693
21
-2.5094335826771652
0
LINE
8
BLACK
6
CONTINUOUS
10
2.6112078346456693
20
-2.5094335826771652
11
2.0720713385826772
21
-2.3948365748031497
0
LINE
8
BLACK
6
CONTINUOUS
10
2.0720713385826772
20
-2.3948365748031497
11
2.0717185039370078
21
-2.3946849606299212
0
LINE
8
BLACK
6
CONTINUOUS
10
2.0717185039370078
20
-2.3946849606299212
11
2.0713082283464566
21
-2.3940531889763781
0
LINE
8
BLACK
6
CONTINUOUS
10
2.0713082283464566
20
-2.3940531889763781
11
2.0713132283464568
21
-2.3936691732283464
0
LINE
8
BLACK
6
CONTINUOUS
10
2.0713132283464568
20
-2.3936691732283464
11
2.1859102362204723
21
-1.8545327165354331
0
LINE
8
BLACK
6
CONTINUOUS
10
2.1859102362204723
20
-1.8545327165354331
11
2.1860618503937008
21
-1.8541798818897637
0
LINE
8
BLACK
6
CONTINUOUS
10
2.1860618503937008
20
-1.8541798818897637
11
2.1866936220472439
21
-1.8537695669291339
0
LINE
8
BLACK
6
CONTINUOUS
10
2.1866936220472439
20
-1.8537695669291339
11
2.1866938188976377
21
-1.8537696062992126
0
LINE
8
BLACK
6
CONTINUOUS
10
2.0734433464566928
20
-2.3931156692913387
11
2.6106542913385824
21
-2.5073034251968505
0
LINE
8
BLACK
6
CONTINUOUS
10
2.6106542913385824
20
-2.5073034251968505
11
2.7248420472440946
21
-1.9700924409448819
0
LINE
8
BLACK
6
CONTINUOUS
10
2.7248420472440946
20
-1.9700924409448819
11
2.1876310629921258
21
-1.8559047244094489
0
LINE
8
BLACK
6
CONTINUOUS
10
2.1876310629921258
20
-1.8559047244094489
11
2.0734433464566928
21
-2.3931156692913387
0
LINE
8
BLACK
6
CONTINUOUS
10
12.4219170866141724
20
-1.6978358661417323
11
12.4225488976377942
21
-1.6982461417322834
0
LINE
8
BLACK
6
CONTINUOUS
10
12.4225488976377942
20
-1.6982461417322834
11
12.4225488976377942
21
-1.6982462992125984
0
LINE
8
BLACK
6
CONTINUOUS
10
12.4225488976377942
20
-1.6982462992125984
11
12.422700472440944
21
-1.6985989763779528
0
LINE
8
BLACK
6
CONTINUOUS
10
12.422700472440944
20
-1.6985989763779528
11
12.5372974803149599
21
-2.2377354724409448
0
LINE
8
BLACK
6
CONTINUOUS
10
12.5372974803149599
20
-2.2377354724409448
11
12.537302440944881
21
-2.2381192125984253
0
LINE
8
BLACK
6
CONTINUOUS
10
12.537302440944881
20
-2.2381192125984253
11
12.5373025196850385
21
-2.2381194488188978
0
LINE
8
BLACK
6
CONTINUOUS
10
12.5373025196850385
20
-2.2381194488188978
11
12.5370569685039364
21
-2.2384975590551179
0
LINE
8
BLACK
6
CONTINUOUS
10
12.5370569685039364
20
-2.2384975590551179
11
12.5368922047244098
21
-2.2387512598425197
0
LINE
8
BLACK
6
CONTINUOUS
10
12.5368922047244098
20
-2.2387512598425197
11
12.536892007874016
21
-2.2387512598425197
0
LINE
8
BLACK
6
CONTINUOUS
10
12.536892007874016
20
-2.2387512598425197
11
12.5365393700787404
21
-2.2389028346456694
0
LINE
8
BLACK
6
CONTINUOUS
10
12.5365393700787404
20
-2.2389028346456694
11
11.9974029133858267
21
-2.3534998425196849
0
LINE
8
BLACK
6
CONTINUOUS
10
11.9974029133858267
20
-2.3534998425196849
11
11.9970190944881878
21
-2.3535048031496064
0
LINE
8
BLACK
6
CONTINUOUS
10
11.9970190944881878
20
-2.3535048031496064
11
11.9970188976377958
21
-2.3535048818897639
0
LINE
8
BLACK
6
CONTINUOUS
10
11.9970188976377958
20
-2.3535048818897639
11
11.9963871259842509
21
-2.3530945669291339
0
LINE
8
BLACK
6
CONTINUOUS
10
11.9963871259842509
20
-2.3530945669291339
11
11.9962355118110242
21
-2.3527417322834645
0
LINE
8
BLACK
6
CONTINUOUS
10
11.9962355118110242
20
-2.3527417322834645
11
11.8816385039370083
21
-1.8136052755905512
0
LINE
8
BLACK
6
CONTINUOUS
10
11.8816385039370083
20
-1.8136052755905512
11
11.8816335039370085
21
-1.8132212598425197
0
LINE
8
BLACK
6
CONTINUOUS
10
11.8816335039370085
20
-1.8132212598425197
11
11.8820437795275584
21
-1.8125894881889764
0
LINE
8
BLACK
6
CONTINUOUS
10
11.8820437795275584
20
-1.8125894881889764
11
11.8823966141732278
21
-1.8124378740157481
0
LINE
8
BLACK
6
CONTINUOUS
10
11.8823966141732278
20
-1.8124378740157481
11
12.4215331102362203
21
-1.6978408661417324
0
LINE
8
BLACK
6
CONTINUOUS
10
12.4215331102362203
20
-1.6978408661417324
11
12.4219170866141724
21
-1.6978358661417323
0
LINE
8
BLACK
6
CONTINUOUS
10
11.8837686220472438
20
-1.8141587401574804
11
11.9979563385826768
21
-2.3513696850393702
0
LINE
8
BLACK
6
CONTINUOUS
10
11.9979563385826768
20
-2.3513696850393702
11
12.5351673228346456
21
-2.2371819685039371
0
LINE
8
BLACK
6
CONTINUOUS
10
12.5351673228346456
20
-2.2371819685039371
11
12.4209795669291339
21
-1.6999709842519686
0
LINE
8
BLACK
6
CONTINUOUS
10
12.4209795669291339
20
-1.6999709842519686
11
11.8837686220472438
21
-1.8141587401574804
0
LINE
8
BLACK
6
CONTINUOUS
10
1.4530831102362205
20
-1.6978358661417323
11
1.4534669291338582
21
-1.6978408661417324
0
LINE
8
BLACK
6
CONTINUOUS
10
1.4534669291338582
20
-1.6978408661417324
11
1.9926033858267715
21
-1.8124378740157481
0
LINE
8
BLACK
6
CONTINUOUS
10
1.9926033858267715
20
-1.8124378740157481
11
1.9929560236220472
21
-1.8125894094488189
0
LINE
8
BLACK
6
CONTINUOUS
10
1.9929560236220472
20
-1.8125894094488189
11
1.9929562204724409
21
-1.8125894488188976
0
LINE
8
BLACK
6
CONTINUOUS
10
1.9929562204724409
20
-1.8125894488188976
11
1.9931177559055118
21
-1.8128381889763778
0
LINE
8
BLACK
6
CONTINUOUS
10
1.9931177559055118
20
-1.8128381889763778
11
1.9933665354330707
21
-1.8132212598425197
0
LINE
8
BLACK
6
CONTINUOUS
10
1.9933665354330707
20
-1.8132212598425197
11
1.9933664566929132
21
-1.8132214566929132
0
LINE
8
BLACK
6
CONTINUOUS
10
1.9933664566929132
20
-1.8132214566929132
11
1.9933614960629922
21
-1.8136052362204724
0
LINE
8
BLACK
6
CONTINUOUS
10
1.9933614960629922
20
-1.8136052362204724
11
1.8787644881889762
21
-2.3527417322834645
0
LINE
8
BLACK
6
CONTINUOUS
10
1.8787644881889762
20
-2.3527417322834645
11
1.8786129133858267
21
-2.3530943700787401
0
LINE
8
BLACK
6
CONTINUOUS
10
1.8786129133858267
20
-2.3530943700787401
11
1.8786129133858267
21
-2.3530945669291339
0
LINE
8
BLACK
6
CONTINUOUS
10
1.8786129133858267
20
-2.3530945669291339
11
1.8779811023622046
21
-2.3535048425196852
0
LINE
8
BLACK
6
CONTINUOUS
10
1.8779811023622046
20
-2.3535048425196852
11
1.8775971259842519
21
-2.3534998425196849
0
LINE
8
BLACK
6
CONTINUOUS
10
1.8775971259842519
20
-2.3534998425196849
11
1.3384606299212598
21
-2.2389028346456694
0
LINE
8
BLACK
6
CONTINUOUS
10
1.3384606299212598
20
-2.2389028346456694
11
1.3381077952755904
21
-2.2387512204724409
0
LINE
8
BLACK
6
CONTINUOUS
10
1.3381077952755904
20
-2.2387512204724409
11
1.3376975196850394
21
-2.2381194488188978
0
LINE
8
BLACK
6
CONTINUOUS
10
1.3376975196850394
20
-2.2381194488188978
11
1.3377025196850394
21
-2.2377354330708661
0
LINE
8
BLACK
6
CONTINUOUS
10
1.3377025196850394
20
-2.2377354330708661
11
1.4522995275590551
21
-1.6985989763779528
0
LINE
8
BLACK
6
CONTINUOUS
10
1.4522995275590551
20
-1.6985989763779528
11
1.4524511417322834
21
-1.6982461417322834
0
LINE
8
BLACK
6
CONTINUOUS
10
1.4524511417322834
20
-1.6982461417322834
11
1.4530829133858267
21
-1.6978358267716536
0
LINE
8
BLACK
6
CONTINUOUS
10
1.4530829133858267
20
-1.6978358267716536
11
1.4530831102362205
21
-1.6978358661417323
0
LINE
8
BLACK
6
CONTINUOUS
10
1.3398326377952756
20
-2.2371819291338584
11
1.8770435826771652
21
-2.3513696850393702
0
LINE
8
BLACK
6
CONTINUOUS
10
1.8770435826771652
20
-2.3513696850393702
11
1.9912313385826772
21
-1.8141587007874016
0
LINE
8
BLACK
6
CONTINUOUS
10
1.9912313385826772
20
-1.8141587007874016
11
1.4540203543307086
21
-1.6999709842519686
0
LINE
8
BLACK
6
CONTINUOUS
10
1.4540203543307086
20
-1.6999709842519686
11
1.3398326377952756
21
-2.2371819291338584
0
LINE
8
BLACK
6
CONTINUOUS
10
4.7499465354330708
20
-1.5597980708661416
11
5.2797757874015749
21
-1.7117241732283464
0
LINE
8
BLACK
6
CONTINUOUS
10
5.2797757874015749
20
-1.7117241732283464
11
5.2801172047244096
21
-1.7119000393700787
0
LINE
8
BLACK
6
CONTINUOUS
10
5.2801172047244096
20
-1.7119000393700787
11
5.2804824015748029
21
-1.7125588976377952
0
LINE
8
BLACK
6
CONTINUOUS
10
5.2804824015748029
20
-1.7125588976377952
11
5.2804505905511814
21
-1.7129416141732283
0
LINE
8
BLACK
6
CONTINUOUS
10
5.2804505905511814
20
-1.7129416141732283
11
5.1285245275590547
21
-2.2427708661417323
0
LINE
8
BLACK
6
CONTINUOUS
10
5.1285245275590547
20
-2.2427708661417323
11
5.1283486614173226
21
-2.2431122834645669
0
LINE
8
BLACK
6
CONTINUOUS
10
5.1283486614173226
20
-2.2431122834645669
11
5.1276898031496065
21
-2.2434774803149606
0
LINE
8
BLACK
6
CONTINUOUS
10
5.1276898031496065
20
-2.2434774803149606
11
5.1273070866141728
21
-2.2434456692913387
0
LINE
8
BLACK
6
CONTINUOUS
10
5.1273070866141728
20
-2.2434456692913387
11
4.5974778346456695
21
-2.0915196062992125
0
LINE
8
BLACK
6
CONTINUOUS
10
4.5974778346456695
20
-2.0915196062992125
11
4.5971364173228348
21
-2.0913437401574804
0
LINE
8
BLACK
6
CONTINUOUS
10
4.5971364173228348
20
-2.0913437401574804
11
4.5967712204724407
21
-2.0906848818897639
0
LINE
8
BLACK
6
CONTINUOUS
10
4.5967712204724407
20
-2.0906848818897639
11
4.5968029921259843
21
-2.0903021653543306
0
LINE
8
BLACK
6
CONTINUOUS
10
4.5968029921259843
20
-2.0903021653543306
11
4.7487290944881888
21
-1.5604729133858268
0
LINE
8
BLACK
6
CONTINUOUS
10
4.7487290944881888
20
-1.5604729133858268
11
4.748904960629921
21
-1.5601314960629922
0
LINE
8
BLACK
6
CONTINUOUS
10
4.748904960629921
20
-1.5601314960629922
11
4.7495638188976379
21
-1.5597662992125985
0
LINE
8
BLACK
6
CONTINUOUS
10
4.7495638188976379
20
-1.5597662992125985
11
4.7499465354330708
21
-1.5597980708661416
0
LINE
8
BLACK
6
CONTINUOUS
10
4.5989665748031499
20
-2.0898986220472442
11
5.1269035433070869
21
-2.2412820866141732
0
LINE
8
BLACK
6
CONTINUOUS
10
5.1269035433070869
20
-2.2412820866141732
11
5.2782870472440946
21
-1.7133450787401574
0
LINE
8
BLACK
6
CONTINUOUS
10
5.2782870472440946
20
-1.7133450787401574
11
4.7503500393700788
21
-1.5619616141732282
0
LINE
8
BLACK
6
CONTINUOUS
10
4.7503500393700788
20
-1.5619616141732282
11
4.5989665748031499
21
-2.0898986220472442
0
LINE
8
BLACK
6
CONTINUOUS
10
9.1260950393700782
20
-1.5601314960629922
11
9.1262709055118112
21
-1.5604729133858268
0
LINE
8
BLACK
6
CONTINUOUS
10
9.1262709055118112
20
-1.5604729133858268
11
9.278196968503936
21
-2.0903021653543306
0
LINE
8
BLACK
6
CONTINUOUS
10
9.278196968503936
20
-2.0903021653543306
11
9.2782287795275593
21
-2.0906848818897639
0
LINE
8
BLACK
6
CONTINUOUS
10
9.2782287795275593
20
-2.0906848818897639
11
9.2778635826771652
21
-2.0913437401574804
0
LINE
8
BLACK
6
CONTINUOUS
10
9.2778635826771652
20
-2.0913437401574804
11
9.2775221653543305
21
-2.0915196062992125
0
LINE
8
BLACK
6
CONTINUOUS
10
9.2775221653543305
20
-2.0915196062992125
11
8.7476929133858263
21
-2.2434457086614175
0
LINE
8
BLACK
6
CONTINUOUS
10
8.7476929133858263
20
-2.2434457086614175
11
8.7473101968503943
21
-2.2434774803149606
0
LINE
8
BLACK
6
CONTINUOUS
10
8.7473101968503943
20
-2.2434774803149606
11
8.7466513385826765
21
-2.2431122834645669
0
LINE
8
BLACK
6
CONTINUOUS
10
8.7466513385826765
20
-2.2431122834645669
11
8.7464754724409453
21
-2.2427708661417323
0
LINE
8
BLACK
6
CONTINUOUS
10
8.7464754724409453
20
-2.2427708661417323
11
8.5945493700787399
21
-1.7129416141732283
0
LINE
8
BLACK
6
CONTINUOUS
10
8.5945493700787399
20
-1.7129416141732283
11
8.5945175984251971
21
-1.7125588976377952
0
LINE
8
BLACK
6
CONTINUOUS
10
8.5945175984251971
20
-1.7125588976377952
11
8.5948827952755895
21
-1.7119000393700787
0
LINE
8
BLACK
6
CONTINUOUS
10
8.5948827952755895
20
-1.7119000393700787
11
8.5952242125984242
21
-1.7117241732283464
0
LINE
8
BLACK
6
CONTINUOUS
10
8.5952242125984242
20
-1.7117241732283464
11
9.1250534645669283
21
-1.5597981102362204
0
LINE
8
BLACK
6
CONTINUOUS
10
9.1250534645669283
20
-1.5597981102362204
11
9.1254361811023621
21
-1.5597662992125985
0
LINE
8
BLACK
6
CONTINUOUS
10
9.1254361811023621
20
-1.5597662992125985
11
9.1260950393700782
21
-1.5601314960629922
0
LINE
8
BLACK
6
CONTINUOUS
10
8.5967129527559045
20
-1.7133451181102362
11
8.7480964173228344
21
-2.2412821259842519
0
LINE
8
BLACK
6
CONTINUOUS
10
8.7480964173228344
20
-2.2412821259842519
11
9.2760334251968501
21
-2.0898986614173229
0
LINE
8
BLACK
6
CONTINUOUS
10
9.2760334251968501
20
-2.0898986614173229
11
9.1246499212598415
21
-1.561961653543307
0
LINE
8
BLACK
6
CONTINUOUS
10
9.1246499212598415
20
-1.561961653543307
11
8.5967129527559045
21
-1.7133451181102362
0
LINE
8
BLACK
6
CONTINUOUS
10
4.0806822834645669
20
-1.1728335433070867
11
4.610511535433071
21
-1.3247596456692914
0
LINE
8
BLACK
6
CONTINUOUS
10
4.610511535433071
20
-1.3247596456692914
11
4.6108529527559057
21
-1.3249355118110235
0
LINE
8
BLACK
6
CONTINUOUS
10
4.6108529527559057
20
-1.3249355118110235
11
4.6112181496062989
21
-1.32559437007874
0
LINE
8
BLACK
6
CONTINUOUS
10
4.6112181496062989
20
-1.32559437007874
11
4.6111863385826775
21
-1.3259770866141731
0
LINE
8
BLACK
6
CONTINUOUS
10
4.6111863385826775
20
-1.3259770866141731
11
4.4592602755905508
21
-1.8558063385826771
0
LINE
8
BLACK
6
CONTINUOUS
10
4.4592602755905508
20
-1.8558063385826771
11
4.4590844094488187
21
-1.8561477559055117
0
LINE
8
BLACK
6
CONTINUOUS
10
4.4590844094488187
20
-1.8561477559055117
11
4.4584255511811026
21
-1.8565129527559054
0
LINE
8
BLACK
6
CONTINUOUS
10
4.4584255511811026
20
-1.8565129527559054
11
4.4580428346456689
21
-1.8564811417322835
0
LINE
8
BLACK
6
CONTINUOUS
10
4.4580428346456689
20
-1.8564811417322835
11
3.9282135826771651
21
-1.7045550787401575
0
LINE
8
BLACK
6
CONTINUOUS
10
3.9282135826771651
20
-1.7045550787401575
11
3.9278721653543305
21
-1.7043792125984252
0
LINE
8
BLACK
6
CONTINUOUS
10
3.9278721653543305
20
-1.7043792125984252
11
3.9275069685039368
21
-1.7037203543307087
0
LINE
8
BLACK
6
CONTINUOUS
10
3.9275069685039368
20
-1.7037203543307087
11
3.9275387401574804
21
-1.7033376377952756
0
LINE
8
BLACK
6
CONTINUOUS
10
3.9275387401574804
20
-1.7033376377952756
11
4.0794648425196849
21
-1.1735083858267716
0
LINE
8
BLACK
6
CONTINUOUS
10
4.0794648425196849
20
-1.1735083858267716
11
4.079640708661417
21
-1.173166968503937
0
LINE
8
BLACK
6
CONTINUOUS
10
4.079640708661417
20
-1.173166968503937
11
4.080299566929134
21
-1.1728017716535433
0
LINE
8
BLACK
6
CONTINUOUS
10
4.080299566929134
20
-1.1728017716535433
11
4.0806822834645669
21
-1.1728335433070867
0
LINE
8
BLACK
6
CONTINUOUS
10
3.9297023228346455
20
-1.702934094488189
11
4.4576392913385829
21
-1.854317559055118
0
LINE
8
BLACK
6
CONTINUOUS
10
4.4576392913385829
20
-1.854317559055118
11
4.6090227952755907
21
-1.3263805511811024
0
LINE
8
BLACK
6
CONTINUOUS
10
4.6090227952755907
20
-1.3263805511811024
11
4.0810857874015749
21
-1.1749970866141732
0
LINE
8
BLACK
6
CONTINUOUS
10
4.0810857874015749
20
-1.1749970866141732
11
3.9297023228346455
21
-1.702934094488189
0
LINE
8
BLACK
6
CONTINUOUS
10
9.795359291338583
20
-1.173166968503937
11
9.7955351574803142
21
-1.1735083858267716
0
LINE
8
BLACK
6
CONTINUOUS
10
9.7955351574803142
20
-1.1735083858267716
11
9.9474612204724409
21
-1.7033376377952756
0
LINE
8
BLACK
6
CONTINUOUS
10
9.9474612204724409
20
-1.7033376377952756
11
9.9474930314960623
21
-1.7037203543307087
0
LINE
8
BLACK
6
CONTINUOUS
10
9.9474930314960623
20
-1.7037203543307087
11
9.9471278346456682
21
-1.7043792125984252
0
LINE
8
BLACK
6
CONTINUOUS
10
9.9471278346456682
20
-1.7043792125984252
11
9.9467864173228353
21
-1.7045550787401575
0
LINE
8
BLACK
6
CONTINUOUS
10
9.9467864173228353
20
-1.7045550787401575
11
9.4169571653543311
21
-1.8564811811023623
0
LINE
8
BLACK
6
CONTINUOUS
10
9.4169571653543311
20
-1.8564811811023623
11
9.4165744488188974
21
-1.8565129527559054
0
LINE
8
BLACK
6
CONTINUOUS
10
9.4165744488188974
20
-1.8565129527559054
11
9.4159155905511813
21
-1.8561477559055117
0
LINE
8
BLACK
6
CONTINUOUS
10
9.4159155905511813
20
-1.8561477559055117
11
9.4157397244094483
21
-1.8558063385826771
0
LINE
8
BLACK
6
CONTINUOUS
10
9.4157397244094483
20
-1.8558063385826771
11
9.2638136220472447
21
-1.3259770866141731
0
LINE
8
BLACK
6
CONTINUOUS
10
9.2638136220472447
20
-1.3259770866141731
11
9.2637818503937002
21
-1.32559437007874
0
LINE
8
BLACK
6
CONTINUOUS
10
9.2637818503937002
20
-1.32559437007874
11
9.2641470472440943
21
-1.3249355118110235
0
LINE
8
BLACK
6
CONTINUOUS
10
9.2641470472440943
20
-1.3249355118110235
11
9.264488464566929
21
-1.3247596456692914
0
LINE
8
BLACK
6
CONTINUOUS
10
9.264488464566929
20
-1.3247596456692914
11
9.7943177165354331
21
-1.1728335826771654
0
LINE
8
BLACK
6
CONTINUOUS
10
9.7943177165354331
20
-1.1728335826771654
11
9.7947004330708651
21
-1.1728017716535433
0
LINE
8
BLACK
6
CONTINUOUS
10
9.7947004330708651
20
-1.1728017716535433
11
9.795359291338583
21
-1.173166968503937
0
LINE
8
BLACK
6
CONTINUOUS
10
9.2659772047244093
20
-1.3263805905511812
11
9.4173606692913392
21
-1.8543175984251967
0
LINE
8
BLACK
6
CONTINUOUS
10
9.4173606692913392
20
-1.8543175984251967
11
9.945297677165355
21
-1.7029341338582678
0
LINE
8
BLACK
6
CONTINUOUS
10
9.945297677165355
20
-1.7029341338582678
11
9.7939141732283463
21
-1.174997125984252
0
LINE
8
BLACK
6
CONTINUOUS
10
9.7939141732283463
20
-1.174997125984252
11
9.2659772047244093
21
-1.3263805905511812
0
LINE
8
BLACK
6
CONTINUOUS
10
3.3080539763779528
20
-1.1463420866141731
11
3.8378832283464566
21
-1.2982681889763779
0
LINE
8
BLACK
6
CONTINUOUS
10
3.8378832283464566
20
-1.2982681889763779
11
3.8382246456692912
21
-1.2984440551181102
0
LINE
8
BLACK
6
CONTINUOUS
10
3.8382246456692912
20
-1.2984440551181102
11
3.8385898425196849
21
-1.2991029133858267
0
LINE
8
BLACK
6
CONTINUOUS
10
3.8385898425196849
20
-1.2991029133858267
11
3.838558031496063
21
-1.2994856299212598
0
LINE
8
BLACK
6
CONTINUOUS
10
3.838558031496063
20
-1.2994856299212598
11
3.6866319685039368
21
-1.8293148818897638
0
LINE
8
BLACK
6
CONTINUOUS
10
3.6866319685039368
20
-1.8293148818897638
11
3.6864561023622047
21
-1.8296562992125984
0
LINE
8
BLACK
6
CONTINUOUS
10
3.6864561023622047
20
-1.8296562992125984
11
3.6857972440944882
21
-1.8300214960629921
0
LINE
8
BLACK
6
CONTINUOUS
10
3.6857972440944882
20
-1.8300214960629921
11
3.6854145275590549
21
-1.82998968503937
0
LINE
8
BLACK
6
CONTINUOUS
10
3.6854145275590549
20
-1.82998968503937
11
3.1555852755905511
21
-1.678063622047244
0
LINE
8
BLACK
6
CONTINUOUS
10
3.1555852755905511
20
-1.678063622047244
11
3.1552438582677165
21
-1.6778877559055119
0
LINE
8
BLACK
6
CONTINUOUS
10
3.1552438582677165
20
-1.6778877559055119
11
3.1548786614173228
21
-1.6772288976377951
0
LINE
8
BLACK
6
CONTINUOUS
10
3.1548786614173228
20
-1.6772288976377951
11
3.1549104330708659
21
-1.6768461811023623
0
LINE
8
BLACK
6
CONTINUOUS
10
3.1549104330708659
20
-1.6768461811023623
11
3.3068365354330709
21
-1.1470169291338583
0
LINE
8
BLACK
6
CONTINUOUS
10
3.3068365354330709
20
-1.1470169291338583
11
3.307012401574803
21
-1.1466755118110237
0
LINE
8
BLACK
6
CONTINUOUS
10
3.307012401574803
20
-1.1466755118110237
11
3.3076712598425195
21
-1.14631031496063
0
LINE
8
BLACK
6
CONTINUOUS
10
3.3076712598425195
20
-1.14631031496063
11
3.3080539763779528
21
-1.1463420866141731
0
LINE
8
BLACK
6
CONTINUOUS
10
3.1570740157480315
20
-1.6764426377952755
11
3.6850109842519685
21
-1.8278261023622047
0
LINE
8
BLACK
6
CONTINUOUS
10
3.6850109842519685
20
-1.8278261023622047
11
3.8363944881889762
21
-1.2998890944881889
0
LINE
8
BLACK
6
CONTINUOUS
10
3.8363944881889762
20
-1.2998890944881889
11
3.3084574803149605
21
-1.1485056299212597
0
LINE
8
BLACK
6
CONTINUOUS
10
3.3084574803149605
20
-1.1485056299212597
11
3.1570740157480315
21
-1.6764426377952755
0
LINE
8
BLACK
6
CONTINUOUS
10
10.5679875984251961
20
-1.1466755118110237
11
10.5681634645669291
21
-1.1470169291338583
0
LINE
8
BLACK
6
CONTINUOUS
10
10.5681634645669291
20
-1.1470169291338583
11
10.7200895275590558
21
-1.6768461811023623
0
LINE
8
BLACK
6
CONTINUOUS
10
10.7200895275590558
20
-1.6768461811023623
11
10.7201213385826772
21
-1.6772288976377951
0
LINE
8
BLACK
6
CONTINUOUS
10
10.7201213385826772
20
-1.6772288976377951
11
10.7197561417322831
21
-1.6778877559055119
0
LINE
8
BLACK
6
CONTINUOUS
10
10.7197561417322831
20
-1.6778877559055119
11
10.7194147244094484
21
-1.678063622047244
0
LINE
8
BLACK
6
CONTINUOUS
10
10.7194147244094484
20
-1.678063622047244
11
10.1895854724409443
21
-1.8299897244094487
0
LINE
8
BLACK
6
CONTINUOUS
10
10.1895854724409443
20
-1.8299897244094487
11
10.1892027559055123
21
-1.8300214960629921
0
LINE
8
BLACK
6
CONTINUOUS
10
10.1892027559055123
20
-1.8300214960629921
11
10.1885438976377944
21
-1.8296562992125984
0
LINE
8
BLACK
6
CONTINUOUS
10
10.1885438976377944
20
-1.8296562992125984
11
10.1883680314960632
21
-1.8293148818897638
0
LINE
8
BLACK
6
CONTINUOUS
10
10.1883680314960632
20
-1.8293148818897638
11
10.0364419291338578
21
-1.2994856299212598
0
LINE
8
BLACK
6
CONTINUOUS
10
10.0364419291338578
20
-1.2994856299212598
11
10.0364101574803151
21
-1.2991029133858267
0
LINE
8
BLACK
6
CONTINUOUS
10
10.0364101574803151
20
-1.2991029133858267
11
10.0367753543307092
21
-1.2984440551181102
0
LINE
8
BLACK
6
CONTINUOUS
10
10.0367753543307092
20
-1.2984440551181102
11
10.0371167716535439
21
-1.2982681889763779
0
LINE
8
BLACK
6
CONTINUOUS
10
10.0371167716535439
20
-1.2982681889763779
11
10.5669460236220463
21
-1.1463421259842519
0
LINE
8
BLACK
6
CONTINUOUS
10
10.5669460236220463
20
-1.1463421259842519
11
10.56732874015748
21
-1.14631031496063
0
LINE
8
BLACK
6
CONTINUOUS
10
10.56732874015748
20
-1.14631031496063
11
10.5679875984251961
21
-1.1466755118110237
0
LINE
8
BLACK
6
CONTINUOUS
10
10.0386055118110242
20
-1.2998891338582677
11
10.1899889763779523
21
-1.8278261417322834
0
LINE
8
BLACK
6
CONTINUOUS
10
10.1899889763779523
20
-1.8278261417322834
11
10.7179259842519681
21
-1.6764426771653542
0
LINE
8
BLACK
6
CONTINUOUS
10
10.7179259842519681
20
-1.6764426771653542
11
10.5665424803149612
21
-1.1485056692913385
0
LINE
8
BLACK
6
CONTINUOUS
10
10.5665424803149612
20
-1.1485056692913385
11
10.0386055118110242
21
-1.2998891338582677
0
LINE
8
BLACK
6
CONTINUOUS
10
11.5323726377952749
20
-1.1201589370078739
11
11.5330044488188967
21
-1.1205692125984252
0
LINE
8
BLACK
6
CONTINUOUS
10
11.5330044488188967
20
-1.1205692125984252
11
11.5330044488188967
21
-1.12056937007874
0
LINE
8
BLACK
6
CONTINUOUS
10
11.5330044488188967
20
-1.12056937007874
11
11.5331560236220465
21
-1.1209220472440944
0
LINE
8
BLACK
6
CONTINUOUS
10
11.5331560236220465
20
-1.1209220472440944
11
11.6477530314960624
21
-1.6600585433070867
0
LINE
8
BLACK
6
CONTINUOUS
10
11.6477530314960624
20
-1.6600585433070867
11
11.6477579921259835
21
-1.6604422834645669
0
LINE
8
BLACK
6
CONTINUOUS
10
11.6477579921259835
20
-1.6604422834645669
11
11.647758070866141
21
-1.6604425196850394
0
LINE
8
BLACK
6
CONTINUOUS
10
11.647758070866141
20
-1.6604425196850394
11
11.6475125196850389
21
-1.6608206299212598
0
LINE
8
BLACK
6
CONTINUOUS
10
11.6475125196850389
20
-1.6608206299212598
11
11.6473477559055123
21
-1.6610743307086613
0
LINE
8
BLACK
6
CONTINUOUS
10
11.6473477559055123
20
-1.6610743307086613
11
11.6473475590551185
21
-1.6610743307086613
0
LINE
8
BLACK
6
CONTINUOUS
10
11.6473475590551185
20
-1.6610743307086613
11
11.6469949212598429
21
-1.661225905511811
0
LINE
8
BLACK
6
CONTINUOUS
10
11.6469949212598429
20
-1.661225905511811
11
11.1078584645669292
21
-1.7758229133858268
0
LINE
8
BLACK
6
CONTINUOUS
10
11.1078584645669292
20
-1.7758229133858268
11
11.1074746456692903
21
-1.775827874015748
0
LINE
8
BLACK
6
CONTINUOUS
10
11.1074746456692903
20
-1.775827874015748
11
11.1074744488188966
21
-1.7758279527559055
0
LINE
8
BLACK
6
CONTINUOUS
10
11.1074744488188966
20
-1.7758279527559055
11
11.1068426771653535
21
-1.7754176377952755
0
LINE
8
BLACK
6
CONTINUOUS
10
11.1068426771653535
20
-1.7754176377952755
11
11.1066910629921249
21
-1.7750648031496064
0
LINE
8
BLACK
6
CONTINUOUS
10
11.1066910629921249
20
-1.7750648031496064
11
10.9920940551181108
21
-1.2359283464566928
0
LINE
8
BLACK
6
CONTINUOUS
10
10.9920940551181108
20
-1.2359283464566928
11
10.9920890551181092
21
-1.2355443307086613
0
LINE
8
BLACK
6
CONTINUOUS
10
10.9920890551181092
20
-1.2355443307086613
11
10.9924993307086609
21
-1.234912559055118
0
LINE
8
BLACK
6
CONTINUOUS
10
10.9924993307086609
20
-1.234912559055118
11
10.9928521653543303
21
-1.2347609448818897
0
LINE
8
BLACK
6
CONTINUOUS
10
10.9928521653543303
20
-1.2347609448818897
11
11.5319886614173228
21
-1.120163937007874
0
LINE
8
BLACK
6
CONTINUOUS
10
11.5319886614173228
20
-1.120163937007874
11
11.5323726377952749
21
-1.1201589370078739
0
LINE
8
BLACK
6
CONTINUOUS
10
10.9942241732283463
20
-1.236481811023622
11
11.1084118897637794
21
-1.7736927559055118
0
LINE
8
BLACK
6
CONTINUOUS
10
11.1084118897637794
20
-1.7736927559055118
11
11.6456228740157481
21
-1.6595050393700788
0
LINE
8
BLACK
6
CONTINUOUS
10
11.6456228740157481
20
-1.6595050393700788
11
11.5314351181102364
21
-1.1222940551181102
0
LINE
8
BLACK
6
CONTINUOUS
10
11.5314351181102364
20
-1.1222940551181102
11
10.9942241732283463
21
-1.236481811023622
0
LINE
8
BLACK
6
CONTINUOUS
10
2.342627559055118
20
-1.1201589370078739
11
2.3430113779527559
21
-1.120163937007874
0
LINE
8
BLACK
6
CONTINUOUS
10
2.3430113779527559
20
-1.120163937007874
11
2.8821478346456693
21
-1.2347609448818897
0
LINE
8
BLACK
6
CONTINUOUS
10
2.8821478346456693
20
-1.2347609448818897
11
2.8825004724409449
21
-1.2349124803149607
0
LINE
8
BLACK
6
CONTINUOUS
10
2.8825004724409449
20
-1.2349124803149607
11
2.8825006692913386
21
-1.2349125196850392
0
LINE
8
BLACK
6
CONTINUOUS
10
2.8825006692913386
20
-1.2349125196850392
11
2.8826622047244093
21
-1.2351612598425197
0
LINE
8
BLACK
6
CONTINUOUS
10
2.8826622047244093
20
-1.2351612598425197
11
2.8829109842519682
21
-1.2355443307086613
0
LINE
8
BLACK
6
CONTINUOUS
10
2.8829109842519682
20
-1.2355443307086613
11
2.8829109055118112
21
-1.2355445275590551
0
LINE
8
BLACK
6
CONTINUOUS
10
2.8829109055118112
20
-1.2355445275590551
11
2.8829059448818897
21
-1.2359283070866141
0
LINE
8
BLACK
6
CONTINUOUS
10
2.8829059448818897
20
-1.2359283070866141
11
2.7683089370078742
21
-1.7750648031496064
0
LINE
8
BLACK
6
CONTINUOUS
10
2.7683089370078742
20
-1.7750648031496064
11
2.7681573622047244
21
-1.7754174409448817
0
LINE
8
BLACK
6
CONTINUOUS
10
2.7681573622047244
20
-1.7754174409448817
11
2.7681573622047244
21
-1.7754176377952755
0
LINE
8
BLACK
6
CONTINUOUS
10
2.7681573622047244
20
-1.7754176377952755
11
2.7675255511811021
21
-1.7758279133858268
0
LINE
8
BLACK
6
CONTINUOUS
10
2.7675255511811021
20
-1.7758279133858268
11
2.7671415748031496
21
-1.7758229133858268
0
LINE
8
BLACK
6
CONTINUOUS
10
2.7671415748031496
20
-1.7758229133858268
11
2.2280050787401575
21
-1.661225905511811
0
LINE
8
BLACK
6
CONTINUOUS
10
2.2280050787401575
20
-1.661225905511811
11
2.2276522440944881
21
-1.6610742913385825
0
LINE
8
BLACK
6
CONTINUOUS
10
2.2276522440944881
20
-1.6610742913385825
11
2.2272419685039369
21
-1.6604425196850394
0
LINE
8
BLACK
6
CONTINUOUS
10
2.2272419685039369
20
-1.6604425196850394
11
2.2272469685039371
21
-1.6600585039370079
0
LINE
8
BLACK
6
CONTINUOUS
10
2.2272469685039371
20
-1.6600585039370079
11
2.3418439763779526
21
-1.1209220472440944
0
LINE
8
BLACK
6
CONTINUOUS
10
2.3418439763779526
20
-1.1209220472440944
11
2.3419955905511811
21
-1.1205692125984252
0
LINE
8
BLACK
6
CONTINUOUS
10
2.3419955905511811
20
-1.1205692125984252
11
2.3426273622047242
21
-1.1201588976377952
0
LINE
8
BLACK
6
CONTINUOUS
10
2.3426273622047242
20
-1.1201588976377952
11
2.342627559055118
21
-1.1201589370078739
0
LINE
8
BLACK
6
CONTINUOUS
10
2.2293770866141731
20
-1.659505
11
2.7665880314960631
21
-1.7736927559055118
0
LINE
8
BLACK
6
CONTINUOUS
10
2.7665880314960631
20
-1.7736927559055118
11
2.8807757874015749
21
-1.2364817716535432
0
LINE
8
BLACK
6
CONTINUOUS
10
2.8807757874015749
20
-1.2364817716535432
11
2.3435648031496061
21
-1.1222940551181102
0
LINE
8
BLACK
6
CONTINUOUS
10
2.3435648031496061
20
-1.1222940551181102
11
2.2293770866141731
21
-1.659505
0
LINE
8
BLACK
6
CONTINUOUS
10
12.2659833070866142
20
-0.9642251574803149
11
12.2666151181102361
21
-0.9646354330708661
0
LINE
8
BLACK
6
CONTINUOUS
10
12.2666151181102361
20
-0.9646354330708661
11
12.2666151181102361
21
-0.9646355905511811
0
LINE
8
BLACK
6
CONTINUOUS
10
12.2666151181102361
20
-0.9646355905511811
11
12.2667666929133858
21
-0.9649882677165355
0
LINE
8
BLACK
6
CONTINUOUS
10
12.2667666929133858
20
-0.9649882677165355
11
12.3813637007874018
21
-1.5041247637795274
0
LINE
8
BLACK
6
CONTINUOUS
10
12.3813637007874018
20
-1.5041247637795274
11
12.3813686614173228
21
-1.5045085039370079
0
LINE
8
BLACK
6
CONTINUOUS
10
12.3813686614173228
20
-1.5045085039370079
11
12.3813687401574803
21
-1.5045087401574804
0
LINE
8
BLACK
6
CONTINUOUS
10
12.3813687401574803
20
-1.5045087401574804
11
12.3811231889763782
21
-1.5048868503937007
0
LINE
8
BLACK
6
CONTINUOUS
10
12.3811231889763782
20
-1.5048868503937007
11
12.3809584251968499
21
-1.5051405511811022
0
LINE
8
BLACK
6
CONTINUOUS
10
12.3809584251968499
20
-1.5051405511811022
11
12.3809582283464561
21
-1.5051405511811022
0
LINE
8
BLACK
6
CONTINUOUS
10
12.3809582283464561
20
-1.5051405511811022
11
12.3806055905511805
21
-1.505292125984252
0
LINE
8
BLACK
6
CONTINUOUS
10
12.3806055905511805
20
-1.505292125984252
11
11.8414691338582667
21
-1.6198891338582677
0
LINE
8
BLACK
6
CONTINUOUS
10
11.8414691338582667
20
-1.6198891338582677
11
11.8410853149606297
21
-1.619894094488189
0
LINE
8
BLACK
6
CONTINUOUS
10
11.8410853149606297
20
-1.619894094488189
11
11.8410851181102359
21
-1.6198941732283465
0
LINE
8
BLACK
6
CONTINUOUS
10
11.8410851181102359
20
-1.6198941732283465
11
11.8404533464566928
21
-1.6194838582677165
0
LINE
8
BLACK
6
CONTINUOUS
10
11.8404533464566928
20
-1.6194838582677165
11
11.8403017322834643
21
-1.6191310236220473
0
LINE
8
BLACK
6
CONTINUOUS
10
11.8403017322834643
20
-1.6191310236220473
11
11.7257047244094483
21
-1.0799945669291338
0
LINE
8
BLACK
6
CONTINUOUS
10
11.7257047244094483
20
-1.0799945669291338
11
11.7256997244094485
21
-1.0796105511811023
0
LINE
8
BLACK
6
CONTINUOUS
10
11.7256997244094485
20
-1.0796105511811023
11
11.7261100000000003
21
-1.0789787795275589
0
LINE
8
BLACK
6
CONTINUOUS
10
11.7261100000000003
20
-1.0789787795275589
11
11.7264628346456696
21
-1.0788271653543307
0
LINE
8
BLACK
6
CONTINUOUS
10
11.7264628346456696
20
-1.0788271653543307
11
12.2655993307086604
21
-0.9642301574803149
0
LINE
8
BLACK
6
CONTINUOUS
10
12.2655993307086604
20
-0.9642301574803149
11
12.2659833070866142
21
-0.9642251574803149
0
LINE
8
BLACK
6
CONTINUOUS
10
11.7278348425196839
20
-1.0805480314960629
11
11.8420225590551187
21
-1.6177589763779527
0
LINE
8
BLACK
6
CONTINUOUS
10
11.8420225590551187
20
-1.6177589763779527
11
12.3792335433070857
21
-1.5035712598425197
0
LINE
8
BLACK
6
CONTINUOUS
10
12.3792335433070857
20
-1.5035712598425197
11
12.2650457874015739
21
-0.9663602755905512
0
LINE
8
BLACK
6
CONTINUOUS
10
12.2650457874015739
20
-0.9663602755905512
11
11.7278348425196839
21
-1.0805480314960629
0
LINE
8
BLACK
6
CONTINUOUS
10
1.6090168897637795
20
-0.9642251574803149
11
1.6094007086614173
21
-0.9642301574803149
0
LINE
8
BLACK
6
CONTINUOUS
10
1.6094007086614173
20
-0.9642301574803149
11
2.1485371653543308
21
-1.0788271653543307
0
LINE
8
BLACK
6
CONTINUOUS
10
2.1485371653543308
20
-1.0788271653543307
11
2.1488898031496064
21
-1.0789787007874017
0
LINE
8
BLACK
6
CONTINUOUS
10
2.1488898031496064
20
-1.0789787007874017
11
2.1488899999999997
21
-1.0789787401574802
0
LINE
8
BLACK
6
CONTINUOUS
10
2.1488899999999997
20
-1.0789787401574802
11
2.1490515354330708
21
-1.0792274803149606
0
LINE
8
BLACK
6
CONTINUOUS
10
2.1490515354330708
20
-1.0792274803149606
11
2.1493003149606298
21
-1.0796105511811023
0
LINE
8
BLACK
6
CONTINUOUS
10
2.1493003149606298
20
-1.0796105511811023
11
2.1493002362204723
21
-1.079610748031496
0
LINE
8
BLACK
6
CONTINUOUS
10
2.1493002362204723
20
-1.079610748031496
11
2.1492952755905512
21
-1.079994527559055
0
LINE
8
BLACK
6
CONTINUOUS
10
2.1492952755905512
20
-1.079994527559055
11
2.0346982677165353
21
-1.6191310236220473
0
LINE
8
BLACK
6
CONTINUOUS
10
2.0346982677165353
20
-1.6191310236220473
11
2.034546692913386
21
-1.6194836614173227
0
LINE
8
BLACK
6
CONTINUOUS
10
2.034546692913386
20
-1.6194836614173227
11
2.034546692913386
21
-1.6194838582677165
0
LINE
8
BLACK
6
CONTINUOUS
10
2.034546692913386
20
-1.6194838582677165
11
2.0339148818897637
21
-1.6198941338582677
0
LINE
8
BLACK
6
CONTINUOUS
10
2.0339148818897637
20
-1.6198941338582677
11
2.0335309055118111
21
-1.6198891338582677
0
LINE
8
BLACK
6
CONTINUOUS
10
2.0335309055118111
20
-1.6198891338582677
11
1.4943944094488189
21
-1.505292125984252
0
LINE
8
BLACK
6
CONTINUOUS
10
1.4943944094488189
20
-1.505292125984252
11
1.4940415748031495
21
-1.5051405118110235
0
LINE
8
BLACK
6
CONTINUOUS
10
1.4940415748031495
20
-1.5051405118110235
11
1.4936312992125984
21
-1.5045087401574804
0
LINE
8
BLACK
6
CONTINUOUS
10
1.4936312992125984
20
-1.5045087401574804
11
1.4936362992125984
21
-1.5041247244094489
0
LINE
8
BLACK
6
CONTINUOUS
10
1.4936362992125984
20
-1.5041247244094489
11
1.6082333070866142
21
-0.9649882677165355
0
LINE
8
BLACK
6
CONTINUOUS
10
1.6082333070866142
20
-0.9649882677165355
11
1.6083849212598424
21
-0.9646354330708661
0
LINE
8
BLACK
6
CONTINUOUS
10
1.6083849212598424
20
-0.9646354330708661
11
1.6090166929133858
21
-0.9642251181102361
0
LINE
8
BLACK
6
CONTINUOUS
10
1.6090166929133858
20
-0.9642251181102361
11
1.6090168897637795
21
-0.9642251574803149
0
LINE
8
BLACK
6
CONTINUOUS
10
1.4957664173228347
20
-1.503571220472441
11
2.0329773622047242
21
-1.6177589763779527
0
LINE
8
BLACK
6
CONTINUOUS
10
2.0329773622047242
20
-1.6177589763779527
11
2.147165118110236
21
-1.0805479921259842
0
LINE
8
BLACK
6
CONTINUOUS
10
2.147165118110236
20
-1.0805479921259842
11
1.6099541338582677
21
-0.9663602755905512
0
LINE
8
BLACK
6
CONTINUOUS
10
1.6099541338582677
20
-0.9663602755905512
11
1.4957664173228347
21
-1.503571220472441
0
LINE
8
BLACK
6
CONTINUOUS
10
12.4749644094488179
20
-0.4801869291338582
11
12.4916896456692914
21
-0.4809304330708661
0
LINE
8
BLACK
6
CONTINUOUS
10
12.4916896456692914
20
-0.4809304330708661
11
12.5082829527559056
21
-0.483155157480315
0
LINE
8
BLACK
6
CONTINUOUS
10
12.5082829527559056
20
-0.483155157480315
11
12.5246133464566931
21
-0.4868435433070866
0
LINE
8
BLACK
6
CONTINUOUS
10
12.5246133464566931
20
-0.4868435433070866
11
12.5405520472440948
21
-0.4919664960629921
0
LINE
8
BLACK
6
CONTINUOUS
10
12.5405520472440948
20
-0.4919664960629921
11
12.555973267716535
21
-0.4984835433070866
0
LINE
8
BLACK
6
CONTINUOUS
10
12.555973267716535
20
-0.4984835433070866
11
12.5707553937007876
21
-0.5063433070866141
0
LINE
8
BLACK
6
CONTINUOUS
10
12.5707553937007876
20
-0.5063433070866141
11
12.5847817322834636
21
-0.5154838188976378
0
LINE
8
BLACK
6
CONTINUOUS
10
12.5847817322834636
20
-0.5154838188976378
11
12.5979416141732283
21
-0.525832874015748
0
LINE
8
BLACK
6
CONTINUOUS
10
12.5979416141732283
20
-0.525832874015748
11
12.6101312992125987
21
-0.5373088976377952
0
LINE
8
BLACK
6
CONTINUOUS
10
12.6101312992125987
20
-0.5373088976377952
11
12.6212545275590546
21
-0.5498212992125984
0
LINE
8
BLACK
6
CONTINUOUS
10
12.6212545275590546
20
-0.5498212992125984
11
12.6312235826771655
21
-0.5632713779527559
0
LINE
8
BLACK
6
CONTINUOUS
10
12.6312235826771655
20
-0.5632713779527559
11
12.6399598031496065
21
-0.5775529921259842
0
LINE
8
BLACK
6
CONTINUOUS
10
12.6399598031496065
20
-0.5775529921259842
11
12.6473942519685032
21
-0.5925535039370079
0
LINE
8
BLACK
6
CONTINUOUS
10
12.6473942519685032
20
-0.5925535039370079
11
12.6534682677165353
21
-0.6081545669291338
0
LINE
8
BLACK
6
CONTINUOUS
10
12.6534682677165353
20
-0.6081545669291338
11
12.6581339370078734
21
-0.6242330708661418
0
LINE
8
BLACK
6
CONTINUOUS
10
12.6581339370078734
20
-0.6242330708661418
11
12.6613544881889766
21
-0.640662125984252
0
LINE
8
BLACK
6
CONTINUOUS
10
12.6613544881889766
20
-0.640662125984252
11
12.6631044488188973
21
-0.6573122047244094
0
LINE
8
BLACK
6
CONTINUOUS
10
12.6631044488188973
20
-0.6573122047244094
11
12.6633700393700792
21
-0.6740518503937007
0
LINE
8
BLACK
6
CONTINUOUS
10
12.6633700393700792
20
-0.6740518503937007
11
12.6621492125984254
21
-0.6907490157480315
0
LINE
8
BLACK
6
CONTINUOUS
10
12.6621492125984254
20
-0.6907490157480315
11
12.6594514960629922
21
-0.7072720078740158
0
LINE
8
BLACK
6
CONTINUOUS
10
12.6594514960629922
20
-0.7072720078740158
11
12.6552982677165353
21
-0.7234904330708661
0
LINE
8
BLACK
6
CONTINUOUS
10
12.6552982677165353
20
-0.7234904330708661
11
12.6497222440944874
21
-0.7392763385826772
0
LINE
8
BLACK
6
CONTINUOUS
10
12.6497222440944874
20
-0.7392763385826772
11
12.6427674409448816
21
-0.754505157480315
0
LINE
8
BLACK
6
CONTINUOUS
10
12.6427674409448816
20
-0.754505157480315
11
12.6344887401574795
21
-0.7690567716535432
0
LINE
8
BLACK
6
CONTINUOUS
10
12.6344887401574795
20
-0.7690567716535432
11
12.6249514173228352
21
-0.7828163385826772
0
LINE
8
BLACK
6
CONTINUOUS
10
12.6249514173228352
20
-0.7828163385826772
11
12.6142307480314955
21
-0.7956753543307087
0
LINE
8
BLACK
6
CONTINUOUS
10
12.6142307480314955
20
-0.7956753543307087
11
12.6024112992125978
21
-0.807532283464567
0
LINE
8
BLACK
6
CONTINUOUS
10
12.6024112992125978
20
-0.807532283464567
11
12.5895863385826772
21
-0.8182936614173228
0
LINE
8
BLACK
6
CONTINUOUS
10
12.5895863385826772
20
-0.8182936614173228
11
12.575857047244094
21
-0.8278745275590551
0
LINE
8
BLACK
6
CONTINUOUS
10
12.575857047244094
20
-0.8278745275590551
11
12.561331732283465
21
-0.8361993307086614
0
LINE
8
BLACK
6
CONTINUOUS
10
12.561331732283465
20
-0.8361993307086614
11
12.5461250393700787
21
-0.8432023622047244
0
LINE
8
BLACK
6
CONTINUOUS
10
12.5461250393700787
20
-0.8432023622047244
11
12.5303568897637785
21
-0.8488283858267717
0
LINE
8
BLACK
6
CONTINUOUS
10
12.5303568897637785
20
-0.8488283858267717
11
12.5151061023622052
21
-0.8527853149606299
0
LINE
8
BLACK
6
CONTINUOUS
10
12.5151061023622052
20
-0.8527853149606299
11
13.1216699212598424
21
-3.7064472047244093
0
LINE
8
BLACK
6
CONTINUOUS
10
13.1216699212598424
20
-3.7064472047244093
11
13.1372422047244086
21
-3.7038552755905512
0
LINE
8
BLACK
6
CONTINUOUS
10
13.1372422047244086
20
-3.7038552755905512
11
13.1539655905511808
21
-3.7025831496062991
0
LINE
8
BLACK
6
CONTINUOUS
10
13.1539655905511808
20
-3.7025831496062991
11
13.1707358661417313
21
-3.7028027165354329
0
LINE
8
BLACK
6
CONTINUOUS
10
13.1707358661417313
20
-3.7028027165354329
11
13.1874201968503932
21
-3.7045121653543305
0
LINE
8
BLACK
6
CONTINUOUS
10
13.1874201968503932
20
-3.7045121653543305
11
13.2038865748031498
21
-3.7076980314960628
0
LINE
8
BLACK
6
CONTINUOUS
10
13.2038865748031498
20
-3.7076980314960628
11
13.2200044881889767
21
-3.7123350393700787
0
LINE
8
BLACK
6
CONTINUOUS
10
13.2200044881889767
20
-3.7123350393700787
11
13.2356464566929137
21
-3.718386535433071
0
LINE
8
BLACK
6
CONTINUOUS
10
13.2356464566929137
20
-3.718386535433071
11
13.2506885039370079
21
-3.7258045275590552
0
LINE
8
BLACK
6
CONTINUOUS
10
13.2506885039370079
20
-3.7258045275590552
11
13.2650115748031485
21
-3.7345302755905512
0
LINE
8
BLACK
6
CONTINUOUS
10
13.2650115748031485
20
-3.7345302755905512
11
13.278502283464567
21
-3.7444947637795276
0
LINE
8
BLACK
6
CONTINUOUS
10
13.278502283464567
20
-3.7444947637795276
11
13.2910538188976375
21
-3.7556190944881891
0
LINE
8
BLACK
6
CONTINUOUS
10
13.2910538188976375
20
-3.7556190944881891
11
13.3025667322834646
21
-3.7678150787401572
0
LINE
8
BLACK
6
CONTINUOUS
10
13.3025667322834646
20
-3.7678150787401572
11
13.3129499212598414
21
-3.7809862598425195
0
LINE
8
BLACK
6
CONTINUOUS
10
13.3129499212598414
20
-3.7809862598425195
11
13.3221211417322838
21
-3.7950283070866142
0
LINE
8
BLACK
6
CONTINUOUS
10
13.3221211417322838
20
-3.7950283070866142
11
13.3300077952755895
21
-3.8098300393700786
0
LINE
8
BLACK
6
CONTINUOUS
10
13.3300077952755895
20
-3.8098300393700786
11
13.3365474015748031
21
-3.8252742125984249
0
LINE
8
BLACK
6
CONTINUOUS
10
13.3365474015748031
20
-3.8252742125984249
11
13.341688228346456
21
-3.8412386220472441
0
LINE
8
BLACK
6
CONTINUOUS
10
13.341688228346456
20
-3.8412386220472441
11
13.3453895669291338
21
-3.8575968110236221
0
LINE
8
BLACK
6
CONTINUOUS
10
13.3453895669291338
20
-3.8575968110236221
11
13.347622086614173
21
-3.8742192913385827
0
LINE
8
BLACK
6
CONTINUOUS
10
13.347622086614173
20
-3.8742192913385827
11
13.3483677165354333
21
-3.8909659055118109
0
LINE
8
BLACK
6
CONTINUOUS
10
13.3483677165354333
20
-3.8909659055118109
11
13.3483704724409442
21
-3.89097437007874
0
LINE
8
BLACK
6
CONTINUOUS
10
13.3483704724409442
20
-3.89097437007874
11
13.3476503543307086
21
-3.9074329921259841
0
LINE
8
BLACK
6
CONTINUOUS
10
13.3476503543307086
20
-3.9074329921259841
11
13.3454957874015747
21
-3.9237658661417321
0
LINE
8
BLACK
6
CONTINUOUS
10
13.3454957874015747
20
-3.9237658661417321
11
13.3419232283464559
21
-3.9398482283464564
0
LINE
8
BLACK
6
CONTINUOUS
10
13.3419232283464559
20
-3.9398482283464564
11
13.3369600393700782
21
-3.9555572047244092
0
LINE
8
BLACK
6
CONTINUOUS
10
13.3369600393700782
20
-3.9555572047244092
11
13.3306440551181105
21
-3.9707727559055117
0
LINE
8
BLACK
6
CONTINUOUS
10
13.3306440551181105
20
-3.9707727559055117
11
13.3230235433070856
21
-3.9853787007874013
0
LINE
8
BLACK
6
CONTINUOUS
10
13.3230235433070856
20
-3.9853787007874013
11
13.3141567716535434
21
-3.9992634251968502
0
LINE
8
BLACK
6
CONTINUOUS
10
13.3141567716535434
20
-3.9992634251968502
11
13.3041114566929135
21
-4.0123208267716537
0
LINE
8
BLACK
6
CONTINUOUS
10
13.3041114566929135
20
-4.0123208267716537
11
13.292964291338583
21
-4.0244512204724412
0
LINE
8
BLACK
6
CONTINUOUS
10
13.292964291338583
20
-4.0244512204724412
11
13.2808005118110231
21
-4.0355618897637795
0
LINE
8
BLACK
6
CONTINUOUS
10
13.2808005118110231
20
-4.0355618897637795
11
13.2677129527559057
21
-4.0455679527559054
0
LINE
8
BLACK
6
CONTINUOUS
10
13.2677129527559057
20
-4.0455679527559054
11
13.2538016929133864
21
-4.054392992125984
0
LINE
8
BLACK
6
CONTINUOUS
10
13.2538016929133864
20
-4.054392992125984
11
13.2391729133858274
21
-4.0619695669291334
0
LINE
8
BLACK
6
CONTINUOUS
10
13.2391729133858274
20
-4.0619695669291334
11
13.2239384645669293
21
-4.0682398031496065
0
LINE
8
BLACK
6
CONTINUOUS
10
13.2239384645669293
20
-4.0682398031496065
11
13.2082146456692904
21
-4.0731558267716537
0
LINE
8
BLACK
6
CONTINUOUS
10
13.2082146456692904
20
-4.0731558267716537
11
13.1921216535433068
21
-4.0766800393700784
0
LINE
8
BLACK
6
CONTINUOUS
10
13.1921216535433068
20
-4.0766800393700784
11
13.1757823622047248
21
-4.0787855511811024
0
LINE
8
BLACK
6
CONTINUOUS
10
13.1757823622047248
20
-4.0787855511811024
11
13.1593216535433069
21
-4.0794562598425195
0
LINE
8
BLACK
6
CONTINUOUS
10
13.1593216535433069
20
-4.0794562598425195
11
13.1428652755905517
21
-4.0786870078740156
0
LINE
8
BLACK
6
CONTINUOUS
10
13.1428652755905517
20
-4.0786870078740156
11
13.1265388976377952
21
-4.0764837401574798
0
LINE
8
BLACK
6
CONTINUOUS
10
13.1265388976377952
20
-4.0764837401574798
11
13.1104672440944885
21
-4.0728632677165351
0
LINE
8
BLACK
6
CONTINUOUS
10
13.1104672440944885
20
-4.0728632677165351
11
13.0947731496062989
21
-4.067853188976378
0
LINE
8
BLACK
6
CONTINUOUS
10
13.0947731496062989
20
-4.067853188976378
11
13.079576496062991
21
-4.0614918503937005
0
LINE
8
BLACK
6
CONTINUOUS
10
13.079576496062991
20
-4.0614918503937005
11
13.0649933858267708
21
-4.0538278346456691
0
LINE
8
BLACK
6
CONTINUOUS
10
13.0649933858267708
20
-4.0538278346456691
11
13.0511351574803154
21
-4.0449196850393703
0
LINE
8
BLACK
6
CONTINUOUS
10
13.0511351574803154
20
-4.0449196850393703
11
13.0381077559055107
21
-4.0348354724409452
0
LINE
8
BLACK
6
CONTINUOUS
10
13.0381077559055107
20
-4.0348354724409452
11
13.026010708661417
21
-4.0236521653543305
0
LINE
8
BLACK
6
CONTINUOUS
10
13.026010708661417
20
-4.0236521653543305
11
13.0149363779527558
21
-4.011455275590551
0
LINE
8
BLACK
6
CONTINUOUS
10
13.0149363779527558
20
-4.011455275590551
11
13.0049693700787401
21
-3.9983379527559055
0
LINE
8
BLACK
6
CONTINUOUS
10
13.0049693700787401
20
-3.9983379527559055
11
12.9967112204724398
21
-3.9852340551181102
0
LINE
8
BLACK
6
CONTINUOUS
10
12.9967112204724398
20
-3.9852340551181102
11
11.0043554724409454
21
-5.1222994094488188
0
LINE
8
BLACK
6
CONTINUOUS
10
11.0043554724409454
20
-5.1222994094488188
11
11.0114082283464558
21
-5.1360106692913385
0
LINE
8
BLACK
6
CONTINUOUS
10
11.0114082283464558
20
-5.1360106692913385
11
11.017614881889763
21
-5.1511951968503933
0
LINE
8
BLACK
6
CONTINUOUS
10
11.017614881889763
20
-5.1511951968503933
11
11.0224777165354322
21
-5.166861889763779
0
LINE
8
BLACK
6
CONTINUOUS
10
11.0224777165354322
20
-5.166861889763779
11
11.0259599606299208
21
-5.1828920472440947
0
LINE
8
BLACK
6
CONTINUOUS
10
11.0259599606299208
20
-5.1828920472440947
11
11.0280351968503929
21
-5.1991642913385823
0
LINE
8
BLACK
6
CONTINUOUS
10
11.0280351968503929
20
-5.1991642913385823
11
11.0286877559055121
21
-5.2155553543307089
0
LINE
8
BLACK
6
CONTINUOUS
10
11.0286877559055121
20
-5.2155553543307089
11
11.0279125984251962
21
-5.2319410629921261
0
LINE
8
BLACK
6
CONTINUOUS
10
11.0279125984251962
20
-5.2319410629921261
11
11.0257157086614175
21
-5.2481973228346455
0
LINE
8
BLACK
6
CONTINUOUS
10
11.0257157086614175
20
-5.2481973228346455
11
11.0221136614173219
21
-5.2642009842519686
0
LINE
8
BLACK
6
CONTINUOUS
10
11.0221136614173219
20
-5.2642009842519686
11
11.0171337401574796
21
-5.2798308661417321
0
LINE
8
BLACK
6
CONTINUOUS
10
11.0171337401574796
20
-5.2798308661417321
11
11.0108137007874021
21
-5.2949685433070863
0
LINE
8
BLACK
6
CONTINUOUS
10
11.0108137007874021
20
-5.2949685433070863
11
11.003201377952756
21
-5.3094993700787398
0
LINE
8
BLACK
6
CONTINUOUS
10
11.003201377952756
20
-5.3094993700787398
11
10.994354448818898
21
-5.3233133070866137
0
LINE
8
BLACK
6
CONTINUOUS
10
10.994354448818898
20
-5.3233133070866137
11
10.984339921259842
21
-5.3363056692913382
0
LINE
8
BLACK
6
CONTINUOUS
10
10.984339921259842
20
-5.3363056692913382
11
10.9732336614173231
21
-5.3483780708661417
0
LINE
8
BLACK
6
CONTINUOUS
10
10.9732336614173231
20
-5.3483780708661417
11
10.9611197637795268
21
-5.3594390944881889
0
LINE
8
BLACK
6
CONTINUOUS
10
10.9611197637795268
20
-5.3594390944881889
11
10.9480900000000005
21
-5.369404921259842
0
LINE
8
BLACK
6
CONTINUOUS
10
10.9480900000000005
20
-5.369404921259842
11
10.9342430708661418
21
-5.3782001181102359
0
LINE
8
BLACK
6
CONTINUOUS
10
10.9342430708661418
20
-5.3782001181102359
11
10.9196838582677156
21
-5.3857579921259839
0
LINE
8
BLACK
6
CONTINUOUS
10
10.9196838582677156
20
-5.3857579921259839
11
10.9045226377952762
21
-5.3920213385826772
0
LINE
8
BLACK
6
CONTINUOUS
10
10.9045226377952762
20
-5.3920213385826772
11
10.8888742519685042
21
-5.3969427165354329
0
LINE
8
BLACK
6
CONTINUOUS
10
10.8888742519685042
20
-5.3969427165354329
11
10.8728572047244096
21
-5.4004848818897635
0
LINE
8
BLACK
6
CONTINUOUS
10
10.8728572047244096
20
-5.4004848818897635
11
10.856592834645669
21
-5.4026209448818898
0
LINE
8
BLACK
6
CONTINUOUS
10
10.856592834645669
20
-5.4026209448818898
11
10.8402043307086604
21
-5.403334724409449
0
LINE
8
BLACK
6
CONTINUOUS
10
10.8402043307086604
20
-5.403334724409449
11
10.8402043307086604
21
-5.4033337007874014
0
LINE
8
BLACK
6
CONTINUOUS
10
10.8402043307086604
20
-5.4033337007874014
11
10.8248054330708658
21
-5.402703582677165
0
LINE
8
BLACK
6
CONTINUOUS
10
10.8248054330708658
20
-5.402703582677165
11
10.8095094881889757
21
-5.4008174803149602
0
LINE
8
BLACK
6
CONTINUOUS
10
10.8095094881889757
20
-5.4008174803149602
11
10.7944187795275592
21
-5.3976880314960631
0
LINE
8
BLACK
6
CONTINUOUS
10
10.7944187795275592
20
-5.3976880314960631
11
10.7796341732283469
21
-5.3933361417322834
0
LINE
8
BLACK
6
CONTINUOUS
10
10.7796341732283469
20
-5.3933361417322834
11
10.7652545275590548
21
-5.3877909055118112
0
LINE
8
BLACK
6
CONTINUOUS
10
10.7652545275590548
20
-5.3877909055118112
11
10.751376023622047
21
-5.3810894488188978
0
LINE
8
BLACK
6
CONTINUOUS
10
10.751376023622047
20
-5.3810894488188978
11
10.7380914173228348
21
-5.3732764960629922
0
LINE
8
BLACK
6
CONTINUOUS
10
10.7380914173228348
20
-5.3732764960629922
11
10.7254894881889768
21
-5.3644043307086617
0
LINE
8
BLACK
6
CONTINUOUS
10
10.7254894881889768
20
-5.3644043307086617
11
10.713654566929133
21
-5.3545322440944885
0
LINE
8
BLACK
6
CONTINUOUS
10
10.713654566929133
20
-5.3545322440944885
11
10.702665748031496
21
-5.3437262598425193
0
LINE
8
BLACK
6
CONTINUOUS
10
10.702665748031496
20
-5.3437262598425193
11
10.6925964960629916
21
-5.3320586220472439
0
LINE
8
BLACK
6
CONTINUOUS
10
10.6925964960629916
20
-5.3320586220472439
11
10.6840949606299205
21
-5.3204036220472437
0
LINE
8
BLACK
6
CONTINUOUS
10
10.6840949606299205
20
-5.3204036220472437
11
8.403817874015747
21
-6.8449220866141731
0
LINE
8
BLACK
6
CONTINUOUS
10
8.403817874015747
20
-6.8449220866141731
11
8.4117619685039369
21
-6.8579930314960631
0
LINE
8
BLACK
6
CONTINUOUS
10
8.4117619685039369
20
-6.8579930314960631
11
8.4189855511811018
21
-6.8725836220472436
0
LINE
8
BLACK
6
CONTINUOUS
10
8.4189855511811018
20
-6.8725836220472436
11
8.4249230708661411
21
-6.8877431496062993
0
LINE
8
BLACK
6
CONTINUOUS
10
8.4249230708661411
20
-6.8877431496062993
11
8.4295302362204723
21
-6.9033585433070863
0
LINE
8
BLACK
6
CONTINUOUS
10
8.4295302362204723
20
-6.9033585433070863
11
8.4327726377952761
21
-6.919313267716535
0
LINE
8
BLACK
6
CONTINUOUS
10
8.4327726377952761
20
-6.919313267716535
11
8.4346261023622038
21
-6.9354882677165355
0
LINE
8
BLACK
6
CONTINUOUS
10
8.4346261023622038
20
-6.9354882677165355
11
8.4350768110236221
21
-6.9517628346456695
0
LINE
8
BLACK
6
CONTINUOUS
10
8.4350768110236221
20
-6.9517628346456695
11
8.4341213779527564
21
-6.9680156299212594
0
LINE
8
BLACK
6
CONTINUOUS
10
8.4341213779527564
20
-6.9680156299212594
11
8.4317669685039363
21
-6.9841253543307085
0
LINE
8
BLACK
6
CONTINUOUS
10
8.4317669685039363
20
-6.9841253543307085
11
8.4280311417322835
21
-6.9999717716535432
0
LINE
8
BLACK
6
CONTINUOUS
10
8.4280311417322835
20
-6.9999717716535432
11
8.4229417322834639
21
-7.0154366929133856
0
LINE
8
BLACK
6
CONTINUOUS
10
8.4229417322834639
20
-7.0154366929133856
11
8.4165367322834648
21
-7.0304047244094487
0
LINE
8
BLACK
6
CONTINUOUS
10
8.4165367322834648
20
-7.0304047244094487
11
8.4088639370078742
21
-7.0447642125984249
0
LINE
8
BLACK
6
CONTINUOUS
10
8.4088639370078742
20
-7.0447642125984249
11
8.3999806299212594
21
-7.0584079527559052
0
LINE
8
BLACK
6
CONTINUOUS
10
8.3999806299212594
20
-7.0584079527559052
11
8.3899529921259841
21
-7.0712342125984247
0
LINE
8
BLACK
6
CONTINUOUS
10
8.3899529921259841
20
-7.0712342125984247
11
8.3788559448818898
21
-7.0831472834645668
0
LINE
8
BLACK
6
CONTINUOUS
10
8.3788559448818898
20
-7.0831472834645668
11
8.3667722047244091
21
-7.0940582677165356
0
LINE
8
BLACK
6
CONTINUOUS
10
8.3667722047244091
20
-7.0940582677165356
11
8.3537920078740164
21
-7.1038857480314963
0
LINE
8
BLACK
6
CONTINUOUS
10
8.3537920078740164
20
-7.1038857480314963
11
8.3400121259842521
21
-7.1125564566929134
0
LINE
8
BLACK
6
CONTINUOUS
10
8.3400121259842521
20
-7.1125564566929134
11
8.3255353937007879
21
-7.12000562992126
0
LINE
8
BLACK
6
CONTINUOUS
10
8.3255353937007879
20
-7.12000562992126
11
8.3104698031496067
21
-7.126177716535433
0
LINE
8
BLACK
6
CONTINUOUS
10
8.3104698031496067
20
-7.126177716535433
11
8.2949278346456694
21
-7.1310266929133856
0
LINE
8
BLACK
6
CONTINUOUS
10
8.2949278346456694
20
-7.1310266929133856
11
8.2790253543307077
21
-7.1345163385826771
0
LINE
8
BLACK
6
CONTINUOUS
10
8.2790253543307077
20
-7.1345163385826771
11
8.2628811023622042
21
-7.1366206299212598
0
LINE
8
BLACK
6
CONTINUOUS
10
8.2628811023622042
20
-7.1366206299212598
11
8.2466154330708665
21
-7.1373238976377955
0
LINE
8
BLACK
6
CONTINUOUS
10
8.2466154330708665
20
-7.1373238976377955
11
8.2466154330708665
21
-7.1373227952755904
0
LINE
8
BLACK
6
CONTINUOUS
10
8.2466154330708665
20
-7.1373227952755904
11
8.2301878740157477
21
-7.1366056692913382
0
LINE
8
BLACK
6
CONTINUOUS
10
8.2301878740157477
20
-7.1366056692913382
11
8.2138853543307082
21
-7.134459488188976
0
LINE
8
BLACK
6
CONTINUOUS
10
8.2138853543307082
20
-7.134459488188976
11
8.1978318897637799
21
-7.1309006299212596
0
LINE
8
BLACK
6
CONTINUOUS
10
8.1978318897637799
20
-7.1309006299212596
11
8.18214968503937
21
-7.1259561417322832
0
LINE
8
BLACK
6
CONTINUOUS
10
8.18214968503937
20
-7.1259561417322832
11
8.1669581102362194
21
-7.1196636614173228
0
LINE
8
BLACK
6
CONTINUOUS
10
8.1669581102362194
20
-7.1196636614173228
11
8.1523727952755909
21
-7.1120711023622043
0
LINE
8
BLACK
6
CONTINUOUS
10
8.1523727952755909
20
-7.1120711023622043
11
8.1385046850393703
21
-7.1032362598425198
0
LINE
8
BLACK
6
CONTINUOUS
10
8.1385046850393703
20
-7.1032362598425198
11
8.1254593700787403
21
-7.0932262992125983
0
LINE
8
BLACK
6
CONTINUOUS
10
8.1254593700787403
20
-7.0932262992125983
11
8.1133361417322831
21
-7.0821174803149605
0
LINE
8
BLACK
6
CONTINUOUS
10
8.1133361417322831
20
-7.0821174803149605
11
8.1022272440944878
21
-7.0699943307086617
0
LINE
8
BLACK
6
CONTINUOUS
10
8.1022272440944878
20
-7.0699943307086617
11
8.0922172047244096
21
-7.0569490551181104
0
LINE
8
BLACK
6
CONTINUOUS
10
8.0922172047244096
20
-7.0569490551181104
11
8.0833822440944871
21
-7.0430810236220474
0
LINE
8
BLACK
6
CONTINUOUS
10
8.0833822440944871
20
-7.0430810236220474
11
8.0757896062992121
21
-7.0284957480314958
0
LINE
8
BLACK
6
CONTINUOUS
10
8.0757896062992121
20
-7.0284957480314958
11
8.069497047244095
21
-7.0133042125984248
0
LINE
8
BLACK
6
CONTINUOUS
10
8.069497047244095
20
-7.0133042125984248
11
8.0645524409448814
21
-6.9976220472440946
0
LINE
8
BLACK
6
CONTINUOUS
10
8.0645524409448814
20
-6.9976220472440946
11
8.0609934645669288
21
-6.9815686220472442
0
LINE
8
BLACK
6
CONTINUOUS
10
8.0609934645669288
20
-6.9815686220472442
11
8.05884720472441
21
-6.9652661023622047
0
LINE
8
BLACK
6
CONTINUOUS
10
8.05884720472441
20
-6.9652661023622047
11
8.0581729527559052
21
-6.9498227952755904
0
LINE
8
BLACK
6
CONTINUOUS
10
8.0581729527559052
20
-6.9498227952755904
11
5.8168258267716535
21
-6.9498227952755904
0
LINE
8
BLACK
6
CONTINUOUS
10
5.8168258267716535
20
-6.9498227952755904
11
5.8161515748031496
21
-6.9652659842519684
0
LINE
8
BLACK
6
CONTINUOUS
10
5.8161515748031496
20
-6.9652659842519684
11
5.8140053149606299
21
-6.9815684251968504
0
LINE
8
BLACK
6
CONTINUOUS
10
5.8140053149606299
20
-6.9815684251968504
11
5.810446377952756
21
-6.9976217322834646
0
LINE
8
BLACK
6
CONTINUOUS
10
5.810446377952756
20
-6.9976217322834646
11
5.8055018110236221
21
-7.0133037795275586
0
LINE
8
BLACK
6
CONTINUOUS
10
5.8055018110236221
20
-7.0133037795275586
11
5.7992092913385829
21
-7.028495236220472
0
LINE
8
BLACK
6
CONTINUOUS
10
5.7992092913385829
20
-7.028495236220472
11
5.7916166929133857
21
-7.0430804330708661
0
LINE
8
BLACK
6
CONTINUOUS
10
5.7916166929133857
20
-7.0430804330708661
11
5.7827817716535428
21
-7.0569483858267716
0
LINE
8
BLACK
6
CONTINUOUS
10
5.7827817716535428
20
-7.0569483858267716
11
5.7727718110236221
21
-7.0699935433070866
0
LINE
8
BLACK
6
CONTINUOUS
10
5.7727718110236221
20
-7.0699935433070866
11
5.7616629921259843
21
-7.0821166141732279
0
LINE
8
BLACK
6
CONTINUOUS
10
5.7616629921259843
20
-7.0821166141732279
11
5.7495398425196846
21
-7.0932253543307082
0
LINE
8
BLACK
6
CONTINUOUS
10
5.7495398425196846
20
-7.0932253543307082
11
5.7364946062992122
21
-7.1032352362204723
0
LINE
8
BLACK
6
CONTINUOUS
10
5.7364946062992122
20
-7.1032352362204723
11
5.7226266141732278
21
-7.1120700393700789
0
LINE
8
BLACK
6
CONTINUOUS
10
5.7226266141732278
20
-7.1120700393700789
11
5.7080413779527559
21
-7.1196625590551177
0
LINE
8
BLACK
6
CONTINUOUS
10
5.7080413779527559
20
-7.1196625590551177
11
5.6928498818897637
21
-7.1259550000000003
0
LINE
8
BLACK
6
CONTINUOUS
10
5.6928498818897637
20
-7.1259550000000003
11
5.6771677952755901
21
-7.130899448818897
0
LINE
8
BLACK
6
CONTINUOUS
10
5.6771677952755901
20
-7.130899448818897
11
5.6611144488188971
21
-7.1344583070866143
0
LINE
8
BLACK
6
CONTINUOUS
10
5.6611144488188971
20
-7.1344583070866143
11
5.644812007874016
21
-7.1366044488188978
0
LINE
8
BLACK
6
CONTINUOUS
10
5.644812007874016
20
-7.1366044488188978
11
5.6283888976377954
21
-7.1373213779527553
0
LINE
8
BLACK
6
CONTINUOUS
10
5.6283888976377954
20
-7.1373213779527553
11
5.6283845669291335
21
-7.1373227952755904
0
LINE
8
BLACK
6
CONTINUOUS
10
5.6283845669291335
20
-7.1373227952755904
11
5.6121190157480312
21
-7.1366195275590547
0
LINE
8
BLACK
6
CONTINUOUS
10
5.6121190157480312
20
-7.1366195275590547
11
5.5959748031496064
21
-7.134515236220472
0
LINE
8
BLACK
6
CONTINUOUS
10
5.5959748031496064
20
-7.134515236220472
11
5.5800724409448819
21
-7.1310256299212593
0
LINE
8
BLACK
6
CONTINUOUS
10
5.5800724409448819
20
-7.1310256299212593
11
5.5645305511811021
21
-7.1261766929133854
0
LINE
8
BLACK
6
CONTINUOUS
10
5.5645305511811021
20
-7.1261766929133854
11
5.5494650787401572
21
-7.1200046062992124
0
LINE
8
BLACK
6
CONTINUOUS
10
5.5494650787401572
20
-7.1200046062992124
11
5.5349884251968504
21
-7.1125554724409445
0
LINE
8
BLACK
6
CONTINUOUS
10
5.5349884251968504
20
-7.1125554724409445
11
5.5212086220472436
21
-7.103884842519685
0
LINE
8
BLACK
6
CONTINUOUS
10
5.5212086220472436
20
-7.103884842519685
11
5.5082285039370076
21
-7.0940574409448818
0
LINE
8
BLACK
6
CONTINUOUS
10
5.5082285039370076
20
-7.0940574409448818
11
5.4961448425196853
21
-7.0831464960629917
0
LINE
8
BLACK
6
CONTINUOUS
10
5.4961448425196853
20
-7.0831464960629917
11
5.4850478346456688
21
-7.071233503937008
0
LINE
8
BLACK
6
CONTINUOUS
10
5.4850478346456688
20
-7.071233503937008
11
5.475020275590551
21
-7.0584073228346451
0
LINE
8
BLACK
6
CONTINUOUS
10
5.475020275590551
20
-7.0584073228346451
11
5.4661370078740159
21
-7.0447636220472436
0
LINE
8
BLACK
6
CONTINUOUS
10
5.4661370078740159
20
-7.0447636220472436
11
5.458464251968504
21
-7.0304042519685037
0
LINE
8
BLACK
6
CONTINUOUS
10
5.458464251968504
20
-7.0304042519685037
11
5.4520592913385828
21
-7.015436299212598
0
LINE
8
BLACK
6
CONTINUOUS
10
5.4520592913385828
20
-7.015436299212598
11
5.4469699212598428
21
-6.999971496062992
0
LINE
8
BLACK
6
CONTINUOUS
10
5.4469699212598428
20
-6.999971496062992
11
5.4432340944881892
21
-6.9841251574803147
0
LINE
8
BLACK
6
CONTINUOUS
10
5.4432340944881892
20
-6.9841251574803147
11
5.4408797244094487
21
-6.9680155118110232
0
LINE
8
BLACK
6
CONTINUOUS
10
5.4408797244094487
20
-6.9680155118110232
11
5.4399242913385821
21
-6.9517628346456695
0
LINE
8
BLACK
6
CONTINUOUS
10
5.4399242913385821
20
-6.9517628346456695
11
5.4403749999999995
21
-6.935488346456693
0
LINE
8
BLACK
6
CONTINUOUS
10
5.4403749999999995
20
-6.935488346456693
11
5.442228464566929
21
-6.91931342519685
0
LINE
8
BLACK
6
CONTINUOUS
10
5.442228464566929
20
-6.91931342519685
11
5.4454708661417319
21
-6.9033588188976376
0
LINE
8
BLACK
6
CONTINUOUS
10
5.4454708661417319
20
-6.9033588188976376
11
5.4500779527559056
21
-6.8877435039370081
0
LINE
8
BLACK
6
CONTINUOUS
10
5.4500779527559056
20
-6.8877435039370081
11
5.4560154330708661
21
-6.8725840551181099
0
LINE
8
BLACK
6
CONTINUOUS
10
5.4560154330708661
20
-6.8725840551181099
11
5.4632389763779523
21
-6.8579935433070869
0
LINE
8
BLACK
6
CONTINUOUS
10
5.4632389763779523
20
-6.8579935433070869
11
5.4711830314960626
21
-6.8449225984251969
0
LINE
8
BLACK
6
CONTINUOUS
10
5.4711830314960626
20
-6.8449225984251969
11
3.1909059055118107
21
-5.3204035433070862
0
LINE
8
BLACK
6
CONTINUOUS
10
3.1909059055118107
20
-5.3204035433070862
11
3.1824040551181101
21
-5.3320590944881889
0
LINE
8
BLACK
6
CONTINUOUS
10
3.1824040551181101
20
-5.3320590944881889
11
3.1723347637795274
21
-5.3437267322834643
0
LINE
8
BLACK
6
CONTINUOUS
10
3.1723347637795274
20
-5.3437267322834643
11
3.1613459055118112
21
-5.3545327559055114
0
LINE
8
BLACK
6
CONTINUOUS
10
3.1613459055118112
20
-5.3545327559055114
11
3.1495109448818899
21
-5.3644048818897634
0
LINE
8
BLACK
6
CONTINUOUS
10
3.1495109448818899
20
-5.3644048818897634
11
3.1369089763779527
21
-5.3732770866141735
0
LINE
8
BLACK
6
CONTINUOUS
10
3.1369089763779527
20
-5.3732770866141735
11
3.1236243307086613
21
-5.3810900393700782
0
LINE
8
BLACK
6
CONTINUOUS
10
3.1236243307086613
20
-5.3810900393700782
11
3.1097457480314961
21
-5.3877915748031491
0
LINE
8
BLACK
6
CONTINUOUS
10
3.1097457480314961
20
-5.3877915748031491
11
3.095366062992126
21
-5.3933368110236222
0
LINE
8
BLACK
6
CONTINUOUS
10
3.095366062992126
20
-5.3933368110236222
11
3.0805814173228345
21
-5.3976887401574798
0
LINE
8
BLACK
6
CONTINUOUS
10
3.0805814173228345
20
-5.3976887401574798
11
3.0654906299212596
21
-5.4008181889763778
0
LINE
8
BLACK
6
CONTINUOUS
10
3.0654906299212596
20
-5.4008181889763778
11
3.0501946456692912
21
-5.4027042913385825
0
LINE
8
BLACK
6
CONTINUOUS
10
3.0501946456692912
20
-5.4027042913385825
11
3.0347956692913387
21
-5.4033344094488189
0
LINE
8
BLACK
6
CONTINUOUS
10
3.0347956692913387
20
-5.4033344094488189
11
3.0347956692913387
21
-5.4033337007874014
0
LINE
8
BLACK
6
CONTINUOUS
10
3.0347956692913387
20
-5.4033337007874014
11
3.018407244094488
21
-5.4026199212598423
0
LINE
8
BLACK
6
CONTINUOUS
10
3.018407244094488
20
-5.4026199212598423
11
3.0021429921259841
21
-5.4004838582677168
0
LINE
8
BLACK
6
CONTINUOUS
10
3.0021429921259841
20
-5.4004838582677168
11
2.986126023622047
21
-5.3969417322834641
0
LINE
8
BLACK
6
CONTINUOUS
10
2.986126023622047
20
-5.3969417322834641
11
2.970477716535433
21
-5.3920203937007871
0
LINE
8
BLACK
6
CONTINUOUS
10
2.970477716535433
20
-5.3920203937007871
11
2.9553165748031494
21
-5.3857570472440948
0
LINE
8
BLACK
6
CONTINUOUS
10
2.9553165748031494
20
-5.3857570472440948
11
2.940757440944882
21
-5.3781992125984255
0
LINE
8
BLACK
6
CONTINUOUS
10
2.940757440944882
20
-5.3781992125984255
11
2.9269105511811024
21
-5.3694040944881891
0
LINE
8
BLACK
6
CONTINUOUS
10
2.9269105511811024
20
-5.3694040944881891
11
2.9138808661417324
21
-5.3594383070866138
0
LINE
8
BLACK
6
CONTINUOUS
10
2.9138808661417324
20
-5.3594383070866138
11
2.9017670472440944
21
-5.3483773622047242
0
LINE
8
BLACK
6
CONTINUOUS
10
2.9017670472440944
20
-5.3483773622047242
11
2.8906608661417321
21
-5.3363050000000003
0
LINE
8
BLACK
6
CONTINUOUS
10
2.8906608661417321
20
-5.3363050000000003
11
2.8806463779527558
21
-5.3233127165354333
0
LINE
8
BLACK
6
CONTINUOUS
10
2.8806463779527558
20
-5.3233127165354333
11
2.8717994881889761
21
-5.3094988582677161
0
LINE
8
BLACK
6
CONTINUOUS
10
2.8717994881889761
20
-5.3094988582677161
11
2.8641872047244092
21
-5.29496811023622
0
LINE
8
BLACK
6
CONTINUOUS
10
2.8641872047244092
20
-5.29496811023622
11
2.8578672047244096
21
-5.2798305118110234
0
LINE
8
BLACK
6
CONTINUOUS
10
2.8578672047244096
20
-5.2798305118110234
11
2.8528873228346456
21
-5.2642007086614173
0
LINE
8
BLACK
6
CONTINUOUS
10
2.8528873228346456
20
-5.2642007086614173
11
2.8492853149606296
21
-5.2481971259842517
0
LINE
8
BLACK
6
CONTINUOUS
10
2.8492853149606296
20
-5.2481971259842517
11
2.8470883858267717
21
-5.2319409448818899
0
LINE
8
BLACK
6
CONTINUOUS
10
2.8470883858267717
20
-5.2319409448818899
11
2.8463132677165355
21
-5.2155553149606302
0
LINE
8
BLACK
6
CONTINUOUS
10
2.8463132677165355
20
-5.2155553149606302
11
2.8469658267716533
21
-5.1991643700787398
0
LINE
8
BLACK
6
CONTINUOUS
10
2.8469658267716533
20
-5.1991643700787398
11
2.8490410629921259
21
-5.1828922047244097
0
LINE
8
BLACK
6
CONTINUOUS
10
2.8490410629921259
20
-5.1828922047244097
11
2.8525232677165353
21
-5.1668621259842515
0
LINE
8
BLACK
6
CONTINUOUS
10
2.8525232677165353
20
-5.1668621259842515
11
2.8573861023622045
21
-5.1511955118110233
0
LINE
8
BLACK
6
CONTINUOUS
10
2.8573861023622045
20
-5.1511955118110233
11
2.8635927165354329
21
-5.1360110629921261
0
LINE
8
BLACK
6
CONTINUOUS
10
2.8635927165354329
20
-5.1360110629921261
11
2.8706453937007872
21
-5.1222998425196851
0
LINE
8
BLACK
6
CONTINUOUS
10
2.8706453937007872
20
-5.1222998425196851
11
0.8782918503937007
21
-3.9852355511811024
0
LINE
8
BLACK
6
CONTINUOUS
10
0.8782918503937007
20
-3.9852355511811024
11
0.870725
21
-3.9973297637795273
0
LINE
8
BLACK
6
CONTINUOUS
10
0.870725
20
-3.9973297637795273
11
0.8616168503937007
21
-4.0095626377952751
0
LINE
8
BLACK
6
CONTINUOUS
10
0.8616168503937007
20
-4.0095626377952751
11
0.8515494488188976
21
-4.0210190944881887
0
LINE
8
BLACK
6
CONTINUOUS
10
0.8515494488188976
20
-4.0210190944881887
11
0.8405887795275591
21
-4.0316240944881887
0
LINE
8
BLACK
6
CONTINUOUS
10
0.8405887795275591
20
-4.0316240944881887
11
0.8288066141732283
21
-4.0413082283464563
0
LINE
8
BLACK
6
CONTINUOUS
10
0.8288066141732283
20
-4.0413082283464563
11
0.8162800393700788
21
-4.0500080708661415
0
LINE
8
BLACK
6
CONTINUOUS
10
0.8162800393700788
20
-4.0500080708661415
11
0.8030911023622047
21
-4.0576666535433068
0
LINE
8
BLACK
6
CONTINUOUS
10
0.8030911023622047
20
-4.0576666535433068
11
0.7893261417322834
21
-4.0642338582677162
0
LINE
8
BLACK
6
CONTINUOUS
10
0.7893261417322834
20
-4.0642338582677162
11
0.7750753149606299
21
-4.069666692913386
0
LINE
8
BLACK
6
CONTINUOUS
10
0.7750753149606299
20
-4.069666692913386
11
0.7604318503937008
21
-4.0739295669291335
0
LINE
8
BLACK
6
CONTINUOUS
10
0.7604318503937008
20
-4.0739295669291335
11
0.7454917322834645
21
-4.0769945669291339
0
LINE
8
BLACK
6
CONTINUOUS
10
0.7454917322834645
20
-4.0769945669291339
11
0.7303526771653543
21
-4.0788416141732284
0
LINE
8
BLACK
6
CONTINUOUS
10
0.7303526771653543
20
-4.0788416141732284
11
0.7151138582677166
21
-4.0794586614173225
0
LINE
8
BLACK
6
CONTINUOUS
10
0.7151138582677166
20
-4.0794586614173225
11
0.7151138582677166
21
-4.0794586220472437
0
LINE
8
BLACK
6
CONTINUOUS
10
0.7151138582677166
20
-4.0794586220472437
11
0.6985138976377953
21
-4.0787262204724408
0
LINE
8
BLACK
6
CONTINUOUS
10
0.6985138976377953
20
-4.0787262204724408
11
0.6820429527559055
21
-4.0765346850393698
0
LINE
8
BLACK
6
CONTINUOUS
10
0.6820429527559055
20
-4.0765346850393698
11
0.6658290157480314
21
-4.0729010629921261
0
LINE
8
BLACK
6
CONTINUOUS
10
0.6658290157480314
20
-4.0729010629921261
11
0.6499980708661417
21
-4.0678535826771656
0
LINE
8
BLACK
6
CONTINUOUS
10
0.6499980708661417
20
-4.0678535826771656
11
0.6346732283464567
21
-4.0614314960629923
0
LINE
8
BLACK
6
CONTINUOUS
10
0.6346732283464567
20
-4.0614314960629923
11
0.6199735039370079
21
-4.053684645669291
0
LINE
8
BLACK
6
CONTINUOUS
10
0.6199735039370079
20
-4.053684645669291
11
0.6060131496062992
21
-4.0446733070866143
0
LINE
8
BLACK
6
CONTINUOUS
10
0.6060131496062992
20
-4.0446733070866143
11
0.5929007086614173
21
-4.0344674803149605
0
LINE
8
BLACK
6
CONTINUOUS
10
0.5929007086614173
20
-4.0344674803149605
11
0.5807380708661417
21
-4.0231464960629921
0
LINE
8
BLACK
6
CONTINUOUS
10
0.5807380708661417
20
-4.0231464960629921
11
0.5696197244094489
21
-4.010798346456693
0
LINE
8
BLACK
6
CONTINUOUS
10
0.5696197244094489
20
-4.010798346456693
11
0.5596320866141732
21
-3.9975189370078739
0
LINE
8
BLACK
6
CONTINUOUS
10
0.5596320866141732
20
-3.9975189370078739
11
0.5508527952755905
21
-3.9834115354330706
0
LINE
8
BLACK
6
CONTINUOUS
10
0.5508527952755905
20
-3.9834115354330706
11
0.5433500393700788
21
-3.9685857480314959
0
LINE
8
BLACK
6
CONTINUOUS
10
0.5433500393700788
20
-3.9685857480314959
11
0.5371822047244095
21
-3.9531567716535432
0
LINE
8
BLACK
6
CONTINUOUS
10
0.5371822047244095
20
-3.9531567716535432
11
0.5323971259842519
21
-3.9372445669291336
0
LINE
8
BLACK
6
CONTINUOUS
10
0.5323971259842519
20
-3.9372445669291336
11
0.5290320866141732
21
-3.9209727559055119
0
LINE
8
BLACK
6
CONTINUOUS
10
0.5290320866141732
20
-3.9209727559055119
11
0.5271131889763779
21
-3.9044678346456694
0
LINE
8
BLACK
6
CONTINUOUS
10
0.5271131889763779
20
-3.9044678346456694
11
0.5266553149606299
21
-3.8878580314960627
0
LINE
8
BLACK
6
CONTINUOUS
10
0.5266553149606299
20
-3.8878580314960627
11
0.5276620866141732
21
-3.8712724409448818
0
LINE
8
BLACK
6
CONTINUOUS
10
0.5276620866141732
20
-3.8712724409448818
11
0.5301256692913385
21
-3.8548399999999998
0
LINE
8
BLACK
6
CONTINUOUS
10
0.5301256692913385
20
-3.8548399999999998
11
0.5340268897637795
21
-3.838688346456693
0
LINE
8
BLACK
6
CONTINUOUS
10
0.5340268897637795
20
-3.838688346456693
11
0.5393354330708662
21
-3.8229430314960631
0
LINE
8
BLACK
6
CONTINUOUS
10
0.5393354330708662
20
-3.8229430314960631
11
0.5460100393700787
21
-3.8077264566929134
0
LINE
8
BLACK
6
CONTINUOUS
10
0.5460100393700787
20
-3.8077264566929134
11
0.5539988582677166
21
-3.7931568503937005
0
LINE
8
BLACK
6
CONTINUOUS
10
0.5539988582677166
20
-3.7931568503937005
11
0.5632397637795276
21
-3.7793474015748032
0
LINE
8
BLACK
6
CONTINUOUS
10
0.5632397637795276
20
-3.7793474015748032
11
0.5736610236220472
21
-3.7664055118110236
0
LINE
8
BLACK
6
CONTINUOUS
10
0.5736610236220472
20
-3.7664055118110236
11
0.5851815748031496
21
-3.7544316929133856
0
LINE
8
BLACK
6
CONTINUOUS
10
0.5851815748031496
20
-3.7544316929133856
11
0.5977118897637795
21
-3.7435190157480314
0
LINE
8
BLACK
6
CONTINUOUS
10
0.5977118897637795
20
-3.7435190157480314
11
0.6111546062992126
21
-3.7337523228346456
0
LINE
8
BLACK
6
CONTINUOUS
10
0.6111546062992126
20
-3.7337523228346456
11
0.6254052362204724
21
-3.7252074803149604
0
LINE
8
BLACK
6
CONTINUOUS
10
0.6254052362204724
20
-3.7252074803149604
11
0.6403530314960629
21
-3.717950905511811
0
LINE
8
BLACK
6
CONTINUOUS
10
0.6403530314960629
20
-3.717950905511811
11
0.6558818897637795
21
-3.7120390157480312
0
LINE
8
BLACK
6
CONTINUOUS
10
0.6558818897637795
20
-3.7120390157480312
11
0.6718710236220472
21
-3.7075177165354329
0
LINE
8
BLACK
6
CONTINUOUS
10
0.6718710236220472
20
-3.7075177165354329
11
0.6881962598425196
21
-3.7044221653543308
0
LINE
8
BLACK
6
CONTINUOUS
10
0.6881962598425196
20
-3.7044221653543308
11
0.7047306299212598
21
-3.7027764173228346
0
LINE
8
BLACK
6
CONTINUOUS
10
0.7047306299212598
20
-3.7027764173228346
11
0.7213457480314961
21
-3.7025932677165354
0
LINE
8
BLACK
6
CONTINUOUS
10
0.7213457480314961
20
-3.7025932677165354
11
0.7379124015748031
21
-3.7038740944881887
0
LINE
8
BLACK
6
CONTINUOUS
10
0.7379124015748031
20
-3.7038740944881887
11
0.7533296456692913
21
-3.7064468110236222
0
LINE
8
BLACK
6
CONTINUOUS
10
0.7533296456692913
20
-3.7064468110236222
11
1.3598934645669292
21
-0.8527909842519685
0
LINE
8
BLACK
6
CONTINUOUS
10
1.3598934645669292
20
-0.8527909842519685
11
1.3453214566929133
21
-0.8490394094488188
0
LINE
8
BLACK
6
CONTINUOUS
10
1.3453214566929133
20
-0.8490394094488188
11
1.3301912204724409
21
-0.8437372047244094
0
LINE
8
BLACK
6
CONTINUOUS
10
1.3301912204724409
20
-0.8437372047244094
11
1.3155662992125985
21
-0.8371684251968504
0
LINE
8
BLACK
6
CONTINUOUS
10
1.3155662992125985
20
-0.8371684251968504
11
1.3015525196850393
21
-0.8293805511811023
0
LINE
8
BLACK
6
CONTINUOUS
10
1.3015525196850393
20
-0.8293805511811023
11
1.2882512598425198
21
-0.8204299212598425
0
LINE
8
BLACK
6
CONTINUOUS
10
1.2882512598425198
20
-0.8204299212598425
11
1.2757587401574804
21
-0.8103813385826771
0
LINE
8
BLACK
6
CONTINUOUS
10
1.2757587401574804
20
-0.8103813385826771
11
1.2641653543307085
21
-0.7993074409448818
0
LINE
8
BLACK
6
CONTINUOUS
10
1.2641653543307085
20
-0.7993074409448818
11
1.2535550393700787
21
-0.7872883858267716
0
LINE
8
BLACK
6
CONTINUOUS
10
1.2535550393700787
20
-0.7872883858267716
11
1.2440044488188977
21
-0.7744111023622047
0
LINE
8
BLACK
6
CONTINUOUS
10
1.2440044488188977
20
-0.7744111023622047
11
1.2355827952755905
21
-0.7607688188976378
0
LINE
8
BLACK
6
CONTINUOUS
10
1.2355827952755905
20
-0.7607688188976378
11
1.2283509055118109
21
-0.7464601574803149
0
LINE
8
BLACK
6
CONTINUOUS
10
1.2283509055118109
20
-0.7464601574803149
11
1.2223611811023622
21
-0.7315887007874016
0
LINE
8
BLACK
6
CONTINUOUS
10
1.2223611811023622
20
-0.7315887007874016
11
1.2176568897637794
21
-0.7162620472440945
0
LINE
8
BLACK
6
CONTINUOUS
10
1.2176568897637794
20
-0.7162620472440945
11
1.2142721259842519
21
-0.7005910236220473
0
LINE
8
BLACK
6
CONTINUOUS
10
1.2142721259842519
20
-0.7005910236220473
11
1.2122313779527558
21
-0.6846890551181102
0
LINE
8
BLACK
6
CONTINUOUS
10
1.2122313779527558
20
-0.6846890551181102
11
1.2115493700787401
21
-0.6686711811023622
0
LINE
8
BLACK
6
CONTINUOUS
10
1.2115493700787401
20
-0.6686711811023622
11
1.2115513385826771
21
-0.6686711811023622
0
LINE
8
BLACK
6
CONTINUOUS
10
1.2115513385826771
20
-0.6686711811023622
11
1.2123137795275589
21
-0.6517351968503937
0
LINE
8
BLACK
6
CONTINUOUS
10
1.2123137795275589
20
-0.6517351968503937
11
1.2145948818897638
21
-0.6349362204724409
0
LINE
8
BLACK
6
CONTINUOUS
10
1.2145948818897638
20
-0.6349362204724409
11
1.2183762204724409
21
-0.6184101574803149
0
LINE
8
BLACK
6
CONTINUOUS
10
1.2183762204724409
20
-0.6184101574803149
11
1.2236271653543307
21
-0.6022907086614173
0
LINE
8
BLACK
6
CONTINUOUS
10
1.2236271653543307
20
-0.6022907086614173
11
1.2303052755905513
21
-0.5867083070866141
0
LINE
8
BLACK
6
CONTINUOUS
10
1.2303052755905513
20
-0.5867083070866141
11
1.238356496062992
21
-0.5717889763779528
0
LINE
8
BLACK
6
CONTINUOUS
10
1.238356496062992
20
-0.5717889763779528
11
1.2477157086614172
21
-0.5576534251968503
0
LINE
8
BLACK
6
CONTINUOUS
10
1.2477157086614172
20
-0.5576534251968503
11
1.2583072047244095
21
-0.5444160236220472
0
LINE
8
BLACK
6
CONTINUOUS
10
1.2583072047244095
20
-0.5444160236220472
11
1.2700453149606299
21
-0.5321838188976378
0
LINE
8
BLACK
6
CONTINUOUS
10
1.2700453149606299
20
-0.5321838188976378
11
1.2828349999999999
21
-0.5210558267716535
0
LINE
8
BLACK
6
CONTINUOUS
10
1.2828349999999999
20
-0.5210558267716535
11
1.2965728740157481
21
-0.5111220472440945
0
LINE
8
BLACK
6
CONTINUOUS
10
1.2965728740157481
20
-0.5111220472440945
11
1.3111477559055118
21
-0.5024628346456693
0
LINE
8
BLACK
6
CONTINUOUS
10
1.3111477559055118
20
-0.5024628346456693
11
1.3264417716535433
21
-0.4951482677165354
0
LINE
8
BLACK
6
CONTINUOUS
10
1.3264417716535433
20
-0.4951482677165354
11
1.3423311023622047
21
-0.4892375196850394
0
LINE
8
BLACK
6
CONTINUOUS
10
1.3423311023622047
20
-0.4892375196850394
11
1.3586873228346457
21
-0.4847783858267716
0
LINE
8
BLACK
6
CONTINUOUS
10
1.3586873228346457
20
-0.4847783858267716
11
1.3753779921259843
21
-0.481806968503937
0
LINE
8
BLACK
6
CONTINUOUS
10
1.3753779921259843
20
-0.481806968503937
11
1.3922681889763779
21
-0.4803472834645669
0
LINE
8
BLACK
6
CONTINUOUS
10
1.3922681889763779
20
-0.4803472834645669
11
1.4092212204724408
21
-0.4804111417322834
0
LINE
8
BLACK
6
CONTINUOUS
10
1.4092212204724408
20
-0.4804111417322834
11
1.4260999212598424
21
-0.481998031496063
0
LINE
8
BLACK
6
CONTINUOUS
10
1.4260999212598424
20
-0.481998031496063
11
1.4427677559055119
21
-0.4850951181102362
0
LINE
8
BLACK
6
CONTINUOUS
10
1.4427677559055119
20
-0.4850951181102362
11
1.4590898818897637
21
-0.4896773228346457
0
LINE
8
BLACK
6
CONTINUOUS
10
1.4590898818897637
20
-0.4896773228346457
11
1.4749342913385826
21
-0.4957076377952756
0
LINE
8
BLACK
6
CONTINUOUS
10
1.4749342913385826
20
-0.4957076377952756
11
1.490172716535433
21
-0.5031372047244095
0
LINE
8
BLACK
6
CONTINUOUS
10
1.490172716535433
20
-0.5031372047244095
11
1.504681968503937
21
-0.5119059842519685
0
LINE
8
BLACK
6
CONTINUOUS
10
1.504681968503937
20
-0.5119059842519685
11
1.5183446062992125
21
-0.5219429527559055
0
LINE
8
BLACK
6
CONTINUOUS
10
1.5183446062992125
20
-0.5219429527559055
11
1.5310501181102363
21
-0.5331670078740157
0
LINE
8
BLACK
6
CONTINUOUS
10
1.5310501181102363
20
-0.5331670078740157
11
1.5426957086614173
21
-0.5454872440944881
0
LINE
8
BLACK
6
CONTINUOUS
10
1.5426957086614173
20
-0.5454872440944881
11
1.5531871653543308
21
-0.558804094488189
0
LINE
8
BLACK
6
CONTINUOUS
10
1.5531871653543308
20
-0.558804094488189
11
1.5624396456692913
21
-0.5730097637795275
0
LINE
8
BLACK
6
CONTINUOUS
10
1.5624396456692913
20
-0.5730097637795275
11
1.5703782677165354
21
-0.5879893307086614
0
LINE
8
BLACK
6
CONTINUOUS
10
1.5703782677165354
20
-0.5879893307086614
11
1.5769387795275591
21
-0.6036216141732283
0
LINE
8
BLACK
6
CONTINUOUS
10
1.5769387795275591
20
-0.6036216141732283
11
1.5820681496062992
21
-0.6197801574803149
0
LINE
8
BLACK
6
CONTINUOUS
10
1.5820681496062992
20
-0.6197801574803149
11
1.5857248818897638
21
-0.6363342125984252
0
LINE
8
BLACK
6
CONTINUOUS
10
1.5857248818897638
20
-0.6363342125984252
11
1.5878793700787401
21
-0.6531498818897638
0
LINE
8
BLACK
6
CONTINUOUS
10
1.5878793700787401
20
-0.6531498818897638
11
1.5885141732283463
21
-0.6700911417322835
0
LINE
8
BLACK
6
CONTINUOUS
10
1.5885141732283463
20
-0.6700911417322835
11
1.587676062992126
21
-0.686033937007874
0
LINE
8
BLACK
6
CONTINUOUS
10
1.587676062992126
20
-0.686033937007874
11
2.9323653543307087
21
-0.8175732283464566
0
LINE
8
BLACK
6
CONTINUOUS
10
2.9323653543307087
20
-0.8175732283464566
11
2.9345193307086612
21
-0.8023806692913386
0
LINE
8
BLACK
6
CONTINUOUS
10
2.9345193307086612
20
-0.8023806692913386
11
2.9382024015748032
21
-0.7864717322834646
0
LINE
8
BLACK
6
CONTINUOUS
10
2.9382024015748032
20
-0.7864717322834646
11
2.9432486614173228
21
-0.7709413385826771
0
LINE
8
BLACK
6
CONTINUOUS
10
2.9432486614173228
20
-0.7709413385826771
11
2.9496202362204724
21
-0.7559059842519685
0
LINE
8
BLACK
6
CONTINUOUS
10
2.9496202362204724
20
-0.7559059842519685
11
2.9572692913385827
21
-0.7414785433070866
0
LINE
8
BLACK
6
CONTINUOUS
10
2.9572692913385827
20
-0.7414785433070866
11
2.9661384251968501
21
-0.7277673622047244
0
LINE
8
BLACK
6
CONTINUOUS
10
2.9661384251968501
20
-0.7277673622047244
11
2.976161062992126
21
-0.7148752755905512
0
LINE
8
BLACK
6
CONTINUOUS
10
2.976161062992126
20
-0.7148752755905512
11
2.9872619685039368
21
-0.7028991338582677
0
LINE
8
BLACK
6
CONTINUOUS
10
2.9872619685039368
20
-0.7028991338582677
11
2.9993578346456693
21
-0.6919287401574803
0
LINE
8
BLACK
6
CONTINUOUS
10
2.9993578346456693
20
-0.6919287401574803
11
3.0123578346456692
21
-0.6820465354330708
0
LINE
8
BLACK
6
CONTINUOUS
10
3.0123578346456692
20
-0.6820465354330708
11
3.0261644488188977
21
-0.6733266141732284
0
LINE
8
BLACK
6
CONTINUOUS
10
3.0261644488188977
20
-0.6733266141732284
11
3.0406739763779527
21
-0.6658344881889764
0
LINE
8
BLACK
6
CONTINUOUS
10
3.0406739763779527
20
-0.6658344881889764
11
3.0557775590551182
21
-0.6596263385826772
0
LINE
8
BLACK
6
CONTINUOUS
10
3.0557775590551182
20
-0.6596263385826772
11
3.0713617716535433
21
-0.6547488188976378
0
LINE
8
BLACK
6
CONTINUOUS
10
3.0713617716535433
20
-0.6547488188976378
11
3.0873097244094487
21
-0.6512385433070866
0
LINE
8
BLACK
6
CONTINUOUS
10
3.0873097244094487
20
-0.6512385433070866
11
3.1035016141732283
21
-0.6491217716535433
0
LINE
8
BLACK
6
CONTINUOUS
10
3.1035016141732283
20
-0.6491217716535433
11
3.119814842519685
21
-0.6484145275590552
0
LINE
8
BLACK
6
CONTINUOUS
10
3.119814842519685
20
-0.6484145275590552
11
3.1198159842519684
21
-0.6484141732283465
0
LINE
8
BLACK
6
CONTINUOUS
10
3.1198159842519684
20
-0.6484141732283465
11
3.136306377952756
21
-0.6491370078740157
0
LINE
8
BLACK
6
CONTINUOUS
10
3.136306377952756
20
-0.6491370078740157
11
3.1526702755905509
21
-0.651299842519685
0
LINE
8
BLACK
6
CONTINUOUS
10
3.1526702755905509
20
-0.651299842519685
11
3.1687822047244092
21
-0.6548860236220472
0
LINE
8
BLACK
6
CONTINUOUS
10
3.1687822047244092
20
-0.6548860236220472
11
3.1845186220472441
21
-0.6598681102362205
0
LINE
8
BLACK
6
CONTINUOUS
10
3.1845186220472441
20
-0.6598681102362205
11
3.199758779527559
21
-0.666207874015748
0
LINE
8
BLACK
6
CONTINUOUS
10
3.199758779527559
20
-0.666207874015748
11
3.2143858661417322
21
-0.673856653543307
0
LINE
8
BLACK
6
CONTINUOUS
10
3.2143858661417322
20
-0.673856653543307
11
3.2282876377952756
21
-0.6827558267716535
0
LINE
8
BLACK
6
CONTINUOUS
10
3.2282876377952756
20
-0.6827558267716535
11
3.2413575196850393
21
-0.6928371653543307
0
LINE
8
BLACK
6
CONTINUOUS
10
3.2413575196850393
20
-0.6928371653543307
11
3.25349531496063
21
-0.7040233070866142
0
LINE
8
BLACK
6
CONTINUOUS
10
3.25349531496063
20
-0.7040233070866142
11
3.2646078346456693
21
-0.7162285039370079
0
LINE
8
BLACK
6
CONTINUOUS
10
3.2646078346456693
20
-0.7162285039370079
11
3.2746099606299213
21
-0.7293591338582677
0
LINE
8
BLACK
6
CONTINUOUS
10
3.2746099606299213
20
-0.7293591338582677
11
3.2834248818897636
21
-0.7433144881889764
0
LINE
8
BLACK
6
CONTINUOUS
10
3.2834248818897636
20
-0.7433144881889764
11
3.2909850787401576
21
-0.7579875590551181
0
LINE
8
BLACK
6
CONTINUOUS
10
3.2909850787401576
20
-0.7579875590551181
11
3.2972325590551179
21
-0.7732657874015748
0
LINE
8
BLACK
6
CONTINUOUS
10
3.2972325590551179
20
-0.7732657874015748
11
3.3021193700787399
21
-0.7890320078740157
0
LINE
8
BLACK
6
CONTINUOUS
10
3.3021193700787399
20
-0.7890320078740157
11
3.3056080708661417
21
-0.8051653543307087
0
LINE
8
BLACK
6
CONTINUOUS
10
3.3056080708661417
20
-0.8051653543307087
11
3.3076718897637796
21
-0.8215420472440945
0
LINE
8
BLACK
6
CONTINUOUS
10
3.3076718897637796
20
-0.8215420472440945
11
3.3082949999999998
21
-0.8380364960629921
0
LINE
8
BLACK
6
CONTINUOUS
10
3.3082949999999998
20
-0.8380364960629921
11
3.3075226771653541
21
-0.8535183070866141
0
LINE
8
BLACK
6
CONTINUOUS
10
3.3075226771653541
20
-0.8535183070866141
11
5.999976614173228
21
-1.1064001574803148
0
LINE
8
BLACK
6
CONTINUOUS
10
5.999976614173228
20
-1.1064001574803148
11
6.0021116929133855
21
-1.0909784251968504
0
LINE
8
BLACK
6
CONTINUOUS
10
6.0021116929133855
20
-1.0909784251968504
11
6.005811811023622
21
-1.0748432283464566
0
LINE
8
BLACK
6
CONTINUOUS
10
6.005811811023622
20
-1.0748432283464566
11
6.0109134251968506
21
-1.0590949212598424
0
LINE
8
BLACK
6
CONTINUOUS
10
6.0109134251968506
20
-1.0590949212598424
11
6.0173771653543309
21
-1.0438549606299212
0
LINE
8
BLACK
6
CONTINUOUS
10
6.0173771653543309
20
-1.0438549606299212
11
6.0251531496062993
21
-1.0292409448818898
0
LINE
8
BLACK
6
CONTINUOUS
10
6.0251531496062993
20
-1.0292409448818898
11
6.0341814173228343
21
-1.0153655905511811
0
LINE
8
BLACK
6
CONTINUOUS
10
6.0341814173228343
20
-1.0153655905511811
11
6.0443923228346454
21
-1.0023358661417323
0
LINE
8
BLACK
6
CONTINUOUS
10
6.0443923228346454
20
-1.0023358661417323
11
6.0557070866141727
21
-0.9902523622047243
0
LINE
8
BLACK
6
CONTINUOUS
10
6.0557070866141727
20
-0.9902523622047243
11
6.0680384645669294
21
-0.9792082283464567
0
LINE
8
BLACK
6
CONTINUOUS
10
6.0680384645669294
20
-0.9792082283464567
11
6.081291299212598
21
-0.9692887007874016
0
LINE
8
BLACK
6
CONTINUOUS
10
6.081291299212598
20
-0.9692887007874016
11
6.09536342519685
21
-0.9605702362204724
0
LINE
8
BLACK
6
CONTINUOUS
10
6.09536342519685
20
-0.9605702362204724
11
6.1101462204724406
21
-0.9531201181102362
0
LINE
8
BLACK
6
CONTINUOUS
10
6.1101462204724406
20
-0.9531201181102362
11
6.1255257086614172
21
-0.9469958267716535
0
LINE
8
BLACK
6
CONTINUOUS
10
6.1255257086614172
20
-0.9469958267716535
11
6.1413832283464567
21
-0.9422445669291338
0
LINE
8
BLACK
6
CONTINUOUS
10
6.1413832283464567
20
-0.9422445669291338
11
6.1575964960629923
21
-0.938903031496063
0
LINE
8
BLACK
6
CONTINUOUS
10
6.1575964960629923
20
-0.938903031496063
11
6.174040433070866
21
-0.936996968503937
0
LINE
8
BLACK
6
CONTINUOUS
10
6.174040433070866
20
-0.936996968503937
11
6.1905881496062989
21
-0.9365411023622047
0
LINE
8
BLACK
6
CONTINUOUS
10
6.1905881496062989
20
-0.9365411023622047
11
6.2071120866141731
21
-0.9375388976377953
0
LINE
8
BLACK
6
CONTINUOUS
10
6.2071120866141731
20
-0.9375388976377953
11
6.2234847244094489
21
-0.9399827165354331
0
LINE
8
BLACK
6
CONTINUOUS
10
6.2234847244094489
20
-0.9399827165354331
11
6.2395798031496064
21
-0.9438536614173229
0
LINE
8
BLACK
6
CONTINUOUS
10
6.2395798031496064
20
-0.9438536614173229
11
6.2552731496062988
21
-0.9491219291338583
0
LINE
8
BLACK
6
CONTINUOUS
10
6.2552731496062988
20
-0.9491219291338583
11
6.2704437007874017
21
-0.955746811023622
0
LINE
8
BLACK
6
CONTINUOUS
10
6.2704437007874017
20
-0.955746811023622
11
6.2849744881889764
21
-0.9636772834645669
0
LINE
8
BLACK
6
CONTINUOUS
10
6.2849744881889764
20
-0.9636772834645669
11
6.2987533858267719
21
-0.9728520866141732
0
LINE
8
BLACK
6
CONTINUOUS
10
6.2987533858267719
20
-0.9728520866141732
11
6.3116741338582676
21
-0.9832005511811024
0
LINE
8
BLACK
6
CONTINUOUS
10
6.3116741338582676
20
-0.9832005511811024
11
6.3236370472440946
21
-0.9946427559055118
0
LINE
8
BLACK
6
CONTINUOUS
10
6.3236370472440946
20
-0.9946427559055118
11
6.3345498425196851
21
-1.0070905118110236
0
LINE
8
BLACK
6
CONTINUOUS
10
6.3345498425196851
20
-1.0070905118110236
11
6.3440074409448819
21
-1.0200094488188975
0
LINE
8
BLACK
6
CONTINUOUS
10
6.3440074409448819
20
-1.0200094488188975
11
7.5309924015748031
21
-1.0200094881889763
0
LINE
8
BLACK
6
CONTINUOUS
10
7.5309924015748031
20
-1.0200094881889763
11
7.5404501574803149
21
-1.0070905118110236
0
LINE
8
BLACK
6
CONTINUOUS
10
7.5404501574803149
20
-1.0070905118110236
11
7.5513629527559054
21
-0.9946427559055118
0
LINE
8
BLACK
6
CONTINUOUS
10
7.5513629527559054
20
-0.9946427559055118
11
7.5633258267716537
21
-0.9832005118110236
0
LINE
8
BLACK
6
CONTINUOUS
10
7.5633258267716537
20
-0.9832005118110236
11
7.5762465748031493
21
-0.9728520866141732
0
LINE
8
BLACK
6
CONTINUOUS
10
7.5762465748031493
20
-0.9728520866141732
11
7.5900254724409448
21
-0.9636772440944882
0
LINE
8
BLACK
6
CONTINUOUS
10
7.5900254724409448
20
-0.9636772440944882
11
7.6045562598425196
21
-0.955746811023622
0
LINE
8
BLACK
6
CONTINUOUS
10
7.6045562598425196
20
-0.955746811023622
11
7.6197268110236216
21
-0.9491218897637795
0
LINE
8
BLACK
6
CONTINUOUS
10
7.6197268110236216
20
-0.9491218897637795
11
7.6354201574803149
21
-0.9438536220472441
0
LINE
8
BLACK
6
CONTINUOUS
10
7.6354201574803149
20
-0.9438536220472441
11
7.6515152362204724
21
-0.9399826771653543
0
LINE
8
BLACK
6
CONTINUOUS
10
7.6515152362204724
20
-0.9399826771653543
11
7.6678878740157481
21
-0.9375388582677165
0
LINE
8
BLACK
6
CONTINUOUS
10
7.6678878740157481
20
-0.9375388582677165
11
7.6844118110236215
21
-0.9365410629921259
0
LINE
8
BLACK
6
CONTINUOUS
10
7.6844118110236215
20
-0.9365410629921259
11
7.7009595275590552
21
-0.9369969291338582
0
LINE
8
BLACK
6
CONTINUOUS
10
7.7009595275590552
20
-0.9369969291338582
11
7.7174034645669289
21
-0.9389029921259843
0
LINE
8
BLACK
6
CONTINUOUS
10
7.7174034645669289
20
-0.9389029921259843
11
7.7336167322834646
21
-0.9422445275590551
0
LINE
8
BLACK
6
CONTINUOUS
10
7.7336167322834646
20
-0.9422445275590551
11
7.749474251968504
21
-0.9469957874015748
0
LINE
8
BLACK
6
CONTINUOUS
10
7.749474251968504
20
-0.9469957874015748
11
7.7648537401574798
21
-0.9531200787401575
0
LINE
8
BLACK
6
CONTINUOUS
10
7.7648537401574798
20
-0.9531200787401575
11
7.7796365748031491
21
-0.9605701574803149
0
LINE
8
BLACK
6
CONTINUOUS
10
7.7796365748031491
20
-0.9605701574803149
11
7.7937086614173223
21
-0.9692886220472441
0
LINE
8
BLACK
6
CONTINUOUS
10
7.7937086614173223
20
-0.9692886220472441
11
7.8069615354330706
21
-0.9792081496062992
0
LINE
8
BLACK
6
CONTINUOUS
10
7.8069615354330706
20
-0.9792081496062992
11
7.8192929133858264
21
-0.990252283464567
0
LINE
8
BLACK
6
CONTINUOUS
10
7.8192929133858264
20
-0.990252283464567
11
7.8306076771653546
21
-1.0023358267716536
0
LINE
8
BLACK
6
CONTINUOUS
10
7.8306076771653546
20
-1.0023358267716536
11
7.8408185826771648
21
-1.0153655118110236
0
LINE
8
BLACK
6
CONTINUOUS
10
7.8408185826771648
20
-1.0153655118110236
11
7.8498468503937007
21
-1.0292408661417323
0
LINE
8
BLACK
6
CONTINUOUS
10
7.8498468503937007
20
-1.0292408661417323
11
7.8576228346456691
21
-1.0438548818897637
0
LINE
8
BLACK
6
CONTINUOUS
10
7.8576228346456691
20
-1.0438548818897637
11
7.8640865748031494
21
-1.0590948425196851
0
LINE
8
BLACK
6
CONTINUOUS
10
7.8640865748031494
20
-1.0590948425196851
11
7.869188188976378
21
-1.0748431496062991
0
LINE
8
BLACK
6
CONTINUOUS
10
7.869188188976378
20
-1.0748431496062991
11
7.8728883464566923
21
-1.0909783464566929
0
LINE
8
BLACK
6
CONTINUOUS
10
7.8728883464566923
20
-1.0909783464566929
11
7.8750233464566923
21
-1.1064000787401576
0
LINE
8
BLACK
6
CONTINUOUS
10
7.8750233464566923
20
-1.1064000787401576
11
10.5674764566929138
21
-0.8535383858267717
0
LINE
8
BLACK
6
CONTINUOUS
10
10.5674764566929138
20
-0.8535383858267717
11
10.5667031496062993
21
-0.8380364960629921
0
LINE
8
BLACK
6
CONTINUOUS
10
10.5667031496062993
20
-0.8380364960629921
11
10.5673262598425186
21
-0.8215418897637795
0
LINE
8
BLACK
6
CONTINUOUS
10
10.5673262598425186
20
-0.8215418897637795
11
10.5693901181102365
21
-0.8051650393700788
0
LINE
8
BLACK
6
CONTINUOUS
10
10.5693901181102365
20
-0.8051650393700788
11
10.572878818897637
21
-0.7890315354330708
0
LINE
8
BLACK
6
CONTINUOUS
10
10.572878818897637
20
-0.7890315354330708
11
10.577765708661417
21
-0.773265157480315
0
LINE
8
BLACK
6
CONTINUOUS
10
10.577765708661417
20
-0.773265157480315
11
10.584013228346457
21
-0.7579867716535433
0
LINE
8
BLACK
6
CONTINUOUS
10
10.584013228346457
20
-0.7579867716535433
11
10.591573503937008
21
-0.7433135826771653
0
LINE
8
BLACK
6
CONTINUOUS
10
10.591573503937008
20
-0.7433135826771653
11
10.600388543307087
21
-0.7293580708661417
0
LINE
8
BLACK
6
CONTINUOUS
10
10.600388543307087
20
-0.7293580708661417
11
10.6103907480314952
21
-0.7162273228346456
0
LINE
8
BLACK
6
CONTINUOUS
10
10.6103907480314952
20
-0.7162273228346456
11
10.621503385826772
21
-0.7040220078740157
0
LINE
8
BLACK
6
CONTINUOUS
10
10.621503385826772
20
-0.7040220078740157
11
10.6336412598425198
21
-0.6928357480314961
0
LINE
8
BLACK
6
CONTINUOUS
10
10.6336412598425198
20
-0.6928357480314961
11
10.6467112992125976
21
-0.6827543307086614
0
LINE
8
BLACK
6
CONTINUOUS
10
10.6467112992125976
20
-0.6827543307086614
11
10.6606132283464561
21
-0.6738550393700787
0
LINE
8
BLACK
6
CONTINUOUS
10
10.6606132283464561
20
-0.6738550393700787
11
10.6752404330708668
21
-0.6662061811023622
0
LINE
8
BLACK
6
CONTINUOUS
10
10.6752404330708668
20
-0.6662061811023622
11
10.6904807480314954
21
-0.6598663779527559
0
LINE
8
BLACK
6
CONTINUOUS
10
10.6904807480314954
20
-0.6598663779527559
11
10.7062172834645661
21
-0.654884251968504
0
LINE
8
BLACK
6
CONTINUOUS
10
10.7062172834645661
20
-0.654884251968504
11
10.7223294094488182
21
-0.651298031496063
0
LINE
8
BLACK
6
CONTINUOUS
10
10.7223294094488182
20
-0.651298031496063
11
10.7386934645669285
21
-0.6491351574803149
0
LINE
8
BLACK
6
CONTINUOUS
10
10.7386934645669285
20
-0.6491351574803149
11
10.7551840157480321
21
-0.6484123228346457
0
LINE
8
BLACK
6
CONTINUOUS
10
10.7551840157480321
20
-0.6484123228346457
11
10.7551840157480321
21
-0.6484123622047244
0
LINE
8
BLACK
6
CONTINUOUS
10
10.7551840157480321
20
-0.6484123622047244
11
10.7714985433070858
21
-0.6491196456692914
0
LINE
8
BLACK
6
CONTINUOUS
10
10.7714985433070858
20
-0.6491196456692914
11
10.7876906692913384
21
-0.6512364173228347
0
LINE
8
BLACK
6
CONTINUOUS
10
10.7876906692913384
20
-0.6512364173228347
11
10.8036387795275584
21
-0.6547467716535433
0
LINE
8
BLACK
6
CONTINUOUS
10
10.8036387795275584
20
-0.6547467716535433
11
10.8192231889763786
21
-0.6596243700787402
0
LINE
8
BLACK
6
CONTINUOUS
10
10.8192231889763786
20
-0.6596243700787402
11
10.8343269291338586
21
-0.6658325590551181
0
LINE
8
BLACK
6
CONTINUOUS
10
10.8343269291338586
20
-0.6658325590551181
11
10.8488366141732282
21
-0.6733247637795275
0
LINE
8
BLACK
6
CONTINUOUS
10
10.8488366141732282
20
-0.6733247637795275
11
10.8626433464566929
21
-0.6820447637795275
0
LINE
8
BLACK
6
CONTINUOUS
10
10.8626433464566929
20
-0.6820447637795275
11
10.8756435039370078
21
-0.691927125984252
0
LINE
8
BLACK
6
CONTINUOUS
10
10.8756435039370078
20
-0.691927125984252
11
10.8877395275590541
21
-0.7028975984251968
0
LINE
8
BLACK
6
CONTINUOUS
10
10.8877395275590541
20
-0.7028975984251968
11
10.8988405511811024
21
-0.7148738976377953
0
LINE
8
BLACK
6
CONTINUOUS
10
10.8988405511811024
20
-0.7148738976377953
11
10.9088633070866141
21
-0.7277661023622047
0
LINE
8
BLACK
6
CONTINUOUS
10
10.9088633070866141
20
-0.7277661023622047
11
10.9177325590551177
21
-0.7414774803149606
0
LINE
8
BLACK
6
CONTINUOUS
10
10.9177325590551177
20
-0.7414774803149606
11
10.9253816929133851
21
-0.7559050393700787
0
LINE
8
BLACK
6
CONTINUOUS
10
10.9253816929133851
20
-0.7559050393700787
11
10.9317533464566932
21
-0.7709405511811024
0
LINE
8
BLACK
6
CONTINUOUS
10
10.9317533464566932
20
-0.7709405511811024
11
10.9367996456692911
21
-0.7864711811023621
0
LINE
8
BLACK
6
CONTINUOUS
10
10.9367996456692911
20
-0.7864711811023621
11
10.9404827559055118
21
-0.8023802755905511
0
LINE
8
BLACK
6
CONTINUOUS
10
10.9404827559055118
20
-0.8023802755905511
11
10.9426362992125981
21
-0.81757
0
LINE
8
BLACK
6
CONTINUOUS
10
10.9426362992125981
20
-0.81757
11
12.2873226771653545
21
-0.6860368897637795
0
LINE
8
BLACK
6
CONTINUOUS
10
12.2873226771653545
20
-0.6860368897637795
11
12.2864888976377955
21
-0.6704999606299212
0
LINE
8
BLACK
6
CONTINUOUS
10
12.2864888976377955
20
-0.6704999606299212
11
12.287054448818898
21
-0.6539648818897638
0
LINE
8
BLACK
6
CONTINUOUS
10
12.287054448818898
20
-0.6539648818897638
11
12.2890678346456692
21
-0.6375430708661417
0
LINE
8
BLACK
6
CONTINUOUS
10
12.2890678346456692
20
-0.6375430708661417
11
12.2925135826771648
21
-0.6213611023622048
0
LINE
8
BLACK
6
CONTINUOUS
10
12.2925135826771648
20
-0.6213611023622048
11
12.2973650787401567
21
-0.6055436220472441
0
LINE
8
BLACK
6
CONTINUOUS
10
12.2973650787401567
20
-0.6055436220472441
11
12.3035849606299212
21
-0.590212559055118
0
LINE
8
BLACK
6
CONTINUOUS
10
12.3035849606299212
20
-0.590212559055118
11
12.3111253149606288
21
-0.5754859842519685
0
LINE
8
BLACK
6
CONTINUOUS
10
12.3111253149606288
20
-0.5754859842519685
11
12.3199280314960635
21
-0.5614773622047244
0
LINE
8
BLACK
6
CONTINUOUS
10
12.3199280314960635
20
-0.5614773622047244
11
12.3299253149606294
21
-0.5482946850393701
0
LINE
8
BLACK
6
CONTINUOUS
10
12.3299253149606294
20
-0.5482946850393701
11
12.3410401181102358
21
-0.5360394488188976
0
LINE
8
BLACK
6
CONTINUOUS
10
12.3410401181102358
20
-0.5360394488188976
11
12.3531868110236225
21
-0.5248061417322835
0
LINE
8
BLACK
6
CONTINUOUS
10
12.3531868110236225
20
-0.5248061417322835
11
12.3662717716535422
21
-0.5146812992125984
0
LINE
8
BLACK
6
CONTINUOUS
10
12.3662717716535422
20
-0.5146812992125984
11
12.3801942125984255
21
-0.505742874015748
0
LINE
8
BLACK
6
CONTINUOUS
10
12.3801942125984255
20
-0.505742874015748
11
12.3948468503936997
21
-0.498059842519685
0
LINE
8
BLACK
6
CONTINUOUS
10
12.3948468503936997
20
-0.498059842519685
11
12.410116811023622
21
-0.4916913385826772
0
LINE
8
BLACK
6
CONTINUOUS
10
12.410116811023622
20
-0.4916913385826772
11
12.4258863779527555
21
-0.4866864173228346
0
LINE
8
BLACK
6
CONTINUOUS
10
12.4258863779527555
20
-0.4866864173228346
11
12.4420341338582681
21
-0.4830837007874015
0
LINE
8
BLACK
6
CONTINUOUS
10
12.4420341338582681
20
-0.4830837007874015
11
12.458435590551181
21
-0.4809108661417323
0
LINE
8
BLACK
6
CONTINUOUS
10
12.458435590551181
20
-0.4809108661417323
11
12.4749644094488179
21
-0.4801847244094488
0
LINE
8
BLACK
6
CONTINUOUS
10
12.4749644094488179
20
-0.4801847244094488
11
12.4749644094488179
21
-0.4801869291338582
0
LINE
8
BLACK
6
CONTINUOUS
10
1.3839600000000001
20
-0.4826610236220472
11
1.3673112992125984
21
-0.484857874015748
0
LINE
8
BLACK
6
CONTINUOUS
10
1.3673112992125984
20
-0.484857874015748
11
1.3509273622047244
21
-0.4885417716535433
0
LINE
8
BLACK
6
CONTINUOUS
10
1.3509273622047244
20
-0.4885417716535433
11
1.3349407086614173
21
-0.4936829527559055
0
LINE
8
BLACK
6
CONTINUOUS
10
1.3349407086614173
20
-0.4936829527559055
11
1.3194807086614173
21
-0.5002398031496063
0
LINE
8
BLACK
6
CONTINUOUS
10
1.3194807086614173
20
-0.5002398031496063
11
1.3046723622047245
21
-0.5081592125984252
0
LINE
8
BLACK
6
CONTINUOUS
10
1.3046723622047245
20
-0.5081592125984252
11
1.2906355118110235
21
-0.5173772440944882
0
LINE
8
BLACK
6
CONTINUOUS
10
1.2906355118110235
20
-0.5173772440944882
11
1.2774837007874016
21
-0.5278192125984252
0
LINE
8
BLACK
6
CONTINUOUS
10
1.2774837007874016
20
-0.5278192125984252
11
1.2653233464566929
21
-0.5394006692913386
0
LINE
8
BLACK
6
CONTINUOUS
10
1.2653233464566929
20
-0.5394006692913386
11
1.2542528346456692
21
-0.5520279527559055
0
LINE
8
BLACK
6
CONTINUOUS
10
1.2542528346456692
20
-0.5520279527559055
11
1.2443616929133858
21
-0.5655988582677165
0
LINE
8
BLACK
6
CONTINUOUS
10
1.2443616929133858
20
-0.5655988582677165
11
1.2357299606299212
21
-0.5800036614173228
0
LINE
8
BLACK
6
CONTINUOUS
10
1.2357299606299212
20
-0.5800036614173228
11
1.2284274803149606
21
-0.5951257874015747
0
LINE
8
BLACK
6
CONTINUOUS
10
1.2284274803149606
20
-0.5951257874015747
11
1.2225133070866141
21
-0.610842874015748
0
LINE
8
BLACK
6
CONTINUOUS
10
1.2225133070866141
20
-0.610842874015748
11
1.21803531496063
21
-0.6270277952755905
0
LINE
8
BLACK
6
CONTINUOUS
10
1.21803531496063
20
-0.6270277952755905
11
1.21502968503937
21
-0.6435496062992125
0
LINE
8
BLACK
6
CONTINUOUS
10
1.21502968503937
20
-0.6435496062992125
11
1.213520748031496
21
-0.66027468503937
0
LINE
8
BLACK
6
CONTINUOUS
10
1.213520748031496
20
-0.66027468503937
11
1.2135198425196849
21
-0.6686711811023622
0
LINE
8
BLACK
6
CONTINUOUS
10
1.2135198425196849
20
-0.6686711811023622
11
1.213517874015748
21
-0.6686772047244094
0
LINE
8
BLACK
6
CONTINUOUS
10
1.213517874015748
20
-0.6686772047244094
11
1.213518622047244
21
-0.6766107874015748
0
LINE
8
BLACK
6
CONTINUOUS
10
1.213518622047244
20
-0.6766107874015748
11
1.2148682283464567
21
-0.6924325984251969
0
LINE
8
BLACK
6
CONTINUOUS
10
1.2148682283464567
20
-0.6924325984251969
11
1.2175575196850394
21
-0.7080824409448818
0
LINE
8
BLACK
6
CONTINUOUS
10
1.2175575196850394
20
-0.7080824409448818
11
1.2215670472440945
21
-0.7234471653543307
0
LINE
8
BLACK
6
CONTINUOUS
10
1.2215670472440945
20
-0.7234471653543307
11
1.2268677559055119
21
-0.7384155511811024
0
LINE
8
BLACK
6
CONTINUOUS
10
1.2268677559055119
20
-0.7384155511811024
11
1.2334213779527559
21
-0.7528793307086614
0
LINE
8
BLACK
6
CONTINUOUS
10
1.2334213779527559
20
-0.7528793307086614
11
1.2411803937007875
21
-0.7667338582677166
0
LINE
8
BLACK
6
CONTINUOUS
10
1.2411803937007875
20
-0.7667338582677166
11
1.2500887401574803
21
-0.7798788976377953
0
LINE
8
BLACK
6
CONTINUOUS
10
1.2500887401574803
20
-0.7798788976377953
11
1.2600819685039371
21
-0.7922193307086614
0
LINE
8
BLACK
6
CONTINUOUS
10
1.2600819685039371
20
-0.7922193307086614
11
1.2710877559055118
21
-0.8036658661417323
0
LINE
8
BLACK
6
CONTINUOUS
10
1.2710877559055118
20
-0.8036658661417323
11
1.2830264566929133
21
-0.8141357086614173
0
LINE
8
BLACK
6
CONTINUOUS
10
1.2830264566929133
20
-0.8141357086614173
11
1.2958117322834646
21
-0.8235531102362205
0
LINE
8
BLACK
6
CONTINUOUS
10
1.2958117322834646
20
-0.8235531102362205
11
1.3093510629921259
21
-0.8318499606299212
0
LINE
8
BLACK
6
CONTINUOUS
10
1.3093510629921259
20
-0.8318499606299212
11
1.3235464960629921
21
-0.8389661417322835
0
LINE
8
BLACK
6
CONTINUOUS
10
1.3235464960629921
20
-0.8389661417322835
11
1.3382953149606298
21
-0.8448502755905511
0
LINE
8
BLACK
6
CONTINUOUS
10
1.3382953149606298
20
-0.8448502755905511
11
1.3534908267716534
21
-0.8494597244094488
0
LINE
8
BLACK
6
CONTINUOUS
10
1.3534908267716534
20
-0.8494597244094488
11
1.3612568110236221
21
-0.8511111023622047
0
LINE
8
BLACK
6
CONTINUOUS
10
1.3612568110236221
20
-0.8511111023622047
11
1.3614666929133858
21
-0.8512322834645669
0
LINE
8
BLACK
6
CONTINUOUS
10
1.3614666929133858
20
-0.8512322834645669
11
1.3616096456692912
21
-0.8512626771653543
0
LINE
8
BLACK
6
CONTINUOUS
10
1.3616096456692912
20
-0.8512626771653543
11
1.3616638188976378
21
-0.8513461023622048
0
LINE
8
BLACK
6
CONTINUOUS
10
1.3616638188976378
20
-0.8513461023622048
11
1.3617836220472441
21
-0.8514152755905512
0
LINE
8
BLACK
6
CONTINUOUS
10
1.3617836220472441
20
-0.8514152755905512
11
1.3619468897637794
21
-0.8517820472440945
0
LINE
8
BLACK
6
CONTINUOUS
10
1.3619468897637794
20
-0.8517820472440945
11
1.3620199212598425
21
-0.8518944881889764
0
LINE
8
BLACK
6
CONTINUOUS
10
1.3620199212598425
20
-0.8518944881889764
11
1.3620192519685039
21
-0.8519445669291338
0
LINE
8
BLACK
6
CONTINUOUS
10
1.3620192519685039
20
-0.8519445669291338
11
1.3620310236220472
21
-0.8519709842519685
0
LINE
8
BLACK
6
CONTINUOUS
10
1.3620310236220472
20
-0.8519709842519685
11
1.3620181102362205
21
-0.8520316141732284
0
LINE
8
BLACK
6
CONTINUOUS
10
1.3620181102362205
20
-0.8520316141732284
11
1.3620149212598425
21
-0.8522784645669291
0
LINE
8
BLACK
6
CONTINUOUS
10
1.3620149212598425
20
-0.8522784645669291
11
0.7550595669291339
21
-3.707776338582677
0
LINE
8
BLACK
6
CONTINUOUS
10
0.7550595669291339
20
-3.707776338582677
11
0.7549630314960629
21
-3.7080009448818898
0
LINE
8
BLACK
6
CONTINUOUS
10
0.7549630314960629
20
-3.7080009448818898
11
0.7549496850393701
21
-3.7080638188976378
0
LINE
8
BLACK
6
CONTINUOUS
10
0.7549496850393701
20
-3.7080638188976378
11
0.7549274015748031
21
-3.7080838582677162
0
LINE
8
BLACK
6
CONTINUOUS
10
0.7549274015748031
20
-3.7080838582677162
11
0.7549079527559055
21
-3.7081291732283463
0
LINE
8
BLACK
6
CONTINUOUS
10
0.7549079527559055
20
-3.7081291732283463
11
0.7547972440944881
21
-3.7082010236220473
0
LINE
8
BLACK
6
CONTINUOUS
10
0.7547972440944881
20
-3.7082010236220473
11
0.7544975984251968
21
-3.7084708661417323
0
LINE
8
BLACK
6
CONTINUOUS
10
0.7544975984251968
20
-3.7084708661417323
11
0.7543594094488189
21
-3.7084853543307084
0
LINE
8
BLACK
6
CONTINUOUS
10
0.7543594094488189
20
-3.7084853543307084
11
0.7542761811023622
21
-3.7085394488188976
0
LINE
8
BLACK
6
CONTINUOUS
10
0.7542761811023622
20
-3.7085394488188976
11
0.7541335039370078
21
-3.7085090944881891
0
LINE
8
BLACK
6
CONTINUOUS
10
0.7541335039370078
20
-3.7085090944881891
11
0.7538926377952756
21
-3.7085344488188974
0
LINE
8
BLACK
6
CONTINUOUS
10
0.7538926377952756
20
-3.7085344488188974
11
0.7538926377952756
21
-3.7085345275590549
0
LINE
8
BLACK
6
CONTINUOUS
10
0.7538926377952756
20
-3.7085345275590549
11
0.7456256692913386
21
-3.7067751968503937
0
LINE
8
BLACK
6
CONTINUOUS
10
0.7456256692913386
20
-3.7067751968503937
11
0.7288407874015748
21
-3.7047704724409449
0
LINE
8
BLACK
6
CONTINUOUS
10
0.7288407874015748
20
-3.7047704724409449
11
0.7119433464566929
21
-3.7042921259842521
0
LINE
8
BLACK
6
CONTINUOUS
10
0.7119433464566929
20
-3.7042921259842521
11
0.6950719291338583
21
-3.7053439763779528
0
LINE
8
BLACK
6
CONTINUOUS
10
0.6950719291338583
20
-3.7053439763779528
11
0.6783648031496062
21
-3.7079174803149604
0
LINE
8
BLACK
6
CONTINUOUS
10
0.6783648031496062
20
-3.7079174803149604
11
0.6619588582677165
21
-3.7119914960629918
0
LINE
8
BLACK
6
CONTINUOUS
10
0.6619588582677165
20
-3.7119914960629918
11
0.6459886614173228
21
-3.7175326377952755
0
LINE
8
BLACK
6
CONTINUOUS
10
0.6459886614173228
20
-3.7175326377952755
11
0.6305850787401575
21
-3.7244954724409447
0
LINE
8
BLACK
6
CONTINUOUS
10
0.6305850787401575
20
-3.7244954724409447
11
0.6158744094488189
21
-3.7328229921259841
0
LINE
8
BLACK
6
CONTINUOUS
10
0.6158744094488189
20
-3.7328229921259841
11
0.6019771653543307
21
-3.7424468503937005
0
LINE
8
BLACK
6
CONTINUOUS
10
0.6019771653543307
20
-3.7424468503937005
11
0.5890073622047244
21
-3.7532881889763781
0
LINE
8
BLACK
6
CONTINUOUS
10
0.5890073622047244
20
-3.7532881889763781
11
0.577071220472441
21
-3.7652581496062991
0
LINE
8
BLACK
6
CONTINUOUS
10
0.577071220472441
20
-3.7652581496062991
11
0.5662666141732283
21
-3.7782586220472441
0
LINE
8
BLACK
6
CONTINUOUS
10
0.5662666141732283
20
-3.7782586220472441
11
0.5566821259842519
21
-3.7921830314960627
0
LINE
8
BLACK
6
CONTINUOUS
10
0.5566821259842519
20
-3.7921830314960627
11
0.5483962992125984
21
-3.8069172047244093
0
LINE
8
BLACK
6
CONTINUOUS
10
0.5483962992125984
20
-3.8069172047244093
11
0.5414770472440945
21
-3.8223404330708659
0
LINE
8
BLACK
6
CONTINUOUS
10
0.5414770472440945
20
-3.8223404330708659
11
0.5359811417322835
21
-3.8383262598425194
0
LINE
8
BLACK
6
CONTINUOUS
10
0.5359811417322835
20
-3.8383262598425194
11
0.5319535826771653
21
-3.854743622047244
0
LINE
8
BLACK
6
CONTINUOUS
10
0.5319535826771653
20
-3.854743622047244
11
0.5294273622047244
21
-3.871457992125984
0
LINE
8
BLACK
6
CONTINUOUS
10
0.5294273622047244
20
-3.871457992125984
11
0.5284232677165355
21
-3.8883323228346454
0
LINE
8
BLACK
6
CONTINUOUS
10
0.5284232677165355
20
-3.8883323228346454
11
0.5289494488188976
21
-3.9052283464566928
0
LINE
8
BLACK
6
CONTINUOUS
10
0.5289494488188976
20
-3.9052283464566928
11
0.5310016535433071
21
-3.9220074803149605
0
LINE
8
BLACK
6
CONTINUOUS
10
0.5310016535433071
20
-3.9220074803149605
11
0.5345629921259842
21
-3.9385322440944881
0
LINE
8
BLACK
6
CONTINUOUS
10
0.5345629921259842
20
-3.9385322440944881
11
0.5396043700787402
21
-3.9546672047244096
0
LINE
8
BLACK
6
CONTINUOUS
10
0.5396043700787402
20
-3.9546672047244096
11
0.5460843700787401
21
-3.9702800393700786
0
LINE
8
BLACK
6
CONTINUOUS
10
0.5460843700787401
20
-3.9702800393700786
11
0.5539498818897638
21
-3.9852428346456694
0
LINE
8
BLACK
6
CONTINUOUS
10
0.5539498818897638
20
-3.9852428346456694
11
0.5631364960629921
21
-3.9994328740157479
0
LINE
8
BLACK
6
CONTINUOUS
10
0.5631364960629921
20
-3.9994328740157479
11
0.5735688976377953
21
-4.0127338976377951
0
LINE
8
BLACK
6
CONTINUOUS
10
0.5735688976377953
20
-4.0127338976377951
11
0.5851614960629921
21
-4.0250368503937004
0
LINE
8
BLACK
6
CONTINUOUS
10
0.5851614960629921
20
-4.0250368503937004
11
0.5978193700787402
21
-4.0362408661417319
0
LINE
8
BLACK
6
CONTINUOUS
10
0.5978193700787402
20
-4.0362408661417319
11
0.6114386614173228
21
-4.0462541732283466
0
LINE
8
BLACK
6
CONTINUOUS
10
0.6114386614173228
20
-4.0462541732283466
11
0.6259078346456692
21
-4.0549946062992124
0
LINE
8
BLACK
6
CONTINUOUS
10
0.6259078346456692
20
-4.0549946062992124
11
0.6411081889763779
21
-4.062390590551181
0
LINE
8
BLACK
6
CONTINUOUS
10
0.6411081889763779
20
-4.062390590551181
11
0.6569151968503937
21
-4.0683814173228345
0
LINE
8
BLACK
6
CONTINUOUS
10
0.6569151968503937
20
-4.0683814173228345
11
0.6731992519685039
21
-4.0729180708661419
0
LINE
8
BLACK
6
CONTINUOUS
10
0.6731992519685039
20
-4.0729180708661419
11
0.6898268503937007
21
-4.0759633464566924
0
LINE
8
BLACK
6
CONTINUOUS
10
0.6898268503937007
20
-4.0759633464566924
11
0.7066617716535433
21
-4.0774922047244093
0
LINE
8
BLACK
6
CONTINUOUS
10
0.7066617716535433
20
-4.0774922047244093
11
0.7151138582677166
21
-4.0774901181102363
0
LINE
8
BLACK
6
CONTINUOUS
10
0.7151138582677166
20
-4.0774901181102363
11
0.7151139763779527
21
-4.0774901181102363
0
LINE
8
BLACK
6
CONTINUOUS
10
0.7151139763779527
20
-4.0774901181102363
11
0.7232961023622048
21
-4.07748842519685
0
LINE
8
BLACK
6
CONTINUOUS
10
0.7232961023622048
20
-4.07748842519685
11
0.739597716535433
21
-4.0760553937007877
0
LINE
8
BLACK
6
CONTINUOUS
10
0.739597716535433
20
-4.0760553937007877
11
0.7557112204724409
21
-4.07320031496063
0
LINE
8
BLACK
6
CONTINUOUS
10
0.7557112204724409
20
-4.07320031496063
11
0.7715127952755906
21
-4.0689451574803153
0
LINE
8
BLACK
6
CONTINUOUS
10
0.7715127952755906
20
-4.0689451574803153
11
0.786881062992126
21
-4.0633225984251968
0
LINE
8
BLACK
6
CONTINUOUS
10
0.786881062992126
20
-4.0633225984251968
11
0.8016979133858267
21
-4.0563758267716539
0
LINE
8
BLACK
6
CONTINUOUS
10
0.8016979133858267
20
-4.0563758267716539
11
0.8158494881889764
21
-4.0481582283464563
0
LINE
8
BLACK
6
CONTINUOUS
10
0.8158494881889764
20
-4.0481582283464563
11
0.829227125984252
21
-4.0387329527559057
0
LINE
8
BLACK
6
CONTINUOUS
10
0.829227125984252
20
-4.0387329527559057
11
0.8417279527559055
21
-4.0281724015748033
0
LINE
8
BLACK
6
CONTINUOUS
10
0.8417279527559055
20
-4.0281724015748033
11
0.8532559842519685
21
-4.0165577165354334
0
LINE
8
BLACK
6
CONTINUOUS
10
0.8532559842519685
20
-4.0165577165354334
11
0.8637226377952756
21
-4.0039781496062989
0
LINE
8
BLACK
6
CONTINUOUS
10
0.8637226377952756
20
-4.0039781496062989
11
0.8730474803149606
21
-3.9905303149606297
0
LINE
8
BLACK
6
CONTINUOUS
10
0.8730474803149606
20
-3.9905303149606297
11
0.8771046850393701
21
-3.9834248031496062
0
LINE
8
BLACK
6
CONTINUOUS
10
0.8771046850393701
20
-3.9834248031496062
11
0.877283937007874
21
-3.9832617322834647
0
LINE
8
BLACK
6
CONTINUOUS
10
0.877283937007874
20
-3.9832617322834647
11
0.8773564566929134
21
-3.9831347244094486
0
LINE
8
BLACK
6
CONTINUOUS
10
0.8773564566929134
20
-3.9831347244094486
11
0.8774524803149606
21
-3.983108464566929
0
LINE
8
BLACK
6
CONTINUOUS
10
0.8774524803149606
20
-3.983108464566929
11
0.8775547244094488
21
-3.9830155118110233
0
LINE
8
BLACK
6
CONTINUOUS
10
0.8775547244094488
20
-3.9830155118110233
11
0.8779532283464567
21
-3.9829716141732283
0
LINE
8
BLACK
6
CONTINUOUS
10
0.8779532283464567
20
-3.9829716141732283
11
0.8780831102362204
21
-3.9829361417322833
0
LINE
8
BLACK
6
CONTINUOUS
10
0.8780831102362204
20
-3.9829361417322833
11
0.8781308267716535
21
-3.9829520472440945
0
LINE
8
BLACK
6
CONTINUOUS
10
0.8781308267716535
20
-3.9829520472440945
11
0.8781593700787401
21
-3.9829489370078739
0
LINE
8
BLACK
6
CONTINUOUS
10
0.8781593700787401
20
-3.9829489370078739
11
0.8782128346456692
21
-3.9829794488188974
0
LINE
8
BLACK
6
CONTINUOUS
10
0.8782128346456692
20
-3.9829794488188974
11
0.8784474015748032
21
-3.9830577559055116
0
LINE
8
BLACK
6
CONTINUOUS
10
0.8784474015748032
20
-3.9830577559055116
11
2.8724378740157479
21
-5.1210562992125981
0
LINE
8
BLACK
6
CONTINUOUS
10
2.8724378740157479
20
-5.1210562992125981
11
2.8726243307086614
21
-5.1212181889763775
0
LINE
8
BLACK
6
CONTINUOUS
10
2.8726243307086614
20
-5.1212181889763775
11
2.872678149606299
21
-5.1212488976377948
0
LINE
8
BLACK
6
CONTINUOUS
10
2.872678149606299
20
-5.1212488976377948
11
2.87269
21
-5.1212751968503936
0
LINE
8
BLACK
6
CONTINUOUS
10
2.87269
20
-5.1212751968503936
11
2.872727874015748
21
-5.1213080708661414
0
LINE
8
BLACK
6
CONTINUOUS
10
2.872727874015748
20
-5.1213080708661414
11
2.8727632283464568
21
-5.1214374409448817
0
LINE
8
BLACK
6
CONTINUOUS
10
2.8727632283464568
20
-5.1214374409448817
11
2.872928346456693
21
-5.1218033858267713
0
LINE
8
BLACK
6
CONTINUOUS
10
2.872928346456693
20
-5.1218033858267713
11
2.8729002362204725
21
-5.1219388582677166
0
LINE
8
BLACK
6
CONTINUOUS
10
2.8729002362204725
20
-5.1219388582677166
11
2.8729264566929134
21
-5.1220347637795278
0
LINE
8
BLACK
6
CONTINUOUS
10
2.8729264566929134
20
-5.1220347637795278
11
2.8728540551181103
21
-5.1221615748031493
0
LINE
8
BLACK
6
CONTINUOUS
10
2.8728540551181103
20
-5.1221615748031493
11
2.872804842519685
21
-5.122399015748031
0
LINE
8
BLACK
6
CONTINUOUS
10
2.872804842519685
20
-5.122399015748031
11
2.8728057480314959
21
-5.1223995275590548
0
LINE
8
BLACK
6
CONTINUOUS
10
2.8728057480314959
20
-5.1223995275590548
11
2.8687781102362204
21
-5.1294549212598426
0
LINE
8
BLACK
6
CONTINUOUS
10
2.8687781102362204
20
-5.1294549212598426
11
2.8619818110236221
21
-5.1442133464566924
0
LINE
8
BLACK
6
CONTINUOUS
10
2.8619818110236221
20
-5.1442133464566924
11
2.8564944881889764
21
-5.1595067716535432
0
LINE
8
BLACK
6
CONTINUOUS
10
2.8564944881889764
20
-5.1595067716535432
11
2.8523577165354328
21
-5.1752194094488191
0
LINE
8
BLACK
6
CONTINUOUS
10
2.8523577165354328
20
-5.1752194094488191
11
2.8496027559055119
21
-5.191232244094488
0
LINE
8
BLACK
6
CONTINUOUS
10
2.8496027559055119
20
-5.191232244094488
11
2.8482505511811023
21
-5.2074239763779531
0
LINE
8
BLACK
6
CONTINUOUS
10
2.8482505511811023
20
-5.2074239763779531
11
2.8483113385826773
21
-5.223671968503937
0
LINE
8
BLACK
6
CONTINUOUS
10
2.8483113385826773
20
-5.223671968503937
11
2.8497846062992127
21
-5.2398531102362202
0
LINE
8
BLACK
6
CONTINUOUS
10
2.8497846062992127
20
-5.2398531102362202
11
2.8526592519685039
21
-5.2558448818897636
0
LINE
8
BLACK
6
CONTINUOUS
10
2.8526592519685039
20
-5.2558448818897636
11
2.856913464566929
21
-5.2715261811023622
0
LINE
8
BLACK
6
CONTINUOUS
10
2.856913464566929
20
-5.2715261811023622
11
2.8625150393700789
21
-5.2867781496062989
0
LINE
8
BLACK
6
CONTINUOUS
10
2.8625150393700789
20
-5.2867781496062989
11
2.8694215354330708
21
-5.3014853149606296
0
LINE
8
BLACK
6
CONTINUOUS
10
2.8694215354330708
20
-5.3014853149606296
11
2.8775806692913384
21
-5.3155362598425198
0
LINE
8
BLACK
6
CONTINUOUS
10
2.8775806692913384
20
-5.3155362598425198
11
2.8869305905511808
21
-5.3288245669291339
0
LINE
8
BLACK
6
CONTINUOUS
10
2.8869305905511808
20
-5.3288245669291339
11
2.8974005118110235
21
-5.3412496062992121
0
LINE
8
BLACK
6
CONTINUOUS
10
2.8974005118110235
20
-5.3412496062992121
11
2.9089111023622047
21
-5.3527172047244092
0
LINE
8
BLACK
6
CONTINUOUS
10
2.9089111023622047
20
-5.3527172047244092
11
2.9213752362204723
21
-5.3631405511811021
0
LINE
8
BLACK
6
CONTINUOUS
10
2.9213752362204723
20
-5.3631405511811021
11
2.9346984251968502
21
-5.3724407086614168
0
LINE
8
BLACK
6
CONTINUOUS
10
2.9346984251968502
20
-5.3724407086614168
11
2.9487798425196852
21
-5.3805471653543302
0
LINE
8
BLACK
6
CONTINUOUS
10
2.9487798425196852
20
-5.3805471653543302
11
2.9635127165354329
21
-5.3873985826771653
0
LINE
8
BLACK
6
CONTINUOUS
10
2.9635127165354329
20
-5.3873985826771653
11
2.9787855511811023
21
-5.3929430314960625
0
LINE
8
BLACK
6
CONTINUOUS
10
2.9787855511811023
20
-5.3929430314960625
11
2.9944826377952753
21
-5.3971385433070864
0
LINE
8
BLACK
6
CONTINUOUS
10
2.9944826377952753
20
-5.3971385433070864
11
3.0104850787401576
21
-5.3999533070866139
0
LINE
8
BLACK
6
CONTINUOUS
10
3.0104850787401576
20
-5.3999533070866139
11
3.0266716141732282
21
-5.4013660629921256
0
LINE
8
BLACK
6
CONTINUOUS
10
3.0266716141732282
20
-5.4013660629921256
11
3.0347956692913387
21
-5.401365196850394
0
LINE
8
BLACK
6
CONTINUOUS
10
3.0347956692913387
20
-5.401365196850394
11
3.0347978346456692
21
-5.4013658661417319
0
LINE
8
BLACK
6
CONTINUOUS
10
3.0347978346456692
20
-5.4013658661417319
11
3.0424274803149607
21
-5.4013651574803152
0
LINE
8
BLACK
6
CONTINUOUS
10
3.0424274803149607
20
-5.4013651574803152
11
3.0576400393700789
21
-5.4001181102362201
0
LINE
8
BLACK
6
CONTINUOUS
10
3.0576400393700789
20
-5.4001181102362201
11
3.0726998425196848
21
-5.3976324015748034
0
LINE
8
BLACK
6
CONTINUOUS
10
3.0726998425196848
20
-5.3976324015748034
11
3.0875062598425198
21
-5.393924566929134
0
LINE
8
BLACK
6
CONTINUOUS
10
3.0875062598425198
20
-5.393924566929134
11
3.1019602362204726
21
-5.3890195275590553
0
LINE
8
BLACK
6
CONTINUOUS
10
3.1019602362204726
20
-5.3890195275590553
11
3.1159651574803151
21
-5.3829499606299214
0
LINE
8
BLACK
6
CONTINUOUS
10
3.1159651574803151
20
-5.3829499606299214
11
3.1294273622047242
21
-5.3757564960629924
0
LINE
8
BLACK
6
CONTINUOUS
10
3.1294273622047242
20
-5.3757564960629924
11
3.1422568897637793
21
-5.3674872440944883
0
LINE
8
BLACK
6
CONTINUOUS
10
3.1422568897637793
20
-5.3674872440944883
11
3.1543679527559054
21
-5.3581974803149608
0
LINE
8
BLACK
6
CONTINUOUS
10
3.1543679527559054
20
-5.3581974803149608
11
3.165679527559055
21
-5.3479493307086612
0
LINE
8
BLACK
6
CONTINUOUS
10
3.165679527559055
20
-5.3479493307086612
11
3.1761160629921261
21
-5.3368112598425199
0
LINE
8
BLACK
6
CONTINUOUS
10
3.1761160629921261
20
-5.3368112598425199
11
3.1856077165354328
21
-5.32485779527559
0
LINE
8
BLACK
6
CONTINUOUS
10
3.1856077165354328
20
-5.32485779527559
11
3.1898499606299211
21
-5.3185137007874017
0
LINE
8
BLACK
6
CONTINUOUS
10
3.1898499606299211
20
-5.3185137007874017
11
3.1898499999999999
21
-5.3185137007874017
0
LINE
8
BLACK
6
CONTINUOUS
10
3.1898499999999999
20
-5.3185137007874017
11
3.1900403149606298
21
-5.3183637007874012
0
LINE
8
BLACK
6
CONTINUOUS
10
3.1900403149606298
20
-5.3183637007874012
11
3.1901216141732283
21
-5.3182421653543308
0
LINE
8
BLACK
6
CONTINUOUS
10
3.1901216141732283
20
-5.3182421653543308
11
3.190219212598425
21
-5.318222755905512
0
LINE
8
BLACK
6
CONTINUOUS
10
3.190219212598425
20
-5.318222755905512
11
3.1903277952755906
21
-5.3181372440944878
0
LINE
8
BLACK
6
CONTINUOUS
10
3.1903277952755906
20
-5.3181372440944878
11
3.1907286220472439
21
-5.3181215748031496
0
LINE
8
BLACK
6
CONTINUOUS
10
3.1907286220472439
20
-5.3181215748031496
11
3.1908605118110236
21
-5.3180953937007871
0
LINE
8
BLACK
6
CONTINUOUS
10
3.1908605118110236
20
-5.3180953937007871
11
3.1909068897637796
21
-5.3181146062992122
0
LINE
8
BLACK
6
CONTINUOUS
10
3.1909068897637796
20
-5.3181146062992122
11
3.1909356299212597
21
-5.318113503937008
0
LINE
8
BLACK
6
CONTINUOUS
10
3.1909356299212597
20
-5.318113503937008
11
3.1909868897637796
21
-5.3181477559055113
0
LINE
8
BLACK
6
CONTINUOUS
10
3.1909868897637796
20
-5.3181477559055113
11
3.191215275590551
21
-5.3182424409448821
0
LINE
8
BLACK
6
CONTINUOUS
10
3.191215275590551
20
-5.3182424409448821
11
5.4730592125984252
21
-6.8438090157480316
0
LINE
8
BLACK
6
CONTINUOUS
10
5.4730592125984252
20
-6.8438090157480316
11
5.4732341338582673
21
-6.8439840157480312
0
LINE
8
BLACK
6
CONTINUOUS
10
5.4732341338582673
20
-6.8439840157480312
11
5.473285118110236
21
-6.8440181102362203
0
LINE
8
BLACK
6
CONTINUOUS
10
5.473285118110236
20
-6.8440181102362203
11
5.4732949606299215
21
-6.8440448818897632
0
LINE
8
BLACK
6
CONTINUOUS
10
5.4732949606299215
20
-6.8440448818897632
11
5.4733307086614174
21
-6.84408062992126
0
LINE
8
BLACK
6
CONTINUOUS
10
5.4733307086614174
20
-6.84408062992126
11
5.473357047244094
21
-6.8442132283464563
0
LINE
8
BLACK
6
CONTINUOUS
10
5.473357047244094
20
-6.8442132283464563
11
5.4734955118110236
21
-6.8445888582677163
0
LINE
8
BLACK
6
CONTINUOUS
10
5.4734955118110236
20
-6.8445888582677163
11
5.4734580314960626
21
-6.8447216141732286
0
LINE
8
BLACK
6
CONTINUOUS
10
5.4734580314960626
20
-6.8447216141732286
11
5.4734774803149602
21
-6.8448195275590553
0
LINE
8
BLACK
6
CONTINUOUS
10
5.4734774803149602
20
-6.8448195275590553
11
5.4733959448818901
21
-6.8449414173228345
0
LINE
8
BLACK
6
CONTINUOUS
10
5.4733959448818901
20
-6.8449414173228345
11
5.4733302362204723
21
-6.8451742913385827
0
LINE
8
BLACK
6
CONTINUOUS
10
5.4733302362204723
20
-6.8451742913385827
11
5.4733311417322836
21
-6.845174881889764
0
LINE
8
BLACK
6
CONTINUOUS
10
5.4733311417322836
20
-6.845174881889764
11
5.4688510629921261
21
-6.8518784645669291
0
LINE
8
BLACK
6
CONTINUOUS
10
5.4688510629921261
20
-6.8518784645669291
11
5.4610788582677161
21
-6.8660074803149609
0
LINE
8
BLACK
6
CONTINUOUS
10
5.4610788582677161
20
-6.8660074803149609
11
5.4545549606299213
21
-6.8807545275590547
0
LINE
8
BLACK
6
CONTINUOUS
10
5.4545549606299213
20
-6.8807545275590547
11
5.4493279921259843
21
-6.8960095275590554
0
LINE
8
BLACK
6
CONTINUOUS
10
5.4493279921259843
20
-6.8960095275590554
11
5.4454370078740153
21
-6.9116587007874015
0
LINE
8
BLACK
6
CONTINUOUS
10
5.4454370078740153
20
-6.9116587007874015
11
5.442911023622047
21
-6.9275852755905509
0
LINE
8
BLACK
6
CONTINUOUS
10
5.442911023622047
20
-6.9275852755905509
11
5.4417688188976374
21
-6.9436704330708663
0
LINE
8
BLACK
6
CONTINUOUS
10
5.4417688188976374
20
-6.9436704330708663
11
5.4420190157480315
21
-6.9597941338582672
0
LINE
8
BLACK
6
CONTINUOUS
10
5.4420190157480315
20
-6.9597941338582672
11
5.4436596850393704
21
-6.9758361023622042
0
LINE
8
BLACK
6
CONTINUOUS
10
5.4436596850393704
20
-6.9758361023622042
11
5.4466786220472443
21
-6.9916766141732278
0
LINE
8
BLACK
6
CONTINUOUS
10
5.4466786220472443
20
-6.9916766141732278
11
5.4510532283464563
21
-7.0071975590551183
0
LINE
8
BLACK
6
CONTINUOUS
10
5.4510532283464563
20
-7.0071975590551183
11
5.4567509842519684
21
-7.0222830314960625
0
LINE
8
BLACK
6
CONTINUOUS
10
5.4567509842519684
20
-7.0222830314960625
11
5.4637292519685037
21
-7.0368205905511809
0
LINE
8
BLACK
6
CONTINUOUS
10
5.4637292519685037
20
-7.0368205905511809
11
5.4719360629921256
21
-7.0507016535433067
0
LINE
8
BLACK
6
CONTINUOUS
10
5.4719360629921256
20
-7.0507016535433067
11
5.4813101574803147
21
-7.0638227559055116
0
LINE
8
BLACK
6
CONTINUOUS
10
5.4813101574803147
20
-7.0638227559055116
11
5.4917815748031495
21
-7.07608594488189
0
LINE
8
BLACK
6
CONTINUOUS
10
5.4917815748031495
20
-7.07608594488189
11
5.5032722047244089
21
-7.0873997244094484
0
LINE
8
BLACK
6
CONTINUOUS
10
5.5032722047244089
20
-7.0873997244094484
11
5.515696299212598
21
-7.0976797244094483
0
LINE
8
BLACK
6
CONTINUOUS
10
5.515696299212598
20
-7.0976797244094483
11
5.5289611811023622
21
-7.1068492125984246
0
LINE
8
BLACK
6
CONTINUOUS
10
5.5289611811023622
20
-7.1068492125984246
11
5.5429678740157478
21
-7.1148397637795275
0
LINE
8
BLACK
6
CONTINUOUS
10
5.5429678740157478
20
-7.1148397637795275
11
5.5576118897637796
21
-7.1215917716535433
0
LINE
8
BLACK
6
CONTINUOUS
10
5.5576118897637796
20
-7.1215917716535433
11
5.5727839370078742
21
-7.1270548425196845
0
LINE
8
BLACK
6
CONTINUOUS
10
5.5727839370078742
20
-7.1270548425196845
11
5.5883708267716532
21
-7.131188267716535
0
LINE
8
BLACK
6
CONTINUOUS
10
5.5883708267716532
20
-7.131188267716535
11
5.6042562598425194
21
-7.1339611811023618
0
LINE
8
BLACK
6
CONTINUOUS
10
5.6042562598425194
20
-7.1339611811023618
11
5.6203217322834647
21
-7.1353528740157479
0
LINE
8
BLACK
6
CONTINUOUS
10
5.6203217322834647
20
-7.1353528740157479
11
5.6283845669291335
21
-7.1353542913385821
0
LINE
8
BLACK
6
CONTINUOUS
10
5.6283845669291335
20
-7.1353542913385821
11
5.6283845669291335
21
-7.1353530708661417
0
LINE
8
BLACK
6
CONTINUOUS
10
5.6283845669291335
20
-7.1353530708661417
11
5.6365279921259841
21
-7.1353531102362204
0
LINE
8
BLACK
6
CONTINUOUS
10
5.6365279921259841
20
-7.1353531102362204
11
5.652752913385827
21
-7.1339337007874013
0
LINE
8
BLACK
6
CONTINUOUS
10
5.652752913385827
20
-7.1339337007874013
11
5.6687923622047247
21
-7.1311056299212598
0
LINE
8
BLACK
6
CONTINUOUS
10
5.6687923622047247
20
-7.1311056299212598
11
5.6845242913385823
21
-7.1268903543307083
0
LINE
8
BLACK
6
CONTINUOUS
10
5.6845242913385823
20
-7.1268903543307083
11
5.6998289763779528
21
-7.1213199999999999
0
LINE
8
BLACK
6
CONTINUOUS
10
5.6998289763779528
20
-7.1213199999999999
11
5.7145899212598428
21
-7.114436968503937
0
LINE
8
BLACK
6
CONTINUOUS
10
5.7145899212598428
20
-7.114436968503937
11
5.7286948031496063
21
-7.1062935826771652
0
LINE
8
BLACK
6
CONTINUOUS
10
5.7286948031496063
20
-7.1062935826771652
11
5.7420362598425196
21
-7.0969518897637798
0
LINE
8
BLACK
6
CONTINUOUS
10
5.7420362598425196
20
-7.0969518897637798
11
5.7545127559055116
21
-7.0864829133858267
0
LINE
8
BLACK
6
CONTINUOUS
10
5.7545127559055116
20
-7.0864829133858267
11
5.766029330708661
21
-7.0749664173228348
0
LINE
8
BLACK
6
CONTINUOUS
10
5.766029330708661
20
-7.0749664173228348
11
5.7764983858267716
21
-7.0624899606299207
0
LINE
8
BLACK
6
CONTINUOUS
10
5.7764983858267716
20
-7.0624899606299207
11
5.7858401574803144
21
-7.0491485826771649
0
LINE
8
BLACK
6
CONTINUOUS
10
5.7858401574803144
20
-7.0491485826771649
11
5.7939836220472438
21
-7.0350437401574801
0
LINE
8
BLACK
6
CONTINUOUS
10
5.7939836220472438
20
-7.0350437401574801
11
5.8008667716535429
21
-7.0202828346456689
0
LINE
8
BLACK
6
CONTINUOUS
10
5.8008667716535429
20
-7.0202828346456689
11
5.8064372440944885
21
-7.004978188976378
0
LINE
8
BLACK
6
CONTINUOUS
10
5.8064372440944885
20
-7.004978188976378
11
5.8106525984251967
21
-6.9892462992125983
0
LINE
8
BLACK
6
CONTINUOUS
10
5.8106525984251967
20
-6.9892462992125983
11
5.8134807874015744
21
-6.9732068503937006
0
LINE
8
BLACK
6
CONTINUOUS
10
5.8134807874015744
20
-6.9732068503937006
11
5.8149003149606298
21
-6.9569819685039365
0
LINE
8
BLACK
6
CONTINUOUS
10
5.8149003149606298
20
-6.9569819685039365
11
5.8149003149606298
21
-6.9488385433070867
0
LINE
8
BLACK
6
CONTINUOUS
10
5.8149003149606298
20
-6.9488385433070867
11
5.8149752362204721
21
-6.9486079527559053
0
LINE
8
BLACK
6
CONTINUOUS
10
5.8149752362204721
20
-6.9486079527559053
11
5.8149752362204721
21
-6.9484618897637791
0
LINE
8
BLACK
6
CONTINUOUS
10
5.8149752362204721
20
-6.9484618897637791
11
5.8150455511811021
21
-6.9483915354330703
0
LINE
8
BLACK
6
CONTINUOUS
10
5.8150455511811021
20
-6.9483915354330703
11
5.8150883070866142
21
-6.9482599999999994
0
LINE
8
BLACK
6
CONTINUOUS
10
5.8150883070866142
20
-6.9482599999999994
11
5.815413031496063
21
-6.9480240551181103
0
LINE
8
BLACK
6
CONTINUOUS
10
5.815413031496063
20
-6.9480240551181103
11
5.8155079133858267
21
-6.9479292125984253
0
LINE
8
BLACK
6
CONTINUOUS
10
5.8155079133858267
20
-6.9479292125984253
11
5.8155570866141728
21
-6.9479194094488186
0
LINE
8
BLACK
6
CONTINUOUS
10
5.8155570866141728
20
-6.9479194094488186
11
5.815580433070866
21
-6.9479024803149603
0
LINE
8
BLACK
6
CONTINUOUS
10
5.815580433070866
20
-6.9479024803149603
11
5.8156423228346457
21
-6.9479024803149603
0
LINE
8
BLACK
6
CONTINUOUS
10
5.8156423228346457
20
-6.9479024803149603
11
5.8158845669291335
21
-6.9478542913385821
0
LINE
8
BLACK
6
CONTINUOUS
10
5.8158845669291335
20
-6.9478542913385821
11
8.059114251968504
21
-6.9478542913385821
0
LINE
8
BLACK
6
CONTINUOUS
10
8.059114251968504
20
-6.9478542913385821
11
8.0593564960629926
21
-6.9479024803149603
0
LINE
8
BLACK
6
CONTINUOUS
10
8.0593564960629926
20
-6.9479024803149603
11
8.0594195669291331
21
-6.9479024803149603
0
LINE
8
BLACK
6
CONTINUOUS
10
8.0594195669291331
20
-6.9479024803149603
11
8.0594433070866138
21
-6.9479197244094486
0
LINE
8
BLACK
6
CONTINUOUS
10
8.0594433070866138
20
-6.9479197244094486
11
8.0594909055118116
21
-6.9479292125984253
0
LINE
8
BLACK
6
CONTINUOUS
10
8.0594909055118116
20
-6.9479292125984253
11
8.0595826377952751
21
-6.9480209448818897
0
LINE
8
BLACK
6
CONTINUOUS
10
8.0595826377952751
20
-6.9480209448818897
11
8.0599116929133849
21
-6.9482599999999994
0
LINE
8
BLACK
6
CONTINUOUS
10
8.0599116929133849
20
-6.9482599999999994
11
8.0599550000000004
21
-6.9483933070866142
0
LINE
8
BLACK
6
CONTINUOUS
10
8.0599550000000004
20
-6.9483933070866142
11
8.0600235826771645
21
-6.9484618897637791
0
LINE
8
BLACK
6
CONTINUOUS
10
8.0600235826771645
20
-6.9484618897637791
11
8.0600235826771645
21
-6.9486043307086609
0
LINE
8
BLACK
6
CONTINUOUS
10
8.0600235826771645
20
-6.9486043307086609
11
8.0600996850393702
21
-6.9488385433070867
0
LINE
8
BLACK
6
CONTINUOUS
10
8.0600996850393702
20
-6.9488385433070867
11
8.0600984645669289
21
-6.9488385433070867
0
LINE
8
BLACK
6
CONTINUOUS
10
8.0600984645669289
20
-6.9488385433070867
11
8.0600984645669289
21
-6.956982047244094
0
LINE
8
BLACK
6
CONTINUOUS
10
8.0600984645669289
20
-6.956982047244094
11
8.0615179921259834
21
-6.9732070078740156
0
LINE
8
BLACK
6
CONTINUOUS
10
8.0615179921259834
20
-6.9732070078740156
11
8.064346181102362
21
-6.9892465748031496
0
LINE
8
BLACK
6
CONTINUOUS
10
8.064346181102362
20
-6.9892465748031496
11
8.0685615748031498
21
-7.0049785826771656
0
LINE
8
BLACK
6
CONTINUOUS
10
8.0685615748031498
20
-7.0049785826771656
11
8.0741320866141724
21
-7.020283307086614
0
LINE
8
BLACK
6
CONTINUOUS
10
8.0741320866141724
20
-7.020283307086614
11
8.0810152755905502
21
-7.0350442913385827
0
LINE
8
BLACK
6
CONTINUOUS
10
8.0810152755905502
20
-7.0350442913385827
11
8.0891587795275584
21
-7.049149212598425
0
LINE
8
BLACK
6
CONTINUOUS
10
8.0891587795275584
20
-7.049149212598425
11
8.0985006692913384
21
-7.062490708661417
0
LINE
8
BLACK
6
CONTINUOUS
10
8.0985006692913384
20
-7.062490708661417
11
8.1089697637795268
21
-7.0749672440944877
0
LINE
8
BLACK
6
CONTINUOUS
10
8.1089697637795268
20
-7.0749672440944877
11
8.1204864173228337
21
-7.086483818897638
0
LINE
8
BLACK
6
CONTINUOUS
10
8.1204864173228337
20
-7.086483818897638
11
8.1329629921259841
21
-7.096952834645669
0
LINE
8
BLACK
6
CONTINUOUS
10
8.1329629921259841
20
-7.096952834645669
11
8.1463045669291336
21
-7.1062946062992127
0
LINE
8
BLACK
6
CONTINUOUS
10
8.1463045669291336
20
-7.1062946062992127
11
8.1604095275590556
21
-7.1144380314960625
0
LINE
8
BLACK
6
CONTINUOUS
10
8.1604095275590556
20
-7.1144380314960625
11
8.1751705511811021
21
-7.1213211417322837
0
LINE
8
BLACK
6
CONTINUOUS
10
8.1751705511811021
20
-7.1213211417322837
11
8.1904753543307081
21
-7.1268915354330709
0
LINE
8
BLACK
6
CONTINUOUS
10
8.1904753543307081
20
-7.1268915354330709
11
8.206207362204724
21
-7.1311068110236215
0
LINE
8
BLACK
6
CONTINUOUS
10
8.206207362204724
20
-7.1311068110236215
11
8.222246929133858
21
-7.1339349212598426
0
LINE
8
BLACK
6
CONTINUOUS
10
8.222246929133858
20
-7.1339349212598426
11
8.2384719291338584
21
-7.1353543307086609
0
LINE
8
BLACK
6
CONTINUOUS
10
8.2384719291338584
20
-7.1353543307086609
11
8.2466154330708665
21
-7.1353542913385821
0
LINE
8
BLACK
6
CONTINUOUS
10
8.2466154330708665
20
-7.1353542913385821
11
8.2466188188976375
21
-7.1353553543307084
0
LINE
8
BLACK
6
CONTINUOUS
10
8.2466188188976375
20
-7.1353553543307084
11
8.2546783070866141
21
-7.135353976377953
0
LINE
8
BLACK
6
CONTINUOUS
10
8.2546783070866141
20
-7.135353976377953
11
8.270743858267716
21
-7.1339622834645668
0
LINE
8
BLACK
6
CONTINUOUS
10
8.270743858267716
20
-7.1339622834645668
11
8.2866294094488193
21
-7.1311893700787401
0
LINE
8
BLACK
6
CONTINUOUS
10
8.2866294094488193
20
-7.1311893700787401
11
8.3022163779527549
21
-7.1270559055118108
0
LINE
8
BLACK
6
CONTINUOUS
10
8.3022163779527549
20
-7.1270559055118108
11
8.3173885433070858
21
-7.12159279527559
0
LINE
8
BLACK
6
CONTINUOUS
10
8.3173885433070858
20
-7.12159279527559
11
8.3320325984251973
21
-7.1148407480314955
0
LINE
8
BLACK
6
CONTINUOUS
10
8.3320325984251973
20
-7.1148407480314955
11
8.3460394094488191
21
-7.1068501181102359
0
LINE
8
BLACK
6
CONTINUOUS
10
8.3460394094488191
20
-7.1068501181102359
11
8.3593043700787408
21
-7.0976805905511808
0
LINE
8
BLACK
6
CONTINUOUS
10
8.3593043700787408
20
-7.0976805905511808
11
8.3717285433070856
21
-7.0874005511811022
0
LINE
8
BLACK
6
CONTINUOUS
10
8.3717285433070856
20
-7.0874005511811022
11
8.3832192125984246
21
-7.0760866929133854
0
LINE
8
BLACK
6
CONTINUOUS
10
8.3832192125984246
20
-7.0760866929133854
11
8.393690708661417
21
-7.0638234251968504
0
LINE
8
BLACK
6
CONTINUOUS
10
8.393690708661417
20
-7.0638234251968504
11
8.4030648425196848
21
-7.0507022834645667
0
LINE
8
BLACK
6
CONTINUOUS
10
8.4030648425196848
20
-7.0507022834645667
11
8.4112716929133864
21
-7.0368211023622047
0
LINE
8
BLACK
6
CONTINUOUS
10
8.4112716929133864
20
-7.0368211023622047
11
8.4182500393700792
21
-7.0222834645669288
0
LINE
8
BLACK
6
CONTINUOUS
10
8.4182500393700792
20
-7.0222834645669288
11
8.4239477952755912
21
-7.0071978740157475
0
LINE
8
BLACK
6
CONTINUOUS
10
8.4239477952755912
20
-7.0071978740157475
11
8.4283224803149608
21
-6.9916768897637791
0
LINE
8
BLACK
6
CONTINUOUS
10
8.4283224803149608
20
-6.9916768897637791
11
8.4313414173228338
21
-6.9758362598425192
0
LINE
8
BLACK
6
CONTINUOUS
10
8.4313414173228338
20
-6.9758362598425192
11
8.4329820866141727
21
-6.9597941732283459
0
LINE
8
BLACK
6
CONTINUOUS
10
8.4329820866141727
20
-6.9597941732283459
11
8.4332322834645659
21
-6.9436703937007875
0
LINE
8
BLACK
6
CONTINUOUS
10
8.4332322834645659
20
-6.9436703937007875
11
8.432090078740158
21
-6.9275851574803147
0
LINE
8
BLACK
6
CONTINUOUS
10
8.432090078740158
20
-6.9275851574803147
11
8.4295640551181101
21
-6.9116585039370078
0
LINE
8
BLACK
6
CONTINUOUS
10
8.4295640551181101
20
-6.9116585039370078
11
8.4256730708661411
21
-6.8960092125984254
0
LINE
8
BLACK
6
CONTINUOUS
10
8.4256730708661411
20
-6.8960092125984254
11
8.4204460629921254
21
-6.8807541338582672
0
LINE
8
BLACK
6
CONTINUOUS
10
8.4204460629921254
20
-6.8807541338582672
11
8.4139221259842518
21
-6.8660070078740159
0
LINE
8
BLACK
6
CONTINUOUS
10
8.4139221259842518
20
-6.8660070078740159
11
8.406149881889764
21
-6.8518778740157478
0
LINE
8
BLACK
6
CONTINUOUS
10
8.406149881889764
20
-6.8518778740157478
11
8.4016697637795268
21
-6.8451742913385827
0
LINE
8
BLACK
6
CONTINUOUS
10
8.4016697637795268
20
-6.8451742913385827
11
8.4016038976377949
21
-6.8449409842519682
0
LINE
8
BLACK
6
CONTINUOUS
10
8.4016038976377949
20
-6.8449409842519682
11
8.4015227165354336
21
-6.8448195669291341
0
LINE
8
BLACK
6
CONTINUOUS
10
8.4015227165354336
20
-6.8448195669291341
11
8.4015420866141728
21
-6.8447220078740152
0
LINE
8
BLACK
6
CONTINUOUS
10
8.4015420866141728
20
-6.8447220078740152
11
8.4015044881889764
21
-6.8445888582677163
0
LINE
8
BLACK
6
CONTINUOUS
10
8.4015044881889764
20
-6.8445888582677163
11
8.4016433858267714
21
-6.8442120078740158
0
LINE
8
BLACK
6
CONTINUOUS
10
8.4016433858267714
20
-6.8442120078740158
11
8.4016694881889755
21
-6.8440806692913387
0
LINE
8
BLACK
6
CONTINUOUS
10
8.4016694881889755
20
-6.8440806692913387
11
8.4017048425196847
21
-6.844045236220472
0
LINE
8
BLACK
6
CONTINUOUS
10
8.4017048425196847
20
-6.844045236220472
11
8.4017148818897631
21
-6.8440181102362203
0
LINE
8
BLACK
6
CONTINUOUS
10
8.4017148818897631
20
-6.8440181102362203
11
8.4017664960629919
21
-6.8439835826771649
0
LINE
8
BLACK
6
CONTINUOUS
10
8.4017664960629919
20
-6.8439835826771649
11
8.4019409448818898
21
-6.8438090551181103
0
LINE
8
BLACK
6
CONTINUOUS
10
8.4019409448818898
20
-6.8438090551181103
11
10.6837856299212604
21
-5.3182425196850396
0
LINE
8
BLACK
6
CONTINUOUS
10
10.6837856299212604
20
-5.3182425196850396
11
10.6840112992125977
21
-5.3181489370078738
0
LINE
8
BLACK
6
CONTINUOUS
10
10.6840112992125977
20
-5.3181489370078738
11
10.6840643700787403
21
-5.318113503937008
0
LINE
8
BLACK
6
CONTINUOUS
10
10.6840643700787403
20
-5.318113503937008
11
10.6840940551181092
21
-5.3181146456692909
0
LINE
8
BLACK
6
CONTINUOUS
10
10.6840940551181092
20
-5.3181146456692909
11
10.6841403937007868
21
-5.3180954724409446
0
LINE
8
BLACK
6
CONTINUOUS
10
10.6841403937007868
20
-5.3180954724409446
11
10.6842719685039373
21
-5.3181215748031496
0
LINE
8
BLACK
6
CONTINUOUS
10
10.6842719685039373
20
-5.3181215748031496
11
10.6846722047244089
21
-5.3181372440944878
0
LINE
8
BLACK
6
CONTINUOUS
10
10.6846722047244089
20
-5.3181372440944878
11
10.6847805511811025
21
-5.318222598425197
0
LINE
8
BLACK
6
CONTINUOUS
10
10.6847805511811025
20
-5.318222598425197
11
10.6848792913385822
21
-5.3182422440944883
0
LINE
8
BLACK
6
CONTINUOUS
10
10.6848792913385822
20
-5.3182422440944883
11
10.6849614566929123
21
-5.3183651181102363
0
LINE
8
BLACK
6
CONTINUOUS
10
10.6849614566929123
20
-5.3183651181102363
11
10.6851500000000001
21
-5.3185137007874017
0
LINE
8
BLACK
6
CONTINUOUS
10
10.6851500000000001
20
-5.3185137007874017
11
10.6851506299212602
21
-5.3185133070866142
0
LINE
8
BLACK
6
CONTINUOUS
10
10.6851506299212602
20
-5.3185133070866142
11
10.6893928740157484
21
-5.3248573622047246
0
LINE
8
BLACK
6
CONTINUOUS
10
10.6893928740157484
20
-5.3248573622047246
11
10.6988844881889769
21
-5.3368107874015749
0
LINE
8
BLACK
6
CONTINUOUS
10
10.6988844881889769
20
-5.3368107874015749
11
10.7093209842519688
21
-5.3479488188976374
0
LINE
8
BLACK
6
CONTINUOUS
10
10.7093209842519688
20
-5.3479488188976374
11
10.7206325196850383
21
-5.358196968503937
0
LINE
8
BLACK
6
CONTINUOUS
10
10.7206325196850383
20
-5.358196968503937
11
10.7327435039370069
21
-5.3674866929133858
0
LINE
8
BLACK
6
CONTINUOUS
10
10.7327435039370069
20
-5.3674866929133858
11
10.7455729921259842
21
-5.3757559055118112
0
LINE
8
BLACK
6
CONTINUOUS
10
10.7455729921259842
20
-5.3757559055118112
11
10.759035157480314
21
-5.3829493307086613
0
LINE
8
BLACK
6
CONTINUOUS
10
10.759035157480314
20
-5.3829493307086613
11
10.7730400393700787
21
-5.3890188582677165
0
LINE
8
BLACK
6
CONTINUOUS
10
10.7730400393700787
20
-5.3890188582677165
11
10.7874939370078735
21
-5.3939238976377952
0
LINE
8
BLACK
6
CONTINUOUS
10
10.7874939370078735
20
-5.3939238976377952
11
10.8023002755905502
21
-5.3976316929133858
0
LINE
8
BLACK
6
CONTINUOUS
10
10.8023002755905502
20
-5.3976316929133858
11
10.8173600787401565
21
-5.4001174015748035
0
LINE
8
BLACK
6
CONTINUOUS
10
10.8173600787401565
20
-5.4001174015748035
11
10.8325725590551176
21
-5.4013644488188977
0
LINE
8
BLACK
6
CONTINUOUS
10
10.8325725590551176
20
-5.4013644488188977
11
10.8402043307086604
21
-5.401365196850394
0
LINE
8
BLACK
6
CONTINUOUS
10
10.8402043307086604
20
-5.401365196850394
11
10.8402074803149606
21
-5.4013662204724406
0
LINE
8
BLACK
6
CONTINUOUS
10
10.8402074803149606
20
-5.4013662204724406
11
10.8483284251968506
21
-5.4013670866141732
0
LINE
8
BLACK
6
CONTINUOUS
10
10.8483284251968506
20
-5.4013670866141732
11
10.8645150787401565
21
-5.3999543307086615
0
LINE
8
BLACK
6
CONTINUOUS
10
10.8645150787401565
20
-5.3999543307086615
11
10.8805175984251967
21
-5.397139566929134
0
LINE
8
BLACK
6
CONTINUOUS
10
10.8805175984251967
20
-5.397139566929134
11
10.8962147244094485
21
-5.3929440157480313
0
LINE
8
BLACK
6
CONTINUOUS
10
10.8962147244094485
20
-5.3929440157480313
11
10.9114876771653542
21
-5.3873995275590554
0
LINE
8
BLACK
6
CONTINUOUS
10
10.9114876771653542
20
-5.3873995275590554
11
10.926220629921259
21
-5.3805480708661415
0
LINE
8
BLACK
6
CONTINUOUS
10
10.926220629921259
20
-5.3805480708661415
11
10.9403021259842514
21
-5.3724415748031493
0
LINE
8
BLACK
6
CONTINUOUS
10
10.9403021259842514
20
-5.3724415748031493
11
10.9536253937007864
21
-5.3631413779527559
0
LINE
8
BLACK
6
CONTINUOUS
10
10.9536253937007864
20
-5.3631413779527559
11
10.9660895669291332
21
-5.3527179527559055
0
LINE
8
BLACK
6
CONTINUOUS
10
10.9660895669291332
20
-5.3527179527559055
11
10.9776002362204714
21
-5.3412502755905509
0
LINE
8
BLACK
6
CONTINUOUS
10
10.9776002362204714
20
-5.3412502755905509
11
10.988070236220473
21
-5.3288251968503939
0
LINE
8
BLACK
6
CONTINUOUS
10
10.988070236220473
20
-5.3288251968503939
11
10.9974201968503937
21
-5.3155368110236223
0
LINE
8
BLACK
6
CONTINUOUS
10
10.9974201968503937
20
-5.3155368110236223
11
11.0055793700787401
21
-5.3014857874015746
0
LINE
8
BLACK
6
CONTINUOUS
10
11.0055793700787401
20
-5.3014857874015746
11
11.0124859055118112
21
-5.2867785433070864
0
LINE
8
BLACK
6
CONTINUOUS
10
11.0124859055118112
20
-5.2867785433070864
11
11.0180875196850394
21
-5.2715264566929134
0
LINE
8
BLACK
6
CONTINUOUS
10
11.0180875196850394
20
-5.2715264566929134
11
11.0223417322834649
21
-5.2558451181102361
0
LINE
8
BLACK
6
CONTINUOUS
10
11.0223417322834649
20
-5.2558451181102361
11
11.0252164173228344
21
-5.2398532677165353
0
LINE
8
BLACK
6
CONTINUOUS
10
11.0252164173228344
20
-5.2398532677165353
11
11.0266896850393703
21
-5.2236720078740158
0
LINE
8
BLACK
6
CONTINUOUS
10
11.0266896850393703
20
-5.2236720078740158
11
11.0267504724409449
21
-5.2074239370078743
0
LINE
8
BLACK
6
CONTINUOUS
10
11.0267504724409449
20
-5.2074239370078743
11
11.0253982677165343
21
-5.1912321259842518
0
LINE
8
BLACK
6
CONTINUOUS
10
11.0253982677165343
20
-5.1912321259842518
11
11.0226433070866143
21
-5.1752192125984253
0
LINE
8
BLACK
6
CONTINUOUS
10
11.0226433070866143
20
-5.1752192125984253
11
11.0185064960629919
21
-5.1595064960629919
0
LINE
8
BLACK
6
CONTINUOUS
10
11.0185064960629919
20
-5.1595064960629919
11
11.0130191338582666
21
-5.1442129527559057
0
LINE
8
BLACK
6
CONTINUOUS
10
11.0130191338582666
20
-5.1442129527559057
11
11.0062227952755904
21
-5.1294544488188976
0
LINE
8
BLACK
6
CONTINUOUS
10
11.0062227952755904
20
-5.1294544488188976
11
11.0021951574803154
21
-5.122399015748031
0
LINE
8
BLACK
6
CONTINUOUS
10
11.0021951574803154
20
-5.122399015748031
11
11.00214590551181
21
-5.1221616535433068
0
LINE
8
BLACK
6
CONTINUOUS
10
11.00214590551181
20
-5.1221616535433068
11
11.0020735433070858
21
-5.1220348031496066
0
LINE
8
BLACK
6
CONTINUOUS
10
11.0020735433070858
20
-5.1220348031496066
11
11.0020997244094492
21
-5.1219388976377953
0
LINE
8
BLACK
6
CONTINUOUS
10
11.0020997244094492
20
-5.1219388976377953
11
11.0020716535433074
21
-5.1218033858267713
0
LINE
8
BLACK
6
CONTINUOUS
10
11.0020716535433074
20
-5.1218033858267713
11
11.0022368110236215
21
-5.1214373228346455
0
LINE
8
BLACK
6
CONTINUOUS
10
11.0022368110236215
20
-5.1214373228346455
11
11.002272125984252
21
-5.1213081496062989
0
LINE
8
BLACK
6
CONTINUOUS
10
11.002272125984252
20
-5.1213081496062989
11
11.0023098818897633
21
-5.1212753149606298
0
LINE
8
BLACK
6
CONTINUOUS
10
11.0023098818897633
20
-5.1212753149606298
11
11.0023218503937006
21
-5.1212488976377948
0
LINE
8
BLACK
6
CONTINUOUS
10
11.0023218503937006
20
-5.1212488976377948
11
11.0023759055118102
21
-5.1212180314960625
0
LINE
8
BLACK
6
CONTINUOUS
10
11.0023759055118102
20
-5.1212180314960625
11
11.0025621259842517
21
-5.1210563779527556
0
LINE
8
BLACK
6
CONTINUOUS
10
11.0025621259842517
20
-5.1210563779527556
11
12.9965529527559056
21
-3.9830578740157478
0
LINE
8
BLACK
6
CONTINUOUS
10
12.9965529527559056
20
-3.9830578740157478
11
12.996786141732283
21
-3.98298
0
LINE
8
BLACK
6
CONTINUOUS
10
12.996786141732283
20
-3.98298
11
12.9968405511811014
21
-3.9829489763779526
0
LINE
8
BLACK
6
CONTINUOUS
10
12.9968405511811014
20
-3.9829489763779526
11
12.9968695669291332
21
-3.9829521653543307
0
LINE
8
BLACK
6
CONTINUOUS
10
12.9968695669291332
20
-3.9829521653543307
11
12.9969172440944885
21
-3.9829362598425195
0
LINE
8
BLACK
6
CONTINUOUS
10
12.9969172440944885
20
-3.9829362598425195
11
12.9970468897637801
21
-3.9829716929133858
0
LINE
8
BLACK
6
CONTINUOUS
10
12.9970468897637801
20
-3.9829716929133858
11
12.9974451968503928
21
-3.9830155511811021
0
LINE
8
BLACK
6
CONTINUOUS
10
12.9974451968503928
20
-3.9830155511811021
11
12.9975473228346452
21
-3.9831084251968503
0
LINE
8
BLACK
6
CONTINUOUS
10
12.9975473228346452
20
-3.9831084251968503
11
12.9976438976377953
21
-3.9831348425196849
0
LINE
8
BLACK
6
CONTINUOUS
10
12.9976438976377953
20
-3.9831348425196849
11
12.9977167716535433
21
-3.9832625196850393
0
LINE
8
BLACK
6
CONTINUOUS
10
12.9977167716535433
20
-3.9832625196850393
11
12.9978952362204723
21
-3.983424842519685
0
LINE
8
BLACK
6
CONTINUOUS
10
12.9978952362204723
20
-3.983424842519685
11
12.9978955118110235
21
-3.98342468503937
0
LINE
8
BLACK
6
CONTINUOUS
10
12.9978955118110235
20
-3.98342468503937
11
13.0019403543307082
21
-3.9905103937007875
0
LINE
8
BLACK
6
CONTINUOUS
10
13.0019403543307082
20
-3.9905103937007875
11
13.0112353937007867
21
-4.0039221259842517
0
LINE
8
BLACK
6
CONTINUOUS
10
13.0112353937007867
20
-4.0039221259842517
11
13.021666062992125
21
-4.01647094488189
0
LINE
8
BLACK
6
CONTINUOUS
10
13.021666062992125
20
-4.01647094488189
11
13.0331526377952756
21
-4.0280610629921263
0
LINE
8
BLACK
6
CONTINUOUS
10
13.0331526377952756
20
-4.0280610629921263
11
13.045607440944881
21
-4.0386038582677166
0
LINE
8
BLACK
6
CONTINUOUS
10
13.045607440944881
20
-4.0386038582677166
11
13.0589352362204725
21
-4.0480188188976376
0
LINE
8
BLACK
6
CONTINUOUS
10
13.0589352362204725
20
-4.0480188188976376
11
13.0730342913385815
21
-4.0562340157480312
0
LINE
8
BLACK
6
CONTINUOUS
10
13.0730342913385815
20
-4.0562340157480312
11
13.0877968110236225
21
-4.0631866929133853
0
LINE
8
BLACK
6
CONTINUOUS
10
13.0877968110236225
20
-4.0631866929133853
11
13.1031100787401567
21
-4.068823779527559
0
LINE
8
BLACK
6
CONTINUOUS
10
13.1031100787401567
20
-4.068823779527559
11
13.1188570472440951
21
-4.0731021259842519
0
LINE
8
BLACK
6
CONTINUOUS
10
13.1188570472440951
20
-4.0731021259842519
11
13.1349174803149609
21
-4.0759890944881887
0
LINE
8
BLACK
6
CONTINUOUS
10
13.1349174803149609
20
-4.0759890944881887
11
13.1511686614173229
21
-4.0774626377952758
0
LINE
8
BLACK
6
CONTINUOUS
10
13.1511686614173229
20
-4.0774626377952758
11
13.1674864566929131
21
-4.0775114960629919
0
LINE
8
BLACK
6
CONTINUOUS
10
13.1674864566929131
20
-4.0775114960629919
11
13.1837461417322839
21
-4.0761352362204724
0
LINE
8
BLACK
6
CONTINUOUS
10
13.1837461417322839
20
-4.0761352362204724
11
13.1998235826771655
21
-4.073344488188976
0
LINE
8
BLACK
6
CONTINUOUS
10
13.1998235826771655
20
-4.073344488188976
11
13.21559590551181
21
-4.0691604724409451
0
LINE
8
BLACK
6
CONTINUOUS
10
13.21559590551181
20
-4.0691604724409451
11
13.230942637795275
21
-4.0636151574803145
0
LINE
8
BLACK
6
CONTINUOUS
10
13.230942637795275
20
-4.0636151574803145
11
13.2457465354330708
21
-4.056750984251968
0
LINE
8
BLACK
6
CONTINUOUS
10
13.2457465354330708
20
-4.056750984251968
11
13.2598944881889764
21
-4.0486203149606297
0
LINE
8
BLACK
6
CONTINUOUS
10
13.2598944881889764
20
-4.0486203149606297
11
13.2732783858267709
21
-4.0392853149606296
0
LINE
8
BLACK
6
CONTINUOUS
10
13.2732783858267709
20
-4.0392853149606296
11
13.2857960629921266
21
-4.0288172440944878
0
LINE
8
BLACK
6
CONTINUOUS
10
13.2857960629921266
20
-4.0288172440944878
11
13.2973518503937012
21
-4.0172961417322837
0
LINE
8
BLACK
6
CONTINUOUS
10
13.2973518503937012
20
-4.0172961417322837
11
13.3078574409448809
21
-4.0048099606299212
0
LINE
8
BLACK
6
CONTINUOUS
10
13.3078574409448809
20
-4.0048099606299212
11
13.317232637795275
21
-3.9914541338582676
0
LINE
8
BLACK
6
CONTINUOUS
10
13.317232637795275
20
-3.9914541338582676
11
13.3254057480314962
21
-3.9773306692913386
0
LINE
8
BLACK
6
CONTINUOUS
10
13.3254057480314962
20
-3.9773306692913386
11
13.3323143700787394
21
-3.9625474409448818
0
LINE
8
BLACK
6
CONTINUOUS
10
13.3323143700787394
20
-3.9625474409448818
11
13.3379057086614168
21
-3.9472174409448817
0
LINE
8
BLACK
6
CONTINUOUS
10
13.3379057086614168
20
-3.9472174409448817
11
13.3421370866141729
21
-3.9314577559055119
0
LINE
8
BLACK
6
CONTINUOUS
10
13.3421370866141729
20
-3.9314577559055119
11
13.3449761417322836
21
-3.915388779527559
0
LINE
8
BLACK
6
CONTINUOUS
10
13.3449761417322836
20
-3.915388779527559
11
13.3464011811023617
21
-3.8991332677165351
0
LINE
8
BLACK
6
CONTINUOUS
10
13.3464011811023617
20
-3.8991332677165351
11
13.346401929133858
21
-3.8909746062992125
0
LINE
8
BLACK
6
CONTINUOUS
10
13.346401929133858
20
-3.8909746062992125
11
13.3464018897637793
21
-3.89097437007874
0
LINE
8
BLACK
6
CONTINUOUS
10
13.3464018897637793
20
-3.89097437007874
11
13.3463996062992116
21
-3.89097437007874
0
LINE
8
BLACK
6
CONTINUOUS
10
13.3463996062992116
20
-3.89097437007874
11
13.3463975196850395
21
-3.8826679527559054
0
LINE
8
BLACK
6
CONTINUOUS
10
13.3463975196850395
20
-3.8826679527559054
11
13.3449209055118114
21
-3.8661209055118109
0
LINE
8
BLACK
6
CONTINUOUS
10
13.3449209055118114
20
-3.8661209055118109
11
13.3419791732283457
21
-3.84977062992126
0
LINE
8
BLACK
6
CONTINUOUS
10
13.3419791732283457
20
-3.84977062992126
11
13.3375956692913391
21
-3.8337465748031496
0
LINE
8
BLACK
6
CONTINUOUS
10
13.3375956692913391
20
-3.8337465748031496
11
13.331805039370078
21
-3.8181756692913384
0
LINE
8
BLACK
6
CONTINUOUS
10
13.331805039370078
20
-3.8181756692913384
11
13.3246531496062985
21
-3.8031811417322832
0
LINE
8
BLACK
6
CONTINUOUS
10
13.3246531496062985
20
-3.8031811417322832
11
13.3161966535433063
21
-3.7888817322834645
0
LINE
8
BLACK
6
CONTINUOUS
10
13.3161966535433063
20
-3.7888817322834645
11
13.3065024803149612
21
-3.7753907086614173
0
LINE
8
BLACK
6
CONTINUOUS
10
13.3065024803149612
20
-3.7753907086614173
11
13.2956474015748025
21
-3.762814803149606
0
LINE
8
BLACK
6
CONTINUOUS
10
13.2956474015748025
20
-3.762814803149606
11
13.2837173622047242
21
-3.7512537007874016
0
LINE
8
BLACK
6
CONTINUOUS
10
13.2837173622047242
20
-3.7512537007874016
11
13.2708068503937007
21
-3.7407988582677163
0
LINE
8
BLACK
6
CONTINUOUS
10
13.2708068503937007
20
-3.7407988582677163
11
13.2570180708661418
21
-3.7315330708661416
0
LINE
8
BLACK
6
CONTINUOUS
10
13.2570180708661418
20
-3.7315330708661416
11
13.2424601968503932
21
-3.7235297244094485
0
LINE
8
BLACK
6
CONTINUOUS
10
13.2424601968503932
20
-3.7235297244094485
11
13.2272484645669284
21
-3.7168522047244092
0
LINE
8
BLACK
6
CONTINUOUS
10
13.2272484645669284
20
-3.7168522047244092
11
13.2115033858267719
21
-3.711553346456693
0
LINE
8
BLACK
6
CONTINUOUS
10
13.2115033858267719
20
-3.711553346456693
11
13.1953496062992119
21
-3.7076751574803151
0
LINE
8
BLACK
6
CONTINUOUS
10
13.1953496062992119
20
-3.7076751574803151
11
13.1789150393700787
21
-3.7052482677165353
0
LINE
8
BLACK
6
CONTINUOUS
10
13.1789150393700787
20
-3.7052482677165353
11
13.1623297637795265
21
-3.7042919291338583
0
LINE
8
BLACK
6
CONTINUOUS
10
13.1623297637795265
20
-3.7042919291338583
11
13.1457251574803138
21
-3.7048137401574803
0
LINE
8
BLACK
6
CONTINUOUS
10
13.1457251574803138
20
-3.7048137401574803
11
13.1292326771653549
21
-3.7068095669291337
0
LINE
8
BLACK
6
CONTINUOUS
10
13.1292326771653549
20
-3.7068095669291337
11
13.1211073622047234
21
-3.7085344488188974
0
LINE
8
BLACK
6
CONTINUOUS
10
13.1211073622047234
20
-3.7085344488188974
11
13.120866338582676
21
-3.7085090944881891
0
LINE
8
BLACK
6
CONTINUOUS
10
13.120866338582676
20
-3.7085090944881891
11
13.1207233464566926
21
-3.7085395275590551
0
LINE
8
BLACK
6
CONTINUOUS
10
13.1207233464566926
20
-3.7085395275590551
11
13.1206398425196848
21
-3.7084852755905513
0
LINE
8
BLACK
6
CONTINUOUS
10
13.1206398425196848
20
-3.7084852755905513
11
13.120502401574802
21
-3.7084708661417323
0
LINE
8
BLACK
6
CONTINUOUS
10
13.120502401574802
20
-3.7084708661417323
11
13.1202041338582678
21
-3.7082022834645669
0
LINE
8
BLACK
6
CONTINUOUS
10
13.1202041338582678
20
-3.7082022834645669
11
13.1200915748031495
21
-3.7081292125984251
0
LINE
8
BLACK
6
CONTINUOUS
10
13.1200915748031495
20
-3.7081292125984251
11
13.1200717716535422
21
-3.7080831102362204
0
LINE
8
BLACK
6
CONTINUOUS
10
13.1200717716535422
20
-3.7080831102362204
11
13.1200503149606291
21
-3.7080638188976378
0
LINE
8
BLACK
6
CONTINUOUS
10
13.1200503149606291
20
-3.7080638188976378
11
13.1200374015748036
21
-3.7080031889763778
0
LINE
8
BLACK
6
CONTINUOUS
10
13.1200374015748036
20
-3.7080031889763778
11
13.119939960629921
21
-3.7077763779527557
0
LINE
8
BLACK
6
CONTINUOUS
10
13.119939960629921
20
-3.7077763779527557
11
12.512985078740158
21
-0.8522746850393701
0
LINE
8
BLACK
6
CONTINUOUS
10
12.512985078740158
20
-0.8522746850393701
11
12.512981889763779
21
-0.8520318503937008
0
LINE
8
BLACK
6
CONTINUOUS
10
12.512981889763779
20
-0.8520318503937008
11
12.5129689763779517
21
-0.8519709842519685
0
LINE
8
BLACK
6
CONTINUOUS
10
12.5129689763779517
20
-0.8519709842519685
11
12.5129807480314952
21
-0.8519444488188976
0
LINE
8
BLACK
6
CONTINUOUS
10
12.5129807480314952
20
-0.8519444488188976
11
12.5129800787401564
21
-0.8518906692913386
0
LINE
8
BLACK
6
CONTINUOUS
10
12.5129800787401564
20
-0.8518906692913386
11
12.5130584645669281
21
-0.8517699212598425
0
LINE
8
BLACK
6
CONTINUOUS
10
12.5130584645669281
20
-0.8517699212598425
11
12.5132163779527552
21
-0.8514152755905512
0
LINE
8
BLACK
6
CONTINUOUS
10
12.5132163779527552
20
-0.8514152755905512
11
12.5133322440944887
21
-0.8513483464566929
0
LINE
8
BLACK
6
CONTINUOUS
10
12.5133322440944887
20
-0.8513483464566929
11
12.5133903543307081
21
-0.8512588976377953
0
LINE
8
BLACK
6
CONTINUOUS
10
12.5133903543307081
20
-0.8512588976377953
11
12.5135436220472442
21
-0.8512262992125984
0
LINE
8
BLACK
6
CONTINUOUS
10
12.5135436220472442
20
-0.8512262992125984
11
12.5137431889763775
21
-0.8511111023622047
0
LINE
8
BLACK
6
CONTINUOUS
10
12.5137431889763775
20
-0.8511111023622047
11
12.5137424409448812
21
-0.8511074803149606
0
LINE
8
BLACK
6
CONTINUOUS
10
12.5137424409448812
20
-0.8511074803149606
11
12.521852519685039
21
-0.849382125984252
0
LINE
8
BLACK
6
CONTINUOUS
10
12.521852519685039
20
-0.849382125984252
11
12.5377033464566932
21
-0.8445085826771653
0
LINE
8
BLACK
6
CONTINUOUS
10
12.5377033464566932
20
-0.8445085826771653
11
12.5530591732283465
21
-0.8382477165354331
0
LINE
8
BLACK
6
CONTINUOUS
10
12.5530591732283465
20
-0.8382477165354331
11
12.567798897637795
21
-0.830648937007874
0
LINE
8
BLACK
6
CONTINUOUS
10
12.567798897637795
20
-0.830648937007874
11
12.5818061417322831
21
-0.8217721653543307
0
LINE
8
BLACK
6
CONTINUOUS
10
12.5818061417322831
20
-0.8217721653543307
11
12.594970472440945
21
-0.8116874409448819
0
LINE
8
BLACK
6
CONTINUOUS
10
12.594970472440945
20
-0.8116874409448819
11
12.6071879921259846
21
-0.8004743700787401
0
LINE
8
BLACK
6
CONTINUOUS
10
12.6071879921259846
20
-0.8004743700787401
11
12.6183622834645668
21
-0.7882213779527559
0
LINE
8
BLACK
6
CONTINUOUS
10
12.6183622834645668
20
-0.7882213779527559
11
12.6284052362204715
21
-0.7750251968503937
0
LINE
8
BLACK
6
CONTINUOUS
10
12.6284052362204715
20
-0.7750251968503937
11
12.6372375590551176
21
-0.760989842519685
0
LINE
8
BLACK
6
CONTINUOUS
10
12.6372375590551176
20
-0.760989842519685
11
12.6447896062992129
21
-0.7462261417322834
0
LINE
8
BLACK
6
CONTINUOUS
10
12.6447896062992129
20
-0.7462261417322834
11
12.6510017716535437
21
-0.7308505511811023
0
LINE
8
BLACK
6
CONTINUOUS
10
12.6510017716535437
20
-0.7308505511811023
11
12.6558250787401576
21
-0.7149843307086614
0
LINE
8
BLACK
6
CONTINUOUS
10
12.6558250787401576
20
-0.7149843307086614
11
12.6592214566929133
21
-0.698752716535433
0
LINE
8
BLACK
6
CONTINUOUS
10
12.6592214566929133
20
-0.698752716535433
11
12.6611640944881891
21
-0.682283779527559
0
LINE
8
BLACK
6
CONTINUOUS
10
12.6611640944881891
20
-0.682283779527559
11
12.6616376377952751
21
-0.6657074015748031
0
LINE
8
BLACK
6
CONTINUOUS
10
12.6616376377952751
20
-0.6657074015748031
11
12.6606384251968507
21
-0.6491543700787401
0
LINE
8
BLACK
6
CONTINUOUS
10
12.6606384251968507
20
-0.6491543700787401
11
12.6581742913385824
21
-0.6327553543307086
0
LINE
8
BLACK
6
CONTINUOUS
10
12.6581742913385824
20
-0.6327553543307086
11
12.6542646850393705
21
-0.6166396456692913
0
LINE
8
BLACK
6
CONTINUOUS
10
12.6542646850393705
20
-0.6166396456692913
11
12.6489404330708659
21
-0.6009344488188976
0
LINE
8
BLACK
6
CONTINUOUS
10
12.6489404330708659
20
-0.6009344488188976
11
12.6422435826771657
21
-0.5857636614173228
0
LINE
8
BLACK
6
CONTINUOUS
10
12.6422435826771657
20
-0.5857636614173228
11
12.6342269685039366
21
-0.5712470078740157
0
LINE
8
BLACK
6
CONTINUOUS
10
12.6342269685039366
20
-0.5712470078740157
11
12.6249537795275586
21
-0.557498937007874
0
LINE
8
BLACK
6
CONTINUOUS
10
12.6249537795275586
20
-0.557498937007874
11
12.6144972440944887
21
-0.5446279921259842
0
LINE
8
BLACK
6
CONTINUOUS
10
12.6144972440944887
20
-0.5446279921259842
11
12.6029398425196852
21
-0.5327357086614173
0
LINE
8
BLACK
6
CONTINUOUS
10
12.6029398425196852
20
-0.5327357086614173
11
12.590372755905511
21
-0.5219158661417322
0
LINE
8
BLACK
6
CONTINUOUS
10
12.590372755905511
20
-0.5219158661417322
11
12.5768951181102366
21
-0.5122538976377953
0
LINE
8
BLACK
6
CONTINUOUS
10
12.5768951181102366
20
-0.5122538976377953
11
12.5626132677165359
21
-0.5038259842519685
0
LINE
8
BLACK
6
CONTINUOUS
10
12.5626132677165359
20
-0.5038259842519685
11
12.547639921259842
21
-0.4966986220472441
0
LINE
8
BLACK
6
CONTINUOUS
10
12.547639921259842
20
-0.4966986220472441
11
12.5320931496062986
21
-0.4909280708661417
0
LINE
8
BLACK
6
CONTINUOUS
10
12.5320931496062986
20
-0.4909280708661417
11
12.5160956692913388
21
-0.4865598818897638
0
LINE
8
BLACK
6
CONTINUOUS
10
12.5160956692913388
20
-0.4865598818897638
11
12.4997737007874008
21
-0.4836284251968504
0
LINE
8
BLACK
6
CONTINUOUS
10
12.4997737007874008
20
-0.4836284251968504
11
12.4832559842519686
21
-0.4821569291338583
0
LINE
8
BLACK
6
CONTINUOUS
10
12.4832559842519686
20
-0.4821569291338583
11
12.4749644094488179
21
-0.4821554330708661
0
LINE
8
BLACK
6
CONTINUOUS
10
12.4749644094488179
20
-0.4821554330708661
11
12.4749575984251972
21
-0.4821532283464567
0
LINE
8
BLACK
6
CONTINUOUS
10
12.4749575984251972
20
-0.4821532283464567
11
12.4667706299212604
21
-0.4821554724409449
0
LINE
8
BLACK
6
CONTINUOUS
10
12.4667706299212604
20
-0.4821554724409449
11
12.4504461811023628
21
-0.4835925590551181
0
LINE
8
BLACK
6
CONTINUOUS
10
12.4504461811023628
20
-0.4835925590551181
11
12.4343106692913388
21
-0.4864556299212598
0
LINE
8
BLACK
6
CONTINUOUS
10
12.4343106692913388
20
-0.4864556299212598
11
12.4184883858267714
21
-0.4907226771653543
0
LINE
8
BLACK
6
CONTINUOUS
10
12.4184883858267714
20
-0.4907226771653543
11
12.4031012598425185
21
-0.4963607874015748
0
LINE
8
BLACK
6
CONTINUOUS
10
12.4031012598425185
20
-0.4963607874015748
11
12.3882677952755902
21
-0.5033265354330708
0
LINE
8
BLACK
6
CONTINUOUS
10
12.3882677952755902
20
-0.5033265354330708
11
12.3741023622047237
21
-0.5115662204724409
0
LINE
8
BLACK
6
CONTINUOUS
10
12.3741023622047237
20
-0.5115662204724409
11
12.3607140551181107
21
-0.5210164173228347
0
LINE
8
BLACK
6
CONTINUOUS
10
12.3607140551181107
20
-0.5210164173228347
11
12.3482060629921264
21
-0.5316042125984252
0
LINE
8
BLACK
6
CONTINUOUS
10
12.3482060629921264
20
-0.5316042125984252
11
12.3366747244094483
21
-0.5432481102362204
0
LINE
8
BLACK
6
CONTINUOUS
10
12.3366747244094483
20
-0.5432481102362204
11
12.3262088976377946
21
-0.5558583858267716
0
LINE
8
BLACK
6
CONTINUOUS
10
12.3262088976377946
20
-0.5558583858267716
11
12.3168892125984257
21
-0.569337874015748
0
LINE
8
BLACK
6
CONTINUOUS
10
12.3168892125984257
20
-0.569337874015748
11
12.30878748031496
21
-0.5835826771653543
0
LINE
8
BLACK
6
CONTINUOUS
10
12.30878748031496
20
-0.5835826771653543
11
12.3019661811023617
21
-0.5984830708661417
0
LINE
8
BLACK
6
CONTINUOUS
10
12.3019661811023617
20
-0.5984830708661417
11
12.2964777952755906
21
-0.613924251968504
0
LINE
8
BLACK
6
CONTINUOUS
10
12.2964777952755906
20
-0.613924251968504
11
12.2923646456692914
21
-0.6297872440944882
0
LINE
8
BLACK
6
CONTINUOUS
10
12.2923646456692914
20
-0.6297872440944882
11
12.2896583858267707
21
-0.6459498031496063
0
LINE
8
BLACK
6
CONTINUOUS
10
12.2896583858267707
20
-0.6459498031496063
11
12.2883799212598426
21
-0.6622874409448819
0
LINE
8
BLACK
6
CONTINUOUS
10
12.2883799212598426
20
-0.6622874409448819
11
12.288539094488188
21
-0.6786742125984252
0
LINE
8
BLACK
6
CONTINUOUS
10
12.288539094488188
20
-0.6786742125984252
11
12.2893346850393694
21
-0.6868292913385826
0
LINE
8
BLACK
6
CONTINUOUS
10
12.2893346850393694
20
-0.6868292913385826
11
12.2893346456692907
21
-0.6868292913385826
0
LINE
8
BLACK
6
CONTINUOUS
10
12.2893346456692907
20
-0.6868292913385826
11
12.2892825196850399
21
-0.6870660236220473
0
LINE
8
BLACK
6
CONTINUOUS
10
12.2892825196850399
20
-0.6870660236220473
11
12.2892967322834643
21
-0.6872112204724409
0
LINE
8
BLACK
6
CONTINUOUS
10
12.2892967322834643
20
-0.6872112204724409
11
12.2892337007874008
21
-0.687287874015748
0
LINE
8
BLACK
6
CONTINUOUS
10
12.2892337007874008
20
-0.687287874015748
11
12.2892038976377957
21
-0.6874233858267716
0
LINE
8
BLACK
6
CONTINUOUS
10
12.2892038976377957
20
-0.6874233858267716
11
12.2889028346456683
21
-0.6876905118110236
0
LINE
8
BLACK
6
CONTINUOUS
10
12.2889028346456683
20
-0.6876905118110236
11
12.2888184645669281
21
-0.6877932283464567
0
LINE
8
BLACK
6
CONTINUOUS
10
12.2888184645669281
20
-0.6877932283464567
11
12.2887709055118108
21
-0.6878075984251968
0
LINE
8
BLACK
6
CONTINUOUS
10
12.2887709055118108
20
-0.6878075984251968
11
12.288748937007874
21
-0.687827125984252
0
LINE
8
BLACK
6
CONTINUOUS
10
12.288748937007874
20
-0.687827125984252
11
12.2886861023622043
21
-0.6878332677165354
0
LINE
8
BLACK
6
CONTINUOUS
10
12.2886861023622043
20
-0.6878332677165354
11
12.2884508661417318
21
-0.6879044488188977
0
LINE
8
BLACK
6
CONTINUOUS
10
12.2884508661417318
20
-0.6879044488188977
11
10.9418909842519678
21
-0.8196207874015747
0
LINE
8
BLACK
6
CONTINUOUS
10
10.9418909842519678
20
-0.8196207874015747
11
10.9416608661417314
21
-0.8195979527559055
0
LINE
8
BLACK
6
CONTINUOUS
10
10.9416608661417314
20
-0.8195979527559055
11
10.9415835826771648
21
-0.8196055511811023
0
LINE
8
BLACK
6
CONTINUOUS
10
10.9415835826771648
20
-0.8196055511811023
11
10.9415523622047246
21
-0.8195872047244094
0
LINE
8
BLACK
6
CONTINUOUS
10
10.9415523622047246
20
-0.8195872047244094
11
10.9415088188976384
21
-0.8195829133858268
0
LINE
8
BLACK
6
CONTINUOUS
10
10.9415088188976384
20
-0.8195829133858268
11
10.9414183070866144
21
-0.8195085039370078
0
LINE
8
BLACK
6
CONTINUOUS
10
10.9414183070866144
20
-0.8195085039370078
11
10.9410589763779527
21
-0.8192975984251968
0
LINE
8
BLACK
6
CONTINUOUS
10
10.9410589763779527
20
-0.8192975984251968
11
10.9410014960629915
21
-0.8191659842519685
0
LINE
8
BLACK
6
CONTINUOUS
10
10.9410014960629915
20
-0.8191659842519685
11
10.9409268110236226
21
-0.8191046062992126
0
LINE
8
BLACK
6
CONTINUOUS
10
10.9409268110236226
20
-0.8191046062992126
11
10.9409129527559053
21
-0.8189631496062992
0
LINE
8
BLACK
6
CONTINUOUS
10
10.9409129527559053
20
-0.8189631496062992
11
10.9408155905511801
21
-0.8187401181102362
0
LINE
8
BLACK
6
CONTINUOUS
10
10.9408155905511801
20
-0.8187401181102362
11
10.9408158661417314
21
-0.8187400787401574
0
LINE
8
BLACK
6
CONTINUOUS
10
10.9408158661417314
20
-0.8187400787401574
11
10.9400261811023611
21
-0.8106915748031496
0
LINE
8
BLACK
6
CONTINUOUS
10
10.9400261811023611
20
-0.8106915748031496
11
10.9370641732283467
21
-0.7947908267716536
0
LINE
8
BLACK
6
CONTINUOUS
10
10.9370641732283467
20
-0.7947908267716536
11
10.9327370078740156
21
-0.7792061023622047
0
LINE
8
BLACK
6
CONTINUOUS
10
10.9327370078740156
20
-0.7792061023622047
11
10.9270770866141724
21
-0.7640544094488189
0
LINE
8
BLACK
6
CONTINUOUS
10
10.9270770866141724
20
-0.7640544094488189
11
10.9201269291338576
21
-0.7494494881889764
0
LINE
8
BLACK
6
CONTINUOUS
10
10.9201269291338576
20
-0.7494494881889764
11
10.9119387401574794
21
-0.7355009842519685
0
LINE
8
BLACK
6
CONTINUOUS
10
10.9119387401574794
20
-0.7355009842519685
11
10.9025739370078742
21
-0.7223135433070866
0
LINE
8
BLACK
6
CONTINUOUS
10
10.9025739370078742
20
-0.7223135433070866
11
10.8921028346456694
21
-0.7099861811023622
0
LINE
8
BLACK
6
CONTINUOUS
10
10.8921028346456694
20
-0.7099861811023622
11
10.8806040551181091
21
-0.6986114173228346
0
LINE
8
BLACK
6
CONTINUOUS
10
10.8806040551181091
20
-0.6986114173228346
11
10.8681638188976368
21
-0.6882746062992126
0
LINE
8
BLACK
6
CONTINUOUS
10
10.8681638188976368
20
-0.6882746062992126
11
10.8548755905511811
21
-0.6790533858267717
0
LINE
8
BLACK
6
CONTINUOUS
10
10.8548755905511811
20
-0.6790533858267717
11
10.8408390944881887
21
-0.671016968503937
0
LINE
8
BLACK
6
CONTINUOUS
10
10.8408390944881887
20
-0.671016968503937
11
10.826159645669291
21
-0.6642256692913385
0
LINE
8
BLACK
6
CONTINUOUS
10
10.826159645669291
20
-0.6642256692913385
11
10.8109474803149599
21
-0.6587303937007873
0
LINE
8
BLACK
6
CONTINUOUS
10
10.8109474803149599
20
-0.6587303937007873
11
10.7953167322834638
21
-0.6545724803149606
0
LINE
8
BLACK
6
CONTINUOUS
10
10.7953167322834638
20
-0.6545724803149606
11
10.779384763779527
21
-0.6517831102362205
0
LINE
8
BLACK
6
CONTINUOUS
10
10.779384763779527
20
-0.6517831102362205
11
10.7632711811023611
21
-0.6503832283464567
0
LINE
8
BLACK
6
CONTINUOUS
10
10.7632711811023611
20
-0.6503832283464567
11
10.7551895669291344
21
-0.6503808661417323
0
LINE
8
BLACK
6
CONTINUOUS
10
10.7551895669291344
20
-0.6503808661417323
11
10.7551840157480321
21
-0.6503826771653544
0
LINE
8
BLACK
6
CONTINUOUS
10
10.7551840157480321
20
-0.6503826771653544
11
10.7551840157480321
21
-0.6503808661417323
0
LINE
8
BLACK
6
CONTINUOUS
10
10.7551840157480321
20
-0.6503808661417323
11
10.7551838582677171
21
-0.6503808267716535
0
LINE
8
BLACK
6
CONTINUOUS
10
10.7551838582677171
20
-0.6503808267716535
11
10.7470092519685032
21
-0.6503822440944882
0
LINE
8
BLACK
6
CONTINUOUS
10
10.7470092519685032
20
-0.6503822440944882
11
10.7307224015748037
21
-0.6518127559055118
0
LINE
8
BLACK
6
CONTINUOUS
10
10.7307224015748037
20
-0.6518127559055118
11
10.7146231496062985
21
-0.6546627165354331
0
LINE
8
BLACK
6
CONTINUOUS
10
10.7146231496062985
20
-0.6546627165354331
11
10.698834999999999
21
-0.6589102755905512
0
LINE
8
BLACK
6
CONTINUOUS
10
10.698834999999999
20
-0.6589102755905512
11
10.6834789763779519
21
-0.6645228346456693
0
LINE
8
BLACK
6
CONTINUOUS
10
10.6834789763779519
20
-0.6645228346456693
11
10.6686729133858265
21
-0.6714573622047244
0
LINE
8
BLACK
6
CONTINUOUS
10
10.6686729133858265
20
-0.6714573622047244
11
10.6545303149606294
21
-0.6796607086614173
0
LINE
8
BLACK
6
CONTINUOUS
10
10.6545303149606294
20
-0.6796607086614173
11
10.6411596456692905
21
-0.6890699212598425
0
LINE
8
BLACK
6
CONTINUOUS
10
10.6411596456692905
20
-0.6890699212598425
11
10.6286634645669285
21
-0.6996128346456693
0
LINE
8
BLACK
6
CONTINUOUS
10
10.6286634645669285
20
-0.6996128346456693
11
10.617137598425197
21
-0.7112086220472441
0
LINE
8
BLACK
6
CONTINUOUS
10
10.617137598425197
20
-0.7112086220472441
11
10.6066704330708657
21
-0.7237683464566929
0
LINE
8
BLACK
6
CONTINUOUS
10
10.6066704330708657
20
-0.7237683464566929
11
10.597342244094488
21
-0.7371956692913386
0
LINE
8
BLACK
6
CONTINUOUS
10
10.597342244094488
20
-0.7371956692913386
11
10.5892246062992115
21
-0.7513875984251969
0
LINE
8
BLACK
6
CONTINUOUS
10
10.5892246062992115
20
-0.7513875984251969
11
10.5823797244094493
21
-0.7662353543307087
0
LINE
8
BLACK
6
CONTINUOUS
10
10.5823797244094493
20
-0.7662353543307087
11
10.5768601574803149
21
-0.7816250393700788
0
LINE
8
BLACK
6
CONTINUOUS
10
10.5768601574803149
20
-0.7816250393700788
11
10.5727081496062993
21
-0.7974385826771654
0
LINE
8
BLACK
6
CONTINUOUS
10
10.5727081496062993
20
-0.7974385826771654
11
10.5699555905511815
21
-0.8135547637795275
0
LINE
8
BLACK
6
CONTINUOUS
10
10.5699555905511815
20
-0.8135547637795275
11
10.5686236220472445
21
-0.8298499606299212
0
LINE
8
BLACK
6
CONTINUOUS
10
10.5686236220472445
20
-0.8298499606299212
11
10.5687224015748029
21
-0.8461992125984252
0
LINE
8
BLACK
6
CONTINUOUS
10
10.5687224015748029
20
-0.8461992125984252
11
10.5694854330708665
21
-0.8543383070866142
0
LINE
8
BLACK
6
CONTINUOUS
10
10.5694854330708665
20
-0.8543383070866142
11
10.5694853937007878
21
-0.8543383070866142
0
LINE
8
BLACK
6
CONTINUOUS
10
10.5694853937007878
20
-0.8543383070866142
11
10.5694324015748027
21
-0.8545746456692913
0
LINE
8
BLACK
6
CONTINUOUS
10
10.5694324015748027
20
-0.8545746456692913
11
10.5694461023622051
21
-0.8547203149606299
0
LINE
8
BLACK
6
CONTINUOUS
10
10.5694461023622051
20
-0.8547203149606299
11
10.5693825590551178
21
-0.8547969685039369
0
LINE
8
BLACK
6
CONTINUOUS
10
10.5693825590551178
20
-0.8547969685039369
11
10.5693523622047234
21
-0.8549318897637795
0
LINE
8
BLACK
6
CONTINUOUS
10
10.5693523622047234
20
-0.8549318897637795
11
10.5690511417322828
21
-0.8551970866141733
0
LINE
8
BLACK
6
CONTINUOUS
10
10.5690511417322828
20
-0.8551970866141733
11
10.5689655511811029
21
-0.8553004724409449
0
LINE
8
BLACK
6
CONTINUOUS
10
10.5689655511811029
20
-0.8553004724409449
11
10.5689174803149601
21
-0.8553148031496063
0
LINE
8
BLACK
6
CONTINUOUS
10
10.5689174803149601
20
-0.8553148031496063
11
10.5688958267716533
21
-0.8553338976377952
0
LINE
8
BLACK
6
CONTINUOUS
10
10.5688958267716533
20
-0.8553338976377952
11
10.5688340944881887
21
-0.8553396850393701
0
LINE
8
BLACK
6
CONTINUOUS
10
10.5688340944881887
20
-0.8553396850393701
11
10.5685975590551173
21
-0.8554102755905512
0
LINE
8
BLACK
6
CONTINUOUS
10
10.5685975590551173
20
-0.8554102755905512
11
7.8742705905511805
21
-1.1084479133858267
0
LINE
8
BLACK
6
CONTINUOUS
10
7.8742705905511805
20
-1.1084479133858267
11
7.8740251181102359
21
-1.1084225984251967
0
LINE
8
BLACK
6
CONTINUOUS
10
7.8740251181102359
20
-1.1084225984251967
11
7.873963267716535
21
-1.1084284251968504
0
LINE
8
BLACK
6
CONTINUOUS
10
7.873963267716535
20
-1.1084284251968504
11
7.8739383464566925
21
-1.1084136614173228
0
LINE
8
BLACK
6
CONTINUOUS
10
7.8739383464566925
20
-1.1084136614173228
11
7.8738885826771652
21
-1.1084085433070865
0
LINE
8
BLACK
6
CONTINUOUS
10
7.8738885826771652
20
-1.1084085433070865
11
7.8737853937007873
21
-1.1083230708661418
0
LINE
8
BLACK
6
CONTINUOUS
10
7.8737853937007873
20
-1.1083230708661418
11
7.8734398425196845
21
-1.1081184251968503
0
LINE
8
BLACK
6
CONTINUOUS
10
7.8734398425196845
20
-1.1081184251968503
11
7.8733849606299211
21
-1.1079914173228347
0
LINE
8
BLACK
6
CONTINUOUS
10
7.8733849606299211
20
-1.1079914173228347
11
7.8733084251968499
21
-1.1079280314960629
0
LINE
8
BLACK
6
CONTINUOUS
10
7.8733084251968499
20
-1.1079280314960629
11
7.8732947637795272
21
-1.1077825984251968
0
LINE
8
BLACK
6
CONTINUOUS
10
7.8732947637795272
20
-1.1077825984251968
11
7.8731986220472443
21
-1.1075600393700786
0
LINE
8
BLACK
6
CONTINUOUS
10
7.8731986220472443
20
-1.1075600393700786
11
7.8724296062992121
21
-1.0993977952755905
0
LINE
8
BLACK
6
CONTINUOUS
10
7.8724296062992121
20
-1.0993977952755905
11
7.8694699999999997
21
-1.0832703937007875
0
LINE
8
BLACK
6
CONTINUOUS
10
7.8694699999999997
20
-1.0832703937007875
11
7.8651066929133853
21
-1.0674648425196851
0
LINE
8
BLACK
6
CONTINUOUS
10
7.8651066929133853
20
-1.0674648425196851
11
7.8593734251968499
21
-1.0521031102362204
0
LINE
8
BLACK
6
CONTINUOUS
10
7.8593734251968499
20
-1.0521031102362204
11
7.8523144094488186
21
-1.0373037007874015
0
LINE
8
BLACK
6
CONTINUOUS
10
7.8523144094488186
20
-1.0373037007874015
11
7.8439840944881887
21
-1.0231807086614173
0
LINE
8
BLACK
6
CONTINUOUS
10
7.8439840944881887
20
-1.0231807086614173
11
7.834446692913386
21
-1.0098431102362204
0
LINE
8
BLACK
6
CONTINUOUS
10
7.834446692913386
20
-1.0098431102362204
11
7.8237758267716533
21
-0.9973938188976378
0
LINE
8
BLACK
6
CONTINUOUS
10
7.8237758267716533
20
-0.9973938188976378
11
7.8120537401574799
21
-0.9859288188976377
0
LINE
8
BLACK
6
CONTINUOUS
10
7.8120537401574799
20
-0.9859288188976377
11
7.7993709448818898
21
-0.9755365354330708
0
LINE
8
BLACK
6
CONTINUOUS
10
7.7993709448818898
20
-0.9755365354330708
11
7.7858251968503938
21
-0.9662971653543306
0
LINE
8
BLACK
6
CONTINUOUS
10
7.7858251968503938
20
-0.9662971653543306
11
7.7715210236220473
21
-0.958281968503937
0
LINE
8
BLACK
6
CONTINUOUS
10
7.7715210236220473
20
-0.958281968503937
11
7.7565687401574799
21
-0.9515527559055118
0
LINE
8
BLACK
6
CONTINUOUS
10
7.7565687401574799
20
-0.9515527559055118
11
7.7410837007874012
21
-0.9461614566929134
0
LINE
8
BLACK
6
CONTINUOUS
10
7.7410837007874012
20
-0.9461614566929134
11
7.7251853149606298
21
-0.9421496456692913
0
LINE
8
BLACK
6
CONTINUOUS
10
7.7251853149606298
20
-0.9421496456692913
11
7.7089962598425199
21
-0.9395482677165354
0
LINE
8
BLACK
6
CONTINUOUS
10
7.7089962598425199
20
-0.9395482677165354
11
7.6926413779527554
21
-0.9383774015748031
0
LINE
8
BLACK
6
CONTINUOUS
10
7.6926413779527554
20
-0.9383774015748031
11
7.6762468110236215
21
-0.9386460236220472
0
LINE
8
BLACK
6
CONTINUOUS
10
7.6762468110236215
20
-0.9386460236220472
11
7.6599390944881884
21
-0.940352125984252
0
LINE
8
BLACK
6
CONTINUOUS
10
7.6599390944881884
20
-0.940352125984252
11
7.6438439370078735
21
-0.9434825590551181
0
LINE
8
BLACK
6
CONTINUOUS
10
7.6438439370078735
20
-0.9434825590551181
11
7.6280855511811021
21
-0.9480131102362205
0
LINE
8
BLACK
6
CONTINUOUS
10
7.6280855511811021
20
-0.9480131102362205
11
7.6127854724409447
21
-0.9539088582677165
0
LINE
8
BLACK
6
CONTINUOUS
10
7.6127854724409447
20
-0.9539088582677165
11
7.5980616929133857
21
-0.9611243700787402
0
LINE
8
BLACK
6
CONTINUOUS
10
7.5980616929133857
20
-0.9611243700787402
11
7.5840277952755901
21
-0.969603937007874
0
LINE
8
BLACK
6
CONTINUOUS
10
7.5840277952755901
20
-0.969603937007874
11
7.5707920472440939
21
-0.9792821653543307
0
LINE
8
BLACK
6
CONTINUOUS
10
7.5707920472440939
20
-0.9792821653543307
11
7.5584565354330708
21
-0.9900844094488189
0
LINE
8
BLACK
6
CONTINUOUS
10
7.5584565354330708
20
-0.9900844094488189
11
7.5471164173228349
21
-1.0019273228346457
0
LINE
8
BLACK
6
CONTINUOUS
10
7.5471164173228349
20
-1.0019273228346457
11
7.5368591732283461
21
-1.0147195669291338
0
LINE
8
BLACK
6
CONTINUOUS
10
7.5368591732283461
20
-1.0147195669291338
11
7.5323095275590548
21
-1.0215396850393701
0
LINE
8
BLACK
6
CONTINUOUS
10
7.5323095275590548
20
-1.0215396850393701
11
7.5323094881889761
21
-1.0215396850393701
0
LINE
8
BLACK
6
CONTINUOUS
10
7.5323094881889761
20
-1.0215396850393701
11
7.5319339370078735
21
-1.0218363385826772
0
LINE
8
BLACK
6
CONTINUOUS
10
7.5319339370078735
20
-1.0218363385826772
11
7.5318672047244091
21
-1.0219031102362204
0
LINE
8
BLACK
6
CONTINUOUS
10
7.5318672047244091
20
-1.0219031102362204
11
7.5318434645669292
21
-1.0219077952755906
0
LINE
8
BLACK
6
CONTINUOUS
10
7.5318434645669292
20
-1.0219077952755906
11
7.5318321653543308
21
-1.0219167716535433
0
LINE
8
BLACK
6
CONTINUOUS
10
7.5318321653543308
20
-1.0219167716535433
11
7.5317899606299212
21
-1.021918464566929
0
LINE
8
BLACK
6
CONTINUOUS
10
7.5317899606299212
20
-1.021918464566929
11
7.5314905511811023
21
-1.0219780314960629
0
LINE
8
BLACK
6
CONTINUOUS
10
7.5314905511811023
20
-1.0219780314960629
11
6.3435094488188977
21
-1.0219779527559054
0
LINE
8
BLACK
6
CONTINUOUS
10
6.3435094488188977
20
-1.0219779527559054
11
6.3432105118110238
21
-1.021918464566929
0
LINE
8
BLACK
6
CONTINUOUS
10
6.3432105118110238
20
-1.021918464566929
11
6.3431678346456692
21
-1.0219167716535433
0
LINE
8
BLACK
6
CONTINUOUS
10
6.3431678346456692
20
-1.0219167716535433
11
6.3431563779527558
21
-1.0219077165354331
0
LINE
8
BLACK
6
CONTINUOUS
10
6.3431563779527558
20
-1.0219077165354331
11
6.34313279527559
21
-1.0219030314960629
0
LINE
8
BLACK
6
CONTINUOUS
10
6.34313279527559
20
-1.0219030314960629
11
6.3430663779527556
21
-1.0218366141732282
0
LINE
8
BLACK
6
CONTINUOUS
10
6.3430663779527556
20
-1.0218366141732282
11
6.3426905118110231
21
-1.0215396850393701
0
LINE
8
BLACK
6
CONTINUOUS
10
6.3426905118110231
20
-1.0215396850393701
11
6.3426904330708664
21
-1.0215396850393701
0
LINE
8
BLACK
6
CONTINUOUS
10
6.3426904330708664
20
-1.0215396850393701
11
6.3381407874015743
21
-1.0147196062992125
0
LINE
8
BLACK
6
CONTINUOUS
10
6.3381407874015743
20
-1.0147196062992125
11
6.3278835433070864
21
-1.0019273228346457
0
LINE
8
BLACK
6
CONTINUOUS
10
6.3278835433070864
20
-1.0019273228346457
11
6.3165434251968504
21
-0.9900844094488189
0
LINE
8
BLACK
6
CONTINUOUS
10
6.3165434251968504
20
-0.9900844094488189
11
6.3042079133858264
21
-0.9792821653543307
0
LINE
8
BLACK
6
CONTINUOUS
10
6.3042079133858264
20
-0.9792821653543307
11
6.2909721653543302
21
-0.9696039763779527
0
LINE
8
BLACK
6
CONTINUOUS
10
6.2909721653543302
20
-0.9696039763779527
11
6.2769382677165355
21
-0.9611244094488188
0
LINE
8
BLACK
6
CONTINUOUS
10
6.2769382677165355
20
-0.9611244094488188
11
6.2622144881889765
21
-0.9539088976377953
0
LINE
8
BLACK
6
CONTINUOUS
10
6.2622144881889765
20
-0.9539088976377953
11
6.2469144094488191
21
-0.9480131496062992
0
LINE
8
BLACK
6
CONTINUOUS
10
6.2469144094488191
20
-0.9480131496062992
11
6.2311560236220469
21
-0.9434825984251969
0
LINE
8
BLACK
6
CONTINUOUS
10
6.2311560236220469
20
-0.9434825984251969
11
6.2150608661417319
21
-0.9403521653543306
0
LINE
8
BLACK
6
CONTINUOUS
10
6.2150608661417319
20
-0.9403521653543306
11
6.1987531496062989
21
-0.9386460629921259
0
LINE
8
BLACK
6
CONTINUOUS
10
6.1987531496062989
20
-0.9386460629921259
11
6.1823586220472437
21
-0.9383774409448818
0
LINE
8
BLACK
6
CONTINUOUS
10
6.1823586220472437
20
-0.9383774409448818
11
6.1660037401574801
21
-0.9395483070866142
0
LINE
8
BLACK
6
CONTINUOUS
10
6.1660037401574801
20
-0.9395483070866142
11
6.1498146456692915
21
-0.94214968503937
0
LINE
8
BLACK
6
CONTINUOUS
10
6.1498146456692915
20
-0.94214968503937
11
6.133916299212598
21
-0.9461614960629922
0
LINE
8
BLACK
6
CONTINUOUS
10
6.133916299212598
20
-0.9461614960629922
11
6.1184312204724405
21
-0.9515527952755906
0
LINE
8
BLACK
6
CONTINUOUS
10
6.1184312204724405
20
-0.9515527952755906
11
6.1034789370078739
21
-0.9582820078740157
0
LINE
8
BLACK
6
CONTINUOUS
10
6.1034789370078739
20
-0.9582820078740157
11
6.0891747637795275
21
-0.9662972440944881
0
LINE
8
BLACK
6
CONTINUOUS
10
6.0891747637795275
20
-0.9662972440944881
11
6.0756290551181102
21
-0.9755366141732283
0
LINE
8
BLACK
6
CONTINUOUS
10
6.0756290551181102
20
-0.9755366141732283
11
6.0629462204724405
21
-0.9859288582677165
0
LINE
8
BLACK
6
CONTINUOUS
10
6.0629462204724405
20
-0.9859288582677165
11
6.0512241732283467
21
-0.9973938976377953
0
LINE
8
BLACK
6
CONTINUOUS
10
6.0512241732283467
20
-0.9973938976377953
11
6.040553307086614
21
-1.0098431889763779
0
LINE
8
BLACK
6
CONTINUOUS
10
6.040553307086614
20
-1.0098431889763779
11
6.0310159055118113
21
-1.0231807874015748
0
LINE
8
BLACK
6
CONTINUOUS
10
6.0310159055118113
20
-1.0231807874015748
11
6.0226855905511814
21
-1.037303779527559
0
LINE
8
BLACK
6
CONTINUOUS
10
6.0226855905511814
20
-1.037303779527559
11
6.0156265748031492
21
-1.0521031889763779
0
LINE
8
BLACK
6
CONTINUOUS
10
6.0156265748031492
20
-1.0521031889763779
11
6.0098933070866138
21
-1.0674649212598426
0
LINE
8
BLACK
6
CONTINUOUS
10
6.0098933070866138
20
-1.0674649212598426
11
6.005530039370079
21
-1.0832704724409448
0
LINE
8
BLACK
6
CONTINUOUS
10
6.005530039370079
20
-1.0832704724409448
11
6.0025704330708658
21
-1.099397874015748
0
LINE
8
BLACK
6
CONTINUOUS
10
6.0025704330708658
20
-1.099397874015748
11
6.0018014173228345
21
-1.1075601181102361
0
LINE
8
BLACK
6
CONTINUOUS
10
6.0018014173228345
20
-1.1075601181102361
11
6.0018013779527557
21
-1.1075601181102361
0
LINE
8
BLACK
6
CONTINUOUS
10
6.0018013779527557
20
-1.1075601181102361
11
6.0017051968503932
21
-1.1077826771653543
0
LINE
8
BLACK
6
CONTINUOUS
10
6.0017051968503932
20
-1.1077826771653543
11
6.0016915748031492
21
-1.1079281102362204
0
LINE
8
BLACK
6
CONTINUOUS
10
6.0016915748031492
20
-1.1079281102362204
11
6.0016150000000001
21
-1.1079914960629922
0
LINE
8
BLACK
6
CONTINUOUS
10
6.0016150000000001
20
-1.1079914960629922
11
6.0015601574803146
21
-1.1081185039370078
0
LINE
8
BLACK
6
CONTINUOUS
10
6.0015601574803146
20
-1.1081185039370078
11
6.0012145669291339
21
-1.1083231496062993
0
LINE
8
BLACK
6
CONTINUOUS
10
6.0012145669291339
20
-1.1083231496062993
11
6.0011114173228348
21
-1.108408622047244
0
LINE
8
BLACK
6
CONTINUOUS
10
6.0011114173228348
20
-1.108408622047244
11
6.0010616141732278
21
-1.1084137401574803
0
LINE
8
BLACK
6
CONTINUOUS
10
6.0010616141732278
20
-1.1084137401574803
11
6.0010367322834641
21
-1.1084285039370079
0
LINE
8
BLACK
6
CONTINUOUS
10
6.0010367322834641
20
-1.1084285039370079
11
6.0009748425196845
21
-1.1084226771653543
0
LINE
8
BLACK
6
CONTINUOUS
10
6.0009748425196845
20
-1.1084226771653543
11
6.0007294094488186
21
-1.1084479921259842
0
LINE
8
BLACK
6
CONTINUOUS
10
6.0007294094488186
20
-1.1084479921259842
11
3.3064024803149605
21
-0.8553902362204724
0
LINE
8
BLACK
6
CONTINUOUS
10
3.3064024803149605
20
-0.8553902362204724
11
3.3062639370078739
21
-0.8553488976377952
0
LINE
8
BLACK
6
CONTINUOUS
10
3.3062639370078739
20
-0.8553488976377952
11
3.3061041732283463
21
-0.8553338976377952
0
LINE
8
BLACK
6
CONTINUOUS
10
3.3061041732283463
20
-0.8553338976377952
11
3.3060480314960627
21
-0.8552844488188976
0
LINE
8
BLACK
6
CONTINUOUS
10
3.3060480314960627
20
-0.8552844488188976
11
3.3060344881889763
21
-0.8552804330708661
0
LINE
8
BLACK
6
CONTINUOUS
10
3.3060344881889763
20
-0.8552804330708661
11
3.3060103149606297
21
-0.855251220472441
0
LINE
8
BLACK
6
CONTINUOUS
10
3.3060103149606297
20
-0.855251220472441
11
3.3056476377952757
21
-0.8549318897637795
0
LINE
8
BLACK
6
CONTINUOUS
10
3.3056476377952757
20
-0.8549318897637795
11
3.3056111811023623
21
-0.8547693700787401
0
LINE
8
BLACK
6
CONTINUOUS
10
3.3056111811023623
20
-0.8547693700787401
11
3.3055539763779529
21
-0.8547002755905512
0
LINE
8
BLACK
6
CONTINUOUS
10
3.3055539763779529
20
-0.8547002755905512
11
3.3055662992125985
21
-0.8545689763779527
0
LINE
8
BLACK
6
CONTINUOUS
10
3.3055662992125985
20
-0.8545689763779527
11
3.3055146062992127
21
-0.8543383070866142
0
LINE
8
BLACK
6
CONTINUOUS
10
3.3055146062992127
20
-0.8543383070866142
11
3.305512716535433
21
-0.8543381496062992
0
LINE
8
BLACK
6
CONTINUOUS
10
3.305512716535433
20
-0.8543381496062992
11
3.3062757480314962
21
-0.8461991338582677
0
LINE
8
BLACK
6
CONTINUOUS
10
3.3062757480314962
20
-0.8461991338582677
11
3.306374527559055
21
-0.8298500393700787
0
LINE
8
BLACK
6
CONTINUOUS
10
3.306374527559055
20
-0.8298500393700787
11
3.305042559055118
21
-0.813555
0
LINE
8
BLACK
6
CONTINUOUS
10
3.305042559055118
20
-0.813555
11
3.3022900393700785
21
-0.7974389763779527
0
LINE
8
BLACK
6
CONTINUOUS
10
3.3022900393700785
20
-0.7974389763779527
11
3.2981381102362204
21
-0.7816255905511811
0
LINE
8
BLACK
6
CONTINUOUS
10
3.2981381102362204
20
-0.7816255905511811
11
3.2926185433070865
21
-0.766236062992126
0
LINE
8
BLACK
6
CONTINUOUS
10
3.2926185433070865
20
-0.766236062992126
11
3.28577374015748
21
-0.7513884645669291
0
LINE
8
BLACK
6
CONTINUOUS
10
3.28577374015748
20
-0.7513884645669291
11
3.2776561811023623
21
-0.7371966535433071
0
LINE
8
BLACK
6
CONTINUOUS
10
3.2776561811023623
20
-0.7371966535433071
11
3.2683281102362205
21
-0.7237694488188976
0
LINE
8
BLACK
6
CONTINUOUS
10
3.2683281102362205
20
-0.7237694488188976
11
3.2578610629921259
21
-0.711209842519685
0
LINE
8
BLACK
6
CONTINUOUS
10
3.2578610629921259
20
-0.711209842519685
11
3.2463353149606298
21
-0.6996141732283464
0
LINE
8
BLACK
6
CONTINUOUS
10
3.2463353149606298
20
-0.6996141732283464
11
3.233839251968504
21
-0.6890713779527559
0
LINE
8
BLACK
6
CONTINUOUS
10
3.233839251968504
20
-0.6890713779527559
11
3.2204687007874013
21
-0.6796622440944882
0
LINE
8
BLACK
6
CONTINUOUS
10
3.2204687007874013
20
-0.6796622440944882
11
3.2063262598425197
21
-0.6714590157480315
0
LINE
8
BLACK
6
CONTINUOUS
10
3.2063262598425197
20
-0.6714590157480315
11
3.1915203149606297
21
-0.6645245275590551
0
LINE
8
BLACK
6
CONTINUOUS
10
3.1915203149606297
20
-0.6645245275590551
11
3.1761644488188976
21
-0.6589120472440945
0
LINE
8
BLACK
6
CONTINUOUS
10
3.1761644488188976
20
-0.6589120472440945
11
3.1603764566929131
21
-0.6546645275590551
0
LINE
8
BLACK
6
CONTINUOUS
10
3.1603764566929131
20
-0.6546645275590551
11
3.1442773622047242
21
-0.6518146062992126
0
LINE
8
BLACK
6
CONTINUOUS
10
3.1442773622047242
20
-0.6518146062992126
11
3.1279906692913384
21
-0.650384094488189
0
LINE
8
BLACK
6
CONTINUOUS
10
3.1279906692913384
20
-0.650384094488189
11
3.1198159842519684
21
-0.6503826771653544
0
LINE
8
BLACK
6
CONTINUOUS
10
3.1198159842519684
20
-0.6503826771653544
11
3.1198159842519684
21
-0.6503829921259843
0
LINE
8
BLACK
6
CONTINUOUS
10
3.1198159842519684
20
-0.6503829921259843
11
3.1117289370078738
21
-0.6503853543307087
0
LINE
8
BLACK
6
CONTINUOUS
10
3.1117289370078738
20
-0.6503853543307087
11
3.0956155118110233
21
-0.6517852362204725
0
LINE
8
BLACK
6
CONTINUOUS
10
3.0956155118110233
20
-0.6517852362204725
11
3.0796837007874016
21
-0.6545745669291338
0
LINE
8
BLACK
6
CONTINUOUS
10
3.0796837007874016
20
-0.6545745669291338
11
3.0640531496062993
21
-0.6587324409448819
0
LINE
8
BLACK
6
CONTINUOUS
10
3.0640531496062993
20
-0.6587324409448819
11
3.0488411811023624
21
-0.6642276377952756
0
LINE
8
BLACK
6
CONTINUOUS
10
3.0488411811023624
20
-0.6642276377952756
11
3.0341618897637797
21
-0.6710188582677166
0
LINE
8
BLACK
6
CONTINUOUS
10
3.0341618897637797
20
-0.6710188582677166
11
3.0201255511811023
21
-0.6790551968503937
0
LINE
8
BLACK
6
CONTINUOUS
10
3.0201255511811023
20
-0.6790551968503937
11
3.0068374409448819
21
-0.6882762992125984
0
LINE
8
BLACK
6
CONTINUOUS
10
3.0068374409448819
20
-0.6882762992125984
11
2.9943973622047242
21
-0.6986129921259843
0
LINE
8
BLACK
6
CONTINUOUS
10
2.9943973622047242
20
-0.6986129921259843
11
2.9828987007874015
21
-0.7099876377952756
0
LINE
8
BLACK
6
CONTINUOUS
10
2.9828987007874015
20
-0.7099876377952756
11
2.9724277165354329
21
-0.722314842519685
0
LINE
8
BLACK
6
CONTINUOUS
10
2.9724277165354329
20
-0.722314842519685
11
2.9630630314960631
21
-0.7355021259842519
0
LINE
8
BLACK
6
CONTINUOUS
10
2.9630630314960631
20
-0.7355021259842519
11
2.9548749212598424
21
-0.7494505118110236
0
LINE
8
BLACK
6
CONTINUOUS
10
2.9548749212598424
20
-0.7494505118110236
11
2.9479248818897639
21
-0.7640552755905512
0
LINE
8
BLACK
6
CONTINUOUS
10
2.9479248818897639
20
-0.7640552755905512
11
2.9422650393700787
21
-0.7792067716535432
0
LINE
8
BLACK
6
CONTINUOUS
10
2.9422650393700787
20
-0.7792067716535432
11
2.937937874015748
21
-0.7947912992125984
0
LINE
8
BLACK
6
CONTINUOUS
10
2.937937874015748
20
-0.7947912992125984
11
2.934975905511811
21
-0.8106918897637795
0
LINE
8
BLACK
6
CONTINUOUS
10
2.934975905511811
20
-0.8106918897637795
11
2.9341862204724407
21
-0.8187403149606299
0
LINE
8
BLACK
6
CONTINUOUS
10
2.9341862204724407
20
-0.8187403149606299
11
2.934089251968504
21
-0.8189623622047244
0
LINE
8
BLACK
6
CONTINUOUS
10
2.934089251968504
20
-0.8189623622047244
11
2.9340750393700787
21
-0.819107874015748
0
LINE
8
BLACK
6
CONTINUOUS
10
2.9340750393700787
20
-0.819107874015748
11
2.9339981496062992
21
-0.8191710236220472
0
LINE
8
BLACK
6
CONTINUOUS
10
2.9339981496062992
20
-0.8191710236220472
11
2.9339428346456691
21
-0.8192977952755905
0
LINE
8
BLACK
6
CONTINUOUS
10
2.9339428346456691
20
-0.8192977952755905
11
2.9335966929133859
21
-0.8195009448818897
0
LINE
8
BLACK
6
CONTINUOUS
10
2.9335966929133859
20
-0.8195009448818897
11
2.933493031496063
21
-0.8195861811023621
0
LINE
8
BLACK
6
CONTINUOUS
10
2.933493031496063
20
-0.8195861811023621
11
2.9334431102362206
21
-0.8195911023622047
0
LINE
8
BLACK
6
CONTINUOUS
10
2.9334431102362206
20
-0.8195911023622047
11
2.9334182283464565
21
-0.819605748031496
0
LINE
8
BLACK
6
CONTINUOUS
10
2.9334182283464565
20
-0.819605748031496
11
2.9333564960629919
21
-0.8195996850393701
0
LINE
8
BLACK
6
CONTINUOUS
10
2.9333564960629919
20
-0.8195996850393701
11
2.9331108661417322
21
-0.8196240551181102
0
LINE
8
BLACK
6
CONTINUOUS
10
2.9331108661417322
20
-0.8196240551181102
11
1.586549094488189
21
-0.6879015748031496
0
LINE
8
BLACK
6
CONTINUOUS
10
1.586549094488189
20
-0.6879015748031496
11
1.586327874015748
21
-0.6878346062992126
0
LINE
8
BLACK
6
CONTINUOUS
10
1.586327874015748
20
-0.6878346062992126
11
1.5862511023622048
21
-0.687827125984252
0
LINE
8
BLACK
6
CONTINUOUS
10
1.5862511023622048
20
-0.687827125984252
11
1.5862242125984252
21
-0.6878032677165354
0
LINE
8
BLACK
6
CONTINUOUS
10
1.5862242125984252
20
-0.6878032677165354
11
1.5861815354330708
21
-0.6877903543307087
0
LINE
8
BLACK
6
CONTINUOUS
10
1.5861815354330708
20
-0.6877903543307087
11
1.586105748031496
21
-0.6876981496062992
0
LINE
8
BLACK
6
CONTINUOUS
10
1.586105748031496
20
-0.6876981496062992
11
1.5857961023622047
21
-0.6874233858267716
0
LINE
8
BLACK
6
CONTINUOUS
10
1.5857961023622047
20
-0.6874233858267716
11
1.5857654330708661
21
-0.6872840157480314
0
LINE
8
BLACK
6
CONTINUOUS
10
1.5857654330708661
20
-0.6872840157480314
11
1.5857032283464567
21
-0.6872083464566929
0
LINE
8
BLACK
6
CONTINUOUS
10
1.5857032283464567
20
-0.6872083464566929
11
1.5857172440944882
21
-0.6870650393700787
0
LINE
8
BLACK
6
CONTINUOUS
10
1.5857172440944882
20
-0.6870650393700787
11
1.5856653543307087
21
-0.6868292913385826
0
LINE
8
BLACK
6
CONTINUOUS
10
1.5856653543307087
20
-0.6868292913385826
11
1.5856650393700786
21
-0.686829251968504
0
LINE
8
BLACK
6
CONTINUOUS
10
1.5856650393700786
20
-0.686829251968504
11
1.5864815748031496
21
-0.6784725590551181
0
LINE
8
BLACK
6
CONTINUOUS
10
1.5864815748031496
20
-0.6784725590551181
11
1.5866080708661416
21
-0.6616800393700787
0
LINE
8
BLACK
6
CONTINUOUS
10
1.5866080708661416
20
-0.6616800393700787
11
1.5852251968503936
21
-0.644944094488189
0
LINE
8
BLACK
6
CONTINUOUS
10
1.5852251968503936
20
-0.644944094488189
11
1.5823441338582678
21
-0.6284000787401575
0
LINE
8
BLACK
6
CONTINUOUS
10
1.5823441338582678
20
-0.6284000787401575
11
1.5779881889763778
21
-0.6121818897637795
0
LINE
8
BLACK
6
CONTINUOUS
10
1.5779881889763778
20
-0.6121818897637795
11
1.572192559055118
21
-0.5964206692913385
0
LINE
8
BLACK
6
CONTINUOUS
10
1.572192559055118
20
-0.5964206692913385
11
1.5650042125984251
21
-0.5812439763779528
0
LINE
8
BLACK
6
CONTINUOUS
10
1.5650042125984251
20
-0.5812439763779528
11
1.5564812598425197
21
-0.5667745669291339
0
LINE
8
BLACK
6
CONTINUOUS
10
1.5564812598425197
20
-0.5667745669291339
11
1.5466926377952757
21
-0.5531295275590551
0
LINE
8
BLACK
6
CONTINUOUS
10
1.5466926377952757
20
-0.5531295275590551
11
1.535717559055118
21
-0.5404192125984252
0
LINE
8
BLACK
6
CONTINUOUS
10
1.535717559055118
20
-0.5404192125984252
11
1.5236448031496064
21
-0.5287464566929134
0
LINE
8
BLACK
6
CONTINUOUS
10
1.5236448031496064
20
-0.5287464566929134
11
1.5105720472440944
21
-0.5182057086614174
0
LINE
8
BLACK
6
CONTINUOUS
10
1.5105720472440944
20
-0.5182057086614174
11
1.4966050393700787
21
-0.5088822047244095
0
LINE
8
BLACK
6
CONTINUOUS
10
1.4966050393700787
20
-0.5088822047244095
11
1.4818567716535433
21
-0.5008514173228347
0
LINE
8
BLACK
6
CONTINUOUS
10
1.4818567716535433
20
-0.5008514173228347
11
1.4664465748031497
21
-0.4941783070866141
0
LINE
8
BLACK
6
CONTINUOUS
10
1.4664465748031497
20
-0.4941783070866141
11
1.4504991338582678
21
-0.4889168503937008
0
LINE
8
BLACK
6
CONTINUOUS
10
1.4504991338582678
20
-0.4889168503937008
11
1.4341433858267716
21
-0.4851096062992126
0
LINE
8
BLACK
6
CONTINUOUS
10
1.4341433858267716
20
-0.4851096062992126
11
1.4175117322834645
21
-0.4827874015748032
0
LINE
8
BLACK
6
CONTINUOUS
10
1.4175117322834645
20
-0.4827874015748032
11
1.4007387007874015
21
-0.4819690157480315
0
LINE
8
BLACK
6
CONTINUOUS
10
1.4007387007874015
20
-0.4819690157480315
11
1.3839600000000001
21
-0.4826610236220472
  0
ENDSEC
  0
EOF
