ISO-10303-21;
HEADER;
FILE_DESCRIPTION(('KiCad electronic assembly'),'2;1');
FILE_NAME('Chonkofly19.step','2025-07-23T12:00:16',('Pcbnew'),('Kicad'),
  'Open CASCADE STEP processor 7.9','KiCad to STEP converter','Unknown'
  );
FILE_SCHEMA(('AUTOMOTIVE_DESIGN { 1 0 10303 214 1 1 1 1 }'));
ENDSEC;
DATA;
#1 = APPLICATION_PROTOCOL_DEFINITION('international standard',
  'automotive_design',2000,#2);
#2 = APPLICATION_CONTEXT(
  'core data for automotive mechanical design processes');
#3 = SHAPE_DEFINITION_REPRESENTATION(#4,#10);
#4 = PRODUCT_DEFINITION_SHAPE('','',#5);
#5 = PRODUCT_DEFINITION('design','',#6,#9);
#6 = PRODUCT_DEFINITION_FORMATION('','',#7);
#7 = PRODUCT('Chonkofly19 1','Chonkofly19 1','',(#8));
#8 = PRODUCT_CONTEXT('',#2,'mechanical');
#9 = PRODUCT_DEFINITION_CONTEXT('part definition',#2,'design');
#10 = SHAPE_REPRESENTATION('',(#11,#15),#19);
#11 = AXIS2_PLACEMENT_3D('',#12,#13,#14);
#12 = CARTESIAN_POINT('',(0.,0.,0.));
#13 = DIRECTION('',(0.,0.,1.));
#14 = DIRECTION('',(1.,0.,-0.));
#15 = AXIS2_PLACEMENT_3D('',#16,#17,#18);
#16 = CARTESIAN_POINT('',(0.,0.,0.));
#17 = DIRECTION('',(0.,0.,1.));
#18 = DIRECTION('',(1.,0.,-0.));
#19 = ( GEOMETRIC_REPRESENTATION_CONTEXT(3) 
GLOBAL_UNCERTAINTY_ASSIGNED_CONTEXT((#23)) GLOBAL_UNIT_ASSIGNED_CONTEXT(
(#20,#21,#22)) REPRESENTATION_CONTEXT('Context #1',
  '3D Context with UNIT and UNCERTAINTY') );
#20 = ( LENGTH_UNIT() NAMED_UNIT(*) SI_UNIT(.MILLI.,.METRE.) );
#21 = ( NAMED_UNIT(*) PLANE_ANGLE_UNIT() SI_UNIT($,.RADIAN.) );
#22 = ( NAMED_UNIT(*) SI_UNIT($,.STERADIAN.) SOLID_ANGLE_UNIT() );
#23 = UNCERTAINTY_MEASURE_WITH_UNIT(LENGTH_MEASURE(1.E-07),#20,
  'distance_accuracy_value','confusion accuracy');
#24 = PRODUCT_RELATED_PRODUCT_CATEGORY('part',$,(#7));
#25 = SHAPE_DEFINITION_REPRESENTATION(#26,#32);
#26 = PRODUCT_DEFINITION_SHAPE('','',#27);
#27 = PRODUCT_DEFINITION('design','',#28,#31);
#28 = PRODUCT_DEFINITION_FORMATION('','',#29);
#29 = PRODUCT('Chonkofly19_PCB','Chonkofly19_PCB','',(#30));
#30 = PRODUCT_CONTEXT('',#2,'mechanical');
#31 = PRODUCT_DEFINITION_CONTEXT('part definition',#2,'design');
#32 = ADVANCED_BREP_SHAPE_REPRESENTATION('',(#11,#33),#22238);
#33 = MANIFOLD_SOLID_BREP('',#34);
#34 = CLOSED_SHELL('',(#35,#77,#110,#141,#6347,#12553,#12570,#12587,
    #12604,#12621,#12638,#12655,#12672,#12689,#12706,#12723,#12740,
    #12757,#12774,#12791,#12808,#12825,#12842,#12859,#12876,#12893,
    #12910,#12927,#12944,#12961,#12978,#12995,#13012,#13029,#13046,
    #13063,#13075,#13092,#13109,#13126,#13143,#13160,#13177,#13194,
    #13211,#13228,#13245,#13262,#13279,#13296,#13313,#13330,#13347,
    #13364,#13381,#13398,#13415,#13432,#13449,#13466,#13483,#13500,
    #13517,#13534,#13551,#13568,#13585,#13602,#13619,#13636,#13653,
    #13670,#13687,#13704,#13721,#13738,#13755,#13772,#13789,#13806,
    #13823,#13840,#13857,#13874,#13891,#13908,#13925,#13942,#13959,
    #13976,#13993,#14010,#14027,#14044,#14061,#14078,#14095,#14112,
    #14129,#14146,#14163,#14180,#14197,#14214,#14231,#14248,#14265,
    #14282,#14299,#14316,#14333,#14350,#14367,#14384,#14401,#14418,
    #14435,#14452,#14469,#14486,#14503,#14520,#14537,#14554,#14571,
    #14588,#14605,#14622,#14639,#14656,#14673,#14690,#14707,#14724,
    #14741,#14758,#14775,#14792,#14809,#14826,#14843,#14860,#14877,
    #14894,#14911,#14928,#14945,#14962,#14979,#14996,#15013,#15030,
    #15047,#15064,#15081,#15098,#15115,#15132,#15149,#15166,#15183,
    #15200,#15217,#15234,#15251,#15268,#15285,#15302,#15319,#15336,
    #15353,#15370,#15387,#15404,#15421,#15438,#15455,#15472,#15489,
    #15506,#15523,#15540,#15557,#15574,#15591,#15608,#15625,#15642,
    #15659,#15676,#15693,#15710,#15727,#15744,#15761,#15778,#15795,
    #15812,#15829,#15846,#15863,#15880,#15897,#15914,#15931,#15948,
    #15965,#15982,#15999,#16016,#16033,#16050,#16067,#16084,#16101,
    #16118,#16135,#16152,#16169,#16186,#16203,#16220,#16237,#16254,
    #16271,#16288,#16305,#16322,#16339,#16356,#16373,#16390,#16407,
    #16424,#16441,#16458,#16475,#16492,#16509,#16526,#16543,#16560,
    #16577,#16594,#16611,#16628,#16645,#16662,#16679,#16696,#16713,
    #16730,#16747,#16764,#16781,#16798,#16815,#16832,#16849,#16866,
    #16883,#16900,#16917,#16934,#16951,#16968,#16985,#17002,#17019,
    #17036,#17053,#17070,#17087,#17104,#17121,#17138,#17155,#17172,
    #17189,#17206,#17223,#17240,#17257,#17274,#17291,#17308,#17325,
    #17342,#17359,#17376,#17393,#17410,#17427,#17444,#17461,#17478,
    #17495,#17512,#17529,#17546,#17563,#17580,#17597,#17614,#17631,
    #17648,#17665,#17682,#17699,#17716,#17733,#17750,#17767,#17784,
    #17801,#17818,#17835,#17852,#17869,#17886,#17903,#17920,#17937,
    #17954,#17971,#17988,#18005,#18022,#18039,#18056,#18073,#18090,
    #18107,#18124,#18141,#18158,#18175,#18192,#18209,#18226,#18243,
    #18260,#18277,#18294,#18311,#18328,#18345,#18362,#18379,#18396,
    #18413,#18430,#18447,#18464,#18481,#18498,#18515,#18532,#18549,
    #18566,#18583,#18600,#18617,#18634,#18651,#18668,#18685,#18702,
    #18719,#18736,#18753,#18770,#18787,#18804,#18821,#18838,#18855,
    #18872,#18889,#18906,#18923,#18940,#18957,#18974,#18991,#19008,
    #19025,#19042,#19059,#19076,#19093,#19110,#19127,#19144,#19161,
    #19178,#19195,#19212,#19229,#19246,#19263,#19280,#19297,#19314,
    #19331,#19348,#19365,#19382,#19399,#19416,#19433,#19450,#19467,
    #19484,#19501,#19518,#19535,#19552,#19569,#19586,#19603,#19620,
    #19637,#19654,#19671,#19688,#19705,#19722,#19739,#19756,#19773,
    #19790,#19807,#19824,#19841,#19858,#19875,#19892,#19909,#19926,
    #19943,#19960,#19977,#19994,#20011,#20028,#20045,#20062,#20079,
    #20096,#20113,#20130,#20147,#20164,#20181,#20198,#20215,#20232,
    #20249,#20266,#20283,#20300,#20317,#20334,#20351,#20368,#20385,
    #20402,#20419,#20436,#20453,#20470,#20487,#20504,#20521,#20538,
    #20555,#20572,#20589,#20606,#20623,#20640,#20657,#20674,#20691,
    #20708,#20725,#20742,#20759,#20776,#20793,#20810,#20827,#20844,
    #20861,#20878,#20895,#20912,#20929,#20946,#20963,#20980,#20997,
    #21014,#21031,#21048,#21065,#21082,#21099,#21116,#21133,#21150,
    #21167,#21184,#21201,#21218,#21235,#21252,#21269,#21286,#21303,
    #21320,#21337,#21354,#21371,#21388,#21405,#21422,#21439,#21456,
    #21473,#21490,#21507,#21524,#21541,#21558,#21575,#21592,#21609,
    #21626,#21643,#21660,#21677,#21694,#21711,#21728,#21745,#21762,
    #21779,#21796,#21813,#21830,#21847,#21864,#21881,#21898,#21915,
    #21932,#21949,#21966,#21983,#22000,#22017,#22034,#22051,#22068,
    #22085,#22102,#22119,#22136,#22153,#22170,#22187,#22204,#22221));
#35 = ADVANCED_FACE('',(#36),#72,.T.);
#36 = FACE_BOUND('',#37,.T.);
#37 = EDGE_LOOP('',(#38,#48,#57,#65));
#38 = ORIENTED_EDGE('',*,*,#39,.T.);
#39 = EDGE_CURVE('',#40,#42,#44,.T.);
#40 = VERTEX_POINT('',#41);
#41 = CARTESIAN_POINT('',(140.651596,84.520625,0.));
#42 = VERTEX_POINT('',#43);
#43 = CARTESIAN_POINT('',(140.651596,84.520625,1.51));
#44 = LINE('',#45,#46);
#45 = CARTESIAN_POINT('',(140.651596,84.520625,0.));
#46 = VECTOR('',#47,1.);
#47 = DIRECTION('',(0.,0.,1.));
#48 = ORIENTED_EDGE('',*,*,#49,.T.);
#49 = EDGE_CURVE('',#42,#50,#52,.T.);
#50 = VERTEX_POINT('',#51);
#51 = CARTESIAN_POINT('',(141.641775,75.099794,1.51));
#52 = CIRCLE('',#53,4.762446943533);
#53 = AXIS2_PLACEMENT_3D('',#54,#55,#56);
#54 = CARTESIAN_POINT('',(140.65164426613,79.758178056712,1.51));
#55 = DIRECTION('',(0.,0.,-1.));
#56 = DIRECTION('',(-1.013473480317E-05,0.999999999949,-0.));
#57 = ORIENTED_EDGE('',*,*,#58,.F.);
#58 = EDGE_CURVE('',#59,#50,#61,.T.);
#59 = VERTEX_POINT('',#60);
#60 = CARTESIAN_POINT('',(141.641775,75.099794,0.));
#61 = LINE('',#62,#63);
#62 = CARTESIAN_POINT('',(141.641775,75.099794,0.));
#63 = VECTOR('',#64,1.);
#64 = DIRECTION('',(0.,0.,1.));
#65 = ORIENTED_EDGE('',*,*,#66,.F.);
#66 = EDGE_CURVE('',#40,#59,#67,.T.);
#67 = CIRCLE('',#68,4.762446943533);
#68 = AXIS2_PLACEMENT_3D('',#69,#70,#71);
#69 = CARTESIAN_POINT('',(140.65164426613,79.758178056712,0.));
#70 = DIRECTION('',(0.,0.,-1.));
#71 = DIRECTION('',(-1.013473480317E-05,0.999999999949,-0.));
#72 = CYLINDRICAL_SURFACE('',#73,4.762446943533);
#73 = AXIS2_PLACEMENT_3D('',#74,#75,#76);
#74 = CARTESIAN_POINT('',(140.65164426613,79.758178056712,0.));
#75 = DIRECTION('',(0.,0.,-1.));
#76 = DIRECTION('',(-1.013473480317E-05,0.999999999949,-0.));
#77 = ADVANCED_FACE('',(#78),#105,.T.);
#78 = FACE_BOUND('',#79,.T.);
#79 = EDGE_LOOP('',(#80,#90,#97,#98));
#80 = ORIENTED_EDGE('',*,*,#81,.T.);
#81 = EDGE_CURVE('',#82,#84,#86,.T.);
#82 = VERTEX_POINT('',#83);
#83 = CARTESIAN_POINT('',(135.911719,79.294475,0.));
#84 = VERTEX_POINT('',#85);
#85 = CARTESIAN_POINT('',(135.911719,79.294475,1.51));
#86 = LINE('',#87,#88);
#87 = CARTESIAN_POINT('',(135.911719,79.294475,0.));
#88 = VECTOR('',#89,1.);
#89 = DIRECTION('',(0.,0.,1.));
#90 = ORIENTED_EDGE('',*,*,#91,.T.);
#91 = EDGE_CURVE('',#84,#42,#92,.T.);
#92 = CIRCLE('',#93,4.762501203195);
#93 = AXIS2_PLACEMENT_3D('',#94,#95,#96);
#94 = CARTESIAN_POINT('',(140.65159742709,79.758123796805,1.51));
#95 = DIRECTION('',(0.,0.,-1.));
#96 = DIRECTION('',(-0.995249811993,-9.735405347383E-02,-0.));
#97 = ORIENTED_EDGE('',*,*,#39,.F.);
#98 = ORIENTED_EDGE('',*,*,#99,.F.);
#99 = EDGE_CURVE('',#82,#40,#100,.T.);
#100 = CIRCLE('',#101,4.762501203195);
#101 = AXIS2_PLACEMENT_3D('',#102,#103,#104);
#102 = CARTESIAN_POINT('',(140.65159742709,79.758123796805,0.));
#103 = DIRECTION('',(0.,0.,-1.));
#104 = DIRECTION('',(-0.995249811993,-9.735405347383E-02,-0.));
#105 = CYLINDRICAL_SURFACE('',#106,4.762501203195);
#106 = AXIS2_PLACEMENT_3D('',#107,#108,#109);
#107 = CARTESIAN_POINT('',(140.65159742709,79.758123796805,0.));
#108 = DIRECTION('',(0.,0.,-1.));
#109 = DIRECTION('',(-0.995249811993,-9.735405347383E-02,-0.));
#110 = ADVANCED_FACE('',(#111),#136,.T.);
#111 = FACE_BOUND('',#112,.T.);
#112 = EDGE_LOOP('',(#113,#114,#122,#130));
#113 = ORIENTED_EDGE('',*,*,#58,.T.);
#114 = ORIENTED_EDGE('',*,*,#115,.T.);
#115 = EDGE_CURVE('',#50,#116,#118,.T.);
#116 = VERTEX_POINT('',#117);
#117 = CARTESIAN_POINT('',(157.058429,2.570052,1.51));
#118 = LINE('',#119,#120);
#119 = CARTESIAN_POINT('',(141.641775,75.099794,1.51));
#120 = VECTOR('',#121,1.);
#121 = DIRECTION('',(0.207911451098,-0.978147651688,0.));
#122 = ORIENTED_EDGE('',*,*,#123,.F.);
#123 = EDGE_CURVE('',#124,#116,#126,.T.);
#124 = VERTEX_POINT('',#125);
#125 = CARTESIAN_POINT('',(157.058429,2.570052,0.));
#126 = LINE('',#127,#128);
#127 = CARTESIAN_POINT('',(157.058429,2.570052,0.));
#128 = VECTOR('',#129,1.);
#129 = DIRECTION('',(0.,0.,1.));
#130 = ORIENTED_EDGE('',*,*,#131,.F.);
#131 = EDGE_CURVE('',#59,#124,#132,.T.);
#132 = LINE('',#133,#134);
#133 = CARTESIAN_POINT('',(141.641775,75.099794,0.));
#134 = VECTOR('',#135,1.);
#135 = DIRECTION('',(0.207911451098,-0.978147651688,0.));
#136 = PLANE('',#137);
#137 = AXIS2_PLACEMENT_3D('',#138,#139,#140);
#138 = CARTESIAN_POINT('',(141.641775,75.099794,0.));
#139 = DIRECTION('',(0.978147651688,0.207911451098,-0.));
#140 = DIRECTION('',(0.207911451098,-0.978147651688,0.));
#141 = ADVANCED_FACE('',(#142,#413,#424,#435,#446,#457,#468,#479,#490,
    #501,#512,#523,#534,#545,#556,#567,#578,#589,#600,#611,#622,#633,
    #644,#655,#666,#677,#688,#699,#710,#721,#732,#743,#754,#765,#776,
    #787,#798,#809,#820,#831,#842,#853,#864,#875,#886,#897,#908,#919,
    #930,#941,#952,#963,#974,#985,#996,#1007,#1018,#1029,#1040,#1051,
    #1062,#1073,#1084,#1095,#1106,#1117,#1128,#1139,#1150,#1161,#1172,
    #1183,#1194,#1205,#1216,#1227,#1238,#1249,#1260,#1271,#1282,#1293,
    #1304,#1315,#1326,#1337,#1348,#1359,#1370,#1381,#1392,#1403,#1414,
    #1425,#1436,#1447,#1458,#1469,#1480,#1491,#1502,#1513,#1524,#1535,
    #1546,#1557,#1568,#1579,#1590,#1601,#1612,#1623,#1634,#1645,#1656,
    #1667,#1678,#1689,#1700,#1711,#1722,#1733,#1744,#1755,#1766,#1777,
    #1788,#1799,#1810,#1821,#1832,#1843,#1854,#1865,#1876,#1887,#1898,
    #1909,#1920,#1931,#1942,#1953,#1964,#1975,#1986,#1997,#2008,#2019,
    #2030,#2041,#2052,#2063,#2074,#2085,#2096,#2107,#2118,#2129,#2140,
    #2151,#2162,#2173,#2184,#2195,#2206,#2217,#2228,#2239,#2250,#2261,
    #2272,#2283,#2294,#2305,#2316,#2327,#2338,#2349,#2360,#2371,#2382,
    #2393,#2404,#2415,#2426,#2437,#2448,#2459,#2470,#2481,#2492,#2503,
    #2514,#2525,#2536,#2547,#2558,#2569,#2580,#2591,#2602,#2613,#2624,
    #2635,#2646,#2657,#2668,#2679,#2690,#2701,#2712,#2723,#2734,#2745,
    #2756,#2767,#2778,#2789,#2800,#2811,#2822,#2833,#2844,#2855,#2866,
    #2877,#2888,#2899,#2910,#2921,#2932,#2943,#2954,#2965,#2976,#2987,
    #2998,#3009,#3020,#3031,#3042,#3053,#3064,#3075,#3086,#3097,#3108,
    #3119,#3130,#3141,#3152,#3163,#3174,#3185,#3196,#3207,#3218,#3229,
    #3240,#3251,#3262,#3273,#3284,#3295,#3306,#3317,#3328,#3339,#3350,
    #3361,#3372,#3383,#3394,#3405,#3416,#3427,#3438,#3449,#3460,#3471,
    #3482,#3493,#3504,#3515,#3526,#3537,#3548,#3559,#3570,#3581,#3592,
    #3603,#3614,#3625,#3636,#3647,#3658,#3669,#3680,#3691,#3702,#3713,
    #3724,#3735,#3746,#3757,#3768,#3779,#3790,#3801,#3812,#3823,#3834,
    #3845,#3856,#3867,#3878,#3889,#3900,#3911,#3922,#3933,#3944,#3955,
    #3966,#3977,#3988,#3999,#4010,#4021,#4032,#4043,#4054,#4065,#4076,
    #4087,#4098,#4109,#4120,#4131,#4142,#4153,#4164,#4175,#4186,#4197,
    #4208,#4219,#4230,#4241,#4252,#4263,#4274,#4285,#4296,#4307,#4318,
    #4329,#4340,#4351,#4362,#4373,#4384,#4395,#4406,#4417,#4428,#4439,
    #4450,#4461,#4472,#4483,#4494,#4505,#4516,#4527,#4538,#4549,#4560,
    #4571,#4582,#4593,#4604,#4615,#4626,#4637,#4648,#4659,#4670,#4681,
    #4692,#4703,#4714,#4725,#4736,#4747,#4758,#4769,#4780,#4791,#4802,
    #4813,#4824,#4835,#4846,#4857,#4868,#4879,#4890,#4901,#4912,#4923,
    #4934,#4945,#4956,#4967,#4978,#4989,#5000,#5011,#5022,#5033,#5044,
    #5055,#5066,#5077,#5088,#5099,#5110,#5121,#5132,#5143,#5154,#5165,
    #5176,#5187,#5198,#5209,#5220,#5231,#5242,#5253,#5264,#5275,#5286,
    #5297,#5308,#5319,#5330,#5341,#5352,#5363,#5374,#5385,#5396,#5407,
    #5418,#5429,#5440,#5451,#5462,#5473,#5484,#5495,#5506,#5517,#5528,
    #5539,#5550,#5561,#5572,#5583,#5594,#5605,#5616,#5627,#5638,#5649,
    #5660,#5671,#5682,#5693,#5704,#5715,#5726,#5737,#5748,#5759,#5770,
    #5781,#5792,#5803,#5814,#5825,#5836,#5847,#5858,#5869,#5880,#5891,
    #5902,#5913,#5924,#5935,#5946,#5957,#5968,#5979,#5990,#6001,#6012,
    #6023,#6034,#6045,#6056,#6067,#6078,#6089,#6100,#6111,#6122,#6133,
    #6144,#6155,#6166,#6177,#6188,#6199,#6210,#6221,#6232,#6243,#6254,
    #6265,#6276,#6287,#6298,#6309,#6320,#6331),#6342,.F.);
#142 = FACE_BOUND('',#143,.F.);
#143 = EDGE_LOOP('',(#144,#145,#146,#154,#163,#172,#180,#189,#197,#206,
    #214,#223,#232,#240,#249,#258,#266,#275,#284,#292,#301,#310,#318,
    #327,#336,#344,#353,#362,#370,#379,#388,#396,#405,#412));
#144 = ORIENTED_EDGE('',*,*,#66,.F.);
#145 = ORIENTED_EDGE('',*,*,#99,.F.);
#146 = ORIENTED_EDGE('',*,*,#147,.F.);
#147 = EDGE_CURVE('',#148,#82,#150,.T.);
#148 = VERTEX_POINT('',#149);
#149 = CARTESIAN_POINT('',(101.709097,75.948886,0.));
#150 = LINE('',#151,#152);
#151 = CARTESIAN_POINT('',(101.709097,75.948886,0.));
#152 = VECTOR('',#153,1.);
#153 = DIRECTION('',(0.995250001986,9.73521111596E-02,0.));
#154 = ORIENTED_EDGE('',*,*,#155,.F.);
#155 = EDGE_CURVE('',#156,#148,#158,.T.);
#156 = VERTEX_POINT('',#157);
#157 = CARTESIAN_POINT('',(96.969174,80.247699,0.));
#158 = CIRCLE('',#159,4.762560715433);
#159 = AXIS2_PLACEMENT_3D('',#160,#161,#162);
#160 = CARTESIAN_POINT('',(96.969168453638,75.48513828457,0.));
#161 = DIRECTION('',(0.,0.,-1.));
#162 = DIRECTION('',(1.164575633164E-06,0.999999999999,0.));
#163 = ORIENTED_EDGE('',*,*,#164,.F.);
#164 = EDGE_CURVE('',#165,#156,#167,.T.);
#165 = VERTEX_POINT('',#166);
#166 = CARTESIAN_POINT('',(92.227539,75.039842,0.));
#167 = CIRCLE('',#168,4.762570472531);
#168 = AXIS2_PLACEMENT_3D('',#169,#170,#171);
#169 = CARTESIAN_POINT('',(96.969247280122,75.485128528032,0.));
#170 = DIRECTION('',(0.,0.,-1.));
#171 = DIRECTION('',(-0.995619551977,-9.349710006407E-02,-0.));
#172 = ORIENTED_EDGE('',*,*,#173,.F.);
#173 = EDGE_CURVE('',#174,#165,#176,.T.);
#174 = VERTEX_POINT('',#175);
#175 = CARTESIAN_POINT('',(23.791635,68.612686,0.));
#176 = LINE('',#177,#178);
#177 = CARTESIAN_POINT('',(23.791635,68.612686,0.));
#178 = VECTOR('',#179,1.);
#179 = DIRECTION('',(0.995618948548,9.350352555983E-02,0.));
#180 = ORIENTED_EDGE('',*,*,#181,.F.);
#181 = EDGE_CURVE('',#182,#174,#184,.T.);
#182 = VERTEX_POINT('',#183);
#183 = CARTESIAN_POINT('',(15.08736,70.809133,0.));
#184 = CIRCLE('',#185,4.762500287917);
#185 = AXIS2_PLACEMENT_3D('',#186,#187,#188);
#186 = CARTESIAN_POINT('',(19.049999694793,68.167373048441,0.));
#187 = DIRECTION('',(0.,0.,-1.));
#188 = DIRECTION('',(-0.832050279314,0.554700218761,0.));
#189 = ORIENTED_EDGE('',*,*,#190,.F.);
#190 = EDGE_CURVE('',#191,#182,#193,.T.);
#191 = VERTEX_POINT('',#192);
#192 = CARTESIAN_POINT('',(-15.08736,70.809133,0.));
#193 = LINE('',#194,#195);
#194 = CARTESIAN_POINT('',(-15.08736,70.809133,0.));
#195 = VECTOR('',#196,1.);
#196 = DIRECTION('',(1.,0.,0.));
#197 = ORIENTED_EDGE('',*,*,#198,.F.);
#198 = EDGE_CURVE('',#199,#191,#201,.T.);
#199 = VERTEX_POINT('',#200);
#200 = CARTESIAN_POINT('',(-23.791635,68.612684,0.));
#201 = CIRCLE('',#202,4.762500511449);
#202 = AXIS2_PLACEMENT_3D('',#203,#204,#205);
#203 = CARTESIAN_POINT('',(-19.04999936653,68.167372153077,0.));
#204 = DIRECTION('',(0.,0.,-1.));
#205 = DIRECTION('',(-0.995618923728,9.350378983749E-02,0.));
#206 = ORIENTED_EDGE('',*,*,#207,.F.);
#207 = EDGE_CURVE('',#208,#199,#210,.T.);
#208 = VERTEX_POINT('',#209);
#209 = CARTESIAN_POINT('',(-92.227539,75.040351,0.));
#210 = LINE('',#211,#212);
#211 = CARTESIAN_POINT('',(-92.227539,75.040351,0.));
#212 = VECTOR('',#213,1.);
#213 = DIRECTION('',(0.995618256449,-9.351089468442E-02,0.));
#214 = ORIENTED_EDGE('',*,*,#215,.F.);
#215 = EDGE_CURVE('',#216,#208,#218,.T.);
#216 = VERTEX_POINT('',#217);
#217 = CARTESIAN_POINT('',(-96.969174,80.247653,0.));
#218 = CIRCLE('',#219,4.762425764948);
#219 = AXIS2_PLACEMENT_3D('',#220,#221,#222);
#220 = CARTESIAN_POINT('',(-96.96914044909,75.48522723517,0.));
#221 = DIRECTION('',(0.,0.,-1.));
#222 = DIRECTION('',(-7.044920153459E-06,0.999999999975,0.));
#223 = ORIENTED_EDGE('',*,*,#224,.F.);
#224 = EDGE_CURVE('',#225,#216,#227,.T.);
#225 = VERTEX_POINT('',#226);
#226 = CARTESIAN_POINT('',(-101.709051,75.948803,0.));
#227 = CIRCLE('',#228,4.762501699071);
#228 = AXIS2_PLACEMENT_3D('',#229,#230,#231);
#229 = CARTESIAN_POINT('',(-96.96917235855,75.485151300929,0.));
#230 = DIRECTION('',(0.,0.,-1.));
#231 = DIRECTION('',(-0.995249753374,9.735465273665E-02,0.));
#232 = ORIENTED_EDGE('',*,*,#233,.F.);
#233 = EDGE_CURVE('',#234,#225,#236,.T.);
#234 = VERTEX_POINT('',#235);
#235 = CARTESIAN_POINT('',(-135.911719,79.294554,0.));
#236 = LINE('',#237,#238);
#237 = CARTESIAN_POINT('',(-135.911719,79.294554,0.));
#238 = VECTOR('',#239,1.);
#239 = DIRECTION('',(0.995249557926,-9.735665076422E-02,0.));
#240 = ORIENTED_EDGE('',*,*,#241,.F.);
#241 = EDGE_CURVE('',#242,#234,#244,.T.);
#242 = VERTEX_POINT('',#243);
#243 = CARTESIAN_POINT('',(-145.414096,79.758125,0.));
#244 = CIRCLE('',#245,4.762496290323);
#245 = AXIS2_PLACEMENT_3D('',#246,#247,#248);
#246 = CARTESIAN_POINT('',(-140.6515997096,79.758128992167,0.));
#247 = DIRECTION('',(0.,0.,-1.));
#248 = DIRECTION('',(-1.,-8.382509645209E-07,-0.));
#249 = ORIENTED_EDGE('',*,*,#250,.F.);
#250 = EDGE_CURVE('',#251,#242,#253,.T.);
#251 = VERTEX_POINT('',#252);
#252 = CARTESIAN_POINT('',(-141.641775,75.099697,0.));
#253 = CIRCLE('',#254,4.762500252639);
#254 = AXIS2_PLACEMENT_3D('',#255,#256,#257);
#255 = CARTESIAN_POINT('',(-140.6515957473,79.75812524395,0.));
#256 = DIRECTION('',(0.,0.,-1.));
#257 = DIRECTION('',(-0.207911643068,-0.978147610883,-0.));
#258 = ORIENTED_EDGE('',*,*,#259,.F.);
#259 = EDGE_CURVE('',#260,#251,#262,.T.);
#260 = VERTEX_POINT('',#261);
#261 = CARTESIAN_POINT('',(-157.058441,2.570052,0.));
#262 = LINE('',#263,#264);
#263 = CARTESIAN_POINT('',(-157.058441,2.570052,0.));
#264 = VECTOR('',#265,1.);
#265 = DIRECTION('',(0.207911871974,0.978147562228,0.));
#266 = ORIENTED_EDGE('',*,*,#267,.F.);
#267 = EDGE_CURVE('',#268,#260,#270,.T.);
#268 = VERTEX_POINT('',#269);
#269 = CARTESIAN_POINT('',(-158.048608,-6.850876,0.));
#270 = CIRCLE('',#271,4.762498899623);
#271 = AXIS2_PLACEMENT_3D('',#272,#273,#274);
#272 = CARTESIAN_POINT('',(-158.0486097157,-2.088377100377,0.));
#273 = DIRECTION('',(0.,0.,-1.));
#274 = DIRECTION('',(3.602643920298E-07,-1.,0.));
#275 = ORIENTED_EDGE('',*,*,#276,.F.);
#276 = EDGE_CURVE('',#277,#268,#279,.T.);
#277 = VERTEX_POINT('',#278);
#278 = CARTESIAN_POINT('',(-153.912328,-4.449009,0.));
#279 = CIRCLE('',#280,4.762499024924);
#280 = AXIS2_PLACEMENT_3D('',#281,#282,#283);
#281 = CARTESIAN_POINT('',(-158.048608141,-2.088376975076,0.));
#282 = DIRECTION('',(0.,0.,-1.));
#283 = DIRECTION('',(0.868510443658,-0.495670867872,0.));
#284 = ORIENTED_EDGE('',*,*,#285,.F.);
#285 = EDGE_CURVE('',#286,#277,#288,.T.);
#286 = VERTEX_POINT('',#287);
#287 = CARTESIAN_POINT('',(-103.26497,-33.35417,0.));
#288 = LINE('',#289,#290);
#289 = CARTESIAN_POINT('',(-103.26497,-33.35417,0.));
#290 = VECTOR('',#291,1.);
#291 = DIRECTION('',(-0.868510322035,0.495671080979,0.));
#292 = ORIENTED_EDGE('',*,*,#293,.F.);
#293 = EDGE_CURVE('',#294,#286,#296,.T.);
#294 = VERTEX_POINT('',#295);
#295 = CARTESIAN_POINT('',(-99.12869,-40.477303,0.));
#296 = CIRCLE('',#297,4.762499587513);
#297 = AXIS2_PLACEMENT_3D('',#298,#299,#300);
#298 = CARTESIAN_POINT('',(-99.12869000308,-35.71480341248,0.));
#299 = DIRECTION('',(0.,0.,-1.));
#300 = DIRECTION('',(6.469766315861E-10,-1.,0.));
#301 = ORIENTED_EDGE('',*,*,#302,.F.);
#302 = EDGE_CURVE('',#303,#294,#305,.T.);
#303 = VERTEX_POINT('',#304);
#304 = CARTESIAN_POINT('',(-95.169527,-38.36177,0.));
#305 = CIRCLE('',#306,4.762496016297);
#306 = AXIS2_PLACEMENT_3D('',#307,#308,#309);
#307 = CARTESIAN_POINT('',(-99.12868790802,-35.7148069837,0.));
#308 = DIRECTION('',(0.,0.,-1.));
#309 = DIRECTION('',(0.831320571077,-0.555793224233,0.));
#310 = ORIENTED_EDGE('',*,*,#311,.F.);
#311 = EDGE_CURVE('',#312,#303,#314,.T.);
#312 = VERTEX_POINT('',#313);
#313 = CARTESIAN_POINT('',(-37.210691,-77.111159,0.));
#314 = LINE('',#315,#316);
#315 = CARTESIAN_POINT('',(-37.210691,-77.111159,0.));
#316 = VECTOR('',#317,1.);
#317 = DIRECTION('',(-0.831320285212,0.555793651813,0.));
#318 = ORIENTED_EDGE('',*,*,#319,.F.);
#319 = EDGE_CURVE('',#320,#312,#322,.T.);
#320 = VERTEX_POINT('',#321);
#321 = CARTESIAN_POINT('',(-33.251532,-84.520626,0.));
#322 = CIRCLE('',#323,4.762496366806);
#323 = AXIS2_PLACEMENT_3D('',#324,#325,#326);
#324 = CARTESIAN_POINT('',(-33.25153476276,-79.75812963319,0.));
#325 = DIRECTION('',(0.,0.,-1.));
#326 = DIRECTION('',(5.801082149727E-07,-1.,0.));
#327 = ORIENTED_EDGE('',*,*,#328,.F.);
#328 = EDGE_CURVE('',#329,#320,#331,.T.);
#329 = VERTEX_POINT('',#330);
#330 = CARTESIAN_POINT('',(-28.489032,-79.758126,0.));
#331 = CIRCLE('',#332,4.762500155008);
#332 = AXIS2_PLACEMENT_3D('',#333,#334,#335);
#333 = CARTESIAN_POINT('',(-33.251532155,-79.75812584499,0.));
#334 = DIRECTION('',(0.,0.,-1.));
#335 = DIRECTION('',(1.,-3.254771403824E-08,0.));
#336 = ORIENTED_EDGE('',*,*,#337,.F.);
#337 = EDGE_CURVE('',#338,#329,#340,.T.);
#338 = VERTEX_POINT('',#339);
#339 = CARTESIAN_POINT('',(28.489002,-79.758126,0.));
#340 = LINE('',#341,#342);
#341 = CARTESIAN_POINT('',(28.489002,-79.758126,0.));
#342 = VECTOR('',#343,1.);
#343 = DIRECTION('',(-1.,0.,0.));
#344 = ORIENTED_EDGE('',*,*,#345,.F.);
#345 = EDGE_CURVE('',#346,#338,#348,.T.);
#346 = VERTEX_POINT('',#347);
#347 = CARTESIAN_POINT('',(33.251532,-84.520626,0.));
#348 = CIRCLE('',#349,4.762551368653);
#349 = AXIS2_PLACEMENT_3D('',#350,#351,#352);
#350 = CARTESIAN_POINT('',(33.251553368376,-79.75807463139,0.));
#351 = DIRECTION('',(0.,0.,-1.));
#352 = DIRECTION('',(-4.486749627116E-06,-0.99999999999,-0.));
#353 = ORIENTED_EDGE('',*,*,#354,.F.);
#354 = EDGE_CURVE('',#355,#346,#357,.T.);
#355 = VERTEX_POINT('',#356);
#356 = CARTESIAN_POINT('',(37.210695,-77.111159,0.));
#357 = CIRCLE('',#358,4.762499511444);
#358 = AXIS2_PLACEMENT_3D('',#359,#360,#361);
#359 = CARTESIAN_POINT('',(33.251532877653,-79.75812648855,0.));
#360 = DIRECTION('',(0.,0.,-1.));
#361 = DIRECTION('',(0.831320215957,0.5557937554,0.));
#362 = ORIENTED_EDGE('',*,*,#363,.F.);
#363 = EDGE_CURVE('',#364,#355,#366,.T.);
#364 = VERTEX_POINT('',#365);
#365 = CARTESIAN_POINT('',(95.16955,-38.36177,0.));
#366 = LINE('',#367,#368);
#367 = CARTESIAN_POINT('',(95.16955,-38.36177,0.));
#368 = VECTOR('',#369,1.);
#369 = DIRECTION('',(-0.831320369396,-0.555793525896,0.));
#370 = ORIENTED_EDGE('',*,*,#371,.F.);
#371 = EDGE_CURVE('',#372,#364,#374,.T.);
#372 = VERTEX_POINT('',#373);
#373 = CARTESIAN_POINT('',(99.12869,-40.477303,0.));
#374 = CIRCLE('',#375,4.762415009189);
#375 = AXIS2_PLACEMENT_3D('',#376,#377,#378);
#376 = CARTESIAN_POINT('',(99.128667622584,-35.71488799086,0.));
#377 = DIRECTION('',(0.,0.,-1.));
#378 = DIRECTION('',(4.698753811238E-06,-0.999999999989,0.));
#379 = ORIENTED_EDGE('',*,*,#380,.F.);
#380 = EDGE_CURVE('',#381,#372,#383,.T.);
#381 = VERTEX_POINT('',#382);
#382 = CARTESIAN_POINT('',(103.26497,-33.35417,0.));
#383 = CIRCLE('',#384,4.762499587513);
#384 = AXIS2_PLACEMENT_3D('',#385,#386,#387);
#385 = CARTESIAN_POINT('',(99.128690003081,-35.71480341248,0.));
#386 = DIRECTION('',(0.,0.,-1.));
#387 = DIRECTION('',(0.868510310796,0.495671100671,0.));
#388 = ORIENTED_EDGE('',*,*,#389,.F.);
#389 = EDGE_CURVE('',#390,#381,#392,.T.);
#390 = VERTEX_POINT('',#391);
#391 = CARTESIAN_POINT('',(153.912337,-4.44901,0.));
#392 = LINE('',#393,#394);
#393 = CARTESIAN_POINT('',(153.912337,-4.44901,0.));
#394 = VECTOR('',#395,1.);
#395 = DIRECTION('',(-0.868510367335,-0.495671001604,0.));
#396 = ORIENTED_EDGE('',*,*,#397,.F.);
#397 = EDGE_CURVE('',#398,#390,#400,.T.);
#398 = VERTEX_POINT('',#399);
#399 = CARTESIAN_POINT('',(162.81111,-2.088376,0.));
#400 = CIRCLE('',#401,4.762495245626);
#401 = AXIS2_PLACEMENT_3D('',#402,#403,#404);
#402 = CARTESIAN_POINT('',(158.04861475437,-2.088381417765,0.));
#403 = DIRECTION('',(0.,0.,-1.));
#404 = DIRECTION('',(0.999999999999,1.137589610908E-06,0.));
#405 = ORIENTED_EDGE('',*,*,#406,.F.);
#406 = EDGE_CURVE('',#124,#398,#407,.T.);
#407 = CIRCLE('',#408,4.762502810866);
#408 = AXIS2_PLACEMENT_3D('',#409,#410,#411);
#409 = CARTESIAN_POINT('',(158.04860718913,-2.088379085383,0.));
#410 = DIRECTION('',(0.,0.,-1.));
#411 = DIRECTION('',(-0.207911308079,0.978147682087,0.));
#412 = ORIENTED_EDGE('',*,*,#131,.F.);
#413 = FACE_BOUND('',#414,.F.);
#414 = EDGE_LOOP('',(#415));
#415 = ORIENTED_EDGE('',*,*,#416,.T.);
#416 = EDGE_CURVE('',#417,#417,#419,.T.);
#417 = VERTEX_POINT('',#418);
#418 = CARTESIAN_POINT('',(-33.251532,-80.858126,0.));
#419 = CIRCLE('',#420,1.1);
#420 = AXIS2_PLACEMENT_3D('',#421,#422,#423);
#421 = CARTESIAN_POINT('',(-33.251532,-79.758126,0.));
#422 = DIRECTION('',(-0.,0.,-1.));
#423 = DIRECTION('',(-0.,-1.,0.));
#424 = FACE_BOUND('',#425,.F.);
#425 = EDGE_LOOP('',(#426));
#426 = ORIENTED_EDGE('',*,*,#427,.T.);
#427 = EDGE_CURVE('',#428,#428,#430,.T.);
#428 = VERTEX_POINT('',#429);
#429 = CARTESIAN_POINT('',(-32.430719,-73.473139,0.));
#430 = CIRCLE('',#431,0.4);
#431 = AXIS2_PLACEMENT_3D('',#432,#433,#434);
#432 = CARTESIAN_POINT('',(-32.430719,-73.073139,0.));
#433 = DIRECTION('',(-0.,0.,-1.));
#434 = DIRECTION('',(-1.7763568394E-14,-1.,0.));
#435 = FACE_BOUND('',#436,.F.);
#436 = EDGE_LOOP('',(#437));
#437 = ORIENTED_EDGE('',*,*,#438,.T.);
#438 = EDGE_CURVE('',#439,#439,#441,.T.);
#439 = VERTEX_POINT('',#440);
#440 = CARTESIAN_POINT('',(-26.426074,-68.781802,0.));
#441 = CIRCLE('',#442,0.4);
#442 = AXIS2_PLACEMENT_3D('',#443,#444,#445);
#443 = CARTESIAN_POINT('',(-26.426074,-68.381802,0.));
#444 = DIRECTION('',(-0.,0.,-1.));
#445 = DIRECTION('',(-0.,-1.,0.));
#446 = FACE_BOUND('',#447,.F.);
#447 = EDGE_LOOP('',(#448));
#448 = ORIENTED_EDGE('',*,*,#449,.T.);
#449 = EDGE_CURVE('',#450,#450,#452,.T.);
#450 = VERTEX_POINT('',#451);
#451 = CARTESIAN_POINT('',(-31.273581,-63.272918,0.));
#452 = CIRCLE('',#453,2.525);
#453 = AXIS2_PLACEMENT_3D('',#454,#455,#456);
#454 = CARTESIAN_POINT('',(-31.273581,-60.747918,0.));
#455 = DIRECTION('',(-0.,0.,-1.));
#456 = DIRECTION('',(-0.,-1.,0.));
#457 = FACE_BOUND('',#458,.F.);
#458 = EDGE_LOOP('',(#459));
#459 = ORIENTED_EDGE('',*,*,#460,.T.);
#460 = EDGE_CURVE('',#461,#461,#463,.T.);
#461 = VERTEX_POINT('',#462);
#462 = CARTESIAN_POINT('',(-27.887441,-66.031977,0.));
#463 = CIRCLE('',#464,0.95);
#464 = AXIS2_PLACEMENT_3D('',#465,#466,#467);
#465 = CARTESIAN_POINT('',(-27.887441,-65.081977,0.));
#466 = DIRECTION('',(-0.,0.,-1.));
#467 = DIRECTION('',(-0.,-1.,0.));
#468 = FACE_BOUND('',#469,.F.);
#469 = EDGE_LOOP('',(#470));
#470 = ORIENTED_EDGE('',*,*,#471,.T.);
#471 = EDGE_CURVE('',#472,#472,#474,.T.);
#472 = VERTEX_POINT('',#473);
#473 = CARTESIAN_POINT('',(-25.200833,-63.873457,0.));
#474 = CIRCLE('',#475,1.525);
#475 = AXIS2_PLACEMENT_3D('',#476,#477,#478);
#476 = CARTESIAN_POINT('',(-25.200833,-62.348457,0.));
#477 = DIRECTION('',(-0.,0.,-1.));
#478 = DIRECTION('',(2.329648313968E-15,-1.,-0.));
#479 = FACE_BOUND('',#480,.F.);
#480 = EDGE_LOOP('',(#481));
#481 = ORIENTED_EDGE('',*,*,#482,.T.);
#482 = EDGE_CURVE('',#483,#483,#485,.T.);
#483 = VERTEX_POINT('',#484);
#484 = CARTESIAN_POINT('',(-17.419115,-61.744789,0.));
#485 = CIRCLE('',#486,0.4);
#486 = AXIS2_PLACEMENT_3D('',#487,#488,#489);
#487 = CARTESIAN_POINT('',(-17.419115,-61.344789,0.));
#488 = DIRECTION('',(-0.,0.,-1.));
#489 = DIRECTION('',(-8.881784197001E-15,-1.,0.));
#490 = FACE_BOUND('',#491,.F.);
#491 = EDGE_LOOP('',(#492));
#492 = ORIENTED_EDGE('',*,*,#493,.T.);
#493 = EDGE_CURVE('',#494,#494,#496,.T.);
#494 = VERTEX_POINT('',#495);
#495 = CARTESIAN_POINT('',(-44.316971,-58.614018,0.));
#496 = CIRCLE('',#497,0.4);
#497 = AXIS2_PLACEMENT_3D('',#498,#499,#500);
#498 = CARTESIAN_POINT('',(-44.316971,-58.214018,0.));
#499 = DIRECTION('',(-0.,0.,-1.));
#500 = DIRECTION('',(-1.7763568394E-14,-1.,0.));
#501 = FACE_BOUND('',#502,.F.);
#502 = EDGE_LOOP('',(#503));
#503 = ORIENTED_EDGE('',*,*,#504,.T.);
#504 = EDGE_CURVE('',#505,#505,#507,.T.);
#505 = VERTEX_POINT('',#506);
#506 = CARTESIAN_POINT('',(-59.032865,-46.550896,0.));
#507 = CIRCLE('',#508,0.4);
#508 = AXIS2_PLACEMENT_3D('',#509,#510,#511);
#509 = CARTESIAN_POINT('',(-59.032865,-46.150896,0.));
#510 = DIRECTION('',(-0.,0.,-1.));
#511 = DIRECTION('',(-0.,-1.,0.));
#512 = FACE_BOUND('',#513,.F.);
#513 = EDGE_LOOP('',(#514));
#514 = ORIENTED_EDGE('',*,*,#515,.T.);
#515 = EDGE_CURVE('',#516,#516,#518,.T.);
#516 = VERTEX_POINT('',#517);
#517 = CARTESIAN_POINT('',(-52.888256,-47.448741,0.));
#518 = CIRCLE('',#519,0.8);
#519 = AXIS2_PLACEMENT_3D('',#520,#521,#522);
#520 = CARTESIAN_POINT('',(-52.888256,-46.648741,0.));
#521 = DIRECTION('',(-0.,0.,-1.));
#522 = DIRECTION('',(-0.,-1.,0.));
#523 = FACE_BOUND('',#524,.F.);
#524 = EDGE_LOOP('',(#525));
#525 = ORIENTED_EDGE('',*,*,#526,.T.);
#526 = EDGE_CURVE('',#527,#527,#529,.T.);
#527 = VERTEX_POINT('',#528);
#528 = CARTESIAN_POINT('',(-41.534433,-50.402881,0.));
#529 = CIRCLE('',#530,0.95);
#530 = AXIS2_PLACEMENT_3D('',#531,#532,#533);
#531 = CARTESIAN_POINT('',(-41.534433,-49.452881,0.));
#532 = DIRECTION('',(-0.,0.,-1.));
#533 = DIRECTION('',(-0.,-1.,0.));
#534 = FACE_BOUND('',#535,.F.);
#535 = EDGE_LOOP('',(#536));
#536 = ORIENTED_EDGE('',*,*,#537,.T.);
#537 = EDGE_CURVE('',#538,#538,#540,.T.);
#538 = VERTEX_POINT('',#539);
#539 = CARTESIAN_POINT('',(-45.747678,-48.44255,0.));
#540 = CIRCLE('',#541,2.525);
#541 = AXIS2_PLACEMENT_3D('',#542,#543,#544);
#542 = CARTESIAN_POINT('',(-45.747678,-45.91755,0.));
#543 = DIRECTION('',(-0.,0.,-1.));
#544 = DIRECTION('',(-0.,-1.,0.));
#545 = FACE_BOUND('',#546,.F.);
#546 = EDGE_LOOP('',(#547));
#547 = ORIENTED_EDGE('',*,*,#548,.T.);
#548 = EDGE_CURVE('',#549,#549,#551,.T.);
#549 = VERTEX_POINT('',#550);
#550 = CARTESIAN_POINT('',(-49.960923,-43.332219,0.));
#551 = CIRCLE('',#552,0.95);
#552 = AXIS2_PLACEMENT_3D('',#553,#554,#555);
#553 = CARTESIAN_POINT('',(-49.960923,-42.382219,0.));
#554 = DIRECTION('',(-0.,0.,-1.));
#555 = DIRECTION('',(-7.479397218527E-15,-1.,0.));
#556 = FACE_BOUND('',#557,.F.);
#557 = EDGE_LOOP('',(#558));
#558 = ORIENTED_EDGE('',*,*,#559,.T.);
#559 = EDGE_CURVE('',#560,#560,#562,.T.);
#560 = VERTEX_POINT('',#561);
#561 = CARTESIAN_POINT('',(-41.955233,-42.922887,0.));
#562 = CIRCLE('',#563,1.525);
#563 = AXIS2_PLACEMENT_3D('',#564,#565,#566);
#564 = CARTESIAN_POINT('',(-41.955233,-41.397887,0.));
#565 = DIRECTION('',(-0.,0.,-1.));
#566 = DIRECTION('',(-0.,-1.,0.));
#567 = FACE_BOUND('',#568,.F.);
#568 = EDGE_LOOP('',(#569));
#569 = ORIENTED_EDGE('',*,*,#570,.T.);
#570 = EDGE_CURVE('',#571,#571,#573,.T.);
#571 = VERTEX_POINT('',#572);
#572 = CARTESIAN_POINT('',(-38.410143,-60.77852,0.));
#573 = CIRCLE('',#574,0.8);
#574 = AXIS2_PLACEMENT_3D('',#575,#576,#577);
#575 = CARTESIAN_POINT('',(-38.410143,-59.97852,0.));
#576 = DIRECTION('',(-0.,0.,-1.));
#577 = DIRECTION('',(8.881784197001E-15,-1.,-0.));
#578 = FACE_BOUND('',#579,.F.);
#579 = EDGE_LOOP('',(#580));
#580 = ORIENTED_EDGE('',*,*,#581,.T.);
#581 = EDGE_CURVE('',#582,#582,#584,.T.);
#582 = VERTEX_POINT('',#583);
#583 = CARTESIAN_POINT('',(-34.659721,-57.363859,0.));
#584 = CIRCLE('',#585,0.95);
#585 = AXIS2_PLACEMENT_3D('',#586,#587,#588);
#586 = CARTESIAN_POINT('',(-34.659721,-56.413859,0.));
#587 = DIRECTION('',(-0.,0.,-1.));
#588 = DIRECTION('',(7.479397218527E-15,-1.,-0.));
#589 = FACE_BOUND('',#590,.F.);
#590 = EDGE_LOOP('',(#591));
#591 = ORIENTED_EDGE('',*,*,#592,.T.);
#592 = EDGE_CURVE('',#593,#593,#595,.T.);
#593 = VERTEX_POINT('',#594);
#594 = CARTESIAN_POINT('',(-26.624319,-58.640514,0.));
#595 = CIRCLE('',#596,1.525);
#596 = AXIS2_PLACEMENT_3D('',#597,#598,#599);
#597 = CARTESIAN_POINT('',(-26.624319,-57.115514,0.));
#598 = DIRECTION('',(-0.,0.,-1.));
#599 = DIRECTION('',(-0.,-1.,0.));
#600 = FACE_BOUND('',#601,.F.);
#601 = EDGE_LOOP('',(#602));
#602 = ORIENTED_EDGE('',*,*,#603,.T.);
#603 = EDGE_CURVE('',#604,#604,#606,.T.);
#604 = VERTEX_POINT('',#605);
#605 = CARTESIAN_POINT('',(-39.418926,-52.776762,0.));
#606 = CIRCLE('',#607,0.4);
#607 = AXIS2_PLACEMENT_3D('',#608,#609,#610);
#608 = CARTESIAN_POINT('',(-39.418926,-52.376762,0.));
#609 = DIRECTION('',(-0.,0.,-1.));
#610 = DIRECTION('',(-0.,-1.,0.));
#611 = FACE_BOUND('',#612,.F.);
#612 = EDGE_LOOP('',(#613));
#613 = ORIENTED_EDGE('',*,*,#614,.T.);
#614 = EDGE_CURVE('',#615,#615,#617,.T.);
#615 = VERTEX_POINT('',#616);
#616 = CARTESIAN_POINT('',(-11.41447,-57.053452,0.));
#617 = CIRCLE('',#618,0.4);
#618 = AXIS2_PLACEMENT_3D('',#619,#620,#621);
#619 = CARTESIAN_POINT('',(-11.41447,-56.653452,0.));
#620 = DIRECTION('',(-0.,0.,-1.));
#621 = DIRECTION('',(-0.,-1.,0.));
#622 = FACE_BOUND('',#623,.F.);
#623 = EDGE_LOOP('',(#624));
#624 = ORIENTED_EDGE('',*,*,#625,.T.);
#625 = EDGE_CURVE('',#626,#626,#628,.T.);
#626 = VERTEX_POINT('',#627);
#627 = CARTESIAN_POINT('',(-12.875836,-54.303626,0.));
#628 = CIRCLE('',#629,0.95);
#629 = AXIS2_PLACEMENT_3D('',#630,#631,#632);
#630 = CARTESIAN_POINT('',(-12.875836,-53.353626,0.));
#631 = DIRECTION('',(-0.,0.,-1.));
#632 = DIRECTION('',(-0.,-1.,0.));
#633 = FACE_BOUND('',#634,.F.);
#634 = EDGE_LOOP('',(#635));
#635 = ORIENTED_EDGE('',*,*,#636,.T.);
#636 = EDGE_CURVE('',#637,#637,#639,.T.);
#637 = VERTEX_POINT('',#638);
#638 = CARTESIAN_POINT('',(-10.189228,-52.145106,0.));
#639 = CIRCLE('',#640,1.525);
#640 = AXIS2_PLACEMENT_3D('',#641,#642,#643);
#641 = CARTESIAN_POINT('',(-10.189228,-50.620106,0.));
#642 = DIRECTION('',(-0.,0.,-1.));
#643 = DIRECTION('',(-0.,-1.,0.));
#644 = FACE_BOUND('',#645,.F.);
#645 = EDGE_LOOP('',(#646));
#646 = ORIENTED_EDGE('',*,*,#647,.T.);
#647 = EDGE_CURVE('',#648,#648,#650,.T.);
#648 = VERTEX_POINT('',#649);
#649 = CARTESIAN_POINT('',(-39.474864,-47.745519,0.));
#650 = CIRCLE('',#651,1.525);
#651 = AXIS2_PLACEMENT_3D('',#652,#653,#654);
#652 = CARTESIAN_POINT('',(-39.474864,-46.220519,0.));
#653 = DIRECTION('',(-0.,0.,-1.));
#654 = DIRECTION('',(-0.,-1.,0.));
#655 = FACE_BOUND('',#656,.F.);
#656 = EDGE_LOOP('',(#657));
#657 = ORIENTED_EDGE('',*,*,#658,.T.);
#658 = EDGE_CURVE('',#659,#659,#661,.T.);
#659 = VERTEX_POINT('',#660);
#660 = CARTESIAN_POINT('',(-23.398538,-49.050169,0.));
#661 = CIRCLE('',#662,0.8);
#662 = AXIS2_PLACEMENT_3D('',#663,#664,#665);
#663 = CARTESIAN_POINT('',(-23.398538,-48.250169,0.));
#664 = DIRECTION('',(-0.,0.,-1.));
#665 = DIRECTION('',(4.440892098501E-15,-1.,-0.));
#666 = FACE_BOUND('',#667,.F.);
#667 = EDGE_LOOP('',(#668));
#668 = ORIENTED_EDGE('',*,*,#669,.T.);
#669 = EDGE_CURVE('',#670,#670,#672,.T.);
#670 = VERTEX_POINT('',#671);
#671 = CARTESIAN_POINT('',(-32.071866,-44.020872,0.));
#672 = CIRCLE('',#673,0.4);
#673 = AXIS2_PLACEMENT_3D('',#674,#675,#676);
#674 = CARTESIAN_POINT('',(-32.071866,-43.620872,0.));
#675 = DIRECTION('',(-0.,0.,-1.));
#676 = DIRECTION('',(-0.,-1.,0.));
#677 = FACE_BOUND('',#678,.F.);
#678 = EDGE_LOOP('',(#679));
#679 = ORIENTED_EDGE('',*,*,#680,.T.);
#680 = EDGE_CURVE('',#681,#681,#683,.T.);
#681 = VERTEX_POINT('',#682);
#682 = CARTESIAN_POINT('',(-16.261976,-51.544567,0.));
#683 = CIRCLE('',#684,2.525);
#684 = AXIS2_PLACEMENT_3D('',#685,#686,#687);
#685 = CARTESIAN_POINT('',(-16.261976,-49.019567,0.));
#686 = DIRECTION('',(-0.,0.,-1.));
#687 = DIRECTION('',(-0.,-1.,0.));
#688 = FACE_BOUND('',#689,.F.);
#689 = EDGE_LOOP('',(#690));
#690 = ORIENTED_EDGE('',*,*,#691,.T.);
#691 = EDGE_CURVE('',#692,#692,#694,.T.);
#692 = VERTEX_POINT('',#693);
#693 = CARTESIAN_POINT('',(-19.648116,-45.635508,0.));
#694 = CIRCLE('',#695,0.95);
#695 = AXIS2_PLACEMENT_3D('',#696,#697,#698);
#696 = CARTESIAN_POINT('',(-19.648116,-44.685508,0.));
#697 = DIRECTION('',(-0.,0.,-1.));
#698 = DIRECTION('',(-0.,-1.,0.));
#699 = FACE_BOUND('',#700,.F.);
#700 = EDGE_LOOP('',(#701));
#701 = ORIENTED_EDGE('',*,*,#702,.T.);
#702 = EDGE_CURVE('',#703,#703,#705,.T.);
#703 = VERTEX_POINT('',#704);
#704 = CARTESIAN_POINT('',(-11.612714,-46.912163,0.));
#705 = CIRCLE('',#706,1.525);
#706 = AXIS2_PLACEMENT_3D('',#707,#708,#709);
#707 = CARTESIAN_POINT('',(-11.612714,-45.387163,0.));
#708 = DIRECTION('',(-0.,0.,-1.));
#709 = DIRECTION('',(-0.,-1.,0.));
#710 = FACE_BOUND('',#711,.F.);
#711 = EDGE_LOOP('',(#712));
#712 = ORIENTED_EDGE('',*,*,#713,.T.);
#713 = EDGE_CURVE('',#714,#714,#716,.T.);
#714 = VERTEX_POINT('',#715);
#715 = CARTESIAN_POINT('',(-99.12869,-36.814803,0.));
#716 = CIRCLE('',#717,1.1);
#717 = AXIS2_PLACEMENT_3D('',#718,#719,#720);
#718 = CARTESIAN_POINT('',(-99.12869,-35.714803,0.));
#719 = DIRECTION('',(-0.,0.,-1.));
#720 = DIRECTION('',(-0.,-1.,0.));
#721 = FACE_BOUND('',#722,.F.);
#722 = EDGE_LOOP('',(#723));
#723 = ORIENTED_EDGE('',*,*,#724,.T.);
#724 = EDGE_CURVE('',#725,#725,#727,.T.);
#725 = VERTEX_POINT('',#726);
#726 = CARTESIAN_POINT('',(-88.469526,-31.131838,0.));
#727 = CIRCLE('',#728,0.8);
#728 = AXIS2_PLACEMENT_3D('',#729,#730,#731);
#729 = CARTESIAN_POINT('',(-88.469526,-30.331838,0.));
#730 = DIRECTION('',(-0.,0.,-1.));
#731 = DIRECTION('',(-0.,-1.,0.));
#732 = FACE_BOUND('',#733,.F.);
#733 = EDGE_LOOP('',(#734));
#734 = ORIENTED_EDGE('',*,*,#735,.T.);
#735 = EDGE_CURVE('',#736,#736,#738,.T.);
#736 = VERTEX_POINT('',#737);
#737 = CARTESIAN_POINT('',(-82.243685,-29.284527,0.));
#738 = CIRCLE('',#739,2.525);
#739 = AXIS2_PLACEMENT_3D('',#740,#741,#742);
#740 = CARTESIAN_POINT('',(-82.243685,-26.759527,0.));
#741 = DIRECTION('',(-0.,0.,-1.));
#742 = DIRECTION('',(-0.,-1.,0.));
#743 = FACE_BOUND('',#744,.F.);
#744 = EDGE_LOOP('',(#745));
#745 = ORIENTED_EDGE('',*,*,#746,.T.);
#746 = EDGE_CURVE('',#747,#747,#749,.T.);
#747 = VERTEX_POINT('',#748);
#748 = CARTESIAN_POINT('',(-87.530624,-26.193522,0.));
#749 = CIRCLE('',#750,0.95);
#750 = AXIS2_PLACEMENT_3D('',#751,#752,#753);
#751 = CARTESIAN_POINT('',(-87.530624,-25.243522,0.));
#752 = DIRECTION('',(-0.,0.,-1.));
#753 = DIRECTION('',(-0.,-1.,0.));
#754 = FACE_BOUND('',#755,.F.);
#755 = EDGE_LOOP('',(#756));
#756 = ORIENTED_EDGE('',*,*,#757,.T.);
#757 = EDGE_CURVE('',#758,#758,#760,.T.);
#758 = VERTEX_POINT('',#759);
#759 = CARTESIAN_POINT('',(-80.617425,-22.613083,0.));
#760 = CIRCLE('',#761,1.525);
#761 = AXIS2_PLACEMENT_3D('',#762,#763,#764);
#762 = CARTESIAN_POINT('',(-80.617425,-21.088083,0.));
#763 = DIRECTION('',(-0.,0.,-1.));
#764 = DIRECTION('',(-0.,-1.,0.));
#765 = FACE_BOUND('',#766,.F.);
#766 = EDGE_LOOP('',(#767));
#767 = ORIENTED_EDGE('',*,*,#768,.T.);
#768 = EDGE_CURVE('',#769,#769,#771,.T.);
#769 = VERTEX_POINT('',#770);
#770 = CARTESIAN_POINT('',(-158.048608,-3.188376,0.));
#771 = CIRCLE('',#772,1.1);
#772 = AXIS2_PLACEMENT_3D('',#773,#774,#775);
#773 = CARTESIAN_POINT('',(-158.048608,-2.088376,0.));
#774 = DIRECTION('',(-0.,0.,-1.));
#775 = DIRECTION('',(-0.,-1.,0.));
#776 = FACE_BOUND('',#777,.F.);
#777 = EDGE_LOOP('',(#778));
#778 = ORIENTED_EDGE('',*,*,#779,.T.);
#779 = EDGE_CURVE('',#780,#780,#782,.T.);
#780 = VERTEX_POINT('',#781);
#781 = CARTESIAN_POINT('',(-134.793343,-2.562538,0.));
#782 = CIRCLE('',#783,0.4);
#783 = AXIS2_PLACEMENT_3D('',#784,#785,#786);
#784 = CARTESIAN_POINT('',(-134.793343,-2.162538,0.));
#785 = DIRECTION('',(-0.,0.,-1.));
#786 = DIRECTION('',(-0.,-1.,0.));
#787 = FACE_BOUND('',#788,.F.);
#788 = EDGE_LOOP('',(#789));
#789 = ORIENTED_EDGE('',*,*,#790,.T.);
#790 = EDGE_CURVE('',#791,#791,#793,.T.);
#791 = VERTEX_POINT('',#792);
#792 = CARTESIAN_POINT('',(-116.159631,-6.523255,0.));
#793 = CIRCLE('',#794,0.4);
#794 = AXIS2_PLACEMENT_3D('',#795,#796,#797);
#795 = CARTESIAN_POINT('',(-116.159631,-6.123255,0.));
#796 = DIRECTION('',(-0.,0.,-1.));
#797 = DIRECTION('',(-3.552713678801E-14,-1.,0.));
#798 = FACE_BOUND('',#799,.F.);
#799 = EDGE_LOOP('',(#800));
#800 = ORIENTED_EDGE('',*,*,#801,.T.);
#801 = EDGE_CURVE('',#802,#802,#804,.T.);
#802 = VERTEX_POINT('',#803);
#803 = CARTESIAN_POINT('',(-96.839687,-7.044607,0.));
#804 = CIRCLE('',#805,0.4);
#805 = AXIS2_PLACEMENT_3D('',#806,#807,#808);
#806 = CARTESIAN_POINT('',(-96.839687,-6.644607,0.));
#807 = DIRECTION('',(-0.,0.,-1.));
#808 = DIRECTION('',(-0.,-1.,0.));
#809 = FACE_BOUND('',#810,.F.);
#810 = EDGE_LOOP('',(#811));
#811 = ORIENTED_EDGE('',*,*,#812,.T.);
#812 = EDGE_CURVE('',#813,#813,#815,.T.);
#813 = VERTEX_POINT('',#814);
#814 = CARTESIAN_POINT('',(-89.749207,-1.03834,0.));
#815 = CIRCLE('',#816,0.8);
#816 = AXIS2_PLACEMENT_3D('',#817,#818,#819);
#817 = CARTESIAN_POINT('',(-89.749207,-0.23834,0.));
#818 = DIRECTION('',(-0.,0.,-1.));
#819 = DIRECTION('',(-0.,-1.,0.));
#820 = FACE_BOUND('',#821,.F.);
#821 = EDGE_LOOP('',(#822));
#822 = ORIENTED_EDGE('',*,*,#823,.T.);
#823 = EDGE_CURVE('',#824,#824,#826,.T.);
#824 = VERTEX_POINT('',#825);
#825 = CARTESIAN_POINT('',(-75.935248,-37.810989,0.));
#826 = CIRCLE('',#827,0.4);
#827 = AXIS2_PLACEMENT_3D('',#828,#829,#830);
#828 = CARTESIAN_POINT('',(-75.935248,-37.410989,0.));
#829 = DIRECTION('',(-0.,0.,-1.));
#830 = DIRECTION('',(-0.,-1.,0.));
#831 = FACE_BOUND('',#832,.F.);
#832 = EDGE_LOOP('',(#833));
#833 = ORIENTED_EDGE('',*,*,#834,.T.);
#834 = EDGE_CURVE('',#835,#835,#837,.T.);
#835 = VERTEX_POINT('',#836);
#836 = CARTESIAN_POINT('',(-69.821404,-37.420418,0.));
#837 = CIRCLE('',#838,0.8);
#838 = AXIS2_PLACEMENT_3D('',#839,#840,#841);
#839 = CARTESIAN_POINT('',(-69.821404,-36.620418,0.));
#840 = DIRECTION('',(-0.,0.,-1.));
#841 = DIRECTION('',(-0.,-1.,0.));
#842 = FACE_BOUND('',#843,.F.);
#843 = EDGE_LOOP('',(#844));
#844 = ORIENTED_EDGE('',*,*,#845,.T.);
#845 = EDGE_CURVE('',#846,#846,#848,.T.);
#846 = VERTEX_POINT('',#847);
#847 = CARTESIAN_POINT('',(-62.988887,-36.945596,0.));
#848 = CIRCLE('',#849,2.525);
#849 = AXIS2_PLACEMENT_3D('',#850,#851,#852);
#850 = CARTESIAN_POINT('',(-62.988887,-34.420596,0.));
#851 = DIRECTION('',(-0.,0.,-1.));
#852 = DIRECTION('',(-0.,-1.,0.));
#853 = FACE_BOUND('',#854,.F.);
#854 = EDGE_LOOP('',(#855));
#855 = ORIENTED_EDGE('',*,*,#856,.T.);
#856 = EDGE_CURVE('',#857,#857,#859,.T.);
#857 = VERTEX_POINT('',#858);
#858 = CARTESIAN_POINT('',(-67.845099,-32.788503,0.));
#859 = CIRCLE('',#860,0.95);
#860 = AXIS2_PLACEMENT_3D('',#861,#862,#863);
#861 = CARTESIAN_POINT('',(-67.845099,-31.838503,0.));
#862 = DIRECTION('',(-0.,0.,-1.));
#863 = DIRECTION('',(-0.,-1.,0.));
#864 = FACE_BOUND('',#865,.F.);
#865 = EDGE_LOOP('',(#866));
#866 = ORIENTED_EDGE('',*,*,#867,.T.);
#867 = EDGE_CURVE('',#868,#868,#870,.T.);
#868 = VERTEX_POINT('',#869);
#869 = CARTESIAN_POINT('',(-55.455488,-39.822839,0.));
#870 = CIRCLE('',#871,0.4);
#871 = AXIS2_PLACEMENT_3D('',#872,#873,#874);
#872 = CARTESIAN_POINT('',(-55.455488,-39.422839,0.));
#873 = DIRECTION('',(-0.,0.,-1.));
#874 = DIRECTION('',(-0.,-1.,0.));
#875 = FACE_BOUND('',#876,.F.);
#876 = EDGE_LOOP('',(#877));
#877 = ORIENTED_EDGE('',*,*,#878,.T.);
#878 = EDGE_CURVE('',#879,#879,#881,.T.);
#879 = VERTEX_POINT('',#880);
#880 = CARTESIAN_POINT('',(-58.132675,-37.952689,0.));
#881 = CIRCLE('',#882,0.95);
#882 = AXIS2_PLACEMENT_3D('',#883,#884,#885);
#883 = CARTESIAN_POINT('',(-58.132675,-37.002689,0.));
#884 = DIRECTION('',(-0.,0.,-1.));
#885 = DIRECTION('',(7.479397218527E-15,-1.,-0.));
#886 = FACE_BOUND('',#887,.F.);
#887 = EDGE_LOOP('',(#888));
#888 = ORIENTED_EDGE('',*,*,#889,.T.);
#889 = EDGE_CURVE('',#890,#890,#892,.T.);
#890 = VERTEX_POINT('',#891);
#891 = CARTESIAN_POINT('',(-56.790158,-34.937752,0.));
#892 = CIRCLE('',#893,1.525);
#893 = AXIS2_PLACEMENT_3D('',#894,#895,#896);
#894 = CARTESIAN_POINT('',(-56.790158,-33.412752,0.));
#895 = DIRECTION('',(-0.,0.,-1.));
#896 = DIRECTION('',(-0.,-1.,0.));
#897 = FACE_BOUND('',#898,.F.);
#898 = EDGE_LOOP('',(#899));
#899 = ORIENTED_EDGE('',*,*,#900,.T.);
#900 = EDGE_CURVE('',#901,#901,#903,.T.);
#901 = VERTEX_POINT('',#902);
#902 = CARTESIAN_POINT('',(-40.643151,-32.855595,0.));
#903 = CIRCLE('',#904,0.8);
#904 = AXIS2_PLACEMENT_3D('',#905,#906,#907);
#905 = CARTESIAN_POINT('',(-40.643151,-32.055595,0.));
#906 = DIRECTION('',(-0.,0.,-1.));
#907 = DIRECTION('',(-0.,-1.,0.));
#908 = FACE_BOUND('',#909,.F.);
#909 = EDGE_LOOP('',(#910));
#910 = ORIENTED_EDGE('',*,*,#911,.T.);
#911 = EDGE_CURVE('',#912,#912,#914,.T.);
#912 = VERTEX_POINT('',#913);
#913 = CARTESIAN_POINT('',(-76.956746,-29.225532,0.));
#914 = CIRCLE('',#915,0.95);
#915 = AXIS2_PLACEMENT_3D('',#916,#917,#918);
#916 = CARTESIAN_POINT('',(-76.956746,-28.275532,0.));
#917 = DIRECTION('',(-0.,0.,-1.));
#918 = DIRECTION('',(1.495879443705E-14,-1.,-0.));
#919 = FACE_BOUND('',#920,.F.);
#920 = EDGE_LOOP('',(#921));
#921 = ORIENTED_EDGE('',*,*,#922,.T.);
#922 = EDGE_CURVE('',#923,#923,#925,.T.);
#923 = VERTEX_POINT('',#924);
#924 = CARTESIAN_POINT('',(-73.834888,-30.486176,0.));
#925 = CIRCLE('',#926,0.4);
#926 = AXIS2_PLACEMENT_3D('',#927,#928,#929);
#927 = CARTESIAN_POINT('',(-73.834888,-30.086176,0.));
#928 = DIRECTION('',(-0.,0.,-1.));
#929 = DIRECTION('',(-0.,-1.,0.));
#930 = FACE_BOUND('',#931,.F.);
#931 = EDGE_LOOP('',(#932));
#932 = ORIENTED_EDGE('',*,*,#933,.T.);
#933 = EDGE_CURVE('',#934,#934,#936,.T.);
#934 = VERTEX_POINT('',#935);
#935 = CARTESIAN_POINT('',(-60.219006,-30.736205,0.));
#936 = CIRCLE('',#937,1.525);
#937 = AXIS2_PLACEMENT_3D('',#938,#939,#940);
#938 = CARTESIAN_POINT('',(-60.219006,-29.211205,0.));
#939 = DIRECTION('',(-0.,0.,-1.));
#940 = DIRECTION('',(-0.,-1.,0.));
#941 = FACE_BOUND('',#942,.F.);
#942 = EDGE_LOOP('',(#943));
#943 = ORIENTED_EDGE('',*,*,#944,.T.);
#944 = EDGE_CURVE('',#945,#945,#947,.T.);
#945 = VERTEX_POINT('',#946);
#946 = CARTESIAN_POINT('',(-76.389955,-26.00992,0.));
#947 = CIRCLE('',#948,1.525);
#948 = AXIS2_PLACEMENT_3D('',#949,#950,#951);
#949 = CARTESIAN_POINT('',(-76.389955,-24.48492,0.));
#950 = DIRECTION('',(-0.,0.,-1.));
#951 = DIRECTION('',(-0.,-1.,0.));
#952 = FACE_BOUND('',#953,.F.);
#953 = EDGE_LOOP('',(#954));
#954 = ORIENTED_EDGE('',*,*,#955,.T.);
#955 = EDGE_CURVE('',#956,#956,#958,.T.);
#956 = VERTEX_POINT('',#957);
#957 = CARTESIAN_POINT('',(-43.216304,-27.375291,0.));
#958 = CIRCLE('',#959,0.4);
#959 = AXIS2_PLACEMENT_3D('',#960,#961,#962);
#960 = CARTESIAN_POINT('',(-43.216304,-26.975291,0.));
#961 = DIRECTION('',(-0.,0.,-1.));
#962 = DIRECTION('',(-0.,-1.,0.));
#963 = FACE_BOUND('',#964,.F.);
#964 = EDGE_LOOP('',(#965));
#965 = ORIENTED_EDGE('',*,*,#966,.T.);
#966 = EDGE_CURVE('',#967,#967,#969,.T.);
#967 = VERTEX_POINT('',#968);
#968 = CARTESIAN_POINT('',(-27.173821,-38.183616,0.));
#969 = CIRCLE('',#970,0.4);
#970 = AXIS2_PLACEMENT_3D('',#971,#972,#973);
#971 = CARTESIAN_POINT('',(-27.173821,-37.783616,0.));
#972 = DIRECTION('',(-0.,0.,-1.));
#973 = DIRECTION('',(-0.,-1.,0.));
#974 = FACE_BOUND('',#975,.F.);
#975 = EDGE_LOOP('',(#976));
#976 = ORIENTED_EDGE('',*,*,#977,.T.);
#977 = EDGE_CURVE('',#978,#978,#980,.T.);
#978 = VERTEX_POINT('',#979);
#979 = CARTESIAN_POINT('',(-33.502573,-33.849404,0.));
#980 = CIRCLE('',#981,2.525);
#981 = AXIS2_PLACEMENT_3D('',#982,#983,#984);
#982 = CARTESIAN_POINT('',(-33.502573,-31.324404,0.));
#983 = DIRECTION('',(-0.,0.,-1.));
#984 = DIRECTION('',(-0.,-1.,0.));
#985 = FACE_BOUND('',#986,.F.);
#986 = EDGE_LOOP('',(#987));
#987 = ORIENTED_EDGE('',*,*,#988,.T.);
#988 = EDGE_CURVE('',#989,#989,#991,.T.);
#989 = VERTEX_POINT('',#990);
#990 = CARTESIAN_POINT('',(-29.289328,-35.809735,0.));
#991 = CIRCLE('',#992,0.95);
#992 = AXIS2_PLACEMENT_3D('',#993,#994,#995);
#993 = CARTESIAN_POINT('',(-29.289328,-34.859735,0.));
#994 = DIRECTION('',(-0.,0.,-1.));
#995 = DIRECTION('',(-3.739698609264E-15,-1.,0.));
#996 = FACE_BOUND('',#997,.F.);
#997 = EDGE_LOOP('',(#998));
#998 = ORIENTED_EDGE('',*,*,#999,.T.);
#999 = EDGE_CURVE('',#1000,#1000,#1002,.T.);
#1000 = VERTEX_POINT('',#1001);
#1001 = CARTESIAN_POINT('',(-27.229759,-33.152373,0.));
#1002 = CIRCLE('',#1003,1.525);
#1003 = AXIS2_PLACEMENT_3D('',#1004,#1005,#1006);
#1004 = CARTESIAN_POINT('',(-27.229759,-31.627373,0.));
#1005 = DIRECTION('',(-0.,0.,-1.));
#1006 = DIRECTION('',(-0.,-1.,0.));
#1007 = FACE_BOUND('',#1008,.F.);
#1008 = EDGE_LOOP('',(#1009));
#1009 = ORIENTED_EDGE('',*,*,#1010,.T.);
#1010 = EDGE_CURVE('',#1011,#1011,#1013,.T.);
#1011 = VERTEX_POINT('',#1012);
#1012 = CARTESIAN_POINT('',(-37.715818,-28.739073,0.));
#1013 = CIRCLE('',#1014,0.95);
#1014 = AXIS2_PLACEMENT_3D('',#1015,#1016,#1017);
#1015 = CARTESIAN_POINT('',(-37.715818,-27.789073,0.));
#1016 = DIRECTION('',(-0.,0.,-1.));
#1017 = DIRECTION('',(-0.,-1.,0.));
#1018 = FACE_BOUND('',#1019,.F.);
#1019 = EDGE_LOOP('',(#1020));
#1020 = ORIENTED_EDGE('',*,*,#1021,.T.);
#1021 = EDGE_CURVE('',#1022,#1022,#1024,.T.);
#1022 = VERTEX_POINT('',#1023);
#1023 = CARTESIAN_POINT('',(-29.710128,-28.329741,0.));
#1024 = CIRCLE('',#1025,1.525);
#1025 = AXIS2_PLACEMENT_3D('',#1026,#1027,#1028);
#1026 = CARTESIAN_POINT('',(-29.710128,-26.804741,0.));
#1027 = DIRECTION('',(-0.,0.,-1.));
#1028 = DIRECTION('',(-2.329648313968E-15,-1.,0.));
#1029 = FACE_BOUND('',#1030,.F.);
#1030 = EDGE_LOOP('',(#1031));
#1031 = ORIENTED_EDGE('',*,*,#1032,.T.);
#1032 = EDGE_CURVE('',#1033,#1033,#1035,.T.);
#1033 = VERTEX_POINT('',#1034);
#1034 = CARTESIAN_POINT('',(-60.215616,-17.54639,0.));
#1035 = CIRCLE('',#1036,0.4);
#1036 = AXIS2_PLACEMENT_3D('',#1037,#1038,#1039);
#1037 = CARTESIAN_POINT('',(-60.215616,-17.14639,0.));
#1038 = DIRECTION('',(-0.,0.,-1.));
#1039 = DIRECTION('',(-0.,-1.,0.));
#1040 = FACE_BOUND('',#1041,.F.);
#1041 = EDGE_LOOP('',(#1042));
#1042 = ORIENTED_EDGE('',*,*,#1043,.T.);
#1043 = EDGE_CURVE('',#1044,#1044,#1046,.T.);
#1044 = VERTEX_POINT('',#1045);
#1045 = CARTESIAN_POINT('',(-55.750582,-20.696141,0.));
#1046 = CIRCLE('',#1047,0.8);
#1047 = AXIS2_PLACEMENT_3D('',#1048,#1049,#1050);
#1048 = CARTESIAN_POINT('',(-55.750582,-19.896141,0.));
#1049 = DIRECTION('',(-0.,0.,-1.));
#1050 = DIRECTION('',(-8.881784197001E-15,-1.,0.));
#1051 = FACE_BOUND('',#1052,.F.);
#1052 = EDGE_LOOP('',(#1053));
#1053 = ORIENTED_EDGE('',*,*,#1054,.T.);
#1054 = EDGE_CURVE('',#1055,#1055,#1057,.T.);
#1055 = VERTEX_POINT('',#1056);
#1056 = CARTESIAN_POINT('',(-41.115944,-20.050478,0.));
#1057 = CIRCLE('',#1058,0.4);
#1058 = AXIS2_PLACEMENT_3D('',#1059,#1060,#1061);
#1059 = CARTESIAN_POINT('',(-41.115944,-19.650478,0.));
#1060 = DIRECTION('',(-0.,0.,-1.));
#1061 = DIRECTION('',(-0.,-1.,0.));
#1062 = FACE_BOUND('',#1063,.F.);
#1063 = EDGE_LOOP('',(#1064));
#1064 = ORIENTED_EDGE('',*,*,#1065,.T.);
#1065 = EDGE_CURVE('',#1066,#1066,#1068,.T.);
#1066 = VERTEX_POINT('',#1067);
#1067 = CARTESIAN_POINT('',(-44.237802,-18.789835,0.));
#1068 = CIRCLE('',#1069,0.95);
#1069 = AXIS2_PLACEMENT_3D('',#1070,#1071,#1072);
#1070 = CARTESIAN_POINT('',(-44.237802,-17.839835,0.));
#1071 = DIRECTION('',(-0.,0.,-1.));
#1072 = DIRECTION('',(-0.,-1.,0.));
#1073 = FACE_BOUND('',#1074,.F.);
#1074 = EDGE_LOOP('',(#1075));
#1075 = ORIENTED_EDGE('',*,*,#1076,.T.);
#1076 = EDGE_CURVE('',#1077,#1077,#1079,.T.);
#1077 = VERTEX_POINT('',#1078);
#1078 = CARTESIAN_POINT('',(-49.524741,-18.84883,0.));
#1079 = CIRCLE('',#1080,2.525);
#1080 = AXIS2_PLACEMENT_3D('',#1081,#1082,#1083);
#1081 = CARTESIAN_POINT('',(-49.524741,-16.32383,0.));
#1082 = DIRECTION('',(-0.,0.,-1.));
#1083 = DIRECTION('',(-0.,-1.,0.));
#1084 = FACE_BOUND('',#1085,.F.);
#1085 = EDGE_LOOP('',(#1086));
#1086 = ORIENTED_EDGE('',*,*,#1087,.T.);
#1087 = EDGE_CURVE('',#1088,#1088,#1090,.T.);
#1088 = VERTEX_POINT('',#1089);
#1089 = CARTESIAN_POINT('',(-54.81168,-15.757825,0.));
#1090 = CIRCLE('',#1091,0.95);
#1091 = AXIS2_PLACEMENT_3D('',#1092,#1093,#1094);
#1092 = CARTESIAN_POINT('',(-54.81168,-14.807825,0.));
#1093 = DIRECTION('',(-0.,0.,-1.));
#1094 = DIRECTION('',(-7.479397218527E-15,-1.,0.));
#1095 = FACE_BOUND('',#1096,.F.);
#1096 = EDGE_LOOP('',(#1097));
#1097 = ORIENTED_EDGE('',*,*,#1098,.T.);
#1098 = EDGE_CURVE('',#1099,#1099,#1101,.T.);
#1099 = VERTEX_POINT('',#1100);
#1100 = CARTESIAN_POINT('',(-43.671011,-15.574223,0.));
#1101 = CIRCLE('',#1102,1.525);
#1102 = AXIS2_PLACEMENT_3D('',#1103,#1104,#1105);
#1103 = CARTESIAN_POINT('',(-43.671011,-14.049223,0.));
#1104 = DIRECTION('',(-0.,0.,-1.));
#1105 = DIRECTION('',(-0.,-1.,0.));
#1106 = FACE_BOUND('',#1107,.F.);
#1107 = EDGE_LOOP('',(#1108));
#1108 = ORIENTED_EDGE('',*,*,#1109,.T.);
#1109 = EDGE_CURVE('',#1110,#1110,#1112,.T.);
#1110 = VERTEX_POINT('',#1111);
#1111 = CARTESIAN_POINT('',(-47.898481,-12.177386,0.));
#1112 = CIRCLE('',#1113,1.525);
#1113 = AXIS2_PLACEMENT_3D('',#1114,#1115,#1116);
#1114 = CARTESIAN_POINT('',(-47.898481,-10.652386,0.));
#1115 = DIRECTION('',(-0.,0.,-1.));
#1116 = DIRECTION('',(4.659296627935E-15,-1.,-0.));
#1117 = FACE_BOUND('',#1118,.F.);
#1118 = EDGE_LOOP('',(#1119));
#1119 = ORIENTED_EDGE('',*,*,#1120,.T.);
#1120 = EDGE_CURVE('',#1121,#1121,#1123,.T.);
#1121 = VERTEX_POINT('',#1122);
#1122 = CARTESIAN_POINT('',(-72.749894,-10.86724,0.));
#1123 = CIRCLE('',#1124,0.8);
#1124 = AXIS2_PLACEMENT_3D('',#1125,#1126,#1127);
#1125 = CARTESIAN_POINT('',(-72.749894,-10.06724,0.));
#1126 = DIRECTION('',(-0.,0.,-1.));
#1127 = DIRECTION('',(-0.,-1.,0.));
#1128 = FACE_BOUND('',#1129,.F.);
#1129 = EDGE_LOOP('',(#1130));
#1130 = ORIENTED_EDGE('',*,*,#1131,.T.);
#1131 = EDGE_CURVE('',#1132,#1132,#1134,.T.);
#1132 = VERTEX_POINT('',#1133);
#1133 = CARTESIAN_POINT('',(-77.214929,-7.71749,0.));
#1134 = CIRCLE('',#1135,0.4);
#1135 = AXIS2_PLACEMENT_3D('',#1136,#1137,#1138);
#1136 = CARTESIAN_POINT('',(-77.214929,-7.31749,0.));
#1137 = DIRECTION('',(-0.,0.,-1.));
#1138 = DIRECTION('',(3.5527136788E-14,-1.,-0.));
#1139 = FACE_BOUND('',#1140,.F.);
#1140 = EDGE_LOOP('',(#1141));
#1141 = ORIENTED_EDGE('',*,*,#1142,.T.);
#1142 = EDGE_CURVE('',#1143,#1143,#1145,.T.);
#1143 = VERTEX_POINT('',#1144);
#1144 = CARTESIAN_POINT('',(-61.237114,-8.960934,0.));
#1145 = CIRCLE('',#1146,0.95);
#1146 = AXIS2_PLACEMENT_3D('',#1147,#1148,#1149);
#1147 = CARTESIAN_POINT('',(-61.237114,-8.010934,0.));
#1148 = DIRECTION('',(-0.,0.,-1.));
#1149 = DIRECTION('',(7.479397218527E-15,-1.,-0.));
#1150 = FACE_BOUND('',#1151,.F.);
#1151 = EDGE_LOOP('',(#1152));
#1152 = ORIENTED_EDGE('',*,*,#1153,.T.);
#1153 = EDGE_CURVE('',#1154,#1154,#1156,.T.);
#1154 = VERTEX_POINT('',#1155);
#1155 = CARTESIAN_POINT('',(-66.524053,-9.019929,0.));
#1156 = CIRCLE('',#1157,2.525);
#1157 = AXIS2_PLACEMENT_3D('',#1158,#1159,#1160);
#1158 = CARTESIAN_POINT('',(-66.524053,-6.494929,0.));
#1159 = DIRECTION('',(-0.,0.,-1.));
#1160 = DIRECTION('',(5.628061273347E-15,-1.,-0.));
#1161 = FACE_BOUND('',#1162,.F.);
#1162 = EDGE_LOOP('',(#1163));
#1163 = ORIENTED_EDGE('',*,*,#1164,.T.);
#1164 = EDGE_CURVE('',#1165,#1165,#1167,.T.);
#1165 = VERTEX_POINT('',#1166);
#1166 = CARTESIAN_POINT('',(-71.810992,-5.928924,0.));
#1167 = CIRCLE('',#1168,0.95);
#1168 = AXIS2_PLACEMENT_3D('',#1169,#1170,#1171);
#1169 = CARTESIAN_POINT('',(-71.810992,-4.978924,0.));
#1170 = DIRECTION('',(-0.,0.,-1.));
#1171 = DIRECTION('',(-0.,-1.,0.));
#1172 = FACE_BOUND('',#1173,.F.);
#1173 = EDGE_LOOP('',(#1174));
#1174 = ORIENTED_EDGE('',*,*,#1175,.T.);
#1175 = EDGE_CURVE('',#1176,#1176,#1178,.T.);
#1176 = VERTEX_POINT('',#1177);
#1177 = CARTESIAN_POINT('',(-60.670323,-5.745322,0.));
#1178 = CIRCLE('',#1179,1.525);
#1179 = AXIS2_PLACEMENT_3D('',#1180,#1181,#1182);
#1180 = CARTESIAN_POINT('',(-60.670323,-4.220322,0.));
#1181 = DIRECTION('',(-0.,0.,-1.));
#1182 = DIRECTION('',(-4.659296627935E-15,-1.,0.));
#1183 = FACE_BOUND('',#1184,.F.);
#1184 = EDGE_LOOP('',(#1185));
#1185 = ORIENTED_EDGE('',*,*,#1186,.T.);
#1186 = EDGE_CURVE('',#1187,#1187,#1189,.T.);
#1187 = VERTEX_POINT('',#1188);
#1188 = CARTESIAN_POINT('',(-64.897793,-2.348485,0.));
#1189 = CIRCLE('',#1190,1.525);
#1190 = AXIS2_PLACEMENT_3D('',#1191,#1192,#1193);
#1191 = CARTESIAN_POINT('',(-64.897793,-0.823485,0.));
#1192 = DIRECTION('',(-0.,0.,-1.));
#1193 = DIRECTION('',(9.31859325587E-15,-1.,-0.));
#1194 = FACE_BOUND('',#1195,.F.);
#1195 = EDGE_LOOP('',(#1196));
#1196 = ORIENTED_EDGE('',*,*,#1197,.T.);
#1197 = EDGE_CURVE('',#1198,#1198,#1200,.T.);
#1198 = VERTEX_POINT('',#1199);
#1199 = CARTESIAN_POINT('',(-58.115256,-10.221577,0.));
#1200 = CIRCLE('',#1201,0.4);
#1201 = AXIS2_PLACEMENT_3D('',#1202,#1203,#1204);
#1202 = CARTESIAN_POINT('',(-58.115256,-9.821577,0.));
#1203 = DIRECTION('',(-0.,0.,-1.));
#1204 = DIRECTION('',(-0.,-1.,0.));
#1205 = FACE_BOUND('',#1206,.F.);
#1206 = EDGE_LOOP('',(#1207));
#1207 = ORIENTED_EDGE('',*,*,#1208,.T.);
#1208 = EDGE_CURVE('',#1209,#1209,#1211,.T.);
#1209 = VERTEX_POINT('',#1210);
#1210 = CARTESIAN_POINT('',(-50.49969,-2.384106,0.));
#1211 = CIRCLE('',#1212,0.8);
#1212 = AXIS2_PLACEMENT_3D('',#1213,#1214,#1215);
#1213 = CARTESIAN_POINT('',(-50.49969,-1.584106,0.));
#1214 = DIRECTION('',(-0.,0.,-1.));
#1215 = DIRECTION('',(-0.,-1.,0.));
#1216 = FACE_BOUND('',#1217,.F.);
#1217 = EDGE_LOOP('',(#1218));
#1218 = ORIENTED_EDGE('',*,*,#1219,.T.);
#1219 = EDGE_CURVE('',#1220,#1220,#1222,.T.);
#1220 = VERTEX_POINT('',#1221);
#1221 = CARTESIAN_POINT('',(-37.965412,-9.063256,0.));
#1222 = CIRCLE('',#1223,0.4);
#1223 = AXIS2_PLACEMENT_3D('',#1224,#1225,#1226);
#1224 = CARTESIAN_POINT('',(-37.965412,-8.663256,0.));
#1225 = DIRECTION('',(-0.,0.,-1.));
#1226 = DIRECTION('',(-0.,-1.,0.));
#1227 = FACE_BOUND('',#1228,.F.);
#1228 = EDGE_LOOP('',(#1229));
#1229 = ORIENTED_EDGE('',*,*,#1230,.T.);
#1230 = EDGE_CURVE('',#1231,#1231,#1233,.T.);
#1231 = VERTEX_POINT('',#1232);
#1232 = CARTESIAN_POINT('',(-35.865052,-1.738443,0.));
#1233 = CIRCLE('',#1234,0.4);
#1234 = AXIS2_PLACEMENT_3D('',#1235,#1236,#1237);
#1235 = CARTESIAN_POINT('',(-35.865052,-1.338443,0.));
#1236 = DIRECTION('',(-0.,0.,-1.));
#1237 = DIRECTION('',(-0.,-1.,0.));
#1238 = FACE_BOUND('',#1239,.F.);
#1239 = EDGE_LOOP('',(#1240));
#1240 = ORIENTED_EDGE('',*,*,#1241,.T.);
#1241 = EDGE_CURVE('',#1242,#1242,#1244,.T.);
#1242 = VERTEX_POINT('',#1243);
#1243 = CARTESIAN_POINT('',(-19.05,-4.370127,0.));
#1244 = CIRCLE('',#1245,1.1);
#1245 = AXIS2_PLACEMENT_3D('',#1246,#1247,#1248);
#1246 = CARTESIAN_POINT('',(-19.05,-3.270127,0.));
#1247 = DIRECTION('',(-0.,0.,-1.));
#1248 = DIRECTION('',(-3.229739708E-15,-1.,0.));
#1249 = FACE_BOUND('',#1250,.F.);
#1250 = EDGE_LOOP('',(#1251));
#1251 = ORIENTED_EDGE('',*,*,#1252,.T.);
#1252 = EDGE_CURVE('',#1253,#1253,#1255,.T.);
#1253 = VERTEX_POINT('',#1254);
#1254 = CARTESIAN_POINT('',(33.251532,-80.858126,0.));
#1255 = CIRCLE('',#1256,1.1);
#1256 = AXIS2_PLACEMENT_3D('',#1257,#1258,#1259);
#1257 = CARTESIAN_POINT('',(33.251532,-79.758126,0.));
#1258 = DIRECTION('',(-0.,0.,-1.));
#1259 = DIRECTION('',(-0.,-1.,0.));
#1260 = FACE_BOUND('',#1261,.F.);
#1261 = EDGE_LOOP('',(#1262));
#1262 = ORIENTED_EDGE('',*,*,#1263,.T.);
#1263 = EDGE_CURVE('',#1264,#1264,#1266,.T.);
#1264 = VERTEX_POINT('',#1265);
#1265 = CARTESIAN_POINT('',(32.253529,-68.658628,0.));
#1266 = CIRCLE('',#1267,0.8);
#1267 = AXIS2_PLACEMENT_3D('',#1268,#1269,#1270);
#1268 = CARTESIAN_POINT('',(32.253529,-67.858628,0.));
#1269 = DIRECTION('',(-0.,0.,-1.));
#1270 = DIRECTION('',(-0.,-1.,0.));
#1271 = FACE_BOUND('',#1272,.F.);
#1272 = EDGE_LOOP('',(#1273));
#1273 = ORIENTED_EDGE('',*,*,#1274,.T.);
#1274 = EDGE_CURVE('',#1275,#1275,#1277,.T.);
#1275 = VERTEX_POINT('',#1276);
#1276 = CARTESIAN_POINT('',(27.88744,-66.031977,0.));
#1277 = CIRCLE('',#1278,0.95);
#1278 = AXIS2_PLACEMENT_3D('',#1279,#1280,#1281);
#1279 = CARTESIAN_POINT('',(27.88744,-65.081977,0.));
#1280 = DIRECTION('',(-0.,0.,-1.));
#1281 = DIRECTION('',(3.739698609264E-15,-1.,-0.));
#1282 = FACE_BOUND('',#1283,.F.);
#1283 = EDGE_LOOP('',(#1284));
#1284 = ORIENTED_EDGE('',*,*,#1285,.T.);
#1285 = EDGE_CURVE('',#1286,#1286,#1288,.T.);
#1286 = VERTEX_POINT('',#1287);
#1287 = CARTESIAN_POINT('',(31.27358,-63.272918,0.));
#1288 = CIRCLE('',#1289,2.525);
#1289 = AXIS2_PLACEMENT_3D('',#1290,#1291,#1292);
#1290 = CARTESIAN_POINT('',(31.27358,-60.747918,0.));
#1291 = DIRECTION('',(-0.,0.,-1.));
#1292 = DIRECTION('',(-1.407015318337E-15,-1.,0.));
#1293 = FACE_BOUND('',#1294,.F.);
#1294 = EDGE_LOOP('',(#1295));
#1295 = ORIENTED_EDGE('',*,*,#1296,.T.);
#1296 = EDGE_CURVE('',#1297,#1297,#1299,.T.);
#1297 = VERTEX_POINT('',#1298);
#1298 = CARTESIAN_POINT('',(17.241925,-56.930277,0.));
#1299 = CIRCLE('',#1300,0.8);
#1300 = AXIS2_PLACEMENT_3D('',#1301,#1302,#1303);
#1301 = CARTESIAN_POINT('',(17.241925,-56.130277,0.));
#1302 = DIRECTION('',(-0.,0.,-1.));
#1303 = DIRECTION('',(-4.440892098501E-15,-1.,0.));
#1304 = FACE_BOUND('',#1305,.F.);
#1305 = EDGE_LOOP('',(#1306));
#1306 = ORIENTED_EDGE('',*,*,#1307,.T.);
#1307 = EDGE_CURVE('',#1308,#1308,#1310,.T.);
#1308 = VERTEX_POINT('',#1309);
#1309 = CARTESIAN_POINT('',(12.875836,-54.303626,0.));
#1310 = CIRCLE('',#1311,0.95);
#1311 = AXIS2_PLACEMENT_3D('',#1312,#1313,#1314);
#1312 = CARTESIAN_POINT('',(12.875836,-53.353626,0.));
#1313 = DIRECTION('',(-0.,0.,-1.));
#1314 = DIRECTION('',(-0.,-1.,0.));
#1315 = FACE_BOUND('',#1316,.F.);
#1316 = EDGE_LOOP('',(#1317));
#1317 = ORIENTED_EDGE('',*,*,#1318,.T.);
#1318 = EDGE_CURVE('',#1319,#1319,#1321,.T.);
#1319 = VERTEX_POINT('',#1320);
#1320 = CARTESIAN_POINT('',(26.624318,-58.640514,0.));
#1321 = CIRCLE('',#1322,1.525);
#1322 = AXIS2_PLACEMENT_3D('',#1323,#1324,#1325);
#1323 = CARTESIAN_POINT('',(26.624318,-57.115514,0.));
#1324 = DIRECTION('',(-0.,0.,-1.));
#1325 = DIRECTION('',(-2.329648313968E-15,-1.,0.));
#1326 = FACE_BOUND('',#1327,.F.);
#1327 = EDGE_LOOP('',(#1328));
#1328 = ORIENTED_EDGE('',*,*,#1329,.T.);
#1329 = EDGE_CURVE('',#1330,#1330,#1332,.T.);
#1330 = VERTEX_POINT('',#1331);
#1331 = CARTESIAN_POINT('',(34.65972,-57.363859,0.));
#1332 = CIRCLE('',#1333,0.95);
#1333 = AXIS2_PLACEMENT_3D('',#1334,#1335,#1336);
#1334 = CARTESIAN_POINT('',(34.65972,-56.413859,0.));
#1335 = DIRECTION('',(-0.,0.,-1.));
#1336 = DIRECTION('',(-0.,-1.,0.));
#1337 = FACE_BOUND('',#1338,.F.);
#1338 = EDGE_LOOP('',(#1339));
#1339 = ORIENTED_EDGE('',*,*,#1340,.T.);
#1340 = EDGE_CURVE('',#1341,#1341,#1343,.T.);
#1341 = VERTEX_POINT('',#1342);
#1342 = CARTESIAN_POINT('',(31.357448,-55.993352,0.));
#1343 = CIRCLE('',#1344,1.525);
#1344 = AXIS2_PLACEMENT_3D('',#1345,#1346,#1347);
#1345 = CARTESIAN_POINT('',(31.357448,-54.468352,0.));
#1346 = DIRECTION('',(-0.,0.,-1.));
#1347 = DIRECTION('',(2.329648313968E-15,-1.,-0.));
#1348 = FACE_BOUND('',#1349,.F.);
#1349 = EDGE_LOOP('',(#1350));
#1350 = ORIENTED_EDGE('',*,*,#1351,.T.);
#1351 = EDGE_CURVE('',#1352,#1352,#1354,.T.);
#1352 = VERTEX_POINT('',#1353);
#1353 = CARTESIAN_POINT('',(37.507982,-54.597604,0.));
#1354 = CIRCLE('',#1355,0.4);
#1355 = AXIS2_PLACEMENT_3D('',#1356,#1357,#1358);
#1356 = CARTESIAN_POINT('',(37.507982,-54.197604,0.));
#1357 = DIRECTION('',(-0.,0.,-1.));
#1358 = DIRECTION('',(-0.,-1.,0.));
#1359 = FACE_BOUND('',#1360,.F.);
#1360 = EDGE_LOOP('',(#1361));
#1361 = ORIENTED_EDGE('',*,*,#1362,.T.);
#1362 = EDGE_CURVE('',#1363,#1363,#1365,.T.);
#1363 = VERTEX_POINT('',#1364);
#1364 = CARTESIAN_POINT('',(16.261976,-51.544567,0.));
#1365 = CIRCLE('',#1366,2.525);
#1366 = AXIS2_PLACEMENT_3D('',#1367,#1368,#1369);
#1367 = CARTESIAN_POINT('',(16.261976,-49.019567,0.));
#1368 = DIRECTION('',(-0.,0.,-1.));
#1369 = DIRECTION('',(-0.,-1.,0.));
#1370 = FACE_BOUND('',#1371,.F.);
#1371 = EDGE_LOOP('',(#1372));
#1372 = ORIENTED_EDGE('',*,*,#1373,.T.);
#1373 = EDGE_CURVE('',#1374,#1374,#1376,.T.);
#1374 = VERTEX_POINT('',#1375);
#1375 = CARTESIAN_POINT('',(11.612714,-46.912163,0.));
#1376 = CIRCLE('',#1377,1.525);
#1377 = AXIS2_PLACEMENT_3D('',#1378,#1379,#1380);
#1378 = CARTESIAN_POINT('',(11.612714,-45.387163,0.));
#1379 = DIRECTION('',(-0.,0.,-1.));
#1380 = DIRECTION('',(-0.,-1.,0.));
#1381 = FACE_BOUND('',#1382,.F.);
#1382 = EDGE_LOOP('',(#1383));
#1383 = ORIENTED_EDGE('',*,*,#1384,.T.);
#1384 = EDGE_CURVE('',#1385,#1385,#1387,.T.);
#1385 = VERTEX_POINT('',#1386);
#1386 = CARTESIAN_POINT('',(19.648116,-45.635508,0.));
#1387 = CIRCLE('',#1388,0.95);
#1388 = AXIS2_PLACEMENT_3D('',#1389,#1390,#1391);
#1389 = CARTESIAN_POINT('',(19.648116,-44.685508,0.));
#1390 = DIRECTION('',(-0.,0.,-1.));
#1391 = DIRECTION('',(-0.,-1.,0.));
#1392 = FACE_BOUND('',#1393,.F.);
#1393 = EDGE_LOOP('',(#1394));
#1394 = ORIENTED_EDGE('',*,*,#1395,.T.);
#1395 = EDGE_CURVE('',#1396,#1396,#1398,.T.);
#1396 = VERTEX_POINT('',#1397);
#1397 = CARTESIAN_POINT('',(16.345844,-44.265001,0.));
#1398 = CIRCLE('',#1399,1.525);
#1399 = AXIS2_PLACEMENT_3D('',#1400,#1401,#1402);
#1400 = CARTESIAN_POINT('',(16.345844,-42.740001,0.));
#1401 = DIRECTION('',(-0.,0.,-1.));
#1402 = DIRECTION('',(-0.,-1.,0.));
#1403 = FACE_BOUND('',#1404,.F.);
#1404 = EDGE_LOOP('',(#1405));
#1405 = ORIENTED_EDGE('',*,*,#1406,.T.);
#1406 = EDGE_CURVE('',#1407,#1407,#1409,.T.);
#1407 = VERTEX_POINT('',#1408);
#1408 = CARTESIAN_POINT('',(28.501019,-47.560593,0.));
#1409 = CIRCLE('',#1410,0.4);
#1410 = AXIS2_PLACEMENT_3D('',#1411,#1412,#1413);
#1411 = CARTESIAN_POINT('',(28.501019,-47.160593,0.));
#1412 = DIRECTION('',(-0.,0.,-1.));
#1413 = DIRECTION('',(-0.,-1.,0.));
#1414 = FACE_BOUND('',#1415,.F.);
#1415 = EDGE_LOOP('',(#1416));
#1416 = ORIENTED_EDGE('',*,*,#1417,.T.);
#1417 = EDGE_CURVE('',#1418,#1418,#1420,.T.);
#1418 = VERTEX_POINT('',#1419);
#1419 = CARTESIAN_POINT('',(22.496378,-42.869251,0.));
#1420 = CIRCLE('',#1421,0.4);
#1421 = AXIS2_PLACEMENT_3D('',#1422,#1423,#1424);
#1422 = CARTESIAN_POINT('',(22.496378,-42.469251,0.));
#1423 = DIRECTION('',(-0.,0.,-1.));
#1424 = DIRECTION('',(-0.,-1.,0.));
#1425 = FACE_BOUND('',#1426,.F.);
#1426 = EDGE_LOOP('',(#1427));
#1427 = ORIENTED_EDGE('',*,*,#1428,.T.);
#1428 = EDGE_CURVE('',#1429,#1429,#1431,.T.);
#1429 = VERTEX_POINT('',#1430);
#1430 = CARTESIAN_POINT('',(43.512623,-59.288946,0.));
#1431 = CIRCLE('',#1432,0.4);
#1432 = AXIS2_PLACEMENT_3D('',#1433,#1434,#1435);
#1433 = CARTESIAN_POINT('',(43.512623,-58.888946,0.));
#1434 = DIRECTION('',(-0.,0.,-1.));
#1435 = DIRECTION('',(-1.7763568394E-14,-1.,0.));
#1436 = FACE_BOUND('',#1437,.F.);
#1437 = EDGE_LOOP('',(#1438));
#1438 = ORIENTED_EDGE('',*,*,#1439,.T.);
#1439 = EDGE_CURVE('',#1440,#1440,#1442,.T.);
#1440 = VERTEX_POINT('',#1441);
#1441 = CARTESIAN_POINT('',(45.227813,-53.876616,0.));
#1442 = CIRCLE('',#1443,0.8);
#1443 = AXIS2_PLACEMENT_3D('',#1444,#1445,#1446);
#1444 = CARTESIAN_POINT('',(45.227813,-53.076616,0.));
#1445 = DIRECTION('',(-0.,0.,-1.));
#1446 = DIRECTION('',(-0.,-1.,0.));
#1447 = FACE_BOUND('',#1448,.F.);
#1448 = EDGE_LOOP('',(#1449));
#1449 = ORIENTED_EDGE('',*,*,#1450,.T.);
#1450 = EDGE_CURVE('',#1451,#1451,#1453,.T.);
#1451 = VERTEX_POINT('',#1452);
#1452 = CARTESIAN_POINT('',(41.534433,-50.402881,0.));
#1453 = CIRCLE('',#1454,0.95);
#1454 = AXIS2_PLACEMENT_3D('',#1455,#1456,#1457);
#1455 = CARTESIAN_POINT('',(41.534433,-49.452881,0.));
#1456 = DIRECTION('',(-0.,0.,-1.));
#1457 = DIRECTION('',(-0.,-1.,0.));
#1458 = FACE_BOUND('',#1459,.F.);
#1459 = EDGE_LOOP('',(#1460));
#1460 = ORIENTED_EDGE('',*,*,#1461,.T.);
#1461 = EDGE_CURVE('',#1462,#1462,#1464,.T.);
#1462 = VERTEX_POINT('',#1463);
#1463 = CARTESIAN_POINT('',(45.747678,-48.44255,0.));
#1464 = CIRCLE('',#1465,2.525);
#1465 = AXIS2_PLACEMENT_3D('',#1466,#1467,#1468);
#1466 = CARTESIAN_POINT('',(45.747678,-45.91755,0.));
#1467 = DIRECTION('',(-0.,0.,-1.));
#1468 = DIRECTION('',(-0.,-1.,0.));
#1469 = FACE_BOUND('',#1470,.F.);
#1470 = EDGE_LOOP('',(#1471));
#1471 = ORIENTED_EDGE('',*,*,#1472,.T.);
#1472 = EDGE_CURVE('',#1473,#1473,#1475,.T.);
#1473 = VERTEX_POINT('',#1474);
#1474 = CARTESIAN_POINT('',(58.105772,-47.043841,0.));
#1475 = CIRCLE('',#1476,0.4);
#1476 = AXIS2_PLACEMENT_3D('',#1477,#1478,#1479);
#1477 = CARTESIAN_POINT('',(58.105772,-46.643841,0.));
#1478 = DIRECTION('',(-0.,0.,-1.));
#1479 = DIRECTION('',(-0.,-1.,0.));
#1480 = FACE_BOUND('',#1481,.F.);
#1481 = EDGE_LOOP('',(#1482));
#1482 = ORIENTED_EDGE('',*,*,#1483,.T.);
#1483 = EDGE_CURVE('',#1484,#1484,#1486,.T.);
#1484 = VERTEX_POINT('',#1485);
#1485 = CARTESIAN_POINT('',(41.955233,-42.922887,0.));
#1486 = CIRCLE('',#1487,1.525);
#1487 = AXIS2_PLACEMENT_3D('',#1488,#1489,#1490);
#1488 = CARTESIAN_POINT('',(41.955233,-41.397887,0.));
#1489 = DIRECTION('',(-0.,0.,-1.));
#1490 = DIRECTION('',(-0.,-1.,0.));
#1491 = FACE_BOUND('',#1492,.F.);
#1492 = EDGE_LOOP('',(#1493));
#1493 = ORIENTED_EDGE('',*,*,#1494,.T.);
#1494 = EDGE_CURVE('',#1495,#1495,#1497,.T.);
#1495 = VERTEX_POINT('',#1496);
#1496 = CARTESIAN_POINT('',(49.960923,-43.332219,0.));
#1497 = CIRCLE('',#1498,0.95);
#1498 = AXIS2_PLACEMENT_3D('',#1499,#1500,#1501);
#1499 = CARTESIAN_POINT('',(49.960923,-42.382219,0.));
#1500 = DIRECTION('',(-0.,0.,-1.));
#1501 = DIRECTION('',(7.479397218527E-15,-1.,-0.));
#1502 = FACE_BOUND('',#1503,.F.);
#1503 = EDGE_LOOP('',(#1504));
#1504 = ORIENTED_EDGE('',*,*,#1505,.T.);
#1505 = EDGE_CURVE('',#1506,#1506,#1508,.T.);
#1506 = VERTEX_POINT('',#1507);
#1507 = CARTESIAN_POINT('',(53.207732,-41.206581,0.));
#1508 = CIRCLE('',#1509,0.4);
#1509 = AXIS2_PLACEMENT_3D('',#1510,#1511,#1512);
#1510 = CARTESIAN_POINT('',(53.207732,-40.806581,0.));
#1511 = DIRECTION('',(-0.,0.,-1.));
#1512 = DIRECTION('',(-0.,-1.,0.));
#1513 = FACE_BOUND('',#1514,.F.);
#1514 = EDGE_LOOP('',(#1515));
#1515 = ORIENTED_EDGE('',*,*,#1516,.T.);
#1516 = EDGE_CURVE('',#1517,#1517,#1519,.T.);
#1517 = VERTEX_POINT('',#1518);
#1518 = CARTESIAN_POINT('',(60.991929,-42.115133,0.));
#1519 = CIRCLE('',#1520,0.8);
#1520 = AXIS2_PLACEMENT_3D('',#1521,#1522,#1523);
#1521 = CARTESIAN_POINT('',(60.991929,-41.315133,0.));
#1522 = DIRECTION('',(-0.,0.,-1.));
#1523 = DIRECTION('',(-0.,-1.,0.));
#1524 = FACE_BOUND('',#1525,.F.);
#1525 = EDGE_LOOP('',(#1526));
#1526 = ORIENTED_EDGE('',*,*,#1527,.T.);
#1527 = EDGE_CURVE('',#1528,#1528,#1530,.T.);
#1528 = VERTEX_POINT('',#1529);
#1529 = CARTESIAN_POINT('',(32.982708,-39.28347,0.));
#1530 = CIRCLE('',#1531,0.8);
#1531 = AXIS2_PLACEMENT_3D('',#1532,#1533,#1534);
#1532 = CARTESIAN_POINT('',(32.982708,-38.48347,0.));
#1533 = DIRECTION('',(-0.,0.,-1.));
#1534 = DIRECTION('',(-0.,-1.,0.));
#1535 = FACE_BOUND('',#1536,.F.);
#1536 = EDGE_LOOP('',(#1537));
#1537 = ORIENTED_EDGE('',*,*,#1538,.T.);
#1538 = EDGE_CURVE('',#1539,#1539,#1541,.T.);
#1539 = VERTEX_POINT('',#1540);
#1540 = CARTESIAN_POINT('',(29.289328,-35.809735,0.));
#1541 = CIRCLE('',#1542,0.95);
#1542 = AXIS2_PLACEMENT_3D('',#1543,#1544,#1545);
#1543 = CARTESIAN_POINT('',(29.289328,-34.859735,0.));
#1544 = DIRECTION('',(-0.,0.,-1.));
#1545 = DIRECTION('',(3.739698609264E-15,-1.,-0.));
#1546 = FACE_BOUND('',#1547,.F.);
#1547 = EDGE_LOOP('',(#1548));
#1548 = ORIENTED_EDGE('',*,*,#1549,.T.);
#1549 = EDGE_CURVE('',#1550,#1550,#1552,.T.);
#1550 = VERTEX_POINT('',#1551);
#1551 = CARTESIAN_POINT('',(33.502573,-33.849404,0.));
#1552 = CIRCLE('',#1553,2.525);
#1553 = AXIS2_PLACEMENT_3D('',#1554,#1555,#1556);
#1554 = CARTESIAN_POINT('',(33.502573,-31.324404,0.));
#1555 = DIRECTION('',(-0.,0.,-1.));
#1556 = DIRECTION('',(-0.,-1.,0.));
#1557 = FACE_BOUND('',#1558,.F.);
#1558 = EDGE_LOOP('',(#1559));
#1559 = ORIENTED_EDGE('',*,*,#1560,.T.);
#1560 = EDGE_CURVE('',#1561,#1561,#1563,.T.);
#1561 = VERTEX_POINT('',#1562);
#1562 = CARTESIAN_POINT('',(29.710128,-28.329741,0.));
#1563 = CIRCLE('',#1564,1.525);
#1564 = AXIS2_PLACEMENT_3D('',#1565,#1566,#1567);
#1565 = CARTESIAN_POINT('',(29.710128,-26.804741,0.));
#1566 = DIRECTION('',(-0.,0.,-1.));
#1567 = DIRECTION('',(2.329648313968E-15,-1.,-0.));
#1568 = FACE_BOUND('',#1569,.F.);
#1569 = EDGE_LOOP('',(#1570));
#1570 = ORIENTED_EDGE('',*,*,#1571,.T.);
#1571 = EDGE_CURVE('',#1572,#1572,#1574,.T.);
#1572 = VERTEX_POINT('',#1573);
#1573 = CARTESIAN_POINT('',(37.715818,-28.739073,0.));
#1574 = CIRCLE('',#1575,0.95);
#1575 = AXIS2_PLACEMENT_3D('',#1576,#1577,#1578);
#1576 = CARTESIAN_POINT('',(37.715818,-27.789073,0.));
#1577 = DIRECTION('',(-0.,0.,-1.));
#1578 = DIRECTION('',(-0.,-1.,0.));
#1579 = FACE_BOUND('',#1580,.F.);
#1580 = EDGE_LOOP('',(#1581));
#1581 = ORIENTED_EDGE('',*,*,#1582,.T.);
#1582 = EDGE_CURVE('',#1583,#1583,#1585,.T.);
#1583 = VERTEX_POINT('',#1584);
#1584 = CARTESIAN_POINT('',(34.890203,-26.724498,0.));
#1585 = CIRCLE('',#1586,1.525);
#1586 = AXIS2_PLACEMENT_3D('',#1587,#1588,#1589);
#1587 = CARTESIAN_POINT('',(34.890203,-25.199498,0.));
#1588 = DIRECTION('',(-0.,0.,-1.));
#1589 = DIRECTION('',(-0.,-1.,0.));
#1590 = FACE_BOUND('',#1591,.F.);
#1591 = EDGE_LOOP('',(#1592));
#1592 = ORIENTED_EDGE('',*,*,#1593,.T.);
#1593 = EDGE_CURVE('',#1594,#1594,#1596,.T.);
#1594 = VERTEX_POINT('',#1595);
#1595 = CARTESIAN_POINT('',(47.135308,-41.317644,0.));
#1596 = CIRCLE('',#1597,1.525);
#1597 = AXIS2_PLACEMENT_3D('',#1598,#1599,#1600);
#1598 = CARTESIAN_POINT('',(47.135308,-39.792644,0.));
#1599 = DIRECTION('',(-0.,0.,-1.));
#1600 = DIRECTION('',(-0.,-1.,0.));
#1601 = FACE_BOUND('',#1602,.F.);
#1602 = EDGE_LOOP('',(#1603));
#1603 = ORIENTED_EDGE('',*,*,#1604,.T.);
#1604 = EDGE_CURVE('',#1605,#1605,#1607,.T.);
#1605 = VERTEX_POINT('',#1606);
#1606 = CARTESIAN_POINT('',(58.132675,-37.952689,0.));
#1607 = CIRCLE('',#1608,0.95);
#1608 = AXIS2_PLACEMENT_3D('',#1609,#1610,#1611);
#1609 = CARTESIAN_POINT('',(58.132675,-37.002689,0.));
#1610 = DIRECTION('',(-0.,0.,-1.));
#1611 = DIRECTION('',(-7.479397218527E-15,-1.,0.));
#1612 = FACE_BOUND('',#1613,.F.);
#1613 = EDGE_LOOP('',(#1614));
#1614 = ORIENTED_EDGE('',*,*,#1615,.T.);
#1615 = EDGE_CURVE('',#1616,#1616,#1618,.T.);
#1616 = VERTEX_POINT('',#1617);
#1617 = CARTESIAN_POINT('',(45.860667,-32.450695,0.));
#1618 = CIRCLE('',#1619,0.4);
#1619 = AXIS2_PLACEMENT_3D('',#1620,#1621,#1622);
#1620 = CARTESIAN_POINT('',(45.860667,-32.050695,0.));
#1621 = DIRECTION('',(-0.,0.,-1.));
#1622 = DIRECTION('',(-0.,-1.,0.));
#1623 = FACE_BOUND('',#1624,.F.);
#1624 = EDGE_LOOP('',(#1625));
#1625 = ORIENTED_EDGE('',*,*,#1626,.T.);
#1626 = EDGE_CURVE('',#1627,#1627,#1629,.T.);
#1627 = VERTEX_POINT('',#1628);
#1628 = CARTESIAN_POINT('',(74.925923,-38.100407,0.));
#1629 = CIRCLE('',#1630,0.4);
#1630 = AXIS2_PLACEMENT_3D('',#1631,#1632,#1633);
#1631 = CARTESIAN_POINT('',(74.925923,-37.700407,0.));
#1632 = DIRECTION('',(-0.,0.,-1.));
#1633 = DIRECTION('',(-3.552713678801E-14,-1.,0.));
#1634 = FACE_BOUND('',#1635,.F.);
#1635 = EDGE_LOOP('',(#1636));
#1636 = ORIENTED_EDGE('',*,*,#1637,.T.);
#1637 = EDGE_CURVE('',#1638,#1638,#1640,.T.);
#1638 = VERTEX_POINT('',#1639);
#1639 = CARTESIAN_POINT('',(62.988887,-36.945596,0.));
#1640 = CIRCLE('',#1641,2.525);
#1641 = AXIS2_PLACEMENT_3D('',#1642,#1643,#1644);
#1642 = CARTESIAN_POINT('',(62.988887,-34.420596,0.));
#1643 = DIRECTION('',(-0.,0.,-1.));
#1644 = DIRECTION('',(-0.,-1.,0.));
#1645 = FACE_BOUND('',#1646,.F.);
#1646 = EDGE_LOOP('',(#1647));
#1647 = ORIENTED_EDGE('',*,*,#1648,.T.);
#1648 = EDGE_CURVE('',#1649,#1649,#1651,.T.);
#1649 = VERTEX_POINT('',#1650);
#1650 = CARTESIAN_POINT('',(67.845099,-32.788503,0.));
#1651 = CIRCLE('',#1652,0.95);
#1652 = AXIS2_PLACEMENT_3D('',#1653,#1654,#1655);
#1653 = CARTESIAN_POINT('',(67.845099,-31.838503,0.));
#1654 = DIRECTION('',(-0.,0.,-1.));
#1655 = DIRECTION('',(-0.,-1.,0.));
#1656 = FACE_BOUND('',#1657,.F.);
#1657 = EDGE_LOOP('',(#1658));
#1658 = ORIENTED_EDGE('',*,*,#1659,.T.);
#1659 = EDGE_CURVE('',#1660,#1660,#1662,.T.);
#1660 = VERTEX_POINT('',#1661);
#1661 = CARTESIAN_POINT('',(78.85691,-33.888211,0.));
#1662 = CIRCLE('',#1663,0.8);
#1663 = AXIS2_PLACEMENT_3D('',#1664,#1665,#1666);
#1664 = CARTESIAN_POINT('',(78.85691,-33.088211,0.));
#1665 = DIRECTION('',(-0.,0.,-1.));
#1666 = DIRECTION('',(-0.,-1.,0.));
#1667 = FACE_BOUND('',#1668,.F.);
#1668 = EDGE_LOOP('',(#1669));
#1669 = ORIENTED_EDGE('',*,*,#1670,.T.);
#1670 = EDGE_CURVE('',#1671,#1671,#1673,.T.);
#1671 = VERTEX_POINT('',#1672);
#1672 = CARTESIAN_POINT('',(71.348552,-31.372345,0.));
#1673 = CIRCLE('',#1674,0.4);
#1674 = AXIS2_PLACEMENT_3D('',#1675,#1676,#1677);
#1675 = CARTESIAN_POINT('',(71.348552,-30.972345,0.));
#1676 = DIRECTION('',(-0.,0.,-1.));
#1677 = DIRECTION('',(-3.552713678801E-14,-1.,0.));
#1678 = FACE_BOUND('',#1679,.F.);
#1679 = EDGE_LOOP('',(#1680));
#1680 = ORIENTED_EDGE('',*,*,#1681,.T.);
#1681 = EDGE_CURVE('',#1682,#1682,#1684,.T.);
#1682 = VERTEX_POINT('',#1683);
#1683 = CARTESIAN_POINT('',(40.962627,-26.613435,0.));
#1684 = CIRCLE('',#1685,0.4);
#1685 = AXIS2_PLACEMENT_3D('',#1686,#1687,#1688);
#1686 = CARTESIAN_POINT('',(40.962627,-26.213435,0.));
#1687 = DIRECTION('',(-0.,0.,-1.));
#1688 = DIRECTION('',(-0.,-1.,0.));
#1689 = FACE_BOUND('',#1690,.F.);
#1690 = EDGE_LOOP('',(#1691));
#1691 = ORIENTED_EDGE('',*,*,#1692,.T.);
#1692 = EDGE_CURVE('',#1693,#1693,#1695,.T.);
#1693 = VERTEX_POINT('',#1694);
#1694 = CARTESIAN_POINT('',(46.137966,-23.452514,0.));
#1695 = CIRCLE('',#1696,0.8);
#1696 = AXIS2_PLACEMENT_3D('',#1697,#1698,#1699);
#1697 = CARTESIAN_POINT('',(46.137966,-22.652514,0.));
#1698 = DIRECTION('',(-0.,0.,-1.));
#1699 = DIRECTION('',(-8.881784197001E-15,-1.,0.));
#1700 = FACE_BOUND('',#1701,.F.);
#1701 = EDGE_LOOP('',(#1702));
#1702 = ORIENTED_EDGE('',*,*,#1703,.T.);
#1703 = EDGE_CURVE('',#1704,#1704,#1706,.T.);
#1704 = VERTEX_POINT('',#1705);
#1705 = CARTESIAN_POINT('',(60.219006,-30.736205,0.));
#1706 = CIRCLE('',#1707,1.525);
#1707 = AXIS2_PLACEMENT_3D('',#1708,#1709,#1710);
#1708 = CARTESIAN_POINT('',(60.219006,-29.211205,0.));
#1709 = DIRECTION('',(-0.,0.,-1.));
#1710 = DIRECTION('',(-0.,-1.,0.));
#1711 = FACE_BOUND('',#1712,.F.);
#1712 = EDGE_LOOP('',(#1713));
#1713 = ORIENTED_EDGE('',*,*,#1714,.T.);
#1714 = EDGE_CURVE('',#1715,#1715,#1717,.T.);
#1715 = VERTEX_POINT('',#1716);
#1716 = CARTESIAN_POINT('',(65.619634,-30.243038,0.));
#1717 = CIRCLE('',#1718,1.525);
#1718 = AXIS2_PLACEMENT_3D('',#1719,#1720,#1721);
#1719 = CARTESIAN_POINT('',(65.619634,-28.718038,0.));
#1720 = DIRECTION('',(-0.,0.,-1.));
#1721 = DIRECTION('',(9.31859325587E-15,-1.,-0.));
#1722 = FACE_BOUND('',#1723,.F.);
#1723 = EDGE_LOOP('',(#1724));
#1724 = ORIENTED_EDGE('',*,*,#1725,.T.);
#1725 = EDGE_CURVE('',#1726,#1726,#1728,.T.);
#1726 = VERTEX_POINT('',#1727);
#1727 = CARTESIAN_POINT('',(76.956746,-29.225532,0.));
#1728 = CIRCLE('',#1729,0.95);
#1729 = AXIS2_PLACEMENT_3D('',#1730,#1731,#1732);
#1730 = CARTESIAN_POINT('',(76.956746,-28.275532,0.));
#1731 = DIRECTION('',(-0.,0.,-1.));
#1732 = DIRECTION('',(-1.495879443705E-14,-1.,0.));
#1733 = FACE_BOUND('',#1734,.F.);
#1734 = EDGE_LOOP('',(#1735));
#1735 = ORIENTED_EDGE('',*,*,#1736,.T.);
#1736 = EDGE_CURVE('',#1737,#1737,#1739,.T.);
#1737 = VERTEX_POINT('',#1738);
#1738 = CARTESIAN_POINT('',(60.519013,-22.413818,0.));
#1739 = CIRCLE('',#1740,0.4);
#1740 = AXIS2_PLACEMENT_3D('',#1741,#1742,#1743);
#1741 = CARTESIAN_POINT('',(60.519013,-22.013818,0.));
#1742 = DIRECTION('',(-0.,0.,-1.));
#1743 = DIRECTION('',(-0.,-1.,0.));
#1744 = FACE_BOUND('',#1745,.F.);
#1745 = EDGE_LOOP('',(#1746));
#1746 = ORIENTED_EDGE('',*,*,#1747,.T.);
#1747 = EDGE_CURVE('',#1748,#1748,#1750,.T.);
#1748 = VERTEX_POINT('',#1749);
#1749 = CARTESIAN_POINT('',(19.050001,-4.370127,0.));
#1750 = CIRCLE('',#1751,1.1);
#1751 = AXIS2_PLACEMENT_3D('',#1752,#1753,#1754);
#1752 = CARTESIAN_POINT('',(19.050001,-3.270127,0.));
#1753 = DIRECTION('',(-0.,0.,-1.));
#1754 = DIRECTION('',(-0.,-1.,0.));
#1755 = FACE_BOUND('',#1756,.F.);
#1756 = EDGE_LOOP('',(#1757));
#1757 = ORIENTED_EDGE('',*,*,#1758,.T.);
#1758 = EDGE_CURVE('',#1759,#1759,#1761,.T.);
#1759 = VERTEX_POINT('',#1760);
#1760 = CARTESIAN_POINT('',(44.237802,-18.789835,0.));
#1761 = CIRCLE('',#1762,0.95);
#1762 = AXIS2_PLACEMENT_3D('',#1763,#1764,#1765);
#1763 = CARTESIAN_POINT('',(44.237802,-17.839835,0.));
#1764 = DIRECTION('',(-0.,0.,-1.));
#1765 = DIRECTION('',(-0.,-1.,0.));
#1766 = FACE_BOUND('',#1767,.F.);
#1767 = EDGE_LOOP('',(#1768));
#1768 = ORIENTED_EDGE('',*,*,#1769,.T.);
#1769 = EDGE_CURVE('',#1770,#1770,#1772,.T.);
#1770 = VERTEX_POINT('',#1771);
#1771 = CARTESIAN_POINT('',(49.524741,-18.84883,0.));
#1772 = CIRCLE('',#1773,2.525);
#1773 = AXIS2_PLACEMENT_3D('',#1774,#1775,#1776);
#1774 = CARTESIAN_POINT('',(49.524741,-16.32383,0.));
#1775 = DIRECTION('',(-0.,0.,-1.));
#1776 = DIRECTION('',(-0.,-1.,0.));
#1777 = FACE_BOUND('',#1778,.F.);
#1778 = EDGE_LOOP('',(#1779));
#1779 = ORIENTED_EDGE('',*,*,#1780,.T.);
#1780 = EDGE_CURVE('',#1781,#1781,#1783,.T.);
#1781 = VERTEX_POINT('',#1782);
#1782 = CARTESIAN_POINT('',(47.898481,-12.177386,0.));
#1783 = CIRCLE('',#1784,1.525);
#1784 = AXIS2_PLACEMENT_3D('',#1785,#1786,#1787);
#1785 = CARTESIAN_POINT('',(47.898481,-10.652386,0.));
#1786 = DIRECTION('',(-0.,0.,-1.));
#1787 = DIRECTION('',(-4.659296627935E-15,-1.,0.));
#1788 = FACE_BOUND('',#1789,.F.);
#1789 = EDGE_LOOP('',(#1790));
#1790 = ORIENTED_EDGE('',*,*,#1791,.T.);
#1791 = EDGE_CURVE('',#1792,#1792,#1794,.T.);
#1792 = VERTEX_POINT('',#1793);
#1793 = CARTESIAN_POINT('',(54.81168,-15.757825,0.));
#1794 = CIRCLE('',#1795,0.95);
#1795 = AXIS2_PLACEMENT_3D('',#1796,#1797,#1798);
#1796 = CARTESIAN_POINT('',(54.81168,-14.807825,0.));
#1797 = DIRECTION('',(-0.,0.,-1.));
#1798 = DIRECTION('',(7.479397218527E-15,-1.,-0.));
#1799 = FACE_BOUND('',#1800,.F.);
#1800 = EDGE_LOOP('',(#1801));
#1801 = ORIENTED_EDGE('',*,*,#1802,.T.);
#1802 = EDGE_CURVE('',#1803,#1803,#1805,.T.);
#1803 = VERTEX_POINT('',#1804);
#1804 = CARTESIAN_POINT('',(58.418659,-15.089003,0.));
#1805 = CIRCLE('',#1806,0.4);
#1806 = AXIS2_PLACEMENT_3D('',#1807,#1808,#1809);
#1807 = CARTESIAN_POINT('',(58.418659,-14.689003,0.));
#1808 = DIRECTION('',(-0.,0.,-1.));
#1809 = DIRECTION('',(-0.,-1.,0.));
#1810 = FACE_BOUND('',#1811,.F.);
#1811 = EDGE_LOOP('',(#1812));
#1812 = ORIENTED_EDGE('',*,*,#1813,.T.);
#1813 = EDGE_CURVE('',#1814,#1814,#1816,.T.);
#1814 = VERTEX_POINT('',#1815);
#1815 = CARTESIAN_POINT('',(53.283628,-12.817849,0.));
#1816 = CIRCLE('',#1817,1.525);
#1817 = AXIS2_PLACEMENT_3D('',#1818,#1819,#1820);
#1818 = CARTESIAN_POINT('',(53.283628,-11.292849,0.));
#1819 = DIRECTION('',(-0.,0.,-1.));
#1820 = DIRECTION('',(-0.,-1.,0.));
#1821 = FACE_BOUND('',#1822,.F.);
#1822 = EDGE_LOOP('',(#1823));
#1823 = ORIENTED_EDGE('',*,*,#1824,.T.);
#1824 = EDGE_CURVE('',#1825,#1825,#1827,.T.);
#1825 = VERTEX_POINT('',#1826);
#1826 = CARTESIAN_POINT('',(63.137278,-13.623613,0.));
#1827 = CIRCLE('',#1828,0.8);
#1828 = AXIS2_PLACEMENT_3D('',#1829,#1830,#1831);
#1829 = CARTESIAN_POINT('',(63.137278,-12.823613,0.));
#1830 = DIRECTION('',(-0.,0.,-1.));
#1831 = DIRECTION('',(8.881784197001E-15,-1.,-0.));
#1832 = FACE_BOUND('',#1833,.F.);
#1833 = EDGE_LOOP('',(#1834));
#1834 = ORIENTED_EDGE('',*,*,#1835,.T.);
#1835 = EDGE_CURVE('',#1836,#1836,#1838,.T.);
#1836 = VERTEX_POINT('',#1837);
#1837 = CARTESIAN_POINT('',(77.518326,-12.584918,0.));
#1838 = CIRCLE('',#1839,0.4);
#1839 = AXIS2_PLACEMENT_3D('',#1840,#1841,#1842);
#1840 = CARTESIAN_POINT('',(77.518326,-12.184918,0.));
#1841 = DIRECTION('',(-0.,0.,-1.));
#1842 = DIRECTION('',(-0.,-1.,0.));
#1843 = FACE_BOUND('',#1844,.F.);
#1844 = EDGE_LOOP('',(#1845));
#1845 = ORIENTED_EDGE('',*,*,#1846,.T.);
#1846 = EDGE_CURVE('',#1847,#1847,#1849,.T.);
#1847 = VERTEX_POINT('',#1848);
#1848 = CARTESIAN_POINT('',(40.887074,-5.140479,0.));
#1849 = CIRCLE('',#1850,0.8);
#1850 = AXIS2_PLACEMENT_3D('',#1851,#1852,#1853);
#1851 = CARTESIAN_POINT('',(40.887074,-4.340479,0.));
#1852 = DIRECTION('',(-0.,0.,-1.));
#1853 = DIRECTION('',(-0.,-1.,0.));
#1854 = FACE_BOUND('',#1855,.F.);
#1855 = EDGE_LOOP('',(#1856));
#1856 = ORIENTED_EDGE('',*,*,#1857,.T.);
#1857 = EDGE_CURVE('',#1858,#1858,#1860,.T.);
#1858 = VERTEX_POINT('',#1859);
#1859 = CARTESIAN_POINT('',(55.268122,-4.101782,0.));
#1860 = CIRCLE('',#1861,0.4);
#1861 = AXIS2_PLACEMENT_3D('',#1862,#1863,#1864);
#1862 = CARTESIAN_POINT('',(55.268122,-3.701782,0.));
#1863 = DIRECTION('',(-0.,0.,-1.));
#1864 = DIRECTION('',(-0.,-1.,0.));
#1865 = FACE_BOUND('',#1866,.F.);
#1866 = EDGE_LOOP('',(#1867));
#1867 = ORIENTED_EDGE('',*,*,#1868,.T.);
#1868 = EDGE_CURVE('',#1869,#1869,#1871,.T.);
#1869 = VERTEX_POINT('',#1870);
#1870 = CARTESIAN_POINT('',(61.237114,-8.960934,0.));
#1871 = CIRCLE('',#1872,0.95);
#1872 = AXIS2_PLACEMENT_3D('',#1873,#1874,#1875);
#1873 = CARTESIAN_POINT('',(61.237114,-8.010934,0.));
#1874 = DIRECTION('',(-0.,0.,-1.));
#1875 = DIRECTION('',(-7.479397218527E-15,-1.,0.));
#1876 = FACE_BOUND('',#1877,.F.);
#1877 = EDGE_LOOP('',(#1878));
#1878 = ORIENTED_EDGE('',*,*,#1879,.T.);
#1879 = EDGE_CURVE('',#1880,#1880,#1882,.T.);
#1880 = VERTEX_POINT('',#1881);
#1881 = CARTESIAN_POINT('',(66.524053,-9.019929,0.));
#1882 = CIRCLE('',#1883,2.525);
#1883 = AXIS2_PLACEMENT_3D('',#1884,#1885,#1886);
#1884 = CARTESIAN_POINT('',(66.524053,-6.494929,0.));
#1885 = DIRECTION('',(-0.,0.,-1.));
#1886 = DIRECTION('',(-5.628061273347E-15,-1.,0.));
#1887 = FACE_BOUND('',#1888,.F.);
#1888 = EDGE_LOOP('',(#1889));
#1889 = ORIENTED_EDGE('',*,*,#1890,.T.);
#1890 = EDGE_CURVE('',#1891,#1891,#1893,.T.);
#1891 = VERTEX_POINT('',#1892);
#1892 = CARTESIAN_POINT('',(64.897793,-2.348485,0.));
#1893 = CIRCLE('',#1894,1.525);
#1894 = AXIS2_PLACEMENT_3D('',#1895,#1896,#1897);
#1895 = CARTESIAN_POINT('',(64.897793,-0.823485,0.));
#1896 = DIRECTION('',(-0.,0.,-1.));
#1897 = DIRECTION('',(-9.31859325587E-15,-1.,0.));
#1898 = FACE_BOUND('',#1899,.F.);
#1899 = EDGE_LOOP('',(#1900));
#1900 = ORIENTED_EDGE('',*,*,#1901,.T.);
#1901 = EDGE_CURVE('',#1902,#1902,#1904,.T.);
#1902 = VERTEX_POINT('',#1903);
#1903 = CARTESIAN_POINT('',(71.810992,-5.928924,0.));
#1904 = CIRCLE('',#1905,0.95);
#1905 = AXIS2_PLACEMENT_3D('',#1906,#1907,#1908);
#1906 = CARTESIAN_POINT('',(71.810992,-4.978924,0.));
#1907 = DIRECTION('',(-0.,0.,-1.));
#1908 = DIRECTION('',(-0.,-1.,0.));
#1909 = FACE_BOUND('',#1910,.F.);
#1910 = EDGE_LOOP('',(#1911));
#1911 = ORIENTED_EDGE('',*,*,#1912,.T.);
#1912 = EDGE_CURVE('',#1913,#1913,#1915,.T.);
#1913 = VERTEX_POINT('',#1914);
#1914 = CARTESIAN_POINT('',(75.417972,-5.260103,0.));
#1915 = CIRCLE('',#1916,0.4);
#1916 = AXIS2_PLACEMENT_3D('',#1917,#1918,#1919);
#1917 = CARTESIAN_POINT('',(75.417972,-4.860103,0.));
#1918 = DIRECTION('',(-0.,0.,-1.));
#1919 = DIRECTION('',(3.5527136788E-14,-1.,-0.));
#1920 = FACE_BOUND('',#1921,.F.);
#1921 = EDGE_LOOP('',(#1922));
#1922 = ORIENTED_EDGE('',*,*,#1923,.T.);
#1923 = EDGE_CURVE('',#1924,#1924,#1926,.T.);
#1924 = VERTEX_POINT('',#1925);
#1925 = CARTESIAN_POINT('',(70.28294,-2.988948,0.));
#1926 = CIRCLE('',#1927,1.525);
#1927 = AXIS2_PLACEMENT_3D('',#1928,#1929,#1930);
#1928 = CARTESIAN_POINT('',(70.28294,-1.463948,0.));
#1929 = DIRECTION('',(-0.,0.,-1.));
#1930 = DIRECTION('',(-0.,-1.,0.));
#1931 = FACE_BOUND('',#1932,.F.);
#1932 = EDGE_LOOP('',(#1933));
#1933 = ORIENTED_EDGE('',*,*,#1934,.T.);
#1934 = EDGE_CURVE('',#1935,#1935,#1937,.T.);
#1935 = VERTEX_POINT('',#1936);
#1936 = CARTESIAN_POINT('',(99.12869,-36.814803,0.));
#1937 = CIRCLE('',#1938,1.1);
#1938 = AXIS2_PLACEMENT_3D('',#1939,#1940,#1941);
#1939 = CARTESIAN_POINT('',(99.12869,-35.714803,0.));
#1940 = DIRECTION('',(-0.,0.,-1.));
#1941 = DIRECTION('',(-0.,-1.,0.));
#1942 = FACE_BOUND('',#1943,.F.);
#1943 = EDGE_LOOP('',(#1944));
#1944 = ORIENTED_EDGE('',*,*,#1945,.T.);
#1945 = EDGE_CURVE('',#1946,#1946,#1948,.T.);
#1946 = VERTEX_POINT('',#1947);
#1947 = CARTESIAN_POINT('',(93.237958,-32.849515,0.));
#1948 = CIRCLE('',#1949,0.4);
#1949 = AXIS2_PLACEMENT_3D('',#1950,#1951,#1952);
#1950 = CARTESIAN_POINT('',(93.237958,-32.449515,0.));
#1951 = DIRECTION('',(-0.,0.,-1.));
#1952 = DIRECTION('',(3.5527136788E-14,-1.,-0.));
#1953 = FACE_BOUND('',#1954,.F.);
#1954 = EDGE_LOOP('',(#1955));
#1955 = ORIENTED_EDGE('',*,*,#1956,.T.);
#1956 = EDGE_CURVE('',#1957,#1957,#1959,.T.);
#1957 = VERTEX_POINT('',#1958);
#1958 = CARTESIAN_POINT('',(82.243685,-29.284527,0.));
#1959 = CIRCLE('',#1960,2.525);
#1960 = AXIS2_PLACEMENT_3D('',#1961,#1962,#1963);
#1961 = CARTESIAN_POINT('',(82.243685,-26.759527,0.));
#1962 = DIRECTION('',(-0.,0.,-1.));
#1963 = DIRECTION('',(-0.,-1.,0.));
#1964 = FACE_BOUND('',#1965,.F.);
#1965 = EDGE_LOOP('',(#1966));
#1966 = ORIENTED_EDGE('',*,*,#1967,.T.);
#1967 = EDGE_CURVE('',#1968,#1968,#1970,.T.);
#1968 = VERTEX_POINT('',#1969);
#1969 = CARTESIAN_POINT('',(87.530624,-26.193522,0.));
#1970 = CIRCLE('',#1971,0.95);
#1971 = AXIS2_PLACEMENT_3D('',#1972,#1973,#1974);
#1972 = CARTESIAN_POINT('',(87.530624,-25.243522,0.));
#1973 = DIRECTION('',(-0.,0.,-1.));
#1974 = DIRECTION('',(-0.,-1.,0.));
#1975 = FACE_BOUND('',#1976,.F.);
#1976 = EDGE_LOOP('',(#1977));
#1977 = ORIENTED_EDGE('',*,*,#1978,.T.);
#1978 = EDGE_CURVE('',#1979,#1979,#1981,.T.);
#1979 = VERTEX_POINT('',#1980);
#1980 = CARTESIAN_POINT('',(80.617425,-22.613083,0.));
#1981 = CIRCLE('',#1982,1.525);
#1982 = AXIS2_PLACEMENT_3D('',#1983,#1984,#1985);
#1983 = CARTESIAN_POINT('',(80.617425,-21.088083,0.));
#1984 = DIRECTION('',(-0.,0.,-1.));
#1985 = DIRECTION('',(-0.,-1.,0.));
#1986 = FACE_BOUND('',#1987,.F.);
#1987 = EDGE_LOOP('',(#1988));
#1988 = ORIENTED_EDGE('',*,*,#1989,.T.);
#1989 = EDGE_CURVE('',#1990,#1990,#1992,.T.);
#1990 = VERTEX_POINT('',#1991);
#1991 = CARTESIAN_POINT('',(86.002572,-23.253546,0.));
#1992 = CIRCLE('',#1993,1.525);
#1993 = AXIS2_PLACEMENT_3D('',#1994,#1995,#1996);
#1994 = CARTESIAN_POINT('',(86.002572,-21.728546,0.));
#1995 = DIRECTION('',(-0.,0.,-1.));
#1996 = DIRECTION('',(-0.,-1.,0.));
#1997 = FACE_BOUND('',#1998,.F.);
#1998 = EDGE_LOOP('',(#1999));
#1999 = ORIENTED_EDGE('',*,*,#2000,.T.);
#2000 = EDGE_CURVE('',#2001,#2001,#2003,.T.);
#2001 = VERTEX_POINT('',#2002);
#2002 = CARTESIAN_POINT('',(91.137604,-25.5247,0.));
#2003 = CIRCLE('',#2004,0.4);
#2004 = AXIS2_PLACEMENT_3D('',#2005,#2006,#2007);
#2005 = CARTESIAN_POINT('',(91.137604,-25.1247,0.));
#2006 = DIRECTION('',(-0.,0.,-1.));
#2007 = DIRECTION('',(-3.552713678801E-14,-1.,0.));
#2008 = FACE_BOUND('',#2009,.F.);
#2009 = EDGE_LOOP('',(#2010));
#2010 = ORIENTED_EDGE('',*,*,#2011,.T.);
#2011 = EDGE_CURVE('',#2012,#2012,#2014,.T.);
#2012 = VERTEX_POINT('',#2013);
#2013 = CARTESIAN_POINT('',(80.136591,-3.794713,0.));
#2014 = CIRCLE('',#2015,0.8);
#2015 = AXIS2_PLACEMENT_3D('',#2016,#2017,#2018);
#2016 = CARTESIAN_POINT('',(80.136591,-2.994713,0.));
#2017 = DIRECTION('',(-0.,0.,-1.));
#2018 = DIRECTION('',(-1.7763568394E-14,-1.,0.));
#2019 = FACE_BOUND('',#2020,.F.);
#2020 = EDGE_LOOP('',(#2021));
#2021 = ORIENTED_EDGE('',*,*,#2022,.T.);
#2022 = EDGE_CURVE('',#2023,#2023,#2025,.T.);
#2023 = VERTEX_POINT('',#2024);
#2024 = CARTESIAN_POINT('',(94.517639,-2.756017,0.));
#2025 = CIRCLE('',#2026,0.4);
#2026 = AXIS2_PLACEMENT_3D('',#2027,#2028,#2029);
#2027 = CARTESIAN_POINT('',(94.517639,-2.356017,0.));
#2028 = DIRECTION('',(-0.,0.,-1.));
#2029 = DIRECTION('',(-0.,-1.,0.));
#2030 = FACE_BOUND('',#2031,.F.);
#2031 = EDGE_LOOP('',(#2032));
#2032 = ORIENTED_EDGE('',*,*,#2033,.T.);
#2033 = EDGE_CURVE('',#2034,#2034,#2036,.T.);
#2034 = VERTEX_POINT('',#2035);
#2035 = CARTESIAN_POINT('',(99.761349,-3.12183,0.));
#2036 = CIRCLE('',#2037,0.8);
#2037 = AXIS2_PLACEMENT_3D('',#2038,#2039,#2040);
#2038 = CARTESIAN_POINT('',(99.761349,-2.32183,0.));
#2039 = DIRECTION('',(-0.,0.,-1.));
#2040 = DIRECTION('',(-0.,-1.,0.));
#2041 = FACE_BOUND('',#2042,.F.);
#2042 = EDGE_LOOP('',(#2043));
#2043 = ORIENTED_EDGE('',*,*,#2044,.T.);
#2044 = EDGE_CURVE('',#2045,#2045,#2047,.T.);
#2045 = VERTEX_POINT('',#2046);
#2046 = CARTESIAN_POINT('',(114.142396,-2.083135,0.));
#2047 = CIRCLE('',#2048,0.4);
#2048 = AXIS2_PLACEMENT_3D('',#2049,#2050,#2051);
#2049 = CARTESIAN_POINT('',(114.142396,-1.683135,0.));
#2050 = DIRECTION('',(-0.,0.,-1.));
#2051 = DIRECTION('',(3.5527136788E-14,-1.,-0.));
#2052 = FACE_BOUND('',#2053,.F.);
#2053 = EDGE_LOOP('',(#2054));
#2054 = ORIENTED_EDGE('',*,*,#2055,.T.);
#2055 = EDGE_CURVE('',#2056,#2056,#2058,.T.);
#2056 = VERTEX_POINT('',#2057);
#2057 = CARTESIAN_POINT('',(119.375718,-2.814813,0.));
#2058 = CIRCLE('',#2059,0.8);
#2059 = AXIS2_PLACEMENT_3D('',#2060,#2061,#2062);
#2060 = CARTESIAN_POINT('',(119.375718,-2.014813,0.));
#2061 = DIRECTION('',(-0.,0.,-1.));
#2062 = DIRECTION('',(-0.,-1.,0.));
#2063 = FACE_BOUND('',#2064,.F.);
#2064 = EDGE_LOOP('',(#2065));
#2065 = ORIENTED_EDGE('',*,*,#2066,.T.);
#2066 = EDGE_CURVE('',#2067,#2067,#2069,.T.);
#2067 = VERTEX_POINT('',#2068);
#2068 = CARTESIAN_POINT('',(133.766288,-2.780845,0.));
#2069 = CIRCLE('',#2070,0.4);
#2070 = AXIS2_PLACEMENT_3D('',#2071,#2072,#2073);
#2071 = CARTESIAN_POINT('',(133.766288,-2.380845,0.));
#2072 = DIRECTION('',(-0.,0.,-1.));
#2073 = DIRECTION('',(-0.,-1.,0.));
#2074 = FACE_BOUND('',#2075,.F.);
#2075 = EDGE_LOOP('',(#2076));
#2076 = ORIENTED_EDGE('',*,*,#2077,.T.);
#2077 = EDGE_CURVE('',#2078,#2078,#2080,.T.);
#2078 = VERTEX_POINT('',#2079);
#2079 = CARTESIAN_POINT('',(158.048608,-3.188376,0.));
#2080 = CIRCLE('',#2081,1.1);
#2081 = AXIS2_PLACEMENT_3D('',#2082,#2083,#2084);
#2082 = CARTESIAN_POINT('',(158.048608,-2.088376,0.));
#2083 = DIRECTION('',(-0.,0.,-1.));
#2084 = DIRECTION('',(-0.,-1.,0.));
#2085 = FACE_BOUND('',#2086,.F.);
#2086 = EDGE_LOOP('',(#2087));
#2087 = ORIENTED_EDGE('',*,*,#2088,.T.);
#2088 = EDGE_CURVE('',#2089,#2089,#2091,.T.);
#2089 = VERTEX_POINT('',#2090);
#2090 = CARTESIAN_POINT('',(-147.790906,3.225021,0.));
#2091 = CIRCLE('',#2092,0.8);
#2092 = AXIS2_PLACEMENT_3D('',#2093,#2094,#2095);
#2093 = CARTESIAN_POINT('',(-147.790906,4.025021,0.));
#2094 = DIRECTION('',(-0.,0.,-1.));
#2095 = DIRECTION('',(-0.,-1.,0.));
#2096 = FACE_BOUND('',#2097,.F.);
#2097 = EDGE_LOOP('',(#2098));
#2098 = ORIENTED_EDGE('',*,*,#2099,.T.);
#2099 = EDGE_CURVE('',#2100,#2100,#2102,.T.);
#2100 = VERTEX_POINT('',#2101);
#2101 = CARTESIAN_POINT('',(-147.209234,8.216437,0.));
#2102 = CIRCLE('',#2103,0.95);
#2103 = AXIS2_PLACEMENT_3D('',#2104,#2105,#2106);
#2104 = CARTESIAN_POINT('',(-147.209234,9.166437,0.));
#2105 = DIRECTION('',(-0.,0.,-1.));
#2106 = DIRECTION('',(-2.991758887411E-14,-1.,0.));
#2107 = FACE_BOUND('',#2108,.F.);
#2108 = EDGE_LOOP('',(#2109));
#2109 = ORIENTED_EDGE('',*,*,#2110,.T.);
#2110 = EDGE_CURVE('',#2111,#2111,#2113,.T.);
#2111 = VERTEX_POINT('',#2112);
#2112 = CARTESIAN_POINT('',(-141.829423,5.497923,0.));
#2113 = CIRCLE('',#2114,2.525);
#2114 = AXIS2_PLACEMENT_3D('',#2115,#2116,#2117);
#2115 = CARTESIAN_POINT('',(-141.829423,8.022923,0.));
#2116 = DIRECTION('',(-0.,0.,-1.));
#2117 = DIRECTION('',(1.125612254669E-14,-1.,-0.));
#2118 = FACE_BOUND('',#2119,.F.);
#2119 = EDGE_LOOP('',(#2120));
#2120 = ORIENTED_EDGE('',*,*,#2121,.T.);
#2121 = EDGE_CURVE('',#2122,#2122,#2124,.T.);
#2122 = VERTEX_POINT('',#2123);
#2123 = CARTESIAN_POINT('',(-129.157193,-0.735697,0.));
#2124 = CIRCLE('',#2125,0.8);
#2125 = AXIS2_PLACEMENT_3D('',#2126,#2127,#2128);
#2126 = CARTESIAN_POINT('',(-129.157193,6.430300000001E-02,0.));
#2127 = DIRECTION('',(-0.,0.,-1.));
#2128 = DIRECTION('',(-0.,-1.,0.));
#2129 = FACE_BOUND('',#2130,.F.);
#2130 = EDGE_LOOP('',(#2131));
#2131 = ORIENTED_EDGE('',*,*,#2132,.T.);
#2132 = EDGE_CURVE('',#2133,#2133,#2135,.T.);
#2133 = VERTEX_POINT('',#2134);
#2134 = CARTESIAN_POINT('',(-123.19571,1.537205,0.));
#2135 = CIRCLE('',#2136,2.525);
#2136 = AXIS2_PLACEMENT_3D('',#2137,#2138,#2139);
#2137 = CARTESIAN_POINT('',(-123.19571,4.062205,0.));
#2138 = DIRECTION('',(-0.,0.,-1.));
#2139 = DIRECTION('',(-5.628061273347E-15,-1.,0.));
#2140 = FACE_BOUND('',#2141,.F.);
#2141 = EDGE_LOOP('',(#2142));
#2142 = ORIENTED_EDGE('',*,*,#2143,.T.);
#2143 = EDGE_CURVE('',#2144,#2144,#2146,.T.);
#2144 = VERTEX_POINT('',#2145);
#2145 = CARTESIAN_POINT('',(-136.449612,5.929409,0.));
#2146 = CIRCLE('',#2147,0.95);
#2147 = AXIS2_PLACEMENT_3D('',#2148,#2149,#2150);
#2148 = CARTESIAN_POINT('',(-136.449612,6.879409,0.));
#2149 = DIRECTION('',(-0.,0.,-1.));
#2150 = DIRECTION('',(-0.,-1.,0.));
#2151 = FACE_BOUND('',#2152,.F.);
#2152 = EDGE_LOOP('',(#2153));
#2153 = ORIENTED_EDGE('',*,*,#2154,.T.);
#2154 = EDGE_CURVE('',#2155,#2155,#2157,.T.);
#2155 = VERTEX_POINT('',#2156);
#2156 = CARTESIAN_POINT('',(-133.209053,4.890946,0.));
#2157 = CIRCLE('',#2158,0.4);
#2158 = AXIS2_PLACEMENT_3D('',#2159,#2160,#2161);
#2159 = CARTESIAN_POINT('',(-133.209053,5.290946,0.));
#2160 = DIRECTION('',(-0.,0.,-1.));
#2161 = DIRECTION('',(-7.105427357601E-14,-1.,0.));
#2162 = FACE_BOUND('',#2163,.F.);
#2163 = EDGE_LOOP('',(#2164));
#2164 = ORIENTED_EDGE('',*,*,#2165,.T.);
#2165 = EDGE_CURVE('',#2166,#2166,#2168,.T.);
#2166 = VERTEX_POINT('',#2167);
#2167 = CARTESIAN_POINT('',(-128.575521,4.255719,0.));
#2168 = CIRCLE('',#2169,0.95);
#2169 = AXIS2_PLACEMENT_3D('',#2170,#2171,#2172);
#2170 = CARTESIAN_POINT('',(-128.575521,5.205719,0.));
#2171 = DIRECTION('',(-0.,0.,-1.));
#2172 = DIRECTION('',(-0.,-1.,0.));
#2173 = FACE_BOUND('',#2174,.F.);
#2174 = EDGE_LOOP('',(#2175));
#2175 = ORIENTED_EDGE('',*,*,#2176,.T.);
#2176 = EDGE_CURVE('',#2177,#2177,#2179,.T.);
#2177 = VERTEX_POINT('',#2178);
#2178 = CARTESIAN_POINT('',(-121.969031,8.308276,0.));
#2179 = CIRCLE('',#2180,1.525);
#2180 = AXIS2_PLACEMENT_3D('',#2181,#2182,#2183);
#2181 = CARTESIAN_POINT('',(-121.969031,9.833276,0.));
#2182 = DIRECTION('',(-0.,0.,-1.));
#2183 = DIRECTION('',(-0.,-1.,0.));
#2184 = FACE_BOUND('',#2185,.F.);
#2185 = EDGE_LOOP('',(#2186));
#2186 = ORIENTED_EDGE('',*,*,#2187,.T.);
#2187 = EDGE_CURVE('',#2188,#2188,#2190,.T.);
#2188 = VERTEX_POINT('',#2189);
#2189 = CARTESIAN_POINT('',(-140.602744,12.268994,0.));
#2190 = CIRCLE('',#2191,1.525);
#2191 = AXIS2_PLACEMENT_3D('',#2192,#2193,#2194);
#2192 = CARTESIAN_POINT('',(-140.602744,13.793994,0.));
#2193 = DIRECTION('',(-0.,0.,-1.));
#2194 = DIRECTION('',(-0.,-1.,0.));
#2195 = FACE_BOUND('',#2196,.F.);
#2196 = EDGE_LOOP('',(#2197));
#2197 = ORIENTED_EDGE('',*,*,#2198,.T.);
#2198 = EDGE_CURVE('',#2199,#2199,#2201,.T.);
#2199 = VERTEX_POINT('',#2200);
#2200 = CARTESIAN_POINT('',(-136.148621,9.175324,0.));
#2201 = CIRCLE('',#2202,1.525);
#2202 = AXIS2_PLACEMENT_3D('',#2203,#2204,#2205);
#2203 = CARTESIAN_POINT('',(-136.148621,10.700324,0.));
#2204 = DIRECTION('',(-0.,0.,-1.));
#2205 = DIRECTION('',(-0.,-1.,0.));
#2206 = FACE_BOUND('',#2207,.F.);
#2207 = EDGE_LOOP('',(#2208));
#2208 = ORIENTED_EDGE('',*,*,#2209,.T.);
#2209 = EDGE_CURVE('',#2210,#2210,#2212,.T.);
#2210 = VERTEX_POINT('',#2211);
#2211 = CARTESIAN_POINT('',(-130.832625,16.071174,0.));
#2212 = CIRCLE('',#2213,0.4);
#2213 = AXIS2_PLACEMENT_3D('',#2214,#2215,#2216);
#2214 = CARTESIAN_POINT('',(-130.832625,16.471174,0.));
#2215 = DIRECTION('',(-0.,0.,-1.));
#2216 = DIRECTION('',(-0.,-1.,0.));
#2217 = FACE_BOUND('',#2218,.F.);
#2218 = EDGE_LOOP('',(#2219));
#2219 = ORIENTED_EDGE('',*,*,#2220,.T.);
#2220 = EDGE_CURVE('',#2221,#2221,#2223,.T.);
#2221 = VERTEX_POINT('',#2222);
#2222 = CARTESIAN_POINT('',(-125.196476,17.898014,0.));
#2223 = CIRCLE('',#2224,0.8);
#2224 = AXIS2_PLACEMENT_3D('',#2225,#2226,#2227);
#2225 = CARTESIAN_POINT('',(-125.196476,18.698014,0.));
#2226 = DIRECTION('',(-0.,0.,-1.));
#2227 = DIRECTION('',(-0.,-1.,0.));
#2228 = FACE_BOUND('',#2229,.F.);
#2229 = EDGE_LOOP('',(#2230));
#2230 = ORIENTED_EDGE('',*,*,#2231,.T.);
#2231 = EDGE_CURVE('',#2232,#2232,#2234,.T.);
#2232 = VERTEX_POINT('',#2233);
#2233 = CARTESIAN_POINT('',(-114.575341,0.930229,0.));
#2234 = CIRCLE('',#2235,0.4);
#2235 = AXIS2_PLACEMENT_3D('',#2236,#2237,#2238);
#2236 = CARTESIAN_POINT('',(-114.575341,1.330229,0.));
#2237 = DIRECTION('',(-0.,0.,-1.));
#2238 = DIRECTION('',(3.5527136788E-14,-1.,-0.));
#2239 = FACE_BOUND('',#2240,.F.);
#2240 = EDGE_LOOP('',(#2241));
#2241 = ORIENTED_EDGE('',*,*,#2242,.T.);
#2242 = EDGE_CURVE('',#2243,#2243,#2245,.T.);
#2243 = VERTEX_POINT('',#2244);
#2244 = CARTESIAN_POINT('',(-117.815899,1.968691,0.));
#2245 = CIRCLE('',#2246,0.95);
#2246 = AXIS2_PLACEMENT_3D('',#2247,#2248,#2249);
#2247 = CARTESIAN_POINT('',(-117.815899,2.918691,0.));
#2248 = DIRECTION('',(-0.,0.,-1.));
#2249 = DIRECTION('',(-0.,-1.,0.));
#2250 = FACE_BOUND('',#2251,.F.);
#2251 = EDGE_LOOP('',(#2252));
#2252 = ORIENTED_EDGE('',*,*,#2253,.T.);
#2253 = EDGE_CURVE('',#2254,#2254,#2256,.T.);
#2254 = VERTEX_POINT('',#2255);
#2255 = CARTESIAN_POINT('',(-109.373965,-0.365457,0.));
#2256 = CIRCLE('',#2257,0.8);
#2257 = AXIS2_PLACEMENT_3D('',#2258,#2259,#2260);
#2258 = CARTESIAN_POINT('',(-109.373965,0.434543,0.));
#2259 = DIRECTION('',(-0.,0.,-1.));
#2260 = DIRECTION('',(-0.,-1.,0.));
#2261 = FACE_BOUND('',#2262,.F.);
#2262 = EDGE_LOOP('',(#2263));
#2263 = ORIENTED_EDGE('',*,*,#2264,.T.);
#2264 = EDGE_CURVE('',#2265,#2265,#2267,.T.);
#2265 = VERTEX_POINT('',#2266);
#2266 = CARTESIAN_POINT('',(-103.148124,1.481854,0.));
#2267 = CIRCLE('',#2268,2.525);
#2268 = AXIS2_PLACEMENT_3D('',#2269,#2270,#2271);
#2269 = CARTESIAN_POINT('',(-103.148124,4.006854,0.));
#2270 = DIRECTION('',(-0.,0.,-1.));
#2271 = DIRECTION('',(-0.,-1.,0.));
#2272 = FACE_BOUND('',#2273,.F.);
#2273 = EDGE_LOOP('',(#2274));
#2274 = ORIENTED_EDGE('',*,*,#2275,.T.);
#2275 = EDGE_CURVE('',#2276,#2276,#2278,.T.);
#2276 = VERTEX_POINT('',#2277);
#2277 = CARTESIAN_POINT('',(-117.514908,5.214606,0.));
#2278 = CIRCLE('',#2279,1.525);
#2279 = AXIS2_PLACEMENT_3D('',#2280,#2281,#2282);
#2280 = CARTESIAN_POINT('',(-117.514908,6.739606,0.));
#2281 = DIRECTION('',(-0.,0.,-1.));
#2282 = DIRECTION('',(-9.31859325587E-15,-1.,0.));
#2283 = FACE_BOUND('',#2284,.F.);
#2284 = EDGE_LOOP('',(#2285));
#2285 = ORIENTED_EDGE('',*,*,#2286,.T.);
#2286 = EDGE_CURVE('',#2287,#2287,#2289,.T.);
#2287 = VERTEX_POINT('',#2288);
#2288 = CARTESIAN_POINT('',(-108.435063,4.572859,0.));
#2289 = CIRCLE('',#2290,0.95);
#2290 = AXIS2_PLACEMENT_3D('',#2291,#2292,#2293);
#2291 = CARTESIAN_POINT('',(-108.435063,5.522859,0.));
#2292 = DIRECTION('',(-0.,0.,-1.));
#2293 = DIRECTION('',(-0.,-1.,0.));
#2294 = FACE_BOUND('',#2295,.F.);
#2295 = EDGE_LOOP('',(#2296));
#2296 = ORIENTED_EDGE('',*,*,#2297,.T.);
#2297 = EDGE_CURVE('',#2298,#2298,#2300,.T.);
#2298 = VERTEX_POINT('',#2299);
#2299 = CARTESIAN_POINT('',(-101.521864,8.153298,0.));
#2300 = CIRCLE('',#2301,1.525);
#2301 = AXIS2_PLACEMENT_3D('',#2302,#2303,#2304);
#2302 = CARTESIAN_POINT('',(-101.521864,9.678298,0.));
#2303 = DIRECTION('',(-0.,0.,-1.));
#2304 = DIRECTION('',(-0.,-1.,0.));
#2305 = FACE_BOUND('',#2306,.F.);
#2306 = EDGE_LOOP('',(#2307));
#2307 = ORIENTED_EDGE('',*,*,#2308,.T.);
#2308 = EDGE_CURVE('',#2309,#2309,#2311,.T.);
#2309 = VERTEX_POINT('',#2310);
#2310 = CARTESIAN_POINT('',(-94.739327,0.280206,0.));
#2311 = CIRCLE('',#2312,0.4);
#2312 = AXIS2_PLACEMENT_3D('',#2313,#2314,#2315);
#2313 = CARTESIAN_POINT('',(-94.739327,0.680206,0.));
#2314 = DIRECTION('',(-0.,0.,-1.));
#2315 = DIRECTION('',(-0.,-1.,0.));
#2316 = FACE_BOUND('',#2317,.F.);
#2317 = EDGE_LOOP('',(#2318));
#2318 = ORIENTED_EDGE('',*,*,#2319,.T.);
#2319 = EDGE_CURVE('',#2320,#2320,#2322,.T.);
#2320 = VERTEX_POINT('',#2321);
#2321 = CARTESIAN_POINT('',(-97.861185,1.540849,0.));
#2322 = CIRCLE('',#2323,0.95);
#2323 = AXIS2_PLACEMENT_3D('',#2324,#2325,#2326);
#2324 = CARTESIAN_POINT('',(-97.861185,2.490849,0.));
#2325 = DIRECTION('',(-0.,0.,-1.));
#2326 = DIRECTION('',(-0.,-1.,0.));
#2327 = FACE_BOUND('',#2328,.F.);
#2328 = EDGE_LOOP('',(#2329));
#2329 = ORIENTED_EDGE('',*,*,#2330,.T.);
#2330 = EDGE_CURVE('',#2331,#2331,#2333,.T.);
#2331 = VERTEX_POINT('',#2332);
#2332 = CARTESIAN_POINT('',(-88.810305,3.899976,0.));
#2333 = CIRCLE('',#2334,0.95);
#2334 = AXIS2_PLACEMENT_3D('',#2335,#2336,#2337);
#2335 = CARTESIAN_POINT('',(-88.810305,4.849976,0.));
#2336 = DIRECTION('',(-0.,0.,-1.));
#2337 = DIRECTION('',(-0.,-1.,0.));
#2338 = FACE_BOUND('',#2339,.F.);
#2339 = EDGE_LOOP('',(#2340));
#2340 = ORIENTED_EDGE('',*,*,#2341,.T.);
#2341 = EDGE_CURVE('',#2342,#2342,#2344,.T.);
#2342 = VERTEX_POINT('',#2343);
#2343 = CARTESIAN_POINT('',(-83.523366,0.808971,0.));
#2344 = CIRCLE('',#2345,2.525);
#2345 = AXIS2_PLACEMENT_3D('',#2346,#2347,#2348);
#2346 = CARTESIAN_POINT('',(-83.523366,3.333971,0.));
#2347 = DIRECTION('',(-0.,0.,-1.));
#2348 = DIRECTION('',(5.628061273347E-15,-1.,-0.));
#2349 = FACE_BOUND('',#2350,.F.);
#2350 = EDGE_LOOP('',(#2351));
#2351 = ORIENTED_EDGE('',*,*,#2352,.T.);
#2352 = EDGE_CURVE('',#2353,#2353,#2355,.T.);
#2353 = VERTEX_POINT('',#2354);
#2354 = CARTESIAN_POINT('',(-97.294394,4.756461,0.));
#2355 = CIRCLE('',#2356,1.525);
#2356 = AXIS2_PLACEMENT_3D('',#2357,#2358,#2359);
#2357 = CARTESIAN_POINT('',(-97.294394,6.281461,0.));
#2358 = DIRECTION('',(-0.,0.,-1.));
#2359 = DIRECTION('',(9.31859325587E-15,-1.,-0.));
#2360 = FACE_BOUND('',#2361,.F.);
#2361 = EDGE_LOOP('',(#2362));
#2362 = ORIENTED_EDGE('',*,*,#2363,.T.);
#2363 = EDGE_CURVE('',#2364,#2364,#2366,.T.);
#2364 = VERTEX_POINT('',#2365);
#2365 = CARTESIAN_POINT('',(-81.897106,7.480415,0.));
#2366 = CIRCLE('',#2367,1.525);
#2367 = AXIS2_PLACEMENT_3D('',#2368,#2369,#2370);
#2368 = CARTESIAN_POINT('',(-81.897106,9.005415,0.));
#2369 = DIRECTION('',(-0.,0.,-1.));
#2370 = DIRECTION('',(9.31859325587E-15,-1.,-0.));
#2371 = FACE_BOUND('',#2372,.F.);
#2372 = EDGE_LOOP('',(#2373));
#2373 = ORIENTED_EDGE('',*,*,#2374,.T.);
#2374 = EDGE_CURVE('',#2375,#2375,#2377,.T.);
#2375 = VERTEX_POINT('',#2376);
#2376 = CARTESIAN_POINT('',(-112.198913,12.110457,0.));
#2377 = CIRCLE('',#2378,0.4);
#2378 = AXIS2_PLACEMENT_3D('',#2379,#2380,#2381);
#2379 = CARTESIAN_POINT('',(-112.198913,12.510457,0.));
#2380 = DIRECTION('',(-0.,0.,-1.));
#2381 = DIRECTION('',(-0.,-1.,0.));
#2382 = FACE_BOUND('',#2383,.F.);
#2383 = EDGE_LOOP('',(#2384));
#2384 = ORIENTED_EDGE('',*,*,#2385,.T.);
#2385 = EDGE_CURVE('',#2386,#2386,#2388,.T.);
#2386 = VERTEX_POINT('',#2387);
#2387 = CARTESIAN_POINT('',(-110.614623,19.563941,0.));
#2388 = CIRCLE('',#2389,0.4);
#2389 = AXIS2_PLACEMENT_3D('',#2390,#2391,#2392);
#2390 = CARTESIAN_POINT('',(-110.614623,19.963941,0.));
#2391 = DIRECTION('',(-0.,0.,-1.));
#2392 = DIRECTION('',(-0.,-1.,0.));
#2393 = FACE_BOUND('',#2394,.F.);
#2394 = EDGE_LOOP('',(#2395));
#2395 = ORIENTED_EDGE('',*,*,#2396,.T.);
#2396 = EDGE_CURVE('',#2397,#2397,#2399,.T.);
#2397 = VERTEX_POINT('',#2398);
#2398 = CARTESIAN_POINT('',(-104.123073,17.946577,0.));
#2399 = CIRCLE('',#2400,0.8);
#2400 = AXIS2_PLACEMENT_3D('',#2401,#2402,#2403);
#2401 = CARTESIAN_POINT('',(-104.123073,18.746577,0.));
#2402 = DIRECTION('',(-0.,0.,-1.));
#2403 = DIRECTION('',(-0.,-1.,0.));
#2404 = FACE_BOUND('',#2405,.F.);
#2405 = EDGE_LOOP('',(#2406));
#2406 = ORIENTED_EDGE('',*,*,#2407,.T.);
#2407 = EDGE_CURVE('',#2408,#2408,#2410,.T.);
#2408 = VERTEX_POINT('',#2409);
#2409 = CARTESIAN_POINT('',(-91.588794,11.267428,0.));
#2410 = CIRCLE('',#2411,0.4);
#2411 = AXIS2_PLACEMENT_3D('',#2412,#2413,#2414);
#2412 = CARTESIAN_POINT('',(-91.588794,11.667428,0.));
#2413 = DIRECTION('',(-0.,0.,-1.));
#2414 = DIRECTION('',(3.5527136788E-14,-1.,-0.));
#2415 = FACE_BOUND('',#2416,.F.);
#2416 = EDGE_LOOP('',(#2417));
#2417 = ORIENTED_EDGE('',*,*,#2418,.T.);
#2418 = EDGE_CURVE('',#2419,#2419,#2421,.T.);
#2419 = VERTEX_POINT('',#2420);
#2420 = CARTESIAN_POINT('',(-89.488434,18.592241,0.));
#2421 = CIRCLE('',#2422,0.4);
#2422 = AXIS2_PLACEMENT_3D('',#2423,#2424,#2425);
#2423 = CARTESIAN_POINT('',(-89.488434,18.992241,0.));
#2424 = DIRECTION('',(-0.,0.,-1.));
#2425 = DIRECTION('',(3.5527136788E-14,-1.,-0.));
#2426 = FACE_BOUND('',#2427,.F.);
#2427 = EDGE_LOOP('',(#2428));
#2428 = ORIENTED_EDGE('',*,*,#2429,.T.);
#2429 = EDGE_CURVE('',#2430,#2430,#2432,.T.);
#2430 = VERTEX_POINT('',#2431);
#2431 = CARTESIAN_POINT('',(-84.498315,17.273694,0.));
#2432 = CIRCLE('',#2433,0.8);
#2433 = AXIS2_PLACEMENT_3D('',#2434,#2435,#2436);
#2434 = CARTESIAN_POINT('',(-84.498315,18.073694,0.));
#2435 = DIRECTION('',(-0.,0.,-1.));
#2436 = DIRECTION('',(-1.7763568394E-14,-1.,0.));
#2437 = FACE_BOUND('',#2438,.F.);
#2438 = EDGE_LOOP('',(#2439));
#2439 = ORIENTED_EDGE('',*,*,#2440,.T.);
#2440 = EDGE_CURVE('',#2441,#2441,#2443,.T.);
#2441 = VERTEX_POINT('',#2442);
#2442 = CARTESIAN_POINT('',(-143.830188,21.858732,0.));
#2443 = CIRCLE('',#2444,0.8);
#2444 = AXIS2_PLACEMENT_3D('',#2445,#2446,#2447);
#2445 = CARTESIAN_POINT('',(-143.830188,22.658732,0.));
#2446 = DIRECTION('',(-0.,0.,-1.));
#2447 = DIRECTION('',(3.5527136788E-14,-1.,-0.));
#2448 = FACE_BOUND('',#2449,.F.);
#2449 = EDGE_LOOP('',(#2450));
#2450 = ORIENTED_EDGE('',*,*,#2451,.T.);
#2451 = EDGE_CURVE('',#2452,#2452,#2454,.T.);
#2452 = VERTEX_POINT('',#2453);
#2453 = CARTESIAN_POINT('',(-143.248516,26.850148,0.));
#2454 = CIRCLE('',#2455,0.95);
#2455 = AXIS2_PLACEMENT_3D('',#2456,#2457,#2458);
#2456 = CARTESIAN_POINT('',(-143.248516,27.800148,0.));
#2457 = DIRECTION('',(-0.,0.,-1.));
#2458 = DIRECTION('',(-0.,-1.,0.));
#2459 = FACE_BOUND('',#2460,.F.);
#2460 = EDGE_LOOP('',(#2461));
#2461 = ORIENTED_EDGE('',*,*,#2462,.T.);
#2462 = EDGE_CURVE('',#2463,#2463,#2465,.T.);
#2463 = VERTEX_POINT('',#2464);
#2464 = CARTESIAN_POINT('',(-129.248335,23.524658,0.));
#2465 = CIRCLE('',#2466,0.4);
#2466 = AXIS2_PLACEMENT_3D('',#2467,#2468,#2469);
#2467 = CARTESIAN_POINT('',(-129.248335,23.924658,0.));
#2468 = DIRECTION('',(-0.,0.,-1.));
#2469 = DIRECTION('',(-0.,-1.,0.));
#2470 = FACE_BOUND('',#2471,.F.);
#2471 = EDGE_LOOP('',(#2472));
#2472 = ORIENTED_EDGE('',*,*,#2473,.T.);
#2473 = EDGE_CURVE('',#2474,#2474,#2476,.T.);
#2474 = VERTEX_POINT('',#2475);
#2475 = CARTESIAN_POINT('',(-124.614804,22.88943,0.));
#2476 = CIRCLE('',#2477,0.95);
#2477 = AXIS2_PLACEMENT_3D('',#2478,#2479,#2480);
#2478 = CARTESIAN_POINT('',(-124.614804,23.83943,0.));
#2479 = DIRECTION('',(-0.,0.,-1.));
#2480 = DIRECTION('',(-1.495879443705E-14,-1.,0.));
#2481 = FACE_BOUND('',#2482,.F.);
#2482 = EDGE_LOOP('',(#2483));
#2483 = ORIENTED_EDGE('',*,*,#2484,.T.);
#2484 = EDGE_CURVE('',#2485,#2485,#2487,.T.);
#2485 = VERTEX_POINT('',#2486);
#2486 = CARTESIAN_POINT('',(-137.868705,24.131634,0.));
#2487 = CIRCLE('',#2488,2.525);
#2488 = AXIS2_PLACEMENT_3D('',#2489,#2490,#2491);
#2489 = CARTESIAN_POINT('',(-137.868705,26.656634,0.));
#2490 = DIRECTION('',(-0.,0.,-1.));
#2491 = DIRECTION('',(-0.,-1.,0.));
#2492 = FACE_BOUND('',#2493,.F.);
#2493 = EDGE_LOOP('',(#2494));
#2494 = ORIENTED_EDGE('',*,*,#2495,.T.);
#2495 = EDGE_CURVE('',#2496,#2496,#2498,.T.);
#2496 = VERTEX_POINT('',#2497);
#2497 = CARTESIAN_POINT('',(-132.488894,24.56312,0.));
#2498 = CIRCLE('',#2499,0.95);
#2499 = AXIS2_PLACEMENT_3D('',#2500,#2501,#2502);
#2500 = CARTESIAN_POINT('',(-132.488894,25.51312,0.));
#2501 = DIRECTION('',(-0.,0.,-1.));
#2502 = DIRECTION('',(2.991758887411E-14,-1.,-0.));
#2503 = FACE_BOUND('',#2504,.F.);
#2504 = EDGE_LOOP('',(#2505));
#2505 = ORIENTED_EDGE('',*,*,#2506,.T.);
#2506 = EDGE_CURVE('',#2507,#2507,#2509,.T.);
#2507 = VERTEX_POINT('',#2508);
#2508 = CARTESIAN_POINT('',(-132.187903,27.809035,0.));
#2509 = CIRCLE('',#2510,1.525);
#2510 = AXIS2_PLACEMENT_3D('',#2511,#2512,#2513);
#2511 = CARTESIAN_POINT('',(-132.187903,29.334035,0.));
#2512 = DIRECTION('',(-0.,0.,-1.));
#2513 = DIRECTION('',(-0.,-1.,0.));
#2514 = FACE_BOUND('',#2515,.F.);
#2515 = EDGE_LOOP('',(#2516));
#2516 = ORIENTED_EDGE('',*,*,#2517,.T.);
#2517 = EDGE_CURVE('',#2518,#2518,#2520,.T.);
#2518 = VERTEX_POINT('',#2519);
#2519 = CARTESIAN_POINT('',(-136.642026,30.902705,0.));
#2520 = CIRCLE('',#2521,1.525);
#2521 = AXIS2_PLACEMENT_3D('',#2522,#2523,#2524);
#2522 = CARTESIAN_POINT('',(-136.642026,32.427705,0.));
#2523 = DIRECTION('',(-0.,0.,-1.));
#2524 = DIRECTION('',(-0.,-1.,0.));
#2525 = FACE_BOUND('',#2526,.F.);
#2526 = EDGE_LOOP('',(#2527));
#2527 = ORIENTED_EDGE('',*,*,#2528,.T.);
#2528 = EDGE_CURVE('',#2529,#2529,#2531,.T.);
#2529 = VERTEX_POINT('',#2530);
#2530 = CARTESIAN_POINT('',(-126.871907,34.704887,0.));
#2531 = CIRCLE('',#2532,0.4);
#2532 = AXIS2_PLACEMENT_3D('',#2533,#2534,#2535);
#2533 = CARTESIAN_POINT('',(-126.871907,35.104887,0.));
#2534 = DIRECTION('',(-0.,0.,-1.));
#2535 = DIRECTION('',(-0.,-1.,0.));
#2536 = FACE_BOUND('',#2537,.F.);
#2537 = EDGE_LOOP('',(#2538));
#2538 = ORIENTED_EDGE('',*,*,#2539,.T.);
#2539 = EDGE_CURVE('',#2540,#2540,#2542,.T.);
#2540 = VERTEX_POINT('',#2541);
#2541 = CARTESIAN_POINT('',(-121.235758,36.531727,0.));
#2542 = CIRCLE('',#2543,0.8);
#2543 = AXIS2_PLACEMENT_3D('',#2544,#2545,#2546);
#2544 = CARTESIAN_POINT('',(-121.235758,37.331727,0.));
#2545 = DIRECTION('',(-0.,0.,-1.));
#2546 = DIRECTION('',(-0.,-1.,0.));
#2547 = FACE_BOUND('',#2548,.F.);
#2548 = EDGE_LOOP('',(#2549));
#2549 = ORIENTED_EDGE('',*,*,#2550,.T.);
#2550 = EDGE_CURVE('',#2551,#2551,#2553,.T.);
#2551 = VERTEX_POINT('',#2552);
#2552 = CARTESIAN_POINT('',(-119.234993,20.170916,0.));
#2553 = CIRCLE('',#2554,2.525);
#2554 = AXIS2_PLACEMENT_3D('',#2555,#2556,#2557);
#2555 = CARTESIAN_POINT('',(-119.234993,22.695916,0.));
#2556 = DIRECTION('',(-0.,0.,-1.));
#2557 = DIRECTION('',(-0.,-1.,0.));
#2558 = FACE_BOUND('',#2559,.F.);
#2559 = EDGE_LOOP('',(#2560));
#2560 = ORIENTED_EDGE('',*,*,#2561,.T.);
#2561 = EDGE_CURVE('',#2562,#2562,#2564,.T.);
#2562 = VERTEX_POINT('',#2563);
#2563 = CARTESIAN_POINT('',(-113.855182,20.602402,0.));
#2564 = CIRCLE('',#2565,0.95);
#2565 = AXIS2_PLACEMENT_3D('',#2566,#2567,#2568);
#2566 = CARTESIAN_POINT('',(-113.855182,21.552402,0.));
#2567 = DIRECTION('',(-0.,0.,-1.));
#2568 = DIRECTION('',(-0.,-1.,0.));
#2569 = FACE_BOUND('',#2570,.F.);
#2570 = EDGE_LOOP('',(#2571));
#2571 = ORIENTED_EDGE('',*,*,#2572,.T.);
#2572 = EDGE_CURVE('',#2573,#2573,#2575,.T.);
#2573 = VERTEX_POINT('',#2574);
#2574 = CARTESIAN_POINT('',(-103.184171,22.884893,0.));
#2575 = CIRCLE('',#2576,0.95);
#2576 = AXIS2_PLACEMENT_3D('',#2577,#2578,#2579);
#2577 = CARTESIAN_POINT('',(-103.184171,23.834893,0.));
#2578 = DIRECTION('',(-0.,0.,-1.));
#2579 = DIRECTION('',(-1.495879443705E-14,-1.,0.));
#2580 = FACE_BOUND('',#2581,.F.);
#2581 = EDGE_LOOP('',(#2582));
#2582 = ORIENTED_EDGE('',*,*,#2583,.T.);
#2583 = EDGE_CURVE('',#2584,#2584,#2586,.T.);
#2584 = VERTEX_POINT('',#2585);
#2585 = CARTESIAN_POINT('',(-113.554191,23.848317,0.));
#2586 = CIRCLE('',#2587,1.525);
#2587 = AXIS2_PLACEMENT_3D('',#2588,#2589,#2590);
#2588 = CARTESIAN_POINT('',(-113.554191,25.373317,0.));
#2589 = DIRECTION('',(-0.,0.,-1.));
#2590 = DIRECTION('',(-0.,-1.,0.));
#2591 = FACE_BOUND('',#2592,.F.);
#2592 = EDGE_LOOP('',(#2593));
#2593 = ORIENTED_EDGE('',*,*,#2594,.T.);
#2594 = EDGE_CURVE('',#2595,#2595,#2597,.T.);
#2595 = VERTEX_POINT('',#2596);
#2596 = CARTESIAN_POINT('',(-118.008314,26.941987,0.));
#2597 = CIRCLE('',#2598,1.525);
#2598 = AXIS2_PLACEMENT_3D('',#2599,#2600,#2601);
#2599 = CARTESIAN_POINT('',(-118.008314,28.466987,0.));
#2600 = DIRECTION('',(-0.,0.,-1.));
#2601 = DIRECTION('',(-0.,-1.,0.));
#2602 = FACE_BOUND('',#2603,.F.);
#2603 = EDGE_LOOP('',(#2604));
#2604 = ORIENTED_EDGE('',*,*,#2605,.T.);
#2605 = EDGE_CURVE('',#2606,#2606,#2608,.T.);
#2606 = VERTEX_POINT('',#2607);
#2607 = CARTESIAN_POINT('',(-97.897232,19.793888,0.));
#2608 = CIRCLE('',#2609,2.525);
#2609 = AXIS2_PLACEMENT_3D('',#2610,#2611,#2612);
#2610 = CARTESIAN_POINT('',(-97.897232,22.318888,0.));
#2611 = DIRECTION('',(-0.,0.,-1.));
#2612 = DIRECTION('',(-0.,-1.,0.));
#2613 = FACE_BOUND('',#2614,.F.);
#2614 = EDGE_LOOP('',(#2615));
#2615 = ORIENTED_EDGE('',*,*,#2616,.T.);
#2616 = EDGE_CURVE('',#2617,#2617,#2619,.T.);
#2617 = VERTEX_POINT('',#2618);
#2618 = CARTESIAN_POINT('',(-92.610293,19.852883,0.));
#2619 = CIRCLE('',#2620,0.95);
#2620 = AXIS2_PLACEMENT_3D('',#2621,#2622,#2623);
#2621 = CARTESIAN_POINT('',(-92.610293,20.802883,0.));
#2622 = DIRECTION('',(-0.,0.,-1.));
#2623 = DIRECTION('',(-0.,-1.,0.));
#2624 = FACE_BOUND('',#2625,.F.);
#2625 = EDGE_LOOP('',(#2626));
#2626 = ORIENTED_EDGE('',*,*,#2627,.T.);
#2627 = EDGE_CURVE('',#2628,#2628,#2630,.T.);
#2628 = VERTEX_POINT('',#2629);
#2629 = CARTESIAN_POINT('',(-92.043502,23.068495,0.));
#2630 = CIRCLE('',#2631,1.525);
#2631 = AXIS2_PLACEMENT_3D('',#2632,#2633,#2634);
#2632 = CARTESIAN_POINT('',(-92.043502,24.593495,0.));
#2633 = DIRECTION('',(-0.,0.,-1.));
#2634 = DIRECTION('',(-9.31859325587E-15,-1.,0.));
#2635 = FACE_BOUND('',#2636,.F.);
#2636 = EDGE_LOOP('',(#2637));
#2637 = ORIENTED_EDGE('',*,*,#2638,.T.);
#2638 = EDGE_CURVE('',#2639,#2639,#2641,.T.);
#2639 = VERTEX_POINT('',#2640);
#2640 = CARTESIAN_POINT('',(-83.559413,22.21201,0.));
#2641 = CIRCLE('',#2642,0.95);
#2642 = AXIS2_PLACEMENT_3D('',#2643,#2644,#2645);
#2643 = CARTESIAN_POINT('',(-83.559413,23.16201,0.));
#2644 = DIRECTION('',(-0.,0.,-1.));
#2645 = DIRECTION('',(-0.,-1.,0.));
#2646 = FACE_BOUND('',#2647,.F.);
#2647 = EDGE_LOOP('',(#2648));
#2648 = ORIENTED_EDGE('',*,*,#2649,.T.);
#2649 = EDGE_CURVE('',#2650,#2650,#2652,.T.);
#2650 = VERTEX_POINT('',#2651);
#2651 = CARTESIAN_POINT('',(-96.270972,26.465332,0.));
#2652 = CIRCLE('',#2653,1.525);
#2653 = AXIS2_PLACEMENT_3D('',#2654,#2655,#2656);
#2654 = CARTESIAN_POINT('',(-96.270972,27.990332,0.));
#2655 = DIRECTION('',(-0.,0.,-1.));
#2656 = DIRECTION('',(-0.,-1.,0.));
#2657 = FACE_BOUND('',#2658,.F.);
#2658 = EDGE_LOOP('',(#2659));
#2659 = ORIENTED_EDGE('',*,*,#2660,.T.);
#2660 = EDGE_CURVE('',#2661,#2661,#2663,.T.);
#2661 = VERTEX_POINT('',#2662);
#2662 = CARTESIAN_POINT('',(-86.337903,29.579464,0.));
#2663 = CIRCLE('',#2664,0.4);
#2664 = AXIS2_PLACEMENT_3D('',#2665,#2666,#2667);
#2665 = CARTESIAN_POINT('',(-86.337903,29.979464,0.));
#2666 = DIRECTION('',(-0.,0.,-1.));
#2667 = DIRECTION('',(3.5527136788E-14,-1.,-0.));
#2668 = FACE_BOUND('',#2669,.F.);
#2669 = EDGE_LOOP('',(#2670));
#2670 = ORIENTED_EDGE('',*,*,#2671,.T.);
#2671 = EDGE_CURVE('',#2672,#2672,#2674,.T.);
#2672 = VERTEX_POINT('',#2673);
#2673 = CARTESIAN_POINT('',(-108.238196,30.744168,0.));
#2674 = CIRCLE('',#2675,0.4);
#2675 = AXIS2_PLACEMENT_3D('',#2676,#2677,#2678);
#2676 = CARTESIAN_POINT('',(-108.238196,31.144168,0.));
#2677 = DIRECTION('',(-0.,0.,-1.));
#2678 = DIRECTION('',(-3.552713678801E-14,-1.,0.));
#2679 = FACE_BOUND('',#2680,.F.);
#2680 = EDGE_LOOP('',(#2681));
#2681 = ORIENTED_EDGE('',*,*,#2682,.T.);
#2682 = EDGE_CURVE('',#2683,#2683,#2685,.T.);
#2683 = VERTEX_POINT('',#2684);
#2684 = CARTESIAN_POINT('',(-109.894464,39.236115,0.));
#2685 = CIRCLE('',#2686,0.95);
#2686 = AXIS2_PLACEMENT_3D('',#2687,#2688,#2689);
#2687 = CARTESIAN_POINT('',(-109.894464,40.186115,0.));
#2688 = DIRECTION('',(-0.,0.,-1.));
#2689 = DIRECTION('',(-0.,-1.,0.));
#2690 = FACE_BOUND('',#2691,.F.);
#2691 = EDGE_LOOP('',(#2692));
#2692 = ORIENTED_EDGE('',*,*,#2693,.T.);
#2693 = EDGE_CURVE('',#2694,#2694,#2696,.T.);
#2694 = VERTEX_POINT('',#2695);
#2695 = CARTESIAN_POINT('',(-106.653906,38.197652,0.));
#2696 = CIRCLE('',#2697,0.4);
#2697 = AXIS2_PLACEMENT_3D('',#2698,#2699,#2700);
#2698 = CARTESIAN_POINT('',(-106.653906,38.597652,0.));
#2699 = DIRECTION('',(-0.,0.,-1.));
#2700 = DIRECTION('',(-0.,-1.,0.));
#2701 = FACE_BOUND('',#2702,.F.);
#2702 = EDGE_LOOP('',(#2703));
#2703 = ORIENTED_EDGE('',*,*,#2704,.T.);
#2704 = EDGE_CURVE('',#2705,#2705,#2707,.T.);
#2705 = VERTEX_POINT('',#2706);
#2706 = CARTESIAN_POINT('',(-98.872182,36.258613,0.));
#2707 = CIRCLE('',#2708,0.8);
#2708 = AXIS2_PLACEMENT_3D('',#2709,#2710,#2711);
#2709 = CARTESIAN_POINT('',(-98.872182,37.058613,0.));
#2710 = DIRECTION('',(-0.,0.,-1.));
#2711 = DIRECTION('',(1.7763568394E-14,-1.,-0.));
#2712 = FACE_BOUND('',#2713,.F.);
#2713 = EDGE_LOOP('',(#2714));
#2714 = ORIENTED_EDGE('',*,*,#2715,.T.);
#2715 = EDGE_CURVE('',#2716,#2716,#2718,.T.);
#2716 = VERTEX_POINT('',#2717);
#2717 = CARTESIAN_POINT('',(-84.237543,36.904277,0.));
#2718 = CIRCLE('',#2719,0.4);
#2719 = AXIS2_PLACEMENT_3D('',#2720,#2721,#2722);
#2720 = CARTESIAN_POINT('',(-84.237543,37.304277,0.));
#2721 = DIRECTION('',(-0.,0.,-1.));
#2722 = DIRECTION('',(-3.552713678801E-14,-1.,0.));
#2723 = FACE_BOUND('',#2724,.F.);
#2724 = EDGE_LOOP('',(#2725));
#2725 = ORIENTED_EDGE('',*,*,#2726,.T.);
#2726 = EDGE_CURVE('',#2727,#2727,#2729,.T.);
#2727 = VERTEX_POINT('',#2728);
#2728 = CARTESIAN_POINT('',(-87.359402,38.164919,0.));
#2729 = CIRCLE('',#2730,0.95);
#2730 = AXIS2_PLACEMENT_3D('',#2731,#2732,#2733);
#2731 = CARTESIAN_POINT('',(-87.359402,39.114919,0.));
#2732 = DIRECTION('',(-0.,0.,-1.));
#2733 = DIRECTION('',(-0.,-1.,0.));
#2734 = FACE_BOUND('',#2735,.F.);
#2735 = EDGE_LOOP('',(#2736));
#2736 = ORIENTED_EDGE('',*,*,#2737,.T.);
#2737 = EDGE_CURVE('',#2738,#2738,#2740,.T.);
#2738 = VERTEX_POINT('',#2739);
#2739 = CARTESIAN_POINT('',(-75.114569,-0.392677,0.));
#2740 = CIRCLE('',#2741,0.4);
#2741 = AXIS2_PLACEMENT_3D('',#2742,#2743,#2744);
#2742 = CARTESIAN_POINT('',(-75.114569,7.322999999992E-03,0.));
#2743 = DIRECTION('',(-0.,0.,-1.));
#2744 = DIRECTION('',(-3.552713678801E-14,-1.,0.));
#2745 = FACE_BOUND('',#2746,.F.);
#2746 = EDGE_LOOP('',(#2747));
#2747 = ORIENTED_EDGE('',*,*,#2748,.T.);
#2748 = EDGE_CURVE('',#2749,#2749,#2751,.T.);
#2749 = VERTEX_POINT('',#2750);
#2750 = CARTESIAN_POINT('',(-78.236427,0.867966,0.));
#2751 = CIRCLE('',#2752,0.95);
#2752 = AXIS2_PLACEMENT_3D('',#2753,#2754,#2755);
#2753 = CARTESIAN_POINT('',(-78.236427,1.817966,0.));
#2754 = DIRECTION('',(-0.,0.,-1.));
#2755 = DIRECTION('',(-1.495879443705E-14,-1.,0.));
#2756 = FACE_BOUND('',#2757,.F.);
#2757 = EDGE_LOOP('',(#2758));
#2758 = ORIENTED_EDGE('',*,*,#2759,.T.);
#2759 = EDGE_CURVE('',#2760,#2760,#2762,.T.);
#2760 = VERTEX_POINT('',#2761);
#2761 = CARTESIAN_POINT('',(-77.669636,4.083578,0.));
#2762 = CIRCLE('',#2763,1.525);
#2763 = AXIS2_PLACEMENT_3D('',#2764,#2765,#2766);
#2764 = CARTESIAN_POINT('',(-77.669636,5.608578,0.));
#2765 = DIRECTION('',(-0.,0.,-1.));
#2766 = DIRECTION('',(-0.,-1.,0.));
#2767 = FACE_BOUND('',#2768,.F.);
#2768 = EDGE_LOOP('',(#2769));
#2769 = ORIENTED_EDGE('',*,*,#2770,.T.);
#2770 = EDGE_CURVE('',#2771,#2771,#2773,.T.);
#2771 = VERTEX_POINT('',#2772);
#2772 = CARTESIAN_POINT('',(-67.499002,7.444794,0.));
#2773 = CIRCLE('',#2774,0.8);
#2774 = AXIS2_PLACEMENT_3D('',#2775,#2776,#2777);
#2775 = CARTESIAN_POINT('',(-67.499002,8.244794,0.));
#2776 = DIRECTION('',(-0.,0.,-1.));
#2777 = DIRECTION('',(-1.7763568394E-14,-1.,0.));
#2778 = FACE_BOUND('',#2779,.F.);
#2779 = EDGE_LOOP('',(#2780));
#2780 = ORIENTED_EDGE('',*,*,#2781,.T.);
#2781 = EDGE_CURVE('',#2782,#2782,#2784,.T.);
#2782 = VERTEX_POINT('',#2783);
#2783 = CARTESIAN_POINT('',(-54.964724,0.765646,0.));
#2784 = CIRCLE('',#2785,0.4);
#2785 = AXIS2_PLACEMENT_3D('',#2786,#2787,#2788);
#2786 = CARTESIAN_POINT('',(-54.964724,1.165646,0.));
#2787 = DIRECTION('',(-0.,0.,-1.));
#2788 = DIRECTION('',(1.7763568394E-14,-1.,-0.));
#2789 = FACE_BOUND('',#2790,.F.);
#2790 = EDGE_LOOP('',(#2791));
#2791 = ORIENTED_EDGE('',*,*,#2792,.T.);
#2792 = EDGE_CURVE('',#2793,#2793,#2795,.T.);
#2793 = VERTEX_POINT('',#2794);
#2794 = CARTESIAN_POINT('',(-44.273849,-0.536795,0.));
#2795 = CIRCLE('',#2796,2.525);
#2796 = AXIS2_PLACEMENT_3D('',#2797,#2798,#2799);
#2797 = CARTESIAN_POINT('',(-44.273849,1.988205,0.));
#2798 = DIRECTION('',(-0.,0.,-1.));
#2799 = DIRECTION('',(-0.,-1.,0.));
#2800 = FACE_BOUND('',#2801,.F.);
#2801 = EDGE_LOOP('',(#2802));
#2802 = ORIENTED_EDGE('',*,*,#2803,.T.);
#2803 = EDGE_CURVE('',#2804,#2804,#2806,.T.);
#2804 = VERTEX_POINT('',#2805);
#2805 = CARTESIAN_POINT('',(-49.560788,2.55421,0.));
#2806 = CIRCLE('',#2807,0.95);
#2807 = AXIS2_PLACEMENT_3D('',#2808,#2809,#2810);
#2808 = CARTESIAN_POINT('',(-49.560788,3.50421,0.));
#2809 = DIRECTION('',(-0.,0.,-1.));
#2810 = DIRECTION('',(-0.,-1.,0.));
#2811 = FACE_BOUND('',#2812,.F.);
#2812 = EDGE_LOOP('',(#2813));
#2813 = ORIENTED_EDGE('',*,*,#2814,.T.);
#2814 = EDGE_CURVE('',#2815,#2815,#2817,.T.);
#2815 = VERTEX_POINT('',#2816);
#2816 = CARTESIAN_POINT('',(-52.864364,8.090459,0.));
#2817 = CIRCLE('',#2818,0.4);
#2818 = AXIS2_PLACEMENT_3D('',#2819,#2820,#2821);
#2819 = CARTESIAN_POINT('',(-52.864364,8.490459,0.));
#2820 = DIRECTION('',(-0.,0.,-1.));
#2821 = DIRECTION('',(-0.,-1.,0.));
#2822 = FACE_BOUND('',#2823,.F.);
#2823 = EDGE_LOOP('',(#2824));
#2824 = ORIENTED_EDGE('',*,*,#2825,.T.);
#2825 = EDGE_CURVE('',#2826,#2826,#2828,.T.);
#2826 = VERTEX_POINT('',#2827);
#2827 = CARTESIAN_POINT('',(-42.647589,6.134649,0.));
#2828 = CIRCLE('',#2829,1.525);
#2829 = AXIS2_PLACEMENT_3D('',#2830,#2831,#2832);
#2830 = CARTESIAN_POINT('',(-42.647589,7.659649,0.));
#2831 = DIRECTION('',(-0.,0.,-1.));
#2832 = DIRECTION('',(-4.659296627935E-15,-1.,0.));
#2833 = FACE_BOUND('',#2834,.F.);
#2834 = EDGE_LOOP('',(#2835));
#2835 = ORIENTED_EDGE('',*,*,#2836,.T.);
#2836 = EDGE_CURVE('',#2837,#2837,#2839,.T.);
#2837 = VERTEX_POINT('',#2838);
#2838 = CARTESIAN_POINT('',(-71.964037,10.594547,0.));
#2839 = CIRCLE('',#2840,0.4);
#2840 = AXIS2_PLACEMENT_3D('',#2841,#2842,#2843);
#2841 = CARTESIAN_POINT('',(-71.964037,10.994547,0.));
#2842 = DIRECTION('',(-0.,0.,-1.));
#2843 = DIRECTION('',(-3.552713678801E-14,-1.,0.));
#2844 = FACE_BOUND('',#2845,.F.);
#2845 = EDGE_LOOP('',(#2846));
#2846 = ORIENTED_EDGE('',*,*,#2847,.T.);
#2847 = EDGE_CURVE('',#2848,#2848,#2850,.T.);
#2848 = VERTEX_POINT('',#2849);
#2849 = CARTESIAN_POINT('',(-61.273161,9.292105,0.));
#2850 = CIRCLE('',#2851,2.525);
#2851 = AXIS2_PLACEMENT_3D('',#2852,#2853,#2854);
#2852 = CARTESIAN_POINT('',(-61.273161,11.817105,0.));
#2853 = DIRECTION('',(-0.,0.,-1.));
#2854 = DIRECTION('',(-0.,-1.,0.));
#2855 = FACE_BOUND('',#2856,.F.);
#2856 = EDGE_LOOP('',(#2857));
#2857 = ORIENTED_EDGE('',*,*,#2858,.T.);
#2858 = EDGE_CURVE('',#2859,#2859,#2861,.T.);
#2859 = VERTEX_POINT('',#2860);
#2860 = CARTESIAN_POINT('',(-66.5601,12.38311,0.));
#2861 = CIRCLE('',#2862,0.95);
#2862 = AXIS2_PLACEMENT_3D('',#2863,#2864,#2865);
#2863 = CARTESIAN_POINT('',(-66.5601,13.33311,0.));
#2864 = DIRECTION('',(-0.,0.,-1.));
#2865 = DIRECTION('',(-0.,-1.,0.));
#2866 = FACE_BOUND('',#2867,.F.);
#2867 = EDGE_LOOP('',(#2868));
#2868 = ORIENTED_EDGE('',*,*,#2869,.T.);
#2869 = EDGE_CURVE('',#2870,#2870,#2872,.T.);
#2870 = VERTEX_POINT('',#2871);
#2871 = CARTESIAN_POINT('',(-69.863677,17.91936,0.));
#2872 = CIRCLE('',#2873,0.4);
#2873 = AXIS2_PLACEMENT_3D('',#2874,#2875,#2876);
#2874 = CARTESIAN_POINT('',(-69.863677,18.31936,0.));
#2875 = DIRECTION('',(-0.,0.,-1.));
#2876 = DIRECTION('',(-0.,-1.,0.));
#2877 = FACE_BOUND('',#2878,.F.);
#2878 = EDGE_LOOP('',(#2879));
#2879 = ORIENTED_EDGE('',*,*,#2880,.T.);
#2880 = EDGE_CURVE('',#2881,#2881,#2883,.T.);
#2881 = VERTEX_POINT('',#2882);
#2882 = CARTESIAN_POINT('',(-72.985535,19.18,0.));
#2883 = CIRCLE('',#2884,0.95);
#2884 = AXIS2_PLACEMENT_3D('',#2885,#2886,#2887);
#2885 = CARTESIAN_POINT('',(-72.985535,20.13,0.));
#2886 = DIRECTION('',(-0.,0.,-1.));
#2887 = DIRECTION('',(-0.,-1.,0.));
#2888 = FACE_BOUND('',#2889,.F.);
#2889 = EDGE_LOOP('',(#2890));
#2890 = ORIENTED_EDGE('',*,*,#2891,.T.);
#2891 = EDGE_CURVE('',#2892,#2892,#2894,.T.);
#2892 = VERTEX_POINT('',#2893);
#2893 = CARTESIAN_POINT('',(-55.986222,9.3511,0.));
#2894 = CIRCLE('',#2895,0.95);
#2895 = AXIS2_PLACEMENT_3D('',#2896,#2897,#2898);
#2896 = CARTESIAN_POINT('',(-55.986222,10.3011,0.));
#2897 = DIRECTION('',(-0.,0.,-1.));
#2898 = DIRECTION('',(-0.,-1.,0.));
#2899 = FACE_BOUND('',#2900,.F.);
#2900 = EDGE_LOOP('',(#2901));
#2901 = ORIENTED_EDGE('',*,*,#2902,.T.);
#2902 = EDGE_CURVE('',#2903,#2903,#2905,.T.);
#2903 = VERTEX_POINT('',#2904);
#2904 = CARTESIAN_POINT('',(-55.419431,12.566712,0.));
#2905 = CIRCLE('',#2906,1.525);
#2906 = AXIS2_PLACEMENT_3D('',#2907,#2908,#2909);
#2907 = CARTESIAN_POINT('',(-55.419431,14.091712,0.));
#2908 = DIRECTION('',(-0.,0.,-1.));
#2909 = DIRECTION('',(-0.,-1.,0.));
#2910 = FACE_BOUND('',#2911,.F.);
#2911 = EDGE_LOOP('',(#2912));
#2912 = ORIENTED_EDGE('',*,*,#2913,.T.);
#2913 = EDGE_CURVE('',#2914,#2914,#2916,.T.);
#2914 = VERTEX_POINT('',#2915);
#2915 = CARTESIAN_POINT('',(-59.646901,15.963549,0.));
#2916 = CIRCLE('',#2917,1.525);
#2917 = AXIS2_PLACEMENT_3D('',#2918,#2919,#2920);
#2918 = CARTESIAN_POINT('',(-59.646901,17.488549,0.));
#2919 = DIRECTION('',(-0.,0.,-1.));
#2920 = DIRECTION('',(-0.,-1.,0.));
#2921 = FACE_BOUND('',#2922,.F.);
#2922 = EDGE_LOOP('',(#2923));
#2923 = ORIENTED_EDGE('',*,*,#2924,.T.);
#2924 = EDGE_CURVE('',#2925,#2925,#2927,.T.);
#2925 = VERTEX_POINT('',#2926);
#2926 = CARTESIAN_POINT('',(-45.248799,15.92793,0.));
#2927 = CIRCLE('',#2928,0.8);
#2928 = AXIS2_PLACEMENT_3D('',#2929,#2930,#2931);
#2929 = CARTESIAN_POINT('',(-45.248799,16.72793,0.));
#2930 = DIRECTION('',(-0.,0.,-1.));
#2931 = DIRECTION('',(8.881784197001E-15,-1.,-0.));
#2932 = FACE_BOUND('',#2933,.F.);
#2933 = EDGE_LOOP('',(#2934));
#2934 = ORIENTED_EDGE('',*,*,#2935,.T.);
#2935 = EDGE_CURVE('',#2936,#2936,#2938,.T.);
#2936 = VERTEX_POINT('',#2937);
#2937 = CARTESIAN_POINT('',(-49.713833,19.077679,0.));
#2938 = CIRCLE('',#2939,0.4);
#2939 = AXIS2_PLACEMENT_3D('',#2940,#2941,#2942);
#2940 = CARTESIAN_POINT('',(-49.713833,19.477679,0.));
#2941 = DIRECTION('',(-0.,0.,-1.));
#2942 = DIRECTION('',(-0.,-1.,0.));
#2943 = FACE_BOUND('',#2944,.F.);
#2944 = EDGE_LOOP('',(#2945));
#2945 = ORIENTED_EDGE('',*,*,#2946,.T.);
#2946 = EDGE_CURVE('',#2947,#2947,#2949,.T.);
#2947 = VERTEX_POINT('',#2948);
#2948 = CARTESIAN_POINT('',(-38.98691,-0.4778,0.));
#2949 = CIRCLE('',#2950,0.95);
#2950 = AXIS2_PLACEMENT_3D('',#2951,#2952,#2953);
#2951 = CARTESIAN_POINT('',(-38.98691,0.4722,0.));
#2952 = DIRECTION('',(-0.,0.,-1.));
#2953 = DIRECTION('',(-7.479397218527E-15,-1.,0.));
#2954 = FACE_BOUND('',#2955,.F.);
#2955 = EDGE_LOOP('',(#2956));
#2956 = ORIENTED_EDGE('',*,*,#2957,.T.);
#2957 = EDGE_CURVE('',#2958,#2958,#2960,.T.);
#2958 = VERTEX_POINT('',#2959);
#2959 = CARTESIAN_POINT('',(-38.420119,2.737812,0.));
#2960 = CIRCLE('',#2961,1.525);
#2961 = AXIS2_PLACEMENT_3D('',#2962,#2963,#2964);
#2962 = CARTESIAN_POINT('',(-38.420119,4.262812,0.));
#2963 = DIRECTION('',(-0.,0.,-1.));
#2964 = DIRECTION('',(-0.,-1.,0.));
#2965 = FACE_BOUND('',#2966,.F.);
#2966 = EDGE_LOOP('',(#2967));
#2967 = ORIENTED_EDGE('',*,*,#2968,.T.);
#2968 = EDGE_CURVE('',#2969,#2969,#2971,.T.);
#2969 = VERTEX_POINT('',#2970);
#2970 = CARTESIAN_POINT('',(-32.714521,9.24878,0.));
#2971 = CIRCLE('',#2972,0.4);
#2972 = AXIS2_PLACEMENT_3D('',#2973,#2974,#2975);
#2973 = CARTESIAN_POINT('',(-32.714521,9.64878,0.));
#2974 = DIRECTION('',(-0.,0.,-1.));
#2975 = DIRECTION('',(1.7763568394E-14,-1.,-0.));
#2976 = FACE_BOUND('',#2977,.F.);
#2977 = EDGE_LOOP('',(#2978));
#2978 = ORIENTED_EDGE('',*,*,#2979,.T.);
#2979 = EDGE_CURVE('',#2980,#2980,#2982,.T.);
#2980 = VERTEX_POINT('',#2981);
#2981 = CARTESIAN_POINT('',(-30.614161,16.573593,0.));
#2982 = CIRCLE('',#2983,0.4);
#2983 = AXIS2_PLACEMENT_3D('',#2984,#2985,#2986);
#2984 = CARTESIAN_POINT('',(-30.614161,16.973593,0.));
#2985 = DIRECTION('',(-0.,0.,-1.));
#2986 = DIRECTION('',(8.881784197001E-15,-1.,-0.));
#2987 = FACE_BOUND('',#2988,.F.);
#2988 = EDGE_LOOP('',(#2989));
#2989 = ORIENTED_EDGE('',*,*,#2990,.T.);
#2990 = EDGE_CURVE('',#2991,#2991,#2993,.T.);
#2991 = VERTEX_POINT('',#2992);
#2992 = CARTESIAN_POINT('',(-33.736019,17.834236,0.));
#2993 = CIRCLE('',#2994,0.95);
#2994 = AXIS2_PLACEMENT_3D('',#2995,#2996,#2997);
#2995 = CARTESIAN_POINT('',(-33.736019,18.784236,0.));
#2996 = DIRECTION('',(-0.,0.,-1.));
#2997 = DIRECTION('',(-0.,-1.,0.));
#2998 = FACE_BOUND('',#2999,.F.);
#2999 = EDGE_LOOP('',(#3000));
#3000 = ORIENTED_EDGE('',*,*,#3001,.T.);
#3001 = EDGE_CURVE('',#3002,#3002,#3004,.T.);
#3002 = VERTEX_POINT('',#3003);
#3003 = CARTESIAN_POINT('',(-78.272474,19.121005,0.));
#3004 = CIRCLE('',#3005,2.525);
#3005 = AXIS2_PLACEMENT_3D('',#3006,#3007,#3008);
#3006 = CARTESIAN_POINT('',(-78.272474,21.646005,0.));
#3007 = DIRECTION('',(-0.,0.,-1.));
#3008 = DIRECTION('',(-5.628061273347E-15,-1.,0.));
#3009 = FACE_BOUND('',#3010,.F.);
#3010 = EDGE_LOOP('',(#3011));
#3011 = ORIENTED_EDGE('',*,*,#3012,.T.);
#3012 = EDGE_CURVE('',#3013,#3013,#3015,.T.);
#3013 = VERTEX_POINT('',#3014);
#3014 = CARTESIAN_POINT('',(-72.418744,22.395612,0.));
#3015 = CIRCLE('',#3016,1.525);
#3016 = AXIS2_PLACEMENT_3D('',#3017,#3018,#3019);
#3017 = CARTESIAN_POINT('',(-72.418744,23.920612,0.));
#3018 = DIRECTION('',(-0.,0.,-1.));
#3019 = DIRECTION('',(-0.,-1.,0.));
#3020 = FACE_BOUND('',#3021,.F.);
#3021 = EDGE_LOOP('',(#3022));
#3022 = ORIENTED_EDGE('',*,*,#3023,.T.);
#3023 = EDGE_CURVE('',#3024,#3024,#3026,.T.);
#3024 = VERTEX_POINT('',#3025);
#3025 = CARTESIAN_POINT('',(-76.646214,25.792449,0.));
#3026 = CIRCLE('',#3027,1.525);
#3027 = AXIS2_PLACEMENT_3D('',#3028,#3029,#3030);
#3028 = CARTESIAN_POINT('',(-76.646214,27.317449,0.));
#3029 = DIRECTION('',(-0.,0.,-1.));
#3030 = DIRECTION('',(-0.,-1.,0.));
#3031 = FACE_BOUND('',#3032,.F.);
#3032 = EDGE_LOOP('',(#3033));
#3033 = ORIENTED_EDGE('',*,*,#3034,.T.);
#3034 = EDGE_CURVE('',#3035,#3035,#3037,.T.);
#3035 = VERTEX_POINT('',#3036);
#3036 = CARTESIAN_POINT('',(-62.248111,25.75683,0.));
#3037 = CIRCLE('',#3038,0.8);
#3038 = AXIS2_PLACEMENT_3D('',#3039,#3040,#3041);
#3039 = CARTESIAN_POINT('',(-62.248111,26.55683,0.));
#3040 = DIRECTION('',(-0.,0.,-1.));
#3041 = DIRECTION('',(-8.881784197001E-15,-1.,0.));
#3042 = FACE_BOUND('',#3043,.F.);
#3043 = EDGE_LOOP('',(#3044));
#3044 = ORIENTED_EDGE('',*,*,#3045,.T.);
#3045 = EDGE_CURVE('',#3046,#3046,#3048,.T.);
#3046 = VERTEX_POINT('',#3047);
#3047 = CARTESIAN_POINT('',(-66.713145,28.906581,0.));
#3048 = CIRCLE('',#3049,0.4);
#3049 = AXIS2_PLACEMENT_3D('',#3050,#3051,#3052);
#3050 = CARTESIAN_POINT('',(-66.713145,29.306581,0.));
#3051 = DIRECTION('',(-0.,0.,-1.));
#3052 = DIRECTION('',(-0.,-1.,0.));
#3053 = FACE_BOUND('',#3054,.F.);
#3054 = EDGE_LOOP('',(#3055));
#3055 = ORIENTED_EDGE('',*,*,#3056,.T.);
#3056 = EDGE_CURVE('',#3057,#3057,#3059,.T.);
#3057 = VERTEX_POINT('',#3058);
#3058 = CARTESIAN_POINT('',(-44.309897,20.866246,0.));
#3059 = CIRCLE('',#3060,0.95);
#3060 = AXIS2_PLACEMENT_3D('',#3061,#3062,#3063);
#3061 = CARTESIAN_POINT('',(-44.309897,21.816246,0.));
#3062 = DIRECTION('',(-0.,0.,-1.));
#3063 = DIRECTION('',(-0.,-1.,0.));
#3064 = FACE_BOUND('',#3065,.F.);
#3065 = EDGE_LOOP('',(#3066));
#3066 = ORIENTED_EDGE('',*,*,#3067,.T.);
#3067 = EDGE_CURVE('',#3068,#3068,#3070,.T.);
#3068 = VERTEX_POINT('',#3069);
#3069 = CARTESIAN_POINT('',(-56.02227,27.604141,0.));
#3070 = CIRCLE('',#3071,2.525);
#3071 = AXIS2_PLACEMENT_3D('',#3072,#3073,#3074);
#3072 = CARTESIAN_POINT('',(-56.02227,30.129141,0.));
#3073 = DIRECTION('',(-0.,0.,-1.));
#3074 = DIRECTION('',(-0.,-1.,0.));
#3075 = FACE_BOUND('',#3076,.F.);
#3076 = EDGE_LOOP('',(#3077));
#3077 = ORIENTED_EDGE('',*,*,#3078,.T.);
#3078 = EDGE_CURVE('',#3079,#3079,#3081,.T.);
#3079 = VERTEX_POINT('',#3080);
#3080 = CARTESIAN_POINT('',(-50.735331,27.663136,0.));
#3081 = CIRCLE('',#3082,0.95);
#3082 = AXIS2_PLACEMENT_3D('',#3083,#3084,#3085);
#3083 = CARTESIAN_POINT('',(-50.735331,28.613136,0.));
#3084 = DIRECTION('',(-0.,0.,-1.));
#3085 = DIRECTION('',(-0.,-1.,0.));
#3086 = FACE_BOUND('',#3087,.F.);
#3087 = EDGE_LOOP('',(#3088));
#3088 = ORIENTED_EDGE('',*,*,#3089,.T.);
#3089 = EDGE_CURVE('',#3090,#3090,#3092,.T.);
#3090 = VERTEX_POINT('',#3091);
#3091 = CARTESIAN_POINT('',(-47.613473,26.402492,0.));
#3092 = CIRCLE('',#3093,0.4);
#3093 = AXIS2_PLACEMENT_3D('',#3094,#3095,#3096);
#3094 = CARTESIAN_POINT('',(-47.613473,26.802492,0.));
#3095 = DIRECTION('',(-0.,0.,-1.));
#3096 = DIRECTION('',(-0.,-1.,0.));
#3097 = FACE_BOUND('',#3098,.F.);
#3098 = EDGE_LOOP('',(#3099));
#3099 = ORIENTED_EDGE('',*,*,#3100,.T.);
#3100 = EDGE_CURVE('',#3101,#3101,#3103,.T.);
#3101 = VERTEX_POINT('',#3102);
#3102 = CARTESIAN_POINT('',(-61.309209,30.695146,0.));
#3103 = CIRCLE('',#3104,0.95);
#3104 = AXIS2_PLACEMENT_3D('',#3105,#3106,#3107);
#3105 = CARTESIAN_POINT('',(-61.309209,31.645146,0.));
#3106 = DIRECTION('',(-0.,0.,-1.));
#3107 = DIRECTION('',(-7.479397218527E-15,-1.,0.));
#3108 = FACE_BOUND('',#3109,.F.);
#3109 = EDGE_LOOP('',(#3110));
#3110 = ORIENTED_EDGE('',*,*,#3111,.T.);
#3111 = EDGE_CURVE('',#3112,#3112,#3114,.T.);
#3112 = VERTEX_POINT('',#3113);
#3113 = CARTESIAN_POINT('',(-79.247425,35.58573,0.));
#3114 = CIRCLE('',#3115,0.8);
#3115 = AXIS2_PLACEMENT_3D('',#3116,#3117,#3118);
#3116 = CARTESIAN_POINT('',(-79.247425,36.38573,0.));
#3117 = DIRECTION('',(-0.,0.,-1.));
#3118 = DIRECTION('',(-1.7763568394E-14,-1.,0.));
#3119 = FACE_BOUND('',#3120,.F.);
#3120 = EDGE_LOOP('',(#3121));
#3121 = ORIENTED_EDGE('',*,*,#3122,.T.);
#3122 = EDGE_CURVE('',#3123,#3123,#3125,.T.);
#3123 = VERTEX_POINT('',#3124);
#3124 = CARTESIAN_POINT('',(-73.021584,37.433041,0.));
#3125 = CIRCLE('',#3126,2.525);
#3126 = AXIS2_PLACEMENT_3D('',#3127,#3128,#3129);
#3127 = CARTESIAN_POINT('',(-73.021584,39.958041,0.));
#3128 = DIRECTION('',(-0.,0.,-1.));
#3129 = DIRECTION('',(-5.628061273347E-15,-1.,0.));
#3130 = FACE_BOUND('',#3131,.F.);
#3131 = EDGE_LOOP('',(#3132));
#3132 = ORIENTED_EDGE('',*,*,#3133,.T.);
#3133 = EDGE_CURVE('',#3134,#3134,#3136,.T.);
#3134 = VERTEX_POINT('',#3135);
#3135 = CARTESIAN_POINT('',(-64.612785,36.231394,0.));
#3136 = CIRCLE('',#3137,0.4);
#3137 = AXIS2_PLACEMENT_3D('',#3138,#3139,#3140);
#3138 = CARTESIAN_POINT('',(-64.612785,36.631394,0.));
#3139 = DIRECTION('',(-0.,0.,-1.));
#3140 = DIRECTION('',(-0.,-1.,0.));
#3141 = FACE_BOUND('',#3142,.F.);
#3142 = EDGE_LOOP('',(#3143));
#3143 = ORIENTED_EDGE('',*,*,#3144,.T.);
#3144 = EDGE_CURVE('',#3145,#3145,#3147,.T.);
#3145 = VERTEX_POINT('',#3146);
#3146 = CARTESIAN_POINT('',(-67.734645,37.492036,0.));
#3147 = CIRCLE('',#3148,0.95);
#3148 = AXIS2_PLACEMENT_3D('',#3149,#3150,#3151);
#3149 = CARTESIAN_POINT('',(-67.734645,38.442036,0.));
#3150 = DIRECTION('',(-0.,0.,-1.));
#3151 = DIRECTION('',(-0.,-1.,0.));
#3152 = FACE_BOUND('',#3153,.F.);
#3153 = EDGE_LOOP('',(#3154));
#3154 = ORIENTED_EDGE('',*,*,#3155,.T.);
#3155 = EDGE_CURVE('',#3156,#3156,#3158,.T.);
#3156 = VERTEX_POINT('',#3157);
#3157 = CARTESIAN_POINT('',(-50.16854,30.878748,0.));
#3158 = CIRCLE('',#3159,1.525);
#3159 = AXIS2_PLACEMENT_3D('',#3160,#3161,#3162);
#3160 = CARTESIAN_POINT('',(-50.16854,32.403748,0.));
#3161 = DIRECTION('',(-0.,0.,-1.));
#3162 = DIRECTION('',(-0.,-1.,0.));
#3163 = FACE_BOUND('',#3164,.F.);
#3164 = EDGE_LOOP('',(#3165));
#3165 = ORIENTED_EDGE('',*,*,#3166,.T.);
#3166 = EDGE_CURVE('',#3167,#3167,#3169,.T.);
#3167 = VERTEX_POINT('',#3168);
#3168 = CARTESIAN_POINT('',(-39.997907,34.239965,0.));
#3169 = CIRCLE('',#3170,0.8);
#3170 = AXIS2_PLACEMENT_3D('',#3171,#3172,#3173);
#3171 = CARTESIAN_POINT('',(-39.997907,35.039965,0.));
#3172 = DIRECTION('',(-0.,0.,-1.));
#3173 = DIRECTION('',(-0.,-1.,0.));
#3174 = FACE_BOUND('',#3175,.F.);
#3175 = EDGE_LOOP('',(#3176));
#3176 = ORIENTED_EDGE('',*,*,#3177,.T.);
#3177 = EDGE_CURVE('',#3178,#3178,#3180,.T.);
#3178 = VERTEX_POINT('',#3179);
#3179 = CARTESIAN_POINT('',(-54.39601,34.275585,0.));
#3180 = CIRCLE('',#3181,1.525);
#3181 = AXIS2_PLACEMENT_3D('',#3182,#3183,#3184);
#3182 = CARTESIAN_POINT('',(-54.39601,35.800585,0.));
#3183 = DIRECTION('',(-0.,0.,-1.));
#3184 = DIRECTION('',(4.659296627935E-15,-1.,-0.));
#3185 = FACE_BOUND('',#3186,.F.);
#3186 = EDGE_LOOP('',(#3187));
#3187 = ORIENTED_EDGE('',*,*,#3188,.T.);
#3188 = EDGE_CURVE('',#3189,#3189,#3191,.T.);
#3189 = VERTEX_POINT('',#3190);
#3190 = CARTESIAN_POINT('',(-44.462941,37.389716,0.));
#3191 = CIRCLE('',#3192,0.4);
#3192 = AXIS2_PLACEMENT_3D('',#3193,#3194,#3195);
#3193 = CARTESIAN_POINT('',(-44.462941,37.789716,0.));
#3194 = DIRECTION('',(-0.,0.,-1.));
#3195 = DIRECTION('',(-0.,-1.,0.));
#3196 = FACE_BOUND('',#3197,.F.);
#3197 = EDGE_LOOP('',(#3198));
#3198 = ORIENTED_EDGE('',*,*,#3199,.T.);
#3199 = EDGE_CURVE('',#3200,#3200,#3202,.T.);
#3200 = VERTEX_POINT('',#3201);
#3201 = CARTESIAN_POINT('',(-39.022958,17.775241,0.));
#3202 = CIRCLE('',#3203,2.525);
#3203 = AXIS2_PLACEMENT_3D('',#3204,#3205,#3206);
#3204 = CARTESIAN_POINT('',(-39.022958,20.300241,0.));
#3205 = DIRECTION('',(-0.,0.,-1.));
#3206 = DIRECTION('',(-0.,-1.,0.));
#3207 = FACE_BOUND('',#3208,.F.);
#3208 = EDGE_LOOP('',(#3209));
#3209 = ORIENTED_EDGE('',*,*,#3210,.T.);
#3210 = EDGE_CURVE('',#3211,#3211,#3213,.T.);
#3211 = VERTEX_POINT('',#3212);
#3212 = CARTESIAN_POINT('',(-33.169228,21.049848,0.));
#3213 = CIRCLE('',#3214,1.525);
#3214 = AXIS2_PLACEMENT_3D('',#3215,#3216,#3217);
#3215 = CARTESIAN_POINT('',(-33.169228,22.574848,0.));
#3216 = DIRECTION('',(-0.,0.,-1.));
#3217 = DIRECTION('',(4.659296627935E-15,-1.,-0.));
#3218 = FACE_BOUND('',#3219,.F.);
#3219 = EDGE_LOOP('',(#3220));
#3220 = ORIENTED_EDGE('',*,*,#3221,.T.);
#3221 = EDGE_CURVE('',#3222,#3222,#3224,.T.);
#3222 = VERTEX_POINT('',#3223);
#3223 = CARTESIAN_POINT('',(-37.396698,24.446685,0.));
#3224 = CIRCLE('',#3225,1.525);
#3225 = AXIS2_PLACEMENT_3D('',#3226,#3227,#3228);
#3226 = CARTESIAN_POINT('',(-37.396698,25.971685,0.));
#3227 = DIRECTION('',(-0.,0.,-1.));
#3228 = DIRECTION('',(-0.,-1.,0.));
#3229 = FACE_BOUND('',#3230,.F.);
#3230 = EDGE_LOOP('',(#3231));
#3231 = ORIENTED_EDGE('',*,*,#3232,.T.);
#3232 = EDGE_CURVE('',#3233,#3233,#3235,.T.);
#3233 = VERTEX_POINT('',#3234);
#3234 = CARTESIAN_POINT('',(-27.463629,27.560815,0.));
#3235 = CIRCLE('',#3236,0.4);
#3236 = AXIS2_PLACEMENT_3D('',#3237,#3238,#3239);
#3237 = CARTESIAN_POINT('',(-27.463629,27.960815,0.));
#3238 = DIRECTION('',(-0.,0.,-1.));
#3239 = DIRECTION('',(-8.881784197001E-15,-1.,0.));
#3240 = FACE_BOUND('',#3241,.F.);
#3241 = EDGE_LOOP('',(#3242));
#3242 = ORIENTED_EDGE('',*,*,#3243,.T.);
#3243 = EDGE_CURVE('',#3244,#3244,#3246,.T.);
#3244 = VERTEX_POINT('',#3245);
#3245 = CARTESIAN_POINT('',(-8.89,19.802373,0.));
#3246 = CIRCLE('',#3247,0.51);
#3247 = AXIS2_PLACEMENT_3D('',#3248,#3249,#3250);
#3248 = CARTESIAN_POINT('',(-8.89,20.312373,0.));
#3249 = DIRECTION('',(-0.,0.,-1.));
#3250 = DIRECTION('',(-0.,-1.,0.));
#3251 = FACE_BOUND('',#3252,.F.);
#3252 = EDGE_LOOP('',(#3253));
#3253 = ORIENTED_EDGE('',*,*,#3254,.T.);
#3254 = EDGE_CURVE('',#3255,#3255,#3257,.T.);
#3255 = VERTEX_POINT('',#3256);
#3256 = CARTESIAN_POINT('',(-2.54,20.032373,0.));
#3257 = CIRCLE('',#3258,0.51);
#3258 = AXIS2_PLACEMENT_3D('',#3259,#3260,#3261);
#3259 = CARTESIAN_POINT('',(-2.54,20.542373,0.));
#3260 = DIRECTION('',(-0.,0.,-1.));
#3261 = DIRECTION('',(-0.,-1.,0.));
#3262 = FACE_BOUND('',#3263,.F.);
#3263 = EDGE_LOOP('',(#3264));
#3264 = ORIENTED_EDGE('',*,*,#3265,.T.);
#3265 = EDGE_CURVE('',#3266,#3266,#3268,.T.);
#3266 = VERTEX_POINT('',#3267);
#3267 = CARTESIAN_POINT('',(-8.89,22.342373,0.));
#3268 = CIRCLE('',#3269,0.51);
#3269 = AXIS2_PLACEMENT_3D('',#3270,#3271,#3272);
#3270 = CARTESIAN_POINT('',(-8.89,22.852373,0.));
#3271 = DIRECTION('',(-0.,0.,-1.));
#3272 = DIRECTION('',(-0.,-1.,0.));
#3273 = FACE_BOUND('',#3274,.F.);
#3274 = EDGE_LOOP('',(#3275));
#3275 = ORIENTED_EDGE('',*,*,#3276,.T.);
#3276 = EDGE_CURVE('',#3277,#3277,#3279,.T.);
#3277 = VERTEX_POINT('',#3278);
#3278 = CARTESIAN_POINT('',(-8.89,24.882373,0.));
#3279 = CIRCLE('',#3280,0.51);
#3280 = AXIS2_PLACEMENT_3D('',#3281,#3282,#3283);
#3281 = CARTESIAN_POINT('',(-8.89,25.392373,0.));
#3282 = DIRECTION('',(-0.,0.,-1.));
#3283 = DIRECTION('',(-0.,-1.,0.));
#3284 = FACE_BOUND('',#3285,.F.);
#3285 = EDGE_LOOP('',(#3286));
#3286 = ORIENTED_EDGE('',*,*,#3287,.T.);
#3287 = EDGE_CURVE('',#3288,#3288,#3290,.T.);
#3288 = VERTEX_POINT('',#3289);
#3289 = CARTESIAN_POINT('',(-8.89,27.422373,0.));
#3290 = CIRCLE('',#3291,0.51);
#3291 = AXIS2_PLACEMENT_3D('',#3292,#3293,#3294);
#3292 = CARTESIAN_POINT('',(-8.89,27.932373,0.));
#3293 = DIRECTION('',(-0.,0.,-1.));
#3294 = DIRECTION('',(-0.,-1.,0.));
#3295 = FACE_BOUND('',#3296,.F.);
#3296 = EDGE_LOOP('',(#3297));
#3297 = ORIENTED_EDGE('',*,*,#3298,.T.);
#3298 = EDGE_CURVE('',#3299,#3299,#3301,.T.);
#3299 = VERTEX_POINT('',#3300);
#3300 = CARTESIAN_POINT('',(-25.363269,34.885628,0.));
#3301 = CIRCLE('',#3302,0.4);
#3302 = AXIS2_PLACEMENT_3D('',#3303,#3304,#3305);
#3303 = CARTESIAN_POINT('',(-25.363269,35.285628,0.));
#3304 = DIRECTION('',(-0.,0.,-1.));
#3305 = DIRECTION('',(8.881784197001E-15,-1.,-0.));
#3306 = FACE_BOUND('',#3307,.F.);
#3307 = EDGE_LOOP('',(#3308));
#3308 = ORIENTED_EDGE('',*,*,#3309,.T.);
#3309 = EDGE_CURVE('',#3310,#3310,#3312,.T.);
#3310 = VERTEX_POINT('',#3311);
#3311 = CARTESIAN_POINT('',(-39.059005,39.178281,0.));
#3312 = CIRCLE('',#3313,0.95);
#3313 = AXIS2_PLACEMENT_3D('',#3314,#3315,#3316);
#3314 = CARTESIAN_POINT('',(-39.059005,40.128281,0.));
#3315 = DIRECTION('',(-0.,0.,-1.));
#3316 = DIRECTION('',(-0.,-1.,0.));
#3317 = FACE_BOUND('',#3318,.F.);
#3318 = EDGE_LOOP('',(#3319));
#3319 = ORIENTED_EDGE('',*,*,#3320,.T.);
#3320 = EDGE_CURVE('',#3321,#3321,#3323,.T.);
#3321 = VERTEX_POINT('',#3322);
#3322 = CARTESIAN_POINT('',(-33.772066,36.087276,0.));
#3323 = CIRCLE('',#3324,2.525);
#3324 = AXIS2_PLACEMENT_3D('',#3325,#3326,#3327);
#3325 = CARTESIAN_POINT('',(-33.772066,38.612276,0.));
#3326 = DIRECTION('',(-0.,0.,-1.));
#3327 = DIRECTION('',(-0.,-1.,0.));
#3328 = FACE_BOUND('',#3329,.F.);
#3329 = EDGE_LOOP('',(#3330));
#3330 = ORIENTED_EDGE('',*,*,#3331,.T.);
#3331 = EDGE_CURVE('',#3332,#3332,#3334,.T.);
#3332 = VERTEX_POINT('',#3333);
#3333 = CARTESIAN_POINT('',(-28.485127,36.146271,0.));
#3334 = CIRCLE('',#3335,0.95);
#3335 = AXIS2_PLACEMENT_3D('',#3336,#3337,#3338);
#3336 = CARTESIAN_POINT('',(-28.485127,37.096271,0.));
#3337 = DIRECTION('',(-0.,0.,-1.));
#3338 = DIRECTION('',(-0.,-1.,0.));
#3339 = FACE_BOUND('',#3340,.F.);
#3340 = EDGE_LOOP('',(#3341));
#3341 = ORIENTED_EDGE('',*,*,#3342,.T.);
#3342 = EDGE_CURVE('',#3343,#3343,#3345,.T.);
#3343 = VERTEX_POINT('',#3344);
#3344 = CARTESIAN_POINT('',(-8.89,29.962373,0.));
#3345 = CIRCLE('',#3346,0.51);
#3346 = AXIS2_PLACEMENT_3D('',#3347,#3348,#3349);
#3347 = CARTESIAN_POINT('',(-8.89,30.472373,0.));
#3348 = DIRECTION('',(-0.,0.,-1.));
#3349 = DIRECTION('',(-0.,-1.,0.));
#3350 = FACE_BOUND('',#3351,.F.);
#3351 = EDGE_LOOP('',(#3352));
#3352 = ORIENTED_EDGE('',*,*,#3353,.T.);
#3353 = EDGE_CURVE('',#3354,#3354,#3356,.T.);
#3354 = VERTEX_POINT('',#3355);
#3355 = CARTESIAN_POINT('',(-8.89,32.502373,0.));
#3356 = CIRCLE('',#3357,0.51);
#3357 = AXIS2_PLACEMENT_3D('',#3358,#3359,#3360);
#3358 = CARTESIAN_POINT('',(-8.89,33.012373,0.));
#3359 = DIRECTION('',(-0.,0.,-1.));
#3360 = DIRECTION('',(-0.,-1.,0.));
#3361 = FACE_BOUND('',#3362,.F.);
#3362 = EDGE_LOOP('',(#3363));
#3363 = ORIENTED_EDGE('',*,*,#3364,.T.);
#3364 = EDGE_CURVE('',#3365,#3365,#3367,.T.);
#3365 = VERTEX_POINT('',#3366);
#3366 = CARTESIAN_POINT('',(-8.89,35.042373,0.));
#3367 = CIRCLE('',#3368,0.51);
#3368 = AXIS2_PLACEMENT_3D('',#3369,#3370,#3371);
#3369 = CARTESIAN_POINT('',(-8.89,35.552373,0.));
#3370 = DIRECTION('',(-0.,0.,-1.));
#3371 = DIRECTION('',(-0.,-1.,0.));
#3372 = FACE_BOUND('',#3373,.F.);
#3373 = EDGE_LOOP('',(#3374));
#3374 = ORIENTED_EDGE('',*,*,#3375,.T.);
#3375 = EDGE_CURVE('',#3376,#3376,#3378,.T.);
#3376 = VERTEX_POINT('',#3377);
#3377 = CARTESIAN_POINT('',(-8.89,37.582373,0.));
#3378 = CIRCLE('',#3379,0.51);
#3379 = AXIS2_PLACEMENT_3D('',#3380,#3381,#3382);
#3380 = CARTESIAN_POINT('',(-8.89,38.092373,0.));
#3381 = DIRECTION('',(-0.,0.,-1.));
#3382 = DIRECTION('',(-0.,-1.,0.));
#3383 = FACE_BOUND('',#3384,.F.);
#3384 = EDGE_LOOP('',(#3385));
#3385 = ORIENTED_EDGE('',*,*,#3386,.T.);
#3386 = EDGE_CURVE('',#3387,#3387,#3389,.T.);
#3387 = VERTEX_POINT('',#3388);
#3388 = CARTESIAN_POINT('',(-139.86947,40.492444,0.));
#3389 = CIRCLE('',#3390,0.8);
#3390 = AXIS2_PLACEMENT_3D('',#3391,#3392,#3393);
#3391 = CARTESIAN_POINT('',(-139.86947,41.292444,0.));
#3392 = DIRECTION('',(-0.,0.,-1.));
#3393 = DIRECTION('',(-3.552713678801E-14,-1.,0.));
#3394 = FACE_BOUND('',#3395,.F.);
#3395 = EDGE_LOOP('',(#3396));
#3396 = ORIENTED_EDGE('',*,*,#3397,.T.);
#3397 = EDGE_CURVE('',#3398,#3398,#3400,.T.);
#3398 = VERTEX_POINT('',#3399);
#3399 = CARTESIAN_POINT('',(-139.287798,45.48386,0.));
#3400 = CIRCLE('',#3401,0.95);
#3401 = AXIS2_PLACEMENT_3D('',#3402,#3403,#3404);
#3402 = CARTESIAN_POINT('',(-139.287798,46.43386,0.));
#3403 = DIRECTION('',(-0.,0.,-1.));
#3404 = DIRECTION('',(-0.,-1.,0.));
#3405 = FACE_BOUND('',#3406,.F.);
#3406 = EDGE_LOOP('',(#3407));
#3407 = ORIENTED_EDGE('',*,*,#3408,.T.);
#3408 = EDGE_CURVE('',#3409,#3409,#3411,.T.);
#3409 = VERTEX_POINT('',#3410);
#3410 = CARTESIAN_POINT('',(-133.907987,42.765346,0.));
#3411 = CIRCLE('',#3412,2.525);
#3412 = AXIS2_PLACEMENT_3D('',#3413,#3414,#3415);
#3413 = CARTESIAN_POINT('',(-133.907987,45.290346,0.));
#3414 = DIRECTION('',(-0.,0.,-1.));
#3415 = DIRECTION('',(-0.,-1.,0.));
#3416 = FACE_BOUND('',#3417,.F.);
#3417 = EDGE_LOOP('',(#3418));
#3418 = ORIENTED_EDGE('',*,*,#3419,.T.);
#3419 = EDGE_CURVE('',#3420,#3420,#3422,.T.);
#3420 = VERTEX_POINT('',#3421);
#3421 = CARTESIAN_POINT('',(-125.287617,42.158371,0.));
#3422 = CIRCLE('',#3423,0.4);
#3423 = AXIS2_PLACEMENT_3D('',#3424,#3425,#3426);
#3424 = CARTESIAN_POINT('',(-125.287617,42.558371,0.));
#3425 = DIRECTION('',(-0.,0.,-1.));
#3426 = DIRECTION('',(3.5527136788E-14,-1.,-0.));
#3427 = FACE_BOUND('',#3428,.F.);
#3428 = EDGE_LOOP('',(#3429));
#3429 = ORIENTED_EDGE('',*,*,#3430,.T.);
#3430 = EDGE_CURVE('',#3431,#3431,#3433,.T.);
#3431 = VERTEX_POINT('',#3432);
#3432 = CARTESIAN_POINT('',(-120.654086,41.523143,0.));
#3433 = CIRCLE('',#3434,0.95);
#3434 = AXIS2_PLACEMENT_3D('',#3435,#3436,#3437);
#3435 = CARTESIAN_POINT('',(-120.654086,42.473143,0.));
#3436 = DIRECTION('',(-0.,0.,-1.));
#3437 = DIRECTION('',(-0.,-1.,0.));
#3438 = FACE_BOUND('',#3439,.F.);
#3439 = EDGE_LOOP('',(#3440));
#3440 = ORIENTED_EDGE('',*,*,#3441,.T.);
#3441 = EDGE_CURVE('',#3442,#3442,#3444,.T.);
#3442 = VERTEX_POINT('',#3443);
#3443 = CARTESIAN_POINT('',(-128.528176,43.196832,0.));
#3444 = CIRCLE('',#3445,0.95);
#3445 = AXIS2_PLACEMENT_3D('',#3446,#3447,#3448);
#3446 = CARTESIAN_POINT('',(-128.528176,44.146832,0.));
#3447 = DIRECTION('',(-0.,0.,-1.));
#3448 = DIRECTION('',(-0.,-1.,0.));
#3449 = FACE_BOUND('',#3450,.F.);
#3450 = EDGE_LOOP('',(#3451));
#3451 = ORIENTED_EDGE('',*,*,#3452,.T.);
#3452 = EDGE_CURVE('',#3453,#3453,#3455,.T.);
#3453 = VERTEX_POINT('',#3454);
#3454 = CARTESIAN_POINT('',(-128.227185,46.442747,0.));
#3455 = CIRCLE('',#3456,1.525);
#3456 = AXIS2_PLACEMENT_3D('',#3457,#3458,#3459);
#3457 = CARTESIAN_POINT('',(-128.227185,47.967747,0.));
#3458 = DIRECTION('',(-0.,0.,-1.));
#3459 = DIRECTION('',(-0.,-1.,0.));
#3460 = FACE_BOUND('',#3461,.F.);
#3461 = EDGE_LOOP('',(#3462));
#3462 = ORIENTED_EDGE('',*,*,#3463,.T.);
#3463 = EDGE_CURVE('',#3464,#3464,#3466,.T.);
#3464 = VERTEX_POINT('',#3465);
#3465 = CARTESIAN_POINT('',(-132.681308,49.536417,0.));
#3466 = CIRCLE('',#3467,1.525);
#3467 = AXIS2_PLACEMENT_3D('',#3468,#3469,#3470);
#3468 = CARTESIAN_POINT('',(-132.681308,51.061417,0.));
#3469 = DIRECTION('',(-0.,0.,-1.));
#3470 = DIRECTION('',(-0.,-1.,0.));
#3471 = FACE_BOUND('',#3472,.F.);
#3472 = EDGE_LOOP('',(#3473));
#3473 = ORIENTED_EDGE('',*,*,#3474,.T.);
#3474 = EDGE_CURVE('',#3475,#3475,#3477,.T.);
#3475 = VERTEX_POINT('',#3476);
#3476 = CARTESIAN_POINT('',(-122.91119,53.338598,0.));
#3477 = CIRCLE('',#3478,0.4);
#3478 = AXIS2_PLACEMENT_3D('',#3479,#3480,#3481);
#3479 = CARTESIAN_POINT('',(-122.91119,53.738598,0.));
#3480 = DIRECTION('',(-0.,0.,-1.));
#3481 = DIRECTION('',(-0.,-1.,0.));
#3482 = FACE_BOUND('',#3483,.F.);
#3483 = EDGE_LOOP('',(#3484));
#3484 = ORIENTED_EDGE('',*,*,#3485,.T.);
#3485 = EDGE_CURVE('',#3486,#3486,#3488,.T.);
#3486 = VERTEX_POINT('',#3487);
#3487 = CARTESIAN_POINT('',(-135.908752,59.126156,0.));
#3488 = CIRCLE('',#3489,0.8);
#3489 = AXIS2_PLACEMENT_3D('',#3490,#3491,#3492);
#3490 = CARTESIAN_POINT('',(-135.908752,59.926156,0.));
#3491 = DIRECTION('',(-0.,0.,-1.));
#3492 = DIRECTION('',(-0.,-1.,0.));
#3493 = FACE_BOUND('',#3494,.F.);
#3494 = EDGE_LOOP('',(#3495));
#3495 = ORIENTED_EDGE('',*,*,#3496,.T.);
#3496 = EDGE_CURVE('',#3497,#3497,#3499,.T.);
#3497 = VERTEX_POINT('',#3498);
#3498 = CARTESIAN_POINT('',(-115.274275,38.804629,0.));
#3499 = CIRCLE('',#3500,2.525);
#3500 = AXIS2_PLACEMENT_3D('',#3501,#3502,#3503);
#3501 = CARTESIAN_POINT('',(-115.274275,41.329629,0.));
#3502 = DIRECTION('',(-0.,0.,-1.));
#3503 = DIRECTION('',(-5.628061273347E-15,-1.,0.));
#3504 = FACE_BOUND('',#3505,.F.);
#3505 = EDGE_LOOP('',(#3506));
#3506 = ORIENTED_EDGE('',*,*,#3507,.T.);
#3507 = EDGE_CURVE('',#3508,#3508,#3510,.T.);
#3508 = VERTEX_POINT('',#3509);
#3509 = CARTESIAN_POINT('',(-109.593473,42.48203,0.));
#3510 = CIRCLE('',#3511,1.525);
#3511 = AXIS2_PLACEMENT_3D('',#3512,#3513,#3514);
#3512 = CARTESIAN_POINT('',(-109.593473,44.00703,0.));
#3513 = DIRECTION('',(-0.,0.,-1.));
#3514 = DIRECTION('',(-9.31859325587E-15,-1.,0.));
#3515 = FACE_BOUND('',#3516,.F.);
#3516 = EDGE_LOOP('',(#3517));
#3517 = ORIENTED_EDGE('',*,*,#3518,.T.);
#3518 = EDGE_CURVE('',#3519,#3519,#3521,.T.);
#3519 = VERTEX_POINT('',#3520);
#3520 = CARTESIAN_POINT('',(-114.047596,45.5757,0.));
#3521 = CIRCLE('',#3522,1.525);
#3522 = AXIS2_PLACEMENT_3D('',#3523,#3524,#3525);
#3523 = CARTESIAN_POINT('',(-114.047596,47.1007,0.));
#3524 = DIRECTION('',(-0.,0.,-1.));
#3525 = DIRECTION('',(-0.,-1.,0.));
#3526 = FACE_BOUND('',#3527,.F.);
#3527 = EDGE_LOOP('',(#3528));
#3528 = ORIENTED_EDGE('',*,*,#3529,.T.);
#3529 = EDGE_CURVE('',#3530,#3530,#3532,.T.);
#3530 = VERTEX_POINT('',#3531);
#3531 = CARTESIAN_POINT('',(-104.277478,49.37788,0.));
#3532 = CIRCLE('',#3533,0.4);
#3533 = AXIS2_PLACEMENT_3D('',#3534,#3535,#3536);
#3534 = CARTESIAN_POINT('',(-104.277478,49.77788,0.));
#3535 = DIRECTION('',(-0.,0.,-1.));
#3536 = DIRECTION('',(-0.,-1.,0.));
#3537 = FACE_BOUND('',#3538,.F.);
#3538 = EDGE_LOOP('',(#3539));
#3539 = ORIENTED_EDGE('',*,*,#3540,.T.);
#3540 = EDGE_CURVE('',#3541,#3541,#3543,.T.);
#3541 = VERTEX_POINT('',#3542);
#3542 = CARTESIAN_POINT('',(-97.93328,41.196929,0.));
#3543 = CIRCLE('',#3544,0.95);
#3544 = AXIS2_PLACEMENT_3D('',#3545,#3546,#3547);
#3545 = CARTESIAN_POINT('',(-97.93328,42.146929,0.));
#3546 = DIRECTION('',(-0.,0.,-1.));
#3547 = DIRECTION('',(-0.,-1.,0.));
#3548 = FACE_BOUND('',#3549,.F.);
#3549 = EDGE_LOOP('',(#3550));
#3550 = ORIENTED_EDGE('',*,*,#3551,.T.);
#3551 = EDGE_CURVE('',#3552,#3552,#3554,.T.);
#3552 = VERTEX_POINT('',#3553);
#3553 = CARTESIAN_POINT('',(-92.646341,38.105924,0.));
#3554 = CIRCLE('',#3555,2.525);
#3555 = AXIS2_PLACEMENT_3D('',#3556,#3557,#3558);
#3556 = CARTESIAN_POINT('',(-92.646341,40.630924,0.));
#3557 = DIRECTION('',(-0.,0.,-1.));
#3558 = DIRECTION('',(-0.,-1.,0.));
#3559 = FACE_BOUND('',#3560,.F.);
#3560 = EDGE_LOOP('',(#3561));
#3561 = ORIENTED_EDGE('',*,*,#3562,.T.);
#3562 = EDGE_CURVE('',#3563,#3563,#3565,.T.);
#3563 = VERTEX_POINT('',#3564);
#3564 = CARTESIAN_POINT('',(-86.792611,41.380531,0.));
#3565 = CIRCLE('',#3566,1.525);
#3566 = AXIS2_PLACEMENT_3D('',#3567,#3568,#3569);
#3567 = CARTESIAN_POINT('',(-86.792611,42.905531,0.));
#3568 = DIRECTION('',(-0.,0.,-1.));
#3569 = DIRECTION('',(-0.,-1.,0.));
#3570 = FACE_BOUND('',#3571,.F.);
#3571 = EDGE_LOOP('',(#3572));
#3572 = ORIENTED_EDGE('',*,*,#3573,.T.);
#3573 = EDGE_CURVE('',#3574,#3574,#3576,.T.);
#3574 = VERTEX_POINT('',#3575);
#3575 = CARTESIAN_POINT('',(-91.020081,44.777368,0.));
#3576 = CIRCLE('',#3577,1.525);
#3577 = AXIS2_PLACEMENT_3D('',#3578,#3579,#3580);
#3578 = CARTESIAN_POINT('',(-91.020081,46.302368,0.));
#3579 = DIRECTION('',(-0.,0.,-1.));
#3580 = DIRECTION('',(-0.,-1.,0.));
#3581 = FACE_BOUND('',#3582,.F.);
#3582 = EDGE_LOOP('',(#3583));
#3583 = ORIENTED_EDGE('',*,*,#3584,.T.);
#3584 = EDGE_CURVE('',#3585,#3585,#3587,.T.);
#3585 = VERTEX_POINT('',#3586);
#3586 = CARTESIAN_POINT('',(-81.087012,47.8915,0.));
#3587 = CIRCLE('',#3588,0.4);
#3588 = AXIS2_PLACEMENT_3D('',#3589,#3590,#3591);
#3589 = CARTESIAN_POINT('',(-81.087012,48.2915,0.));
#3590 = DIRECTION('',(-0.,0.,-1.));
#3591 = DIRECTION('',(-3.552713678801E-14,-1.,0.));
#3592 = FACE_BOUND('',#3593,.F.);
#3593 = EDGE_LOOP('',(#3594));
#3594 = ORIENTED_EDGE('',*,*,#3595,.T.);
#3595 = EDGE_CURVE('',#3596,#3596,#3598,.T.);
#3596 = VERTEX_POINT('',#3597);
#3597 = CARTESIAN_POINT('',(-117.275041,55.165438,0.));
#3598 = CIRCLE('',#3599,0.8);
#3599 = AXIS2_PLACEMENT_3D('',#3600,#3601,#3602);
#3600 = CARTESIAN_POINT('',(-117.275041,55.965438,0.));
#3601 = DIRECTION('',(-0.,0.,-1.));
#3602 = DIRECTION('',(-0.,-1.,0.));
#3603 = FACE_BOUND('',#3604,.F.);
#3604 = EDGE_LOOP('',(#3605));
#3605 = ORIENTED_EDGE('',*,*,#3606,.T.);
#3606 = EDGE_CURVE('',#3607,#3607,#3609,.T.);
#3607 = VERTEX_POINT('',#3608);
#3608 = CARTESIAN_POINT('',(-111.313558,57.43834,0.));
#3609 = CIRCLE('',#3610,2.525);
#3610 = AXIS2_PLACEMENT_3D('',#3611,#3612,#3613);
#3611 = CARTESIAN_POINT('',(-111.313558,59.96334,0.));
#3612 = DIRECTION('',(-0.,0.,-1.));
#3613 = DIRECTION('',(-0.,-1.,0.));
#3614 = FACE_BOUND('',#3615,.F.);
#3615 = EDGE_LOOP('',(#3616));
#3616 = ORIENTED_EDGE('',*,*,#3617,.T.);
#3617 = EDGE_CURVE('',#3618,#3618,#3620,.T.);
#3618 = VERTEX_POINT('',#3619);
#3619 = CARTESIAN_POINT('',(-102.693188,56.831364,0.));
#3620 = CIRCLE('',#3621,0.4);
#3621 = AXIS2_PLACEMENT_3D('',#3622,#3623,#3624);
#3622 = CARTESIAN_POINT('',(-102.693188,57.231364,0.));
#3623 = DIRECTION('',(-0.,0.,-1.));
#3624 = DIRECTION('',(-3.552713678801E-14,-1.,0.));
#3625 = FACE_BOUND('',#3626,.F.);
#3626 = EDGE_LOOP('',(#3627));
#3627 = ORIENTED_EDGE('',*,*,#3628,.T.);
#3628 = EDGE_CURVE('',#3629,#3629,#3631,.T.);
#3629 = VERTEX_POINT('',#3630);
#3630 = CARTESIAN_POINT('',(-105.933747,57.869826,0.));
#3631 = CIRCLE('',#3632,0.95);
#3632 = AXIS2_PLACEMENT_3D('',#3633,#3634,#3635);
#3633 = CARTESIAN_POINT('',(-105.933747,58.819826,0.));
#3634 = DIRECTION('',(-0.,0.,-1.));
#3635 = DIRECTION('',(-0.,-1.,0.));
#3636 = FACE_BOUND('',#3637,.F.);
#3637 = EDGE_LOOP('',(#3638));
#3638 = ORIENTED_EDGE('',*,*,#3639,.T.);
#3639 = EDGE_CURVE('',#3640,#3640,#3642,.T.);
#3640 = VERTEX_POINT('',#3641);
#3641 = CARTESIAN_POINT('',(-93.621291,54.570648,0.));
#3642 = CIRCLE('',#3643,0.8);
#3643 = AXIS2_PLACEMENT_3D('',#3644,#3645,#3646);
#3644 = CARTESIAN_POINT('',(-93.621291,55.370648,0.));
#3645 = DIRECTION('',(-0.,0.,-1.));
#3646 = DIRECTION('',(-0.,-1.,0.));
#3647 = FACE_BOUND('',#3648,.F.);
#3648 = EDGE_LOOP('',(#3649));
#3649 = ORIENTED_EDGE('',*,*,#3650,.T.);
#3650 = EDGE_CURVE('',#3651,#3651,#3653,.T.);
#3651 = VERTEX_POINT('',#3652);
#3652 = CARTESIAN_POINT('',(-92.682389,59.508964,0.));
#3653 = CIRCLE('',#3654,0.95);
#3654 = AXIS2_PLACEMENT_3D('',#3655,#3656,#3657);
#3655 = CARTESIAN_POINT('',(-92.682389,60.458964,0.));
#3656 = DIRECTION('',(-0.,0.,-1.));
#3657 = DIRECTION('',(-0.,-1.,0.));
#3658 = FACE_BOUND('',#3659,.F.);
#3659 = EDGE_LOOP('',(#3660));
#3660 = ORIENTED_EDGE('',*,*,#3661,.T.);
#3661 = EDGE_CURVE('',#3662,#3662,#3664,.T.);
#3662 = VERTEX_POINT('',#3663);
#3663 = CARTESIAN_POINT('',(-82.108511,56.476954,0.));
#3664 = CIRCLE('',#3665,0.95);
#3665 = AXIS2_PLACEMENT_3D('',#3666,#3667,#3668);
#3666 = CARTESIAN_POINT('',(-82.108511,57.426954,0.));
#3667 = DIRECTION('',(-0.,0.,-1.));
#3668 = DIRECTION('',(-0.,-1.,0.));
#3669 = FACE_BOUND('',#3670,.F.);
#3670 = EDGE_LOOP('',(#3671));
#3671 = ORIENTED_EDGE('',*,*,#3672,.T.);
#3672 = EDGE_CURVE('',#3673,#3673,#3675,.T.);
#3673 = VERTEX_POINT('',#3674);
#3674 = CARTESIAN_POINT('',(-87.39545,56.417959,0.));
#3675 = CIRCLE('',#3676,2.525);
#3676 = AXIS2_PLACEMENT_3D('',#3677,#3678,#3679);
#3677 = CARTESIAN_POINT('',(-87.39545,58.942959,0.));
#3678 = DIRECTION('',(-0.,0.,-1.));
#3679 = DIRECTION('',(5.628061273347E-15,-1.,-0.));
#3680 = FACE_BOUND('',#3681,.F.);
#3681 = EDGE_LOOP('',(#3682));
#3682 = ORIENTED_EDGE('',*,*,#3683,.T.);
#3683 = EDGE_CURVE('',#3684,#3684,#3686,.T.);
#3684 = VERTEX_POINT('',#3685);
#3685 = CARTESIAN_POINT('',(-135.32708,64.117572,0.));
#3686 = CIRCLE('',#3687,0.95);
#3687 = AXIS2_PLACEMENT_3D('',#3688,#3689,#3690);
#3688 = CARTESIAN_POINT('',(-135.32708,65.067572,0.));
#3689 = DIRECTION('',(-0.,0.,-1.));
#3690 = DIRECTION('',(2.991758887411E-14,-1.,-0.));
#3691 = FACE_BOUND('',#3692,.F.);
#3692 = EDGE_LOOP('',(#3693));
#3693 = ORIENTED_EDGE('',*,*,#3694,.T.);
#3694 = EDGE_CURVE('',#3695,#3695,#3697,.T.);
#3695 = VERTEX_POINT('',#3696);
#3696 = CARTESIAN_POINT('',(-129.947269,61.399058,0.));
#3697 = CIRCLE('',#3698,2.525);
#3698 = AXIS2_PLACEMENT_3D('',#3699,#3700,#3701);
#3699 = CARTESIAN_POINT('',(-129.947269,63.924058,0.));
#3700 = DIRECTION('',(-0.,0.,-1.));
#3701 = DIRECTION('',(-0.,-1.,0.));
#3702 = FACE_BOUND('',#3703,.F.);
#3703 = EDGE_LOOP('',(#3704));
#3704 = ORIENTED_EDGE('',*,*,#3705,.T.);
#3705 = EDGE_CURVE('',#3706,#3706,#3708,.T.);
#3706 = VERTEX_POINT('',#3707);
#3707 = CARTESIAN_POINT('',(-124.567458,61.830544,0.));
#3708 = CIRCLE('',#3709,0.95);
#3709 = AXIS2_PLACEMENT_3D('',#3710,#3711,#3712);
#3710 = CARTESIAN_POINT('',(-124.567458,62.780544,0.));
#3711 = DIRECTION('',(-0.,0.,-1.));
#3712 = DIRECTION('',(-0.,-1.,0.));
#3713 = FACE_BOUND('',#3714,.F.);
#3714 = EDGE_LOOP('',(#3715));
#3715 = ORIENTED_EDGE('',*,*,#3716,.T.);
#3716 = EDGE_CURVE('',#3717,#3717,#3719,.T.);
#3717 = VERTEX_POINT('',#3718);
#3718 = CARTESIAN_POINT('',(-121.3269,60.792082,0.));
#3719 = CIRCLE('',#3720,0.4);
#3720 = AXIS2_PLACEMENT_3D('',#3721,#3722,#3723);
#3721 = CARTESIAN_POINT('',(-121.3269,61.192082,0.));
#3722 = DIRECTION('',(-0.,0.,-1.));
#3723 = DIRECTION('',(-0.,-1.,0.));
#3724 = FACE_BOUND('',#3725,.F.);
#3725 = EDGE_LOOP('',(#3726));
#3726 = ORIENTED_EDGE('',*,*,#3727,.T.);
#3727 = EDGE_CURVE('',#3728,#3728,#3730,.T.);
#3728 = VERTEX_POINT('',#3729);
#3729 = CARTESIAN_POINT('',(-124.266467,65.076459,0.));
#3730 = CIRCLE('',#3731,1.525);
#3731 = AXIS2_PLACEMENT_3D('',#3732,#3733,#3734);
#3732 = CARTESIAN_POINT('',(-124.266467,66.601459,0.));
#3733 = DIRECTION('',(-0.,0.,-1.));
#3734 = DIRECTION('',(-0.,-1.,0.));
#3735 = FACE_BOUND('',#3736,.F.);
#3736 = EDGE_LOOP('',(#3737));
#3737 = ORIENTED_EDGE('',*,*,#3738,.T.);
#3738 = EDGE_CURVE('',#3739,#3739,#3741,.T.);
#3739 = VERTEX_POINT('',#3740);
#3740 = CARTESIAN_POINT('',(-128.72059,68.170129,0.));
#3741 = CIRCLE('',#3742,1.525);
#3742 = AXIS2_PLACEMENT_3D('',#3743,#3744,#3745);
#3743 = CARTESIAN_POINT('',(-128.72059,69.695129,0.));
#3744 = DIRECTION('',(-0.,0.,-1.));
#3745 = DIRECTION('',(-0.,-1.,0.));
#3746 = FACE_BOUND('',#3747,.F.);
#3747 = EDGE_LOOP('',(#3748));
#3748 = ORIENTED_EDGE('',*,*,#3749,.T.);
#3749 = EDGE_CURVE('',#3750,#3750,#3752,.T.);
#3750 = VERTEX_POINT('',#3751);
#3751 = CARTESIAN_POINT('',(-140.651596,78.658125,0.));
#3752 = CIRCLE('',#3753,1.1);
#3753 = AXIS2_PLACEMENT_3D('',#3754,#3755,#3756);
#3754 = CARTESIAN_POINT('',(-140.651596,79.758125,0.));
#3755 = DIRECTION('',(-0.,0.,-1.));
#3756 = DIRECTION('',(-2.5837917664E-14,-1.,0.));
#3757 = FACE_BOUND('',#3758,.F.);
#3758 = EDGE_LOOP('',(#3759));
#3759 = ORIENTED_EDGE('',*,*,#3760,.T.);
#3760 = EDGE_CURVE('',#3761,#3761,#3763,.T.);
#3761 = VERTEX_POINT('',#3762);
#3762 = CARTESIAN_POINT('',(-116.693369,60.156854,0.));
#3763 = CIRCLE('',#3764,0.95);
#3764 = AXIS2_PLACEMENT_3D('',#3765,#3766,#3767);
#3765 = CARTESIAN_POINT('',(-116.693369,61.106854,0.));
#3766 = DIRECTION('',(-0.,0.,-1.));
#3767 = DIRECTION('',(-0.,-1.,0.));
#3768 = FACE_BOUND('',#3769,.F.);
#3769 = EDGE_LOOP('',(#3770));
#3770 = ORIENTED_EDGE('',*,*,#3771,.T.);
#3771 = EDGE_CURVE('',#3772,#3772,#3774,.T.);
#3772 = VERTEX_POINT('',#3773);
#3773 = CARTESIAN_POINT('',(-105.632756,61.115741,0.));
#3774 = CIRCLE('',#3775,1.525);
#3775 = AXIS2_PLACEMENT_3D('',#3776,#3777,#3778);
#3776 = CARTESIAN_POINT('',(-105.632756,62.640741,0.));
#3777 = DIRECTION('',(-0.,0.,-1.));
#3778 = DIRECTION('',(-0.,-1.,0.));
#3779 = FACE_BOUND('',#3780,.F.);
#3780 = EDGE_LOOP('',(#3781));
#3781 = ORIENTED_EDGE('',*,*,#3782,.T.);
#3782 = EDGE_CURVE('',#3783,#3783,#3785,.T.);
#3783 = VERTEX_POINT('',#3784);
#3784 = CARTESIAN_POINT('',(-110.086879,64.209411,0.));
#3785 = CIRCLE('',#3786,1.525);
#3786 = AXIS2_PLACEMENT_3D('',#3787,#3788,#3789);
#3787 = CARTESIAN_POINT('',(-110.086879,65.734411,0.));
#3788 = DIRECTION('',(-0.,0.,-1.));
#3789 = DIRECTION('',(9.31859325587E-15,-1.,-0.));
#3790 = FACE_BOUND('',#3791,.F.);
#3791 = EDGE_LOOP('',(#3792));
#3792 = ORIENTED_EDGE('',*,*,#3793,.T.);
#3793 = EDGE_CURVE('',#3794,#3794,#3796,.T.);
#3794 = VERTEX_POINT('',#3795);
#3795 = CARTESIAN_POINT('',(-81.54172,59.692566,0.));
#3796 = CIRCLE('',#3797,1.525);
#3797 = AXIS2_PLACEMENT_3D('',#3798,#3799,#3800);
#3798 = CARTESIAN_POINT('',(-81.54172,61.217566,0.));
#3799 = DIRECTION('',(-0.,0.,-1.));
#3800 = DIRECTION('',(-0.,-1.,0.));
#3801 = FACE_BOUND('',#3802,.F.);
#3802 = EDGE_LOOP('',(#3803));
#3803 = ORIENTED_EDGE('',*,*,#3804,.T.);
#3804 = EDGE_CURVE('',#3805,#3805,#3807,.T.);
#3805 = VERTEX_POINT('',#3806);
#3806 = CARTESIAN_POINT('',(-85.76919,63.089403,0.));
#3807 = CIRCLE('',#3808,1.525);
#3808 = AXIS2_PLACEMENT_3D('',#3809,#3810,#3811);
#3809 = CARTESIAN_POINT('',(-85.76919,64.614403,0.));
#3810 = DIRECTION('',(-0.,0.,-1.));
#3811 = DIRECTION('',(9.31859325587E-15,-1.,-0.));
#3812 = FACE_BOUND('',#3813,.F.);
#3813 = EDGE_LOOP('',(#3814));
#3814 = ORIENTED_EDGE('',*,*,#3815,.T.);
#3815 = EDGE_CURVE('',#3816,#3816,#3818,.T.);
#3816 = VERTEX_POINT('',#3817);
#3817 = CARTESIAN_POINT('',(-96.969174,74.385153,0.));
#3818 = CIRCLE('',#3819,1.1);
#3819 = AXIS2_PLACEMENT_3D('',#3820,#3821,#3822);
#3820 = CARTESIAN_POINT('',(-96.969174,75.485153,0.));
#3821 = DIRECTION('',(-0.,0.,-1.));
#3822 = DIRECTION('',(1.2918958832E-14,-1.,-0.));
#3823 = FACE_BOUND('',#3824,.F.);
#3824 = EDGE_LOOP('',(#3825));
#3825 = ORIENTED_EDGE('',*,*,#3826,.T.);
#3826 = EDGE_CURVE('',#3827,#3827,#3829,.T.);
#3827 = VERTEX_POINT('',#3828);
#3828 = CARTESIAN_POINT('',(-78.308523,40.524046,0.));
#3829 = CIRCLE('',#3830,0.95);
#3830 = AXIS2_PLACEMENT_3D('',#3831,#3832,#3833);
#3831 = CARTESIAN_POINT('',(-78.308523,41.474046,0.));
#3832 = DIRECTION('',(-0.,0.,-1.));
#3833 = DIRECTION('',(1.495879443705E-14,-1.,-0.));
#3834 = FACE_BOUND('',#3835,.F.);
#3835 = EDGE_LOOP('',(#3836));
#3836 = ORIENTED_EDGE('',*,*,#3837,.T.);
#3837 = EDGE_CURVE('',#3838,#3838,#3840,.T.);
#3838 = VERTEX_POINT('',#3839);
#3839 = CARTESIAN_POINT('',(-67.167854,40.707648,0.));
#3840 = CIRCLE('',#3841,1.525);
#3841 = AXIS2_PLACEMENT_3D('',#3842,#3843,#3844);
#3842 = CARTESIAN_POINT('',(-67.167854,42.232648,0.));
#3843 = DIRECTION('',(-0.,0.,-1.));
#3844 = DIRECTION('',(-0.,-1.,0.));
#3845 = FACE_BOUND('',#3846,.F.);
#3846 = EDGE_LOOP('',(#3847));
#3847 = ORIENTED_EDGE('',*,*,#3848,.T.);
#3848 = EDGE_CURVE('',#3849,#3849,#3851,.T.);
#3849 = VERTEX_POINT('',#3850);
#3850 = CARTESIAN_POINT('',(-71.395324,44.104485,0.));
#3851 = CIRCLE('',#3852,1.525);
#3852 = AXIS2_PLACEMENT_3D('',#3853,#3854,#3855);
#3853 = CARTESIAN_POINT('',(-71.395324,45.629485,0.));
#3854 = DIRECTION('',(-0.,0.,-1.));
#3855 = DIRECTION('',(-9.31859325587E-15,-1.,0.));
#3856 = FACE_BOUND('',#3857,.F.);
#3857 = EDGE_LOOP('',(#3858));
#3858 = ORIENTED_EDGE('',*,*,#3859,.T.);
#3859 = EDGE_CURVE('',#3860,#3860,#3862,.T.);
#3860 = VERTEX_POINT('',#3861);
#3861 = CARTESIAN_POINT('',(-61.462254,47.218617,0.));
#3862 = CIRCLE('',#3863,0.4);
#3863 = AXIS2_PLACEMENT_3D('',#3864,#3865,#3866);
#3864 = CARTESIAN_POINT('',(-61.462254,47.618617,0.));
#3865 = DIRECTION('',(-0.,0.,-1.));
#3866 = DIRECTION('',(-0.,-1.,0.));
#3867 = FACE_BOUND('',#3868,.F.);
#3868 = EDGE_LOOP('',(#3869));
#3869 = ORIENTED_EDGE('',*,*,#3870,.T.);
#3870 = EDGE_CURVE('',#3871,#3871,#3873,.T.);
#3871 = VERTEX_POINT('',#3872);
#3872 = CARTESIAN_POINT('',(-56.99722,44.068866,0.));
#3873 = CIRCLE('',#3874,0.8);
#3874 = AXIS2_PLACEMENT_3D('',#3875,#3876,#3877);
#3875 = CARTESIAN_POINT('',(-56.99722,44.868866,0.));
#3876 = DIRECTION('',(-0.,0.,-1.));
#3877 = DIRECTION('',(-0.,-1.,0.));
#3878 = FACE_BOUND('',#3879,.F.);
#3879 = EDGE_LOOP('',(#3880));
#3880 = ORIENTED_EDGE('',*,*,#3881,.T.);
#3881 = EDGE_CURVE('',#3882,#3882,#3884,.T.);
#3882 = VERTEX_POINT('',#3883);
#3883 = CARTESIAN_POINT('',(-42.362581,44.714529,0.));
#3884 = CIRCLE('',#3885,0.4);
#3885 = AXIS2_PLACEMENT_3D('',#3886,#3887,#3888);
#3886 = CARTESIAN_POINT('',(-42.362581,45.114529,0.));
#3887 = DIRECTION('',(-0.,0.,-1.));
#3888 = DIRECTION('',(-0.,-1.,0.));
#3889 = FACE_BOUND('',#3890,.F.);
#3890 = EDGE_LOOP('',(#3891));
#3891 = ORIENTED_EDGE('',*,*,#3892,.T.);
#3892 = EDGE_CURVE('',#3893,#3893,#3895,.T.);
#3893 = VERTEX_POINT('',#3894);
#3894 = CARTESIAN_POINT('',(-56.058318,49.007182,0.));
#3895 = CIRCLE('',#3896,0.95);
#3896 = AXIS2_PLACEMENT_3D('',#3897,#3898,#3899);
#3897 = CARTESIAN_POINT('',(-56.058318,49.957182,0.));
#3898 = DIRECTION('',(-0.,0.,-1.));
#3899 = DIRECTION('',(-0.,-1.,0.));
#3900 = FACE_BOUND('',#3901,.F.);
#3901 = EDGE_LOOP('',(#3902));
#3902 = ORIENTED_EDGE('',*,*,#3903,.T.);
#3903 = EDGE_CURVE('',#3904,#3904,#3906,.T.);
#3904 = VERTEX_POINT('',#3905);
#3905 = CARTESIAN_POINT('',(-50.771379,45.916177,0.));
#3906 = CIRCLE('',#3907,2.525);
#3907 = AXIS2_PLACEMENT_3D('',#3908,#3909,#3910);
#3908 = CARTESIAN_POINT('',(-50.771379,48.441177,0.));
#3909 = DIRECTION('',(-0.,0.,-1.));
#3910 = DIRECTION('',(-2.814030636674E-15,-1.,0.));
#3911 = FACE_BOUND('',#3912,.F.);
#3912 = EDGE_LOOP('',(#3913));
#3913 = ORIENTED_EDGE('',*,*,#3914,.T.);
#3914 = EDGE_CURVE('',#3915,#3915,#3917,.T.);
#3915 = VERTEX_POINT('',#3916);
#3916 = CARTESIAN_POINT('',(-45.48444,45.975172,0.));
#3917 = CIRCLE('',#3918,0.95);
#3918 = AXIS2_PLACEMENT_3D('',#3919,#3920,#3921);
#3919 = CARTESIAN_POINT('',(-45.48444,46.925172,0.));
#3920 = DIRECTION('',(-0.,0.,-1.));
#3921 = DIRECTION('',(-0.,-1.,0.));
#3922 = FACE_BOUND('',#3923,.F.);
#3923 = EDGE_LOOP('',(#3924));
#3924 = ORIENTED_EDGE('',*,*,#3925,.T.);
#3925 = EDGE_CURVE('',#3926,#3926,#3928,.T.);
#3926 = VERTEX_POINT('',#3927);
#3927 = CARTESIAN_POINT('',(-73.996532,53.897765,0.));
#3928 = CIRCLE('',#3929,0.8);
#3929 = AXIS2_PLACEMENT_3D('',#3930,#3931,#3932);
#3930 = CARTESIAN_POINT('',(-73.996532,54.697765,0.));
#3931 = DIRECTION('',(-0.,0.,-1.));
#3932 = DIRECTION('',(-0.,-1.,0.));
#3933 = FACE_BOUND('',#3934,.F.);
#3934 = EDGE_LOOP('',(#3935));
#3935 = ORIENTED_EDGE('',*,*,#3936,.T.);
#3936 = EDGE_CURVE('',#3937,#3937,#3939,.T.);
#3937 = VERTEX_POINT('',#3938);
#3938 = CARTESIAN_POINT('',(-78.986652,55.216313,0.));
#3939 = CIRCLE('',#3940,0.4);
#3940 = AXIS2_PLACEMENT_3D('',#3941,#3942,#3943);
#3941 = CARTESIAN_POINT('',(-78.986652,55.616313,0.));
#3942 = DIRECTION('',(-0.,0.,-1.));
#3943 = DIRECTION('',(-3.552713678801E-14,-1.,0.));
#3944 = FACE_BOUND('',#3945,.F.);
#3945 = EDGE_LOOP('',(#3946));
#3946 = ORIENTED_EDGE('',*,*,#3947,.T.);
#3947 = EDGE_CURVE('',#3948,#3948,#3950,.T.);
#3948 = VERTEX_POINT('',#3949);
#3949 = CARTESIAN_POINT('',(-73.05763,58.836081,0.));
#3950 = CIRCLE('',#3951,0.95);
#3951 = AXIS2_PLACEMENT_3D('',#3952,#3953,#3954);
#3952 = CARTESIAN_POINT('',(-73.05763,59.786081,0.));
#3953 = DIRECTION('',(-0.,0.,-1.));
#3954 = DIRECTION('',(-0.,-1.,0.));
#3955 = FACE_BOUND('',#3956,.F.);
#3956 = EDGE_LOOP('',(#3957));
#3957 = ORIENTED_EDGE('',*,*,#3958,.T.);
#3958 = EDGE_CURVE('',#3959,#3959,#3961,.T.);
#3959 = VERTEX_POINT('',#3960);
#3960 = CARTESIAN_POINT('',(-62.483752,55.804071,0.));
#3961 = CIRCLE('',#3962,0.95);
#3962 = AXIS2_PLACEMENT_3D('',#3963,#3964,#3965);
#3963 = CARTESIAN_POINT('',(-62.483752,56.754071,0.));
#3964 = DIRECTION('',(-0.,0.,-1.));
#3965 = DIRECTION('',(-7.479397218527E-15,-1.,0.));
#3966 = FACE_BOUND('',#3967,.F.);
#3967 = EDGE_LOOP('',(#3968));
#3968 = ORIENTED_EDGE('',*,*,#3969,.T.);
#3969 = EDGE_CURVE('',#3970,#3970,#3972,.T.);
#3970 = VERTEX_POINT('',#3971);
#3971 = CARTESIAN_POINT('',(-67.770691,55.745076,0.));
#3972 = CIRCLE('',#3973,2.525);
#3973 = AXIS2_PLACEMENT_3D('',#3974,#3975,#3976);
#3974 = CARTESIAN_POINT('',(-67.770691,58.270076,0.));
#3975 = DIRECTION('',(-0.,0.,-1.));
#3976 = DIRECTION('',(-0.,-1.,0.));
#3977 = FACE_BOUND('',#3978,.F.);
#3978 = EDGE_LOOP('',(#3979));
#3979 = ORIENTED_EDGE('',*,*,#3980,.T.);
#3980 = EDGE_CURVE('',#3981,#3981,#3983,.T.);
#3981 = VERTEX_POINT('',#3982);
#3982 = CARTESIAN_POINT('',(-61.916961,59.019683,0.));
#3983 = CIRCLE('',#3984,1.525);
#3984 = AXIS2_PLACEMENT_3D('',#3985,#3986,#3987);
#3985 = CARTESIAN_POINT('',(-61.916961,60.544683,0.));
#3986 = DIRECTION('',(-0.,0.,-1.));
#3987 = DIRECTION('',(-0.,-1.,0.));
#3988 = FACE_BOUND('',#3989,.F.);
#3989 = EDGE_LOOP('',(#3990));
#3990 = ORIENTED_EDGE('',*,*,#3991,.T.);
#3991 = EDGE_CURVE('',#3992,#3992,#3994,.T.);
#3992 = VERTEX_POINT('',#3993);
#3993 = CARTESIAN_POINT('',(-59.361894,54.54343,0.));
#3994 = CIRCLE('',#3995,0.4);
#3995 = AXIS2_PLACEMENT_3D('',#3996,#3997,#3998);
#3996 = CARTESIAN_POINT('',(-59.361894,54.94343,0.));
#3997 = DIRECTION('',(-0.,0.,-1.));
#3998 = DIRECTION('',(-0.,-1.,0.));
#3999 = FACE_BOUND('',#4000,.F.);
#4000 = EDGE_LOOP('',(#4001));
#4001 = ORIENTED_EDGE('',*,*,#4002,.T.);
#4002 = EDGE_CURVE('',#4003,#4003,#4005,.T.);
#4003 = VERTEX_POINT('',#4004);
#4004 = CARTESIAN_POINT('',(-44.917649,49.190784,0.));
#4005 = CIRCLE('',#4006,1.525);
#4006 = AXIS2_PLACEMENT_3D('',#4007,#4008,#4009);
#4007 = CARTESIAN_POINT('',(-44.917649,50.715784,0.));
#4008 = DIRECTION('',(-0.,0.,-1.));
#4009 = DIRECTION('',(-0.,-1.,0.));
#4010 = FACE_BOUND('',#4011,.F.);
#4011 = EDGE_LOOP('',(#4012));
#4012 = ORIENTED_EDGE('',*,*,#4013,.T.);
#4013 = EDGE_CURVE('',#4014,#4014,#4016,.T.);
#4014 = VERTEX_POINT('',#4015);
#4015 = CARTESIAN_POINT('',(-49.145119,52.587621,0.));
#4016 = CIRCLE('',#4017,1.525);
#4017 = AXIS2_PLACEMENT_3D('',#4018,#4019,#4020);
#4018 = CARTESIAN_POINT('',(-49.145119,54.112621,0.));
#4019 = DIRECTION('',(-0.,0.,-1.));
#4020 = DIRECTION('',(-0.,-1.,0.));
#4021 = FACE_BOUND('',#4022,.F.);
#4022 = EDGE_LOOP('',(#4023));
#4023 = ORIENTED_EDGE('',*,*,#4024,.T.);
#4024 = EDGE_CURVE('',#4025,#4025,#4027,.T.);
#4025 = VERTEX_POINT('',#4026);
#4026 = CARTESIAN_POINT('',(-32.145806,42.75872,0.));
#4027 = CIRCLE('',#4028,1.525);
#4028 = AXIS2_PLACEMENT_3D('',#4029,#4030,#4031);
#4029 = CARTESIAN_POINT('',(-32.145806,44.28372,0.));
#4030 = DIRECTION('',(-0.,0.,-1.));
#4031 = DIRECTION('',(-0.,-1.,0.));
#4032 = FACE_BOUND('',#4033,.F.);
#4033 = EDGE_LOOP('',(#4034));
#4034 = ORIENTED_EDGE('',*,*,#4035,.T.);
#4035 = EDGE_CURVE('',#4036,#4036,#4038,.T.);
#4036 = VERTEX_POINT('',#4037);
#4037 = CARTESIAN_POINT('',(-27.918336,39.361883,0.));
#4038 = CIRCLE('',#4039,1.525);
#4039 = AXIS2_PLACEMENT_3D('',#4040,#4041,#4042);
#4040 = CARTESIAN_POINT('',(-27.918336,40.886883,0.));
#4041 = DIRECTION('',(-0.,0.,-1.));
#4042 = DIRECTION('',(-0.,-1.,0.));
#4043 = FACE_BOUND('',#4044,.F.);
#4044 = EDGE_LOOP('',(#4045));
#4045 = ORIENTED_EDGE('',*,*,#4046,.T.);
#4046 = EDGE_CURVE('',#4047,#4047,#4049,.T.);
#4047 = VERTEX_POINT('',#4048);
#4048 = CARTESIAN_POINT('',(-8.89,40.122373,0.));
#4049 = CIRCLE('',#4050,0.51);
#4050 = AXIS2_PLACEMENT_3D('',#4051,#4052,#4053);
#4051 = CARTESIAN_POINT('',(-8.89,40.632373,0.));
#4052 = DIRECTION('',(-0.,0.,-1.));
#4053 = DIRECTION('',(-0.,-1.,0.));
#4054 = FACE_BOUND('',#4055,.F.);
#4055 = EDGE_LOOP('',(#4056));
#4056 = ORIENTED_EDGE('',*,*,#4057,.T.);
#4057 = EDGE_CURVE('',#4058,#4058,#4060,.T.);
#4058 = VERTEX_POINT('',#4059);
#4059 = CARTESIAN_POINT('',(-8.89,42.662373,0.));
#4060 = CIRCLE('',#4061,0.51);
#4061 = AXIS2_PLACEMENT_3D('',#4062,#4063,#4064);
#4062 = CARTESIAN_POINT('',(-8.89,43.172373,0.));
#4063 = DIRECTION('',(-0.,0.,-1.));
#4064 = DIRECTION('',(-0.,-1.,0.));
#4065 = FACE_BOUND('',#4066,.F.);
#4066 = EDGE_LOOP('',(#4067));
#4067 = ORIENTED_EDGE('',*,*,#4068,.T.);
#4068 = EDGE_CURVE('',#4069,#4069,#4071,.T.);
#4069 = VERTEX_POINT('',#4070);
#4070 = CARTESIAN_POINT('',(-8.89,45.202373,0.));
#4071 = CIRCLE('',#4072,0.51);
#4072 = AXIS2_PLACEMENT_3D('',#4073,#4074,#4075);
#4073 = CARTESIAN_POINT('',(-8.89,45.712373,0.));
#4074 = DIRECTION('',(-0.,0.,-1.));
#4075 = DIRECTION('',(-0.,-1.,0.));
#4076 = FACE_BOUND('',#4077,.F.);
#4077 = EDGE_LOOP('',(#4078));
#4078 = ORIENTED_EDGE('',*,*,#4079,.T.);
#4079 = EDGE_CURVE('',#4080,#4080,#4082,.T.);
#4080 = VERTEX_POINT('',#4081);
#4081 = CARTESIAN_POINT('',(-8.89,47.742373,0.));
#4082 = CIRCLE('',#4083,0.51);
#4083 = AXIS2_PLACEMENT_3D('',#4084,#4085,#4086);
#4084 = CARTESIAN_POINT('',(-8.89,48.252373,0.));
#4085 = DIRECTION('',(-0.,0.,-1.));
#4086 = DIRECTION('',(-0.,-1.,0.));
#4087 = FACE_BOUND('',#4088,.F.);
#4088 = EDGE_LOOP('',(#4089));
#4089 = ORIENTED_EDGE('',*,*,#4090,.T.);
#4090 = EDGE_CURVE('',#4091,#4091,#4093,.T.);
#4091 = VERTEX_POINT('',#4092);
#4092 = CARTESIAN_POINT('',(-8.89,50.282373,0.));
#4093 = CIRCLE('',#4094,0.51);
#4094 = AXIS2_PLACEMENT_3D('',#4095,#4096,#4097);
#4095 = CARTESIAN_POINT('',(-8.89,50.792373,0.));
#4096 = DIRECTION('',(-0.,0.,-1.));
#4097 = DIRECTION('',(-0.,-1.,0.));
#4098 = FACE_BOUND('',#4099,.F.);
#4099 = EDGE_LOOP('',(#4100));
#4100 = ORIENTED_EDGE('',*,*,#4101,.T.);
#4101 = EDGE_CURVE('',#4102,#4102,#4104,.T.);
#4102 = VERTEX_POINT('',#4103);
#4103 = CARTESIAN_POINT('',(-8.89,52.822373,0.));
#4104 = CIRCLE('',#4105,0.51);
#4105 = AXIS2_PLACEMENT_3D('',#4106,#4107,#4108);
#4106 = CARTESIAN_POINT('',(-8.89,53.332373,0.));
#4107 = DIRECTION('',(-0.,0.,-1.));
#4108 = DIRECTION('',(-0.,-1.,0.));
#4109 = FACE_BOUND('',#4110,.F.);
#4110 = EDGE_LOOP('',(#4111));
#4111 = ORIENTED_EDGE('',*,*,#4112,.T.);
#4112 = EDGE_CURVE('',#4113,#4113,#4115,.T.);
#4113 = VERTEX_POINT('',#4114);
#4114 = CARTESIAN_POINT('',(-8.89,55.362373,0.));
#4115 = CIRCLE('',#4116,0.51);
#4116 = AXIS2_PLACEMENT_3D('',#4117,#4118,#4119);
#4117 = CARTESIAN_POINT('',(-8.89,55.872373,0.));
#4118 = DIRECTION('',(-0.,0.,-1.));
#4119 = DIRECTION('',(-0.,-1.,0.));
#4120 = FACE_BOUND('',#4121,.F.);
#4121 = EDGE_LOOP('',(#4122));
#4122 = ORIENTED_EDGE('',*,*,#4123,.T.);
#4123 = EDGE_CURVE('',#4124,#4124,#4126,.T.);
#4124 = VERTEX_POINT('',#4125);
#4125 = CARTESIAN_POINT('',(-8.89,57.902373,0.));
#4126 = CIRCLE('',#4127,0.51);
#4127 = AXIS2_PLACEMENT_3D('',#4128,#4129,#4130);
#4128 = CARTESIAN_POINT('',(-8.89,58.412373,0.));
#4129 = DIRECTION('',(-0.,0.,-1.));
#4130 = DIRECTION('',(-0.,-1.,0.));
#4131 = FACE_BOUND('',#4132,.F.);
#4132 = EDGE_LOOP('',(#4133));
#4133 = ORIENTED_EDGE('',*,*,#4134,.T.);
#4134 = EDGE_CURVE('',#4135,#4135,#4137,.T.);
#4135 = VERTEX_POINT('',#4136);
#4136 = CARTESIAN_POINT('',(-66.144431,62.41652,0.));
#4137 = CIRCLE('',#4138,1.525);
#4138 = AXIS2_PLACEMENT_3D('',#4139,#4140,#4141);
#4139 = CARTESIAN_POINT('',(-66.144431,63.94152,0.));
#4140 = DIRECTION('',(-0.,0.,-1.));
#4141 = DIRECTION('',(-0.,-1.,0.));
#4142 = FACE_BOUND('',#4143,.F.);
#4143 = EDGE_LOOP('',(#4144));
#4144 = ORIENTED_EDGE('',*,*,#4145,.T.);
#4145 = EDGE_CURVE('',#4146,#4146,#4148,.T.);
#4146 = VERTEX_POINT('',#4147);
#4147 = CARTESIAN_POINT('',(-8.89,60.442373,0.));
#4148 = CIRCLE('',#4149,0.51);
#4149 = AXIS2_PLACEMENT_3D('',#4150,#4151,#4152);
#4150 = CARTESIAN_POINT('',(-8.89,60.952373,0.));
#4151 = DIRECTION('',(-0.,0.,-1.));
#4152 = DIRECTION('',(-0.,-1.,0.));
#4153 = FACE_BOUND('',#4154,.F.);
#4154 = EDGE_LOOP('',(#4155));
#4155 = ORIENTED_EDGE('',*,*,#4156,.T.);
#4156 = EDGE_CURVE('',#4157,#4157,#4159,.T.);
#4157 = VERTEX_POINT('',#4158);
#4158 = CARTESIAN_POINT('',(-8.89,62.982373,0.));
#4159 = CIRCLE('',#4160,0.51);
#4160 = AXIS2_PLACEMENT_3D('',#4161,#4162,#4163);
#4161 = CARTESIAN_POINT('',(-8.89,63.492373,0.));
#4162 = DIRECTION('',(-0.,0.,-1.));
#4163 = DIRECTION('',(-0.,-1.,0.));
#4164 = FACE_BOUND('',#4165,.F.);
#4165 = EDGE_LOOP('',(#4166));
#4166 = ORIENTED_EDGE('',*,*,#4167,.T.);
#4167 = EDGE_CURVE('',#4168,#4168,#4170,.T.);
#4168 = VERTEX_POINT('',#4169);
#4169 = CARTESIAN_POINT('',(-19.05,67.067373,0.));
#4170 = CIRCLE('',#4171,1.1);
#4171 = AXIS2_PLACEMENT_3D('',#4172,#4173,#4174);
#4172 = CARTESIAN_POINT('',(-19.05,68.167373,0.));
#4173 = DIRECTION('',(-0.,0.,-1.));
#4174 = DIRECTION('',(-3.229739708E-15,-1.,0.));
#4175 = FACE_BOUND('',#4176,.F.);
#4176 = EDGE_LOOP('',(#4177));
#4177 = ORIENTED_EDGE('',*,*,#4178,.T.);
#4178 = EDGE_CURVE('',#4179,#4179,#4181,.T.);
#4179 = VERTEX_POINT('',#4180);
#4180 = CARTESIAN_POINT('',(-8.89,65.522373,0.));
#4181 = CIRCLE('',#4182,0.51);
#4182 = AXIS2_PLACEMENT_3D('',#4183,#4184,#4185);
#4183 = CARTESIAN_POINT('',(-8.89,66.032373,0.));
#4184 = DIRECTION('',(-0.,0.,-1.));
#4185 = DIRECTION('',(-0.,-1.,0.));
#4186 = FACE_BOUND('',#4187,.F.);
#4187 = EDGE_LOOP('',(#4188));
#4188 = ORIENTED_EDGE('',*,*,#4189,.T.);
#4189 = EDGE_CURVE('',#4190,#4190,#4192,.T.);
#4190 = VERTEX_POINT('',#4191);
#4191 = CARTESIAN_POINT('',(-8.89,68.062373,0.));
#4192 = CIRCLE('',#4193,0.51);
#4193 = AXIS2_PLACEMENT_3D('',#4194,#4195,#4196);
#4194 = CARTESIAN_POINT('',(-8.89,68.572373,0.));
#4195 = DIRECTION('',(-0.,0.,-1.));
#4196 = DIRECTION('',(-0.,-1.,0.));
#4197 = FACE_BOUND('',#4198,.F.);
#4198 = EDGE_LOOP('',(#4199));
#4199 = ORIENTED_EDGE('',*,*,#4200,.T.);
#4200 = EDGE_CURVE('',#4201,#4201,#4203,.T.);
#4201 = VERTEX_POINT('',#4202);
#4202 = CARTESIAN_POINT('',(38.98691,-0.4778,0.));
#4203 = CIRCLE('',#4204,0.95);
#4204 = AXIS2_PLACEMENT_3D('',#4205,#4206,#4207);
#4205 = CARTESIAN_POINT('',(38.98691,0.4722,0.));
#4206 = DIRECTION('',(-0.,0.,-1.));
#4207 = DIRECTION('',(7.479397218527E-15,-1.,-0.));
#4208 = FACE_BOUND('',#4209,.F.);
#4209 = EDGE_LOOP('',(#4210));
#4210 = ORIENTED_EDGE('',*,*,#4211,.T.);
#4211 = EDGE_CURVE('',#4212,#4212,#4214,.T.);
#4212 = VERTEX_POINT('',#4213);
#4213 = CARTESIAN_POINT('',(35.636183,13.171557,0.));
#4214 = CIRCLE('',#4215,0.8);
#4215 = AXIS2_PLACEMENT_3D('',#4216,#4217,#4218);
#4216 = CARTESIAN_POINT('',(35.636183,13.971557,0.));
#4217 = DIRECTION('',(-0.,0.,-1.));
#4218 = DIRECTION('',(-0.,-1.,0.));
#4219 = FACE_BOUND('',#4220,.F.);
#4220 = EDGE_LOOP('',(#4221));
#4221 = ORIENTED_EDGE('',*,*,#4222,.T.);
#4222 = EDGE_CURVE('',#4223,#4223,#4225,.T.);
#4223 = VERTEX_POINT('',#4224);
#4224 = CARTESIAN_POINT('',(33.736019,17.834236,0.));
#4225 = CIRCLE('',#4226,0.95);
#4226 = AXIS2_PLACEMENT_3D('',#4227,#4228,#4229);
#4227 = CARTESIAN_POINT('',(33.736019,18.784236,0.));
#4228 = DIRECTION('',(-0.,0.,-1.));
#4229 = DIRECTION('',(-0.,-1.,0.));
#4230 = FACE_BOUND('',#4231,.F.);
#4231 = EDGE_LOOP('',(#4232));
#4232 = ORIENTED_EDGE('',*,*,#4233,.T.);
#4233 = EDGE_CURVE('',#4234,#4234,#4236,.T.);
#4234 = VERTEX_POINT('',#4235);
#4235 = CARTESIAN_POINT('',(44.273849,-0.536795,0.));
#4236 = CIRCLE('',#4237,2.525);
#4237 = AXIS2_PLACEMENT_3D('',#4238,#4239,#4240);
#4238 = CARTESIAN_POINT('',(44.273849,1.988205,0.));
#4239 = DIRECTION('',(-0.,0.,-1.));
#4240 = DIRECTION('',(-0.,-1.,0.));
#4241 = FACE_BOUND('',#4242,.F.);
#4242 = EDGE_LOOP('',(#4243));
#4243 = ORIENTED_EDGE('',*,*,#4244,.T.);
#4244 = EDGE_CURVE('',#4245,#4245,#4247,.T.);
#4245 = VERTEX_POINT('',#4246);
#4246 = CARTESIAN_POINT('',(49.560788,2.55421,0.));
#4247 = CIRCLE('',#4248,0.95);
#4248 = AXIS2_PLACEMENT_3D('',#4249,#4250,#4251);
#4249 = CARTESIAN_POINT('',(49.560788,3.50421,0.));
#4250 = DIRECTION('',(-0.,0.,-1.));
#4251 = DIRECTION('',(-0.,-1.,0.));
#4252 = FACE_BOUND('',#4253,.F.);
#4253 = EDGE_LOOP('',(#4254));
#4254 = ORIENTED_EDGE('',*,*,#4255,.T.);
#4255 = EDGE_CURVE('',#4256,#4256,#4258,.T.);
#4256 = VERTEX_POINT('',#4257);
#4257 = CARTESIAN_POINT('',(53.167768,3.223033,0.));
#4258 = CIRCLE('',#4259,0.4);
#4259 = AXIS2_PLACEMENT_3D('',#4260,#4261,#4262);
#4260 = CARTESIAN_POINT('',(53.167768,3.623033,0.));
#4261 = DIRECTION('',(-0.,0.,-1.));
#4262 = DIRECTION('',(1.7763568394E-14,-1.,-0.));
#4263 = FACE_BOUND('',#4264,.F.);
#4264 = EDGE_LOOP('',(#4265));
#4265 = ORIENTED_EDGE('',*,*,#4266,.T.);
#4266 = EDGE_CURVE('',#4267,#4267,#4269,.T.);
#4267 = VERTEX_POINT('',#4268);
#4268 = CARTESIAN_POINT('',(48.032736,5.494186,0.));
#4269 = CIRCLE('',#4270,1.525);
#4270 = AXIS2_PLACEMENT_3D('',#4271,#4272,#4273);
#4271 = CARTESIAN_POINT('',(48.032736,7.019186,0.));
#4272 = DIRECTION('',(-0.,0.,-1.));
#4273 = DIRECTION('',(-0.,-1.,0.));
#4274 = FACE_BOUND('',#4275,.F.);
#4275 = EDGE_LOOP('',(#4276));
#4276 = ORIENTED_EDGE('',*,*,#4277,.T.);
#4277 = EDGE_CURVE('',#4278,#4278,#4280,.T.);
#4278 = VERTEX_POINT('',#4279);
#4279 = CARTESIAN_POINT('',(42.647589,6.134649,0.));
#4280 = CIRCLE('',#4281,1.525);
#4281 = AXIS2_PLACEMENT_3D('',#4282,#4283,#4284);
#4282 = CARTESIAN_POINT('',(42.647589,7.659649,0.));
#4283 = DIRECTION('',(-0.,0.,-1.));
#4284 = DIRECTION('',(4.659296627935E-15,-1.,-0.));
#4285 = FACE_BOUND('',#4286,.F.);
#4286 = EDGE_LOOP('',(#4287));
#4287 = ORIENTED_EDGE('',*,*,#4288,.T.);
#4288 = EDGE_CURVE('',#4289,#4289,#4291,.T.);
#4289 = VERTEX_POINT('',#4290);
#4290 = CARTESIAN_POINT('',(57.886386,4.688422,0.));
#4291 = CIRCLE('',#4292,0.8);
#4292 = AXIS2_PLACEMENT_3D('',#4293,#4294,#4295);
#4293 = CARTESIAN_POINT('',(57.886386,5.488422,0.));
#4294 = DIRECTION('',(-0.,0.,-1.));
#4295 = DIRECTION('',(-0.,-1.,0.));
#4296 = FACE_BOUND('',#4297,.F.);
#4297 = EDGE_LOOP('',(#4298));
#4298 = ORIENTED_EDGE('',*,*,#4299,.T.);
#4299 = EDGE_CURVE('',#4300,#4300,#4302,.T.);
#4300 = VERTEX_POINT('',#4301);
#4301 = CARTESIAN_POINT('',(78.236427,0.867966,0.));
#4302 = CIRCLE('',#4303,0.95);
#4303 = AXIS2_PLACEMENT_3D('',#4304,#4305,#4306);
#4304 = CARTESIAN_POINT('',(78.236427,1.817966,0.));
#4305 = DIRECTION('',(-0.,0.,-1.));
#4306 = DIRECTION('',(1.495879443705E-14,-1.,-0.));
#4307 = FACE_BOUND('',#4308,.F.);
#4308 = EDGE_LOOP('',(#4309));
#4309 = ORIENTED_EDGE('',*,*,#4310,.T.);
#4310 = EDGE_CURVE('',#4311,#4311,#4313,.T.);
#4311 = VERTEX_POINT('',#4312);
#4312 = CARTESIAN_POINT('',(72.267435,5.727118,0.));
#4313 = CIRCLE('',#4314,0.4);
#4314 = AXIS2_PLACEMENT_3D('',#4315,#4316,#4317);
#4315 = CARTESIAN_POINT('',(72.267435,6.127118,0.));
#4316 = DIRECTION('',(-0.,0.,-1.));
#4317 = DIRECTION('',(-0.,-1.,0.));
#4318 = FACE_BOUND('',#4319,.F.);
#4319 = EDGE_LOOP('',(#4320));
#4320 = ORIENTED_EDGE('',*,*,#4321,.T.);
#4321 = EDGE_CURVE('',#4322,#4322,#4324,.T.);
#4322 = VERTEX_POINT('',#4323);
#4323 = CARTESIAN_POINT('',(55.986222,9.351101,0.));
#4324 = CIRCLE('',#4325,0.95);
#4325 = AXIS2_PLACEMENT_3D('',#4326,#4327,#4328);
#4326 = CARTESIAN_POINT('',(55.986222,10.301101,0.));
#4327 = DIRECTION('',(-0.,0.,-1.));
#4328 = DIRECTION('',(-0.,-1.,0.));
#4329 = FACE_BOUND('',#4330,.F.);
#4330 = EDGE_LOOP('',(#4331));
#4331 = ORIENTED_EDGE('',*,*,#4332,.T.);
#4332 = EDGE_CURVE('',#4333,#4333,#4335,.T.);
#4333 = VERTEX_POINT('',#4334);
#4334 = CARTESIAN_POINT('',(50.01723,14.210252,0.));
#4335 = CIRCLE('',#4336,0.4);
#4336 = AXIS2_PLACEMENT_3D('',#4337,#4338,#4339);
#4337 = CARTESIAN_POINT('',(50.01723,14.610252,0.));
#4338 = DIRECTION('',(-0.,0.,-1.));
#4339 = DIRECTION('',(-0.,-1.,0.));
#4340 = FACE_BOUND('',#4341,.F.);
#4341 = EDGE_LOOP('',(#4342));
#4342 = ORIENTED_EDGE('',*,*,#4343,.T.);
#4343 = EDGE_CURVE('',#4344,#4344,#4346,.T.);
#4344 = VERTEX_POINT('',#4345);
#4345 = CARTESIAN_POINT('',(59.646901,15.96355,0.));
#4346 = CIRCLE('',#4347,1.525);
#4347 = AXIS2_PLACEMENT_3D('',#4348,#4349,#4350);
#4348 = CARTESIAN_POINT('',(59.646901,17.48855,0.));
#4349 = DIRECTION('',(-0.,0.,-1.));
#4350 = DIRECTION('',(-0.,-1.,0.));
#4351 = FACE_BOUND('',#4352,.F.);
#4352 = EDGE_LOOP('',(#4353));
#4353 = ORIENTED_EDGE('',*,*,#4354,.T.);
#4354 = EDGE_CURVE('',#4355,#4355,#4357,.T.);
#4355 = VERTEX_POINT('',#4356);
#4356 = CARTESIAN_POINT('',(61.273161,9.292106,0.));
#4357 = CIRCLE('',#4358,2.525);
#4358 = AXIS2_PLACEMENT_3D('',#4359,#4360,#4361);
#4359 = CARTESIAN_POINT('',(61.273161,11.817106,0.));
#4360 = DIRECTION('',(-0.,0.,-1.));
#4361 = DIRECTION('',(-0.,-1.,0.));
#4362 = FACE_BOUND('',#4363,.F.);
#4363 = EDGE_LOOP('',(#4364));
#4364 = ORIENTED_EDGE('',*,*,#4365,.T.);
#4365 = EDGE_CURVE('',#4366,#4366,#4368,.T.);
#4366 = VERTEX_POINT('',#4367);
#4367 = CARTESIAN_POINT('',(66.5601,12.383111,0.));
#4368 = CIRCLE('',#4369,0.95);
#4369 = AXIS2_PLACEMENT_3D('',#4370,#4371,#4372);
#4370 = CARTESIAN_POINT('',(66.5601,13.333111,0.));
#4371 = DIRECTION('',(-0.,0.,-1.));
#4372 = DIRECTION('',(-0.,-1.,0.));
#4373 = FACE_BOUND('',#4374,.F.);
#4374 = EDGE_LOOP('',(#4375));
#4375 = ORIENTED_EDGE('',*,*,#4376,.T.);
#4376 = EDGE_CURVE('',#4377,#4377,#4379,.T.);
#4377 = VERTEX_POINT('',#4378);
#4378 = CARTESIAN_POINT('',(70.167081,13.051933,0.));
#4379 = CIRCLE('',#4380,0.4);
#4380 = AXIS2_PLACEMENT_3D('',#4381,#4382,#4383);
#4381 = CARTESIAN_POINT('',(70.167081,13.451933,0.));
#4382 = DIRECTION('',(-0.,0.,-1.));
#4383 = DIRECTION('',(-0.,-1.,0.));
#4384 = FACE_BOUND('',#4385,.F.);
#4385 = EDGE_LOOP('',(#4386));
#4386 = ORIENTED_EDGE('',*,*,#4387,.T.);
#4387 = EDGE_CURVE('',#4388,#4388,#4390,.T.);
#4388 = VERTEX_POINT('',#4389);
#4389 = CARTESIAN_POINT('',(65.032048,15.323087,0.));
#4390 = CIRCLE('',#4391,1.525);
#4391 = AXIS2_PLACEMENT_3D('',#4392,#4393,#4394);
#4392 = CARTESIAN_POINT('',(65.032048,16.848087,0.));
#4393 = DIRECTION('',(-0.,0.,-1.));
#4394 = DIRECTION('',(-0.,-1.,0.));
#4395 = FACE_BOUND('',#4396,.F.);
#4396 = EDGE_LOOP('',(#4397));
#4397 = ORIENTED_EDGE('',*,*,#4398,.T.);
#4398 = EDGE_CURVE('',#4399,#4399,#4401,.T.);
#4399 = VERTEX_POINT('',#4400);
#4400 = CARTESIAN_POINT('',(74.885699,14.517321,0.));
#4401 = CIRCLE('',#4402,0.8);
#4402 = AXIS2_PLACEMENT_3D('',#4403,#4404,#4405);
#4403 = CARTESIAN_POINT('',(74.885699,15.317321,0.));
#4404 = DIRECTION('',(-0.,0.,-1.));
#4405 = DIRECTION('',(-0.,-1.,0.));
#4406 = FACE_BOUND('',#4407,.F.);
#4407 = EDGE_LOOP('',(#4408));
#4408 = ORIENTED_EDGE('',*,*,#4409,.T.);
#4409 = EDGE_CURVE('',#4410,#4410,#4412,.T.);
#4410 = VERTEX_POINT('',#4411);
#4411 = CARTESIAN_POINT('',(72.985535,19.18,0.));
#4412 = CIRCLE('',#4413,0.95);
#4413 = AXIS2_PLACEMENT_3D('',#4414,#4415,#4416);
#4414 = CARTESIAN_POINT('',(72.985535,20.13,0.));
#4415 = DIRECTION('',(-0.,0.,-1.));
#4416 = DIRECTION('',(-0.,-1.,0.));
#4417 = FACE_BOUND('',#4418,.F.);
#4418 = EDGE_LOOP('',(#4419));
#4419 = ORIENTED_EDGE('',*,*,#4420,.T.);
#4420 = EDGE_CURVE('',#4421,#4421,#4423,.T.);
#4421 = VERTEX_POINT('',#4422);
#4422 = CARTESIAN_POINT('',(5.546678239835E-32,20.032373,0.));
#4423 = CIRCLE('',#4424,0.51);
#4424 = AXIS2_PLACEMENT_3D('',#4425,#4426,#4427);
#4425 = CARTESIAN_POINT('',(2.95367690447E-17,20.542373,0.));
#4426 = DIRECTION('',(-0.,0.,-1.));
#4427 = DIRECTION('',(-5.791523342098E-17,-1.,0.));
#4428 = FACE_BOUND('',#4429,.F.);
#4429 = EDGE_LOOP('',(#4430));
#4430 = ORIENTED_EDGE('',*,*,#4431,.T.);
#4431 = EDGE_CURVE('',#4432,#4432,#4434,.T.);
#4432 = VERTEX_POINT('',#4433);
#4433 = CARTESIAN_POINT('',(2.54,20.032373,0.));
#4434 = CIRCLE('',#4435,0.51);
#4435 = AXIS2_PLACEMENT_3D('',#4436,#4437,#4438);
#4436 = CARTESIAN_POINT('',(2.54,20.542373,0.));
#4437 = DIRECTION('',(-0.,0.,-1.));
#4438 = DIRECTION('',(-0.,-1.,0.));
#4439 = FACE_BOUND('',#4440,.F.);
#4440 = EDGE_LOOP('',(#4441));
#4441 = ORIENTED_EDGE('',*,*,#4442,.T.);
#4442 = EDGE_CURVE('',#4443,#4443,#4445,.T.);
#4443 = VERTEX_POINT('',#4444);
#4444 = CARTESIAN_POINT('',(8.89,19.802373,0.));
#4445 = CIRCLE('',#4446,0.51);
#4446 = AXIS2_PLACEMENT_3D('',#4447,#4448,#4449);
#4447 = CARTESIAN_POINT('',(8.89,20.312373,0.));
#4448 = DIRECTION('',(-0.,0.,-1.));
#4449 = DIRECTION('',(-0.,-1.,0.));
#4450 = FACE_BOUND('',#4451,.F.);
#4451 = EDGE_LOOP('',(#4452));
#4452 = ORIENTED_EDGE('',*,*,#4453,.T.);
#4453 = EDGE_CURVE('',#4454,#4454,#4456,.T.);
#4454 = VERTEX_POINT('',#4455);
#4455 = CARTESIAN_POINT('',(8.89,22.342373,0.));
#4456 = CIRCLE('',#4457,0.51);
#4457 = AXIS2_PLACEMENT_3D('',#4458,#4459,#4460);
#4458 = CARTESIAN_POINT('',(8.89,22.852373,0.));
#4459 = DIRECTION('',(-0.,0.,-1.));
#4460 = DIRECTION('',(-0.,-1.,0.));
#4461 = FACE_BOUND('',#4462,.F.);
#4462 = EDGE_LOOP('',(#4463));
#4463 = ORIENTED_EDGE('',*,*,#4464,.T.);
#4464 = EDGE_CURVE('',#4465,#4465,#4467,.T.);
#4465 = VERTEX_POINT('',#4466);
#4466 = CARTESIAN_POINT('',(8.89,24.882373,0.));
#4467 = CIRCLE('',#4468,0.51);
#4468 = AXIS2_PLACEMENT_3D('',#4469,#4470,#4471);
#4469 = CARTESIAN_POINT('',(8.89,25.392373,0.));
#4470 = DIRECTION('',(-0.,0.,-1.));
#4471 = DIRECTION('',(-0.,-1.,0.));
#4472 = FACE_BOUND('',#4473,.F.);
#4473 = EDGE_LOOP('',(#4474));
#4474 = ORIENTED_EDGE('',*,*,#4475,.T.);
#4475 = EDGE_CURVE('',#4476,#4476,#4478,.T.);
#4476 = VERTEX_POINT('',#4477);
#4477 = CARTESIAN_POINT('',(8.89,27.422373,0.));
#4478 = CIRCLE('',#4479,0.51);
#4479 = AXIS2_PLACEMENT_3D('',#4480,#4481,#4482);
#4480 = CARTESIAN_POINT('',(8.89,27.932373,0.));
#4481 = DIRECTION('',(-0.,0.,-1.));
#4482 = DIRECTION('',(-0.,-1.,0.));
#4483 = FACE_BOUND('',#4484,.F.);
#4484 = EDGE_LOOP('',(#4485));
#4485 = ORIENTED_EDGE('',*,*,#4486,.T.);
#4486 = EDGE_CURVE('',#4487,#4487,#4489,.T.);
#4487 = VERTEX_POINT('',#4488);
#4488 = CARTESIAN_POINT('',(39.022958,17.775241,0.));
#4489 = CIRCLE('',#4490,2.525);
#4490 = AXIS2_PLACEMENT_3D('',#4491,#4492,#4493);
#4491 = CARTESIAN_POINT('',(39.022958,20.300241,0.));
#4492 = DIRECTION('',(-0.,0.,-1.));
#4493 = DIRECTION('',(-0.,-1.,0.));
#4494 = FACE_BOUND('',#4495,.F.);
#4495 = EDGE_LOOP('',(#4496));
#4496 = ORIENTED_EDGE('',*,*,#4497,.T.);
#4497 = EDGE_CURVE('',#4498,#4498,#4500,.T.);
#4498 = VERTEX_POINT('',#4499);
#4499 = CARTESIAN_POINT('',(37.396698,24.446685,0.));
#4500 = CIRCLE('',#4501,1.525);
#4501 = AXIS2_PLACEMENT_3D('',#4502,#4503,#4504);
#4502 = CARTESIAN_POINT('',(37.396698,25.971685,0.));
#4503 = DIRECTION('',(-0.,0.,-1.));
#4504 = DIRECTION('',(-0.,-1.,0.));
#4505 = FACE_BOUND('',#4506,.F.);
#4506 = EDGE_LOOP('',(#4507));
#4507 = ORIENTED_EDGE('',*,*,#4508,.T.);
#4508 = EDGE_CURVE('',#4509,#4509,#4511,.T.);
#4509 = VERTEX_POINT('',#4510);
#4510 = CARTESIAN_POINT('',(8.89,29.962373,0.));
#4511 = CIRCLE('',#4512,0.51);
#4512 = AXIS2_PLACEMENT_3D('',#4513,#4514,#4515);
#4513 = CARTESIAN_POINT('',(8.89,30.472373,0.));
#4514 = DIRECTION('',(-0.,0.,-1.));
#4515 = DIRECTION('',(-0.,-1.,0.));
#4516 = FACE_BOUND('',#4517,.F.);
#4517 = EDGE_LOOP('',(#4518));
#4518 = ORIENTED_EDGE('',*,*,#4519,.T.);
#4519 = EDGE_CURVE('',#4520,#4520,#4522,.T.);
#4520 = VERTEX_POINT('',#4521);
#4521 = CARTESIAN_POINT('',(8.89,32.502373,0.));
#4522 = CIRCLE('',#4523,0.51);
#4523 = AXIS2_PLACEMENT_3D('',#4524,#4525,#4526);
#4524 = CARTESIAN_POINT('',(8.89,33.012373,0.));
#4525 = DIRECTION('',(-0.,0.,-1.));
#4526 = DIRECTION('',(-0.,-1.,0.));
#4527 = FACE_BOUND('',#4528,.F.);
#4528 = EDGE_LOOP('',(#4529));
#4529 = ORIENTED_EDGE('',*,*,#4530,.T.);
#4530 = EDGE_CURVE('',#4531,#4531,#4533,.T.);
#4531 = VERTEX_POINT('',#4532);
#4532 = CARTESIAN_POINT('',(8.89,35.042373,0.));
#4533 = CIRCLE('',#4534,0.51);
#4534 = AXIS2_PLACEMENT_3D('',#4535,#4536,#4537);
#4535 = CARTESIAN_POINT('',(8.89,35.552373,0.));
#4536 = DIRECTION('',(-0.,0.,-1.));
#4537 = DIRECTION('',(-0.,-1.,0.));
#4538 = FACE_BOUND('',#4539,.F.);
#4539 = EDGE_LOOP('',(#4540));
#4540 = ORIENTED_EDGE('',*,*,#4541,.T.);
#4541 = EDGE_CURVE('',#4542,#4542,#4544,.T.);
#4542 = VERTEX_POINT('',#4543);
#4543 = CARTESIAN_POINT('',(8.89,37.582373,0.));
#4544 = CIRCLE('',#4545,0.51);
#4545 = AXIS2_PLACEMENT_3D('',#4546,#4547,#4548);
#4546 = CARTESIAN_POINT('',(8.89,38.092373,0.));
#4547 = DIRECTION('',(-0.,0.,-1.));
#4548 = DIRECTION('',(-0.,-1.,0.));
#4549 = FACE_BOUND('',#4550,.F.);
#4550 = EDGE_LOOP('',(#4551));
#4551 = ORIENTED_EDGE('',*,*,#4552,.T.);
#4552 = EDGE_CURVE('',#4553,#4553,#4555,.T.);
#4553 = VERTEX_POINT('',#4554);
#4554 = CARTESIAN_POINT('',(14.2875,37.204873,0.));
#4555 = CIRCLE('',#4556,0.65);
#4556 = AXIS2_PLACEMENT_3D('',#4557,#4558,#4559);
#4557 = CARTESIAN_POINT('',(14.2875,37.854873,0.));
#4558 = DIRECTION('',(-0.,0.,-1.));
#4559 = DIRECTION('',(-0.,-1.,0.));
#4560 = FACE_BOUND('',#4561,.F.);
#4561 = EDGE_LOOP('',(#4562));
#4562 = ORIENTED_EDGE('',*,*,#4563,.T.);
#4563 = EDGE_CURVE('',#4564,#4564,#4566,.T.);
#4564 = VERTEX_POINT('',#4565);
#4565 = CARTESIAN_POINT('',(30.385291,31.483592,0.));
#4566 = CIRCLE('',#4567,0.8);
#4567 = AXIS2_PLACEMENT_3D('',#4568,#4569,#4570);
#4568 = CARTESIAN_POINT('',(30.385291,32.283592,0.));
#4569 = DIRECTION('',(-0.,0.,-1.));
#4570 = DIRECTION('',(-4.440892098501E-15,-1.,0.));
#4571 = FACE_BOUND('',#4572,.F.);
#4572 = EDGE_LOOP('',(#4573));
#4573 = ORIENTED_EDGE('',*,*,#4574,.T.);
#4574 = EDGE_CURVE('',#4575,#4575,#4577,.T.);
#4575 = VERTEX_POINT('',#4576);
#4576 = CARTESIAN_POINT('',(28.485127,36.146271,0.));
#4577 = CIRCLE('',#4578,0.95);
#4578 = AXIS2_PLACEMENT_3D('',#4579,#4580,#4581);
#4579 = CARTESIAN_POINT('',(28.485127,37.096271,0.));
#4580 = DIRECTION('',(-0.,0.,-1.));
#4581 = DIRECTION('',(-0.,-1.,0.));
#4582 = FACE_BOUND('',#4583,.F.);
#4583 = EDGE_LOOP('',(#4584));
#4584 = ORIENTED_EDGE('',*,*,#4585,.T.);
#4585 = EDGE_CURVE('',#4586,#4586,#4588,.T.);
#4586 = VERTEX_POINT('',#4587);
#4587 = CARTESIAN_POINT('',(33.772066,36.087276,0.));
#4588 = CIRCLE('',#4589,2.525);
#4589 = AXIS2_PLACEMENT_3D('',#4590,#4591,#4592);
#4590 = CARTESIAN_POINT('',(33.772066,38.612276,0.));
#4591 = DIRECTION('',(-0.,0.,-1.));
#4592 = DIRECTION('',(-0.,-1.,0.));
#4593 = FACE_BOUND('',#4594,.F.);
#4594 = EDGE_LOOP('',(#4595));
#4595 = ORIENTED_EDGE('',*,*,#4596,.T.);
#4596 = EDGE_CURVE('',#4597,#4597,#4599,.T.);
#4597 = VERTEX_POINT('',#4598);
#4598 = CARTESIAN_POINT('',(39.059005,39.178281,0.));
#4599 = CIRCLE('',#4600,0.95);
#4600 = AXIS2_PLACEMENT_3D('',#4601,#4602,#4603);
#4601 = CARTESIAN_POINT('',(39.059005,40.128281,0.));
#4602 = DIRECTION('',(-0.,0.,-1.));
#4603 = DIRECTION('',(-0.,-1.,0.));
#4604 = FACE_BOUND('',#4605,.F.);
#4605 = EDGE_LOOP('',(#4606));
#4606 = ORIENTED_EDGE('',*,*,#4607,.T.);
#4607 = EDGE_CURVE('',#4608,#4608,#4610,.T.);
#4608 = VERTEX_POINT('',#4609);
#4609 = CARTESIAN_POINT('',(44.309897,20.866246,0.));
#4610 = CIRCLE('',#4611,0.95);
#4611 = AXIS2_PLACEMENT_3D('',#4612,#4613,#4614);
#4612 = CARTESIAN_POINT('',(44.309897,21.816246,0.));
#4613 = DIRECTION('',(-0.,0.,-1.));
#4614 = DIRECTION('',(-0.,-1.,0.));
#4615 = FACE_BOUND('',#4616,.F.);
#4616 = EDGE_LOOP('',(#4617));
#4617 = ORIENTED_EDGE('',*,*,#4618,.T.);
#4618 = EDGE_CURVE('',#4619,#4619,#4621,.T.);
#4619 = VERTEX_POINT('',#4620);
#4620 = CARTESIAN_POINT('',(47.916876,21.535067,0.));
#4621 = CIRCLE('',#4622,0.4);
#4622 = AXIS2_PLACEMENT_3D('',#4623,#4624,#4625);
#4623 = CARTESIAN_POINT('',(47.916876,21.935067,0.));
#4624 = DIRECTION('',(-0.,0.,-1.));
#4625 = DIRECTION('',(-0.,-1.,0.));
#4626 = FACE_BOUND('',#4627,.F.);
#4627 = EDGE_LOOP('',(#4628));
#4628 = ORIENTED_EDGE('',*,*,#4629,.T.);
#4629 = EDGE_CURVE('',#4630,#4630,#4632,.T.);
#4630 = VERTEX_POINT('',#4631);
#4631 = CARTESIAN_POINT('',(52.635495,23.000457,0.));
#4632 = CIRCLE('',#4633,0.8);
#4633 = AXIS2_PLACEMENT_3D('',#4634,#4635,#4636);
#4634 = CARTESIAN_POINT('',(52.635495,23.800457,0.));
#4635 = DIRECTION('',(-0.,0.,-1.));
#4636 = DIRECTION('',(-8.881784197001E-15,-1.,0.));
#4637 = FACE_BOUND('',#4638,.F.);
#4638 = EDGE_LOOP('',(#4639));
#4639 = ORIENTED_EDGE('',*,*,#4640,.T.);
#4640 = EDGE_CURVE('',#4641,#4641,#4643,.T.);
#4641 = VERTEX_POINT('',#4642);
#4642 = CARTESIAN_POINT('',(42.781845,23.806222,0.));
#4643 = CIRCLE('',#4644,1.525);
#4644 = AXIS2_PLACEMENT_3D('',#4645,#4646,#4647);
#4645 = CARTESIAN_POINT('',(42.781845,25.331222,0.));
#4646 = DIRECTION('',(-0.,0.,-1.));
#4647 = DIRECTION('',(-4.659296627935E-15,-1.,0.));
#4648 = FACE_BOUND('',#4649,.F.);
#4649 = EDGE_LOOP('',(#4650));
#4650 = ORIENTED_EDGE('',*,*,#4651,.T.);
#4651 = EDGE_CURVE('',#4652,#4652,#4654,.T.);
#4652 = VERTEX_POINT('',#4653);
#4653 = CARTESIAN_POINT('',(50.735331,27.663136,0.));
#4654 = CIRCLE('',#4655,0.95);
#4655 = AXIS2_PLACEMENT_3D('',#4656,#4657,#4658);
#4656 = CARTESIAN_POINT('',(50.735331,28.613136,0.));
#4657 = DIRECTION('',(-0.,0.,-1.));
#4658 = DIRECTION('',(-0.,-1.,0.));
#4659 = FACE_BOUND('',#4660,.F.);
#4660 = EDGE_LOOP('',(#4661));
#4661 = ORIENTED_EDGE('',*,*,#4662,.T.);
#4662 = EDGE_CURVE('',#4663,#4663,#4665,.T.);
#4663 = VERTEX_POINT('',#4664);
#4664 = CARTESIAN_POINT('',(56.02227,27.604141,0.));
#4665 = CIRCLE('',#4666,2.525);
#4666 = AXIS2_PLACEMENT_3D('',#4667,#4668,#4669);
#4667 = CARTESIAN_POINT('',(56.02227,30.129141,0.));
#4668 = DIRECTION('',(-0.,0.,-1.));
#4669 = DIRECTION('',(-0.,-1.,0.));
#4670 = FACE_BOUND('',#4671,.F.);
#4671 = EDGE_LOOP('',(#4672));
#4672 = ORIENTED_EDGE('',*,*,#4673,.T.);
#4673 = EDGE_CURVE('',#4674,#4674,#4676,.T.);
#4674 = VERTEX_POINT('',#4675);
#4675 = CARTESIAN_POINT('',(67.016543,24.039153,0.));
#4676 = CIRCLE('',#4677,0.4);
#4677 = AXIS2_PLACEMENT_3D('',#4678,#4679,#4680);
#4678 = CARTESIAN_POINT('',(67.016543,24.439153,0.));
#4679 = DIRECTION('',(-0.,0.,-1.));
#4680 = DIRECTION('',(-0.,-1.,0.));
#4681 = FACE_BOUND('',#4682,.F.);
#4682 = EDGE_LOOP('',(#4683));
#4683 = ORIENTED_EDGE('',*,*,#4684,.T.);
#4684 = EDGE_CURVE('',#4685,#4685,#4687,.T.);
#4685 = VERTEX_POINT('',#4686);
#4686 = CARTESIAN_POINT('',(78.272474,19.121005,0.));
#4687 = CIRCLE('',#4688,2.525);
#4688 = AXIS2_PLACEMENT_3D('',#4689,#4690,#4691);
#4689 = CARTESIAN_POINT('',(78.272474,21.646005,0.));
#4690 = DIRECTION('',(-0.,0.,-1.));
#4691 = DIRECTION('',(5.628061273347E-15,-1.,-0.));
#4692 = FACE_BOUND('',#4693,.F.);
#4693 = EDGE_LOOP('',(#4694));
#4694 = ORIENTED_EDGE('',*,*,#4695,.T.);
#4695 = EDGE_CURVE('',#4696,#4696,#4698,.T.);
#4696 = VERTEX_POINT('',#4697);
#4697 = CARTESIAN_POINT('',(76.646214,25.792449,0.));
#4698 = CIRCLE('',#4699,1.525);
#4699 = AXIS2_PLACEMENT_3D('',#4700,#4701,#4702);
#4700 = CARTESIAN_POINT('',(76.646214,27.317449,0.));
#4701 = DIRECTION('',(-0.,0.,-1.));
#4702 = DIRECTION('',(-0.,-1.,0.));
#4703 = FACE_BOUND('',#4704,.F.);
#4704 = EDGE_LOOP('',(#4705));
#4705 = ORIENTED_EDGE('',*,*,#4706,.T.);
#4706 = EDGE_CURVE('',#4707,#4707,#4709,.T.);
#4707 = VERTEX_POINT('',#4708);
#4708 = CARTESIAN_POINT('',(44.766338,32.522288,0.));
#4709 = CIRCLE('',#4710,0.4);
#4710 = AXIS2_PLACEMENT_3D('',#4711,#4712,#4713);
#4711 = CARTESIAN_POINT('',(44.766338,32.922288,0.));
#4712 = DIRECTION('',(-0.,0.,-1.));
#4713 = DIRECTION('',(-1.7763568394E-14,-1.,0.));
#4714 = FACE_BOUND('',#4715,.F.);
#4715 = EDGE_LOOP('',(#4716));
#4716 = ORIENTED_EDGE('',*,*,#4717,.T.);
#4717 = EDGE_CURVE('',#4718,#4718,#4720,.T.);
#4718 = VERTEX_POINT('',#4719);
#4719 = CARTESIAN_POINT('',(42.665984,39.847103,0.));
#4720 = CIRCLE('',#4721,0.4);
#4721 = AXIS2_PLACEMENT_3D('',#4722,#4723,#4724);
#4722 = CARTESIAN_POINT('',(42.665984,40.247103,0.));
#4723 = DIRECTION('',(-0.,0.,-1.));
#4724 = DIRECTION('',(-0.,-1.,0.));
#4725 = FACE_BOUND('',#4726,.F.);
#4726 = EDGE_LOOP('',(#4727));
#4727 = ORIENTED_EDGE('',*,*,#4728,.T.);
#4728 = EDGE_CURVE('',#4729,#4729,#4731,.T.);
#4729 = VERTEX_POINT('',#4730);
#4730 = CARTESIAN_POINT('',(54.39601,34.275585,0.));
#4731 = CIRCLE('',#4732,1.525);
#4732 = AXIS2_PLACEMENT_3D('',#4733,#4734,#4735);
#4733 = CARTESIAN_POINT('',(54.39601,35.800585,0.));
#4734 = DIRECTION('',(-0.,0.,-1.));
#4735 = DIRECTION('',(-4.659296627935E-15,-1.,0.));
#4736 = FACE_BOUND('',#4737,.F.);
#4737 = EDGE_LOOP('',(#4738));
#4738 = ORIENTED_EDGE('',*,*,#4739,.T.);
#4739 = EDGE_CURVE('',#4740,#4740,#4742,.T.);
#4740 = VERTEX_POINT('',#4741);
#4741 = CARTESIAN_POINT('',(61.309209,30.695146,0.));
#4742 = CIRCLE('',#4743,0.95);
#4743 = AXIS2_PLACEMENT_3D('',#4744,#4745,#4746);
#4744 = CARTESIAN_POINT('',(61.309209,31.645146,0.));
#4745 = DIRECTION('',(-0.,0.,-1.));
#4746 = DIRECTION('',(7.479397218527E-15,-1.,-0.));
#4747 = FACE_BOUND('',#4748,.F.);
#4748 = EDGE_LOOP('',(#4749));
#4749 = ORIENTED_EDGE('',*,*,#4750,.T.);
#4750 = EDGE_CURVE('',#4751,#4751,#4753,.T.);
#4751 = VERTEX_POINT('',#4752);
#4752 = CARTESIAN_POINT('',(64.916189,31.363968,0.));
#4753 = CIRCLE('',#4754,0.4);
#4754 = AXIS2_PLACEMENT_3D('',#4755,#4756,#4757);
#4755 = CARTESIAN_POINT('',(64.916189,31.763968,0.));
#4756 = DIRECTION('',(-0.,0.,-1.));
#4757 = DIRECTION('',(-0.,-1.,0.));
#4758 = FACE_BOUND('',#4759,.F.);
#4759 = EDGE_LOOP('',(#4760));
#4760 = ORIENTED_EDGE('',*,*,#4761,.T.);
#4761 = EDGE_CURVE('',#4762,#4762,#4764,.T.);
#4762 = VERTEX_POINT('',#4763);
#4763 = CARTESIAN_POINT('',(59.781157,33.635122,0.));
#4764 = CIRCLE('',#4765,1.525);
#4765 = AXIS2_PLACEMENT_3D('',#4766,#4767,#4768);
#4766 = CARTESIAN_POINT('',(59.781157,35.160122,0.));
#4767 = DIRECTION('',(-0.,0.,-1.));
#4768 = DIRECTION('',(-0.,-1.,0.));
#4769 = FACE_BOUND('',#4770,.F.);
#4770 = EDGE_LOOP('',(#4771));
#4771 = ORIENTED_EDGE('',*,*,#4772,.T.);
#4772 = EDGE_CURVE('',#4773,#4773,#4775,.T.);
#4773 = VERTEX_POINT('',#4774);
#4774 = CARTESIAN_POINT('',(69.634809,32.829357,0.));
#4775 = CIRCLE('',#4776,0.8);
#4776 = AXIS2_PLACEMENT_3D('',#4777,#4778,#4779);
#4777 = CARTESIAN_POINT('',(69.634809,33.629357,0.));
#4778 = DIRECTION('',(-0.,0.,-1.));
#4779 = DIRECTION('',(-0.,-1.,0.));
#4780 = FACE_BOUND('',#4781,.F.);
#4781 = EDGE_LOOP('',(#4782));
#4782 = ORIENTED_EDGE('',*,*,#4783,.T.);
#4783 = EDGE_CURVE('',#4784,#4784,#4786,.T.);
#4784 = VERTEX_POINT('',#4785);
#4785 = CARTESIAN_POINT('',(67.734645,37.492036,0.));
#4786 = CIRCLE('',#4787,0.95);
#4787 = AXIS2_PLACEMENT_3D('',#4788,#4789,#4790);
#4788 = CARTESIAN_POINT('',(67.734645,38.442036,0.));
#4789 = DIRECTION('',(-0.,0.,-1.));
#4790 = DIRECTION('',(-0.,-1.,0.));
#4791 = FACE_BOUND('',#4792,.F.);
#4792 = EDGE_LOOP('',(#4793));
#4793 = ORIENTED_EDGE('',*,*,#4794,.T.);
#4794 = EDGE_CURVE('',#4795,#4795,#4797,.T.);
#4795 = VERTEX_POINT('',#4796);
#4796 = CARTESIAN_POINT('',(73.021584,37.433041,0.));
#4797 = CIRCLE('',#4798,2.525);
#4798 = AXIS2_PLACEMENT_3D('',#4799,#4800,#4801);
#4799 = CARTESIAN_POINT('',(73.021584,39.958041,0.));
#4800 = DIRECTION('',(-0.,0.,-1.));
#4801 = DIRECTION('',(5.628061273347E-15,-1.,-0.));
#4802 = FACE_BOUND('',#4803,.F.);
#4803 = EDGE_LOOP('',(#4804));
#4804 = ORIENTED_EDGE('',*,*,#4805,.T.);
#4805 = EDGE_CURVE('',#4806,#4806,#4808,.T.);
#4806 = VERTEX_POINT('',#4807);
#4807 = CARTESIAN_POINT('',(83.523366,0.808971,0.));
#4808 = CIRCLE('',#4809,2.525);
#4809 = AXIS2_PLACEMENT_3D('',#4810,#4811,#4812);
#4810 = CARTESIAN_POINT('',(83.523366,3.333971,0.));
#4811 = DIRECTION('',(-0.,0.,-1.));
#4812 = DIRECTION('',(-5.628061273347E-15,-1.,0.));
#4813 = FACE_BOUND('',#4814,.F.);
#4814 = EDGE_LOOP('',(#4815));
#4815 = ORIENTED_EDGE('',*,*,#4816,.T.);
#4816 = EDGE_CURVE('',#4817,#4817,#4819,.T.);
#4817 = VERTEX_POINT('',#4818);
#4818 = CARTESIAN_POINT('',(88.810305,3.899976,0.));
#4819 = CIRCLE('',#4820,0.95);
#4820 = AXIS2_PLACEMENT_3D('',#4821,#4822,#4823);
#4821 = CARTESIAN_POINT('',(88.810305,4.849976,0.));
#4822 = DIRECTION('',(-0.,0.,-1.));
#4823 = DIRECTION('',(-0.,-1.,0.));
#4824 = FACE_BOUND('',#4825,.F.);
#4825 = EDGE_LOOP('',(#4826));
#4826 = ORIENTED_EDGE('',*,*,#4827,.T.);
#4827 = EDGE_CURVE('',#4828,#4828,#4830,.T.);
#4828 = VERTEX_POINT('',#4829);
#4829 = CARTESIAN_POINT('',(97.861185,1.540849,0.));
#4830 = CIRCLE('',#4831,0.95);
#4831 = AXIS2_PLACEMENT_3D('',#4832,#4833,#4834);
#4832 = CARTESIAN_POINT('',(97.861185,2.490849,0.));
#4833 = DIRECTION('',(-0.,0.,-1.));
#4834 = DIRECTION('',(-0.,-1.,0.));
#4835 = FACE_BOUND('',#4836,.F.);
#4836 = EDGE_LOOP('',(#4837));
#4837 = ORIENTED_EDGE('',*,*,#4838,.T.);
#4838 = EDGE_CURVE('',#4839,#4839,#4841,.T.);
#4839 = VERTEX_POINT('',#4840);
#4840 = CARTESIAN_POINT('',(92.417285,4.568798,0.));
#4841 = CIRCLE('',#4842,0.4);
#4842 = AXIS2_PLACEMENT_3D('',#4843,#4844,#4845);
#4843 = CARTESIAN_POINT('',(92.417285,4.968798,0.));
#4844 = DIRECTION('',(-0.,0.,-1.));
#4845 = DIRECTION('',(3.5527136788E-14,-1.,-0.));
#4846 = FACE_BOUND('',#4847,.F.);
#4847 = EDGE_LOOP('',(#4848));
#4848 = ORIENTED_EDGE('',*,*,#4849,.T.);
#4849 = EDGE_CURVE('',#4850,#4850,#4852,.T.);
#4850 = VERTEX_POINT('',#4851);
#4851 = CARTESIAN_POINT('',(81.897106,7.480415,0.));
#4852 = CIRCLE('',#4853,1.525);
#4853 = AXIS2_PLACEMENT_3D('',#4854,#4855,#4856);
#4854 = CARTESIAN_POINT('',(81.897106,9.005415,0.));
#4855 = DIRECTION('',(-0.,0.,-1.));
#4856 = DIRECTION('',(-9.31859325587E-15,-1.,0.));
#4857 = FACE_BOUND('',#4858,.F.);
#4858 = EDGE_LOOP('',(#4859));
#4859 = ORIENTED_EDGE('',*,*,#4860,.T.);
#4860 = EDGE_CURVE('',#4861,#4861,#4863,.T.);
#4861 = VERTEX_POINT('',#4862);
#4862 = CARTESIAN_POINT('',(87.282253,6.839952,0.));
#4863 = CIRCLE('',#4864,1.525);
#4864 = AXIS2_PLACEMENT_3D('',#4865,#4866,#4867);
#4865 = CARTESIAN_POINT('',(87.282253,8.364952,0.));
#4866 = DIRECTION('',(-0.,0.,-1.));
#4867 = DIRECTION('',(-0.,-1.,0.));
#4868 = FACE_BOUND('',#4869,.F.);
#4869 = EDGE_LOOP('',(#4870));
#4870 = ORIENTED_EDGE('',*,*,#4871,.T.);
#4871 = EDGE_CURVE('',#4872,#4872,#4874,.T.);
#4872 = VERTEX_POINT('',#4873);
#4873 = CARTESIAN_POINT('',(103.148124,1.481854,0.));
#4874 = CIRCLE('',#4875,2.525);
#4875 = AXIS2_PLACEMENT_3D('',#4876,#4877,#4878);
#4876 = CARTESIAN_POINT('',(103.148124,4.006854,0.));
#4877 = DIRECTION('',(-0.,0.,-1.));
#4878 = DIRECTION('',(-0.,-1.,0.));
#4879 = FACE_BOUND('',#4880,.F.);
#4880 = EDGE_LOOP('',(#4881));
#4881 = ORIENTED_EDGE('',*,*,#4882,.T.);
#4882 = EDGE_CURVE('',#4883,#4883,#4885,.T.);
#4883 = VERTEX_POINT('',#4884);
#4884 = CARTESIAN_POINT('',(117.815899,1.968691,0.));
#4885 = CIRCLE('',#4886,0.95);
#4886 = AXIS2_PLACEMENT_3D('',#4887,#4888,#4889);
#4887 = CARTESIAN_POINT('',(117.815899,2.918691,0.));
#4888 = DIRECTION('',(-0.,0.,-1.));
#4889 = DIRECTION('',(-0.,-1.,0.));
#4890 = FACE_BOUND('',#4891,.F.);
#4891 = EDGE_LOOP('',(#4892));
#4892 = ORIENTED_EDGE('',*,*,#4893,.T.);
#4893 = EDGE_CURVE('',#4894,#4894,#4896,.T.);
#4894 = VERTEX_POINT('',#4895);
#4895 = CARTESIAN_POINT('',(108.435063,4.572859,0.));
#4896 = CIRCLE('',#4897,0.95);
#4897 = AXIS2_PLACEMENT_3D('',#4898,#4899,#4900);
#4898 = CARTESIAN_POINT('',(108.435063,5.522859,0.));
#4899 = DIRECTION('',(-0.,0.,-1.));
#4900 = DIRECTION('',(-0.,-1.,0.));
#4901 = FACE_BOUND('',#4902,.F.);
#4902 = EDGE_LOOP('',(#4903));
#4903 = ORIENTED_EDGE('',*,*,#4904,.T.);
#4904 = EDGE_CURVE('',#4905,#4905,#4907,.T.);
#4905 = VERTEX_POINT('',#4906);
#4906 = CARTESIAN_POINT('',(101.521864,8.153298,0.));
#4907 = CIRCLE('',#4908,1.525);
#4908 = AXIS2_PLACEMENT_3D('',#4909,#4910,#4911);
#4909 = CARTESIAN_POINT('',(101.521864,9.678298,0.));
#4910 = DIRECTION('',(-0.,0.,-1.));
#4911 = DIRECTION('',(-0.,-1.,0.));
#4912 = FACE_BOUND('',#4913,.F.);
#4913 = EDGE_LOOP('',(#4914));
#4914 = ORIENTED_EDGE('',*,*,#4915,.T.);
#4915 = EDGE_CURVE('',#4916,#4916,#4918,.T.);
#4916 = VERTEX_POINT('',#4917);
#4917 = CARTESIAN_POINT('',(106.907011,7.512835,0.));
#4918 = CIRCLE('',#4919,1.525);
#4919 = AXIS2_PLACEMENT_3D('',#4920,#4921,#4922);
#4920 = CARTESIAN_POINT('',(106.907011,9.037835,0.));
#4921 = DIRECTION('',(-0.,0.,-1.));
#4922 = DIRECTION('',(-9.31859325587E-15,-1.,0.));
#4923 = FACE_BOUND('',#4924,.F.);
#4924 = EDGE_LOOP('',(#4925));
#4925 = ORIENTED_EDGE('',*,*,#4926,.T.);
#4926 = EDGE_CURVE('',#4927,#4927,#4929,.T.);
#4927 = VERTEX_POINT('',#4928);
#4928 = CARTESIAN_POINT('',(112.042042,5.24168,0.));
#4929 = CIRCLE('',#4930,0.4);
#4930 = AXIS2_PLACEMENT_3D('',#4931,#4932,#4933);
#4931 = CARTESIAN_POINT('',(112.042042,5.64168,0.));
#4932 = DIRECTION('',(-0.,0.,-1.));
#4933 = DIRECTION('',(-3.552713678801E-14,-1.,0.));
#4934 = FACE_BOUND('',#4935,.F.);
#4935 = EDGE_LOOP('',(#4936));
#4936 = ORIENTED_EDGE('',*,*,#4937,.T.);
#4937 = EDGE_CURVE('',#4938,#4938,#4940,.T.);
#4938 = VERTEX_POINT('',#4939);
#4939 = CARTESIAN_POINT('',(89.266746,15.556018,0.));
#4940 = CIRCLE('',#4941,0.4);
#4941 = AXIS2_PLACEMENT_3D('',#4942,#4943,#4944);
#4942 = CARTESIAN_POINT('',(89.266746,15.956018,0.));
#4943 = DIRECTION('',(-0.,0.,-1.));
#4944 = DIRECTION('',(-3.552713678801E-14,-1.,0.));
#4945 = FACE_BOUND('',#4946,.F.);
#4946 = EDGE_LOOP('',(#4947));
#4947 = ORIENTED_EDGE('',*,*,#4948,.T.);
#4948 = EDGE_CURVE('',#4949,#4949,#4951,.T.);
#4949 = VERTEX_POINT('',#4950);
#4950 = CARTESIAN_POINT('',(94.510457,15.190204,0.));
#4951 = CIRCLE('',#4952,0.8);
#4952 = AXIS2_PLACEMENT_3D('',#4953,#4954,#4955);
#4953 = CARTESIAN_POINT('',(94.510457,15.990204,0.));
#4954 = DIRECTION('',(-0.,0.,-1.));
#4955 = DIRECTION('',(-0.,-1.,0.));
#4956 = FACE_BOUND('',#4957,.F.);
#4957 = EDGE_LOOP('',(#4958));
#4958 = ORIENTED_EDGE('',*,*,#4959,.T.);
#4959 = EDGE_CURVE('',#4960,#4960,#4962,.T.);
#4960 = VERTEX_POINT('',#4961);
#4961 = CARTESIAN_POINT('',(108.891505,16.228901,0.));
#4962 = CIRCLE('',#4963,0.4);
#4963 = AXIS2_PLACEMENT_3D('',#4964,#4965,#4966);
#4964 = CARTESIAN_POINT('',(108.891505,16.628901,0.));
#4965 = DIRECTION('',(-0.,0.,-1.));
#4966 = DIRECTION('',(-0.,-1.,0.));
#4967 = FACE_BOUND('',#4968,.F.);
#4968 = EDGE_LOOP('',(#4969));
#4969 = ORIENTED_EDGE('',*,*,#4970,.T.);
#4970 = EDGE_CURVE('',#4971,#4971,#4973,.T.);
#4971 = VERTEX_POINT('',#4972);
#4972 = CARTESIAN_POINT('',(115.415001,15.818898,0.));
#4973 = CIRCLE('',#4974,0.8);
#4974 = AXIS2_PLACEMENT_3D('',#4975,#4976,#4977);
#4975 = CARTESIAN_POINT('',(115.415001,16.618898,0.));
#4976 = DIRECTION('',(-0.,0.,-1.));
#4977 = DIRECTION('',(-0.,-1.,0.));
#4978 = FACE_BOUND('',#4979,.F.);
#4979 = EDGE_LOOP('',(#4980));
#4980 = ORIENTED_EDGE('',*,*,#4981,.T.);
#4981 = EDGE_CURVE('',#4982,#4982,#4984,.T.);
#4982 = VERTEX_POINT('',#4983);
#4983 = CARTESIAN_POINT('',(123.19571,1.537205,0.));
#4984 = CIRCLE('',#4985,2.525);
#4985 = AXIS2_PLACEMENT_3D('',#4986,#4987,#4988);
#4986 = CARTESIAN_POINT('',(123.19571,4.062205,0.));
#4987 = DIRECTION('',(-0.,0.,-1.));
#4988 = DIRECTION('',(5.628061273347E-15,-1.,-0.));
#4989 = FACE_BOUND('',#4990,.F.);
#4990 = EDGE_LOOP('',(#4991));
#4991 = ORIENTED_EDGE('',*,*,#4992,.T.);
#4992 = EDGE_CURVE('',#4993,#4993,#4995,.T.);
#4993 = VERTEX_POINT('',#4994);
#4994 = CARTESIAN_POINT('',(138.009431,1.145905,0.));
#4995 = CIRCLE('',#4996,0.8);
#4996 = AXIS2_PLACEMENT_3D('',#4997,#4998,#4999);
#4997 = CARTESIAN_POINT('',(138.009431,1.945905,0.));
#4998 = DIRECTION('',(-0.,0.,-1.));
#4999 = DIRECTION('',(-0.,-1.,0.));
#5000 = FACE_BOUND('',#5001,.F.);
#5001 = EDGE_LOOP('',(#5002));
#5002 = ORIENTED_EDGE('',*,*,#5003,.T.);
#5003 = EDGE_CURVE('',#5004,#5004,#5006,.T.);
#5004 = VERTEX_POINT('',#5005);
#5005 = CARTESIAN_POINT('',(128.575521,4.255719,0.));
#5006 = CIRCLE('',#5007,0.95);
#5007 = AXIS2_PLACEMENT_3D('',#5008,#5009,#5010);
#5008 = CARTESIAN_POINT('',(128.575521,5.205719,0.));
#5009 = DIRECTION('',(-0.,0.,-1.));
#5010 = DIRECTION('',(-0.,-1.,0.));
#5011 = FACE_BOUND('',#5012,.F.);
#5012 = EDGE_LOOP('',(#5013));
#5013 = ORIENTED_EDGE('',*,*,#5014,.T.);
#5014 = EDGE_CURVE('',#5015,#5015,#5017,.T.);
#5015 = VERTEX_POINT('',#5016);
#5016 = CARTESIAN_POINT('',(121.969031,8.308276,0.));
#5017 = CIRCLE('',#5018,1.525);
#5018 = AXIS2_PLACEMENT_3D('',#5019,#5020,#5021);
#5019 = CARTESIAN_POINT('',(121.969031,9.833276,0.));
#5020 = DIRECTION('',(-0.,0.,-1.));
#5021 = DIRECTION('',(-0.,-1.,0.));
#5022 = FACE_BOUND('',#5023,.F.);
#5023 = EDGE_LOOP('',(#5024));
#5024 = ORIENTED_EDGE('',*,*,#5025,.T.);
#5025 = EDGE_CURVE('',#5026,#5026,#5028,.T.);
#5026 = VERTEX_POINT('',#5027);
#5027 = CARTESIAN_POINT('',(127.296384,7.293724,0.));
#5028 = CIRCLE('',#5029,1.525);
#5029 = AXIS2_PLACEMENT_3D('',#5030,#5031,#5032);
#5030 = CARTESIAN_POINT('',(127.296384,8.818724,0.));
#5031 = DIRECTION('',(-0.,0.,-1.));
#5032 = DIRECTION('',(9.31859325587E-15,-1.,-0.));
#5033 = FACE_BOUND('',#5034,.F.);
#5034 = EDGE_LOOP('',(#5035));
#5035 = ORIENTED_EDGE('',*,*,#5036,.T.);
#5036 = EDGE_CURVE('',#5037,#5037,#5039,.T.);
#5037 = VERTEX_POINT('',#5038);
#5038 = CARTESIAN_POINT('',(132.182004,4.67264,0.));
#5039 = CIRCLE('',#5040,0.4);
#5040 = AXIS2_PLACEMENT_3D('',#5041,#5042,#5043);
#5041 = CARTESIAN_POINT('',(132.182004,5.07264,0.));
#5042 = DIRECTION('',(-0.,0.,-1.));
#5043 = DIRECTION('',(-0.,-1.,0.));
#5044 = FACE_BOUND('',#5045,.F.);
#5045 = EDGE_LOOP('',(#5046));
#5046 = ORIENTED_EDGE('',*,*,#5047,.T.);
#5047 = EDGE_CURVE('',#5048,#5048,#5050,.T.);
#5048 = VERTEX_POINT('',#5049);
#5049 = CARTESIAN_POINT('',(136.449612,5.929409,0.));
#5050 = CIRCLE('',#5051,0.95);
#5051 = AXIS2_PLACEMENT_3D('',#5052,#5053,#5054);
#5052 = CARTESIAN_POINT('',(136.449612,6.879409,0.));
#5053 = DIRECTION('',(-0.,0.,-1.));
#5054 = DIRECTION('',(-0.,-1.,0.));
#5055 = FACE_BOUND('',#5056,.F.);
#5056 = EDGE_LOOP('',(#5057));
#5057 = ORIENTED_EDGE('',*,*,#5058,.T.);
#5058 = EDGE_CURVE('',#5059,#5059,#5061,.T.);
#5059 = VERTEX_POINT('',#5060);
#5060 = CARTESIAN_POINT('',(152.4,1.179873,0.));
#5061 = CIRCLE('',#5062,0.4);
#5062 = AXIS2_PLACEMENT_3D('',#5063,#5064,#5065);
#5063 = CARTESIAN_POINT('',(152.4,1.579873,0.));
#5064 = DIRECTION('',(-0.,0.,-1.));
#5065 = DIRECTION('',(-0.,-1.,0.));
#5066 = FACE_BOUND('',#5067,.F.);
#5067 = EDGE_LOOP('',(#5068));
#5068 = ORIENTED_EDGE('',*,*,#5069,.T.);
#5069 = EDGE_CURVE('',#5070,#5070,#5072,.T.);
#5070 = VERTEX_POINT('',#5071);
#5071 = CARTESIAN_POINT('',(141.829423,5.497923,0.));
#5072 = CIRCLE('',#5073,2.525);
#5073 = AXIS2_PLACEMENT_3D('',#5074,#5075,#5076);
#5074 = CARTESIAN_POINT('',(141.829423,8.022923,0.));
#5075 = DIRECTION('',(-0.,0.,-1.));
#5076 = DIRECTION('',(-1.125612254669E-14,-1.,0.));
#5077 = FACE_BOUND('',#5078,.F.);
#5078 = EDGE_LOOP('',(#5079));
#5079 = ORIENTED_EDGE('',*,*,#5080,.T.);
#5080 = EDGE_CURVE('',#5081,#5081,#5083,.T.);
#5081 = VERTEX_POINT('',#5082);
#5082 = CARTESIAN_POINT('',(147.209234,8.216437,0.));
#5083 = CIRCLE('',#5084,0.95);
#5084 = AXIS2_PLACEMENT_3D('',#5085,#5086,#5087);
#5085 = CARTESIAN_POINT('',(147.209234,9.166437,0.));
#5086 = DIRECTION('',(-0.,0.,-1.));
#5087 = DIRECTION('',(2.991758887411E-14,-1.,-0.));
#5088 = FACE_BOUND('',#5089,.F.);
#5089 = EDGE_LOOP('',(#5090));
#5090 = ORIENTED_EDGE('',*,*,#5091,.T.);
#5091 = EDGE_CURVE('',#5092,#5092,#5094,.T.);
#5092 = VERTEX_POINT('',#5093);
#5093 = CARTESIAN_POINT('',(150.815716,8.633358,0.));
#5094 = CIRCLE('',#5095,0.4);
#5095 = AXIS2_PLACEMENT_3D('',#5096,#5097,#5098);
#5096 = CARTESIAN_POINT('',(150.815716,9.033358,0.));
#5097 = DIRECTION('',(-0.,0.,-1.));
#5098 = DIRECTION('',(-0.,-1.,0.));
#5099 = FACE_BOUND('',#5100,.F.);
#5100 = EDGE_LOOP('',(#5101));
#5101 = ORIENTED_EDGE('',*,*,#5102,.T.);
#5102 = EDGE_CURVE('',#5103,#5103,#5105,.T.);
#5103 = VERTEX_POINT('',#5104);
#5104 = CARTESIAN_POINT('',(129.805571,15.852867,0.));
#5105 = CIRCLE('',#5106,0.4);
#5106 = AXIS2_PLACEMENT_3D('',#5107,#5108,#5109);
#5107 = CARTESIAN_POINT('',(129.805571,16.252867,0.));
#5108 = DIRECTION('',(-0.,0.,-1.));
#5109 = DIRECTION('',(-0.,-1.,0.));
#5110 = FACE_BOUND('',#5111,.F.);
#5111 = EDGE_LOOP('',(#5112));
#5112 = ORIENTED_EDGE('',*,*,#5113,.T.);
#5113 = EDGE_CURVE('',#5114,#5114,#5116,.T.);
#5114 = VERTEX_POINT('',#5115);
#5115 = CARTESIAN_POINT('',(140.602744,12.268994,0.));
#5116 = CIRCLE('',#5117,1.525);
#5117 = AXIS2_PLACEMENT_3D('',#5118,#5119,#5120);
#5118 = CARTESIAN_POINT('',(140.602744,13.793994,0.));
#5119 = DIRECTION('',(-0.,0.,-1.));
#5120 = DIRECTION('',(-0.,-1.,0.));
#5121 = FACE_BOUND('',#5122,.F.);
#5122 = EDGE_LOOP('',(#5123));
#5123 = ORIENTED_EDGE('',*,*,#5124,.T.);
#5124 = EDGE_CURVE('',#5125,#5125,#5127,.T.);
#5125 = VERTEX_POINT('',#5126);
#5126 = CARTESIAN_POINT('',(145.930097,11.254442,0.));
#5127 = CIRCLE('',#5128,1.525);
#5128 = AXIS2_PLACEMENT_3D('',#5129,#5130,#5131);
#5129 = CARTESIAN_POINT('',(145.930097,12.779442,0.));
#5130 = DIRECTION('',(-0.,0.,-1.));
#5131 = DIRECTION('',(-0.,-1.,0.));
#5132 = FACE_BOUND('',#5133,.F.);
#5133 = EDGE_LOOP('',(#5134));
#5134 = ORIENTED_EDGE('',*,*,#5135,.T.);
#5135 = EDGE_CURVE('',#5136,#5136,#5138,.T.);
#5136 = VERTEX_POINT('',#5137);
#5137 = CARTESIAN_POINT('',(148.439282,19.813585,0.));
#5138 = CIRCLE('',#5139,0.4);
#5139 = AXIS2_PLACEMENT_3D('',#5140,#5141,#5142);
#5140 = CARTESIAN_POINT('',(148.439282,20.213585,0.));
#5141 = DIRECTION('',(-0.,0.,-1.));
#5142 = DIRECTION('',(-0.,-1.,0.));
#5143 = FACE_BOUND('',#5144,.F.);
#5144 = EDGE_LOOP('',(#5145));
#5145 = ORIENTED_EDGE('',*,*,#5146,.T.);
#5146 = EDGE_CURVE('',#5147,#5147,#5149,.T.);
#5147 = VERTEX_POINT('',#5148);
#5148 = CARTESIAN_POINT('',(83.559413,22.21201,0.));
#5149 = CIRCLE('',#5150,0.95);
#5150 = AXIS2_PLACEMENT_3D('',#5151,#5152,#5153);
#5151 = CARTESIAN_POINT('',(83.559413,23.16201,0.));
#5152 = DIRECTION('',(-0.,0.,-1.));
#5153 = DIRECTION('',(-0.,-1.,0.));
#5154 = FACE_BOUND('',#5155,.F.);
#5155 = EDGE_LOOP('',(#5156));
#5156 = ORIENTED_EDGE('',*,*,#5157,.T.);
#5157 = EDGE_CURVE('',#5158,#5158,#5160,.T.);
#5158 = VERTEX_POINT('',#5159);
#5159 = CARTESIAN_POINT('',(87.166392,22.880833,0.));
#5160 = CIRCLE('',#5161,0.4);
#5161 = AXIS2_PLACEMENT_3D('',#5162,#5163,#5164);
#5162 = CARTESIAN_POINT('',(87.166392,23.280833,0.));
#5163 = DIRECTION('',(-0.,0.,-1.));
#5164 = DIRECTION('',(-0.,-1.,0.));
#5165 = FACE_BOUND('',#5166,.F.);
#5166 = EDGE_LOOP('',(#5167));
#5167 = ORIENTED_EDGE('',*,*,#5168,.T.);
#5168 = EDGE_CURVE('',#5169,#5169,#5171,.T.);
#5169 = VERTEX_POINT('',#5170);
#5170 = CARTESIAN_POINT('',(92.610293,19.852883,0.));
#5171 = CIRCLE('',#5172,0.95);
#5172 = AXIS2_PLACEMENT_3D('',#5173,#5174,#5175);
#5173 = CARTESIAN_POINT('',(92.610293,20.802883,0.));
#5174 = DIRECTION('',(-0.,0.,-1.));
#5175 = DIRECTION('',(-0.,-1.,0.));
#5176 = FACE_BOUND('',#5177,.F.);
#5177 = EDGE_LOOP('',(#5178));
#5178 = ORIENTED_EDGE('',*,*,#5179,.T.);
#5179 = EDGE_CURVE('',#5180,#5180,#5182,.T.);
#5180 = VERTEX_POINT('',#5181);
#5181 = CARTESIAN_POINT('',(97.897232,19.793888,0.));
#5182 = CIRCLE('',#5183,2.525);
#5183 = AXIS2_PLACEMENT_3D('',#5184,#5185,#5186);
#5184 = CARTESIAN_POINT('',(97.897232,22.318888,0.));
#5185 = DIRECTION('',(-0.,0.,-1.));
#5186 = DIRECTION('',(-0.,-1.,0.));
#5187 = FACE_BOUND('',#5188,.F.);
#5188 = EDGE_LOOP('',(#5189));
#5189 = ORIENTED_EDGE('',*,*,#5190,.T.);
#5190 = EDGE_CURVE('',#5191,#5191,#5193,.T.);
#5191 = VERTEX_POINT('',#5192);
#5192 = CARTESIAN_POINT('',(82.031361,25.151986,0.));
#5193 = CIRCLE('',#5194,1.525);
#5194 = AXIS2_PLACEMENT_3D('',#5195,#5196,#5197);
#5195 = CARTESIAN_POINT('',(82.031361,26.676986,0.));
#5196 = DIRECTION('',(-0.,0.,-1.));
#5197 = DIRECTION('',(-0.,-1.,0.));
#5198 = FACE_BOUND('',#5199,.F.);
#5199 = EDGE_LOOP('',(#5200));
#5200 = ORIENTED_EDGE('',*,*,#5201,.T.);
#5201 = EDGE_CURVE('',#5202,#5202,#5204,.T.);
#5202 = VERTEX_POINT('',#5203);
#5203 = CARTESIAN_POINT('',(96.270972,26.465332,0.));
#5204 = CIRCLE('',#5205,1.525);
#5205 = AXIS2_PLACEMENT_3D('',#5206,#5207,#5208);
#5206 = CARTESIAN_POINT('',(96.270972,27.990332,0.));
#5207 = DIRECTION('',(-0.,0.,-1.));
#5208 = DIRECTION('',(-0.,-1.,0.));
#5209 = FACE_BOUND('',#5210,.F.);
#5210 = EDGE_LOOP('',(#5211));
#5211 = ORIENTED_EDGE('',*,*,#5212,.T.);
#5212 = EDGE_CURVE('',#5213,#5213,#5215,.T.);
#5213 = VERTEX_POINT('',#5214);
#5214 = CARTESIAN_POINT('',(103.184171,22.884893,0.));
#5215 = CIRCLE('',#5216,0.95);
#5216 = AXIS2_PLACEMENT_3D('',#5217,#5218,#5219);
#5217 = CARTESIAN_POINT('',(103.184171,23.834893,0.));
#5218 = DIRECTION('',(-0.,0.,-1.));
#5219 = DIRECTION('',(1.495879443705E-14,-1.,-0.));
#5220 = FACE_BOUND('',#5221,.F.);
#5221 = EDGE_LOOP('',(#5222));
#5222 = ORIENTED_EDGE('',*,*,#5223,.T.);
#5223 = EDGE_CURVE('',#5224,#5224,#5226,.T.);
#5224 = VERTEX_POINT('',#5225);
#5225 = CARTESIAN_POINT('',(106.791151,23.553716,0.));
#5226 = CIRCLE('',#5227,0.4);
#5227 = AXIS2_PLACEMENT_3D('',#5228,#5229,#5230);
#5228 = CARTESIAN_POINT('',(106.791151,23.953716,0.));
#5229 = DIRECTION('',(-0.,0.,-1.));
#5230 = DIRECTION('',(-0.,-1.,0.));
#5231 = FACE_BOUND('',#5232,.F.);
#5232 = EDGE_LOOP('',(#5233));
#5233 = ORIENTED_EDGE('',*,*,#5234,.T.);
#5234 = EDGE_CURVE('',#5235,#5235,#5237,.T.);
#5235 = VERTEX_POINT('',#5236);
#5236 = CARTESIAN_POINT('',(113.855182,20.602402,0.));
#5237 = CIRCLE('',#5238,0.95);
#5238 = AXIS2_PLACEMENT_3D('',#5239,#5240,#5241);
#5239 = CARTESIAN_POINT('',(113.855182,21.552402,0.));
#5240 = DIRECTION('',(-0.,0.,-1.));
#5241 = DIRECTION('',(-0.,-1.,0.));
#5242 = FACE_BOUND('',#5243,.F.);
#5243 = EDGE_LOOP('',(#5244));
#5244 = ORIENTED_EDGE('',*,*,#5245,.T.);
#5245 = EDGE_CURVE('',#5246,#5246,#5248,.T.);
#5246 = VERTEX_POINT('',#5247);
#5247 = CARTESIAN_POINT('',(119.234993,20.170916,0.));
#5248 = CIRCLE('',#5249,2.525);
#5249 = AXIS2_PLACEMENT_3D('',#5250,#5251,#5252);
#5250 = CARTESIAN_POINT('',(119.234993,22.695916,0.));
#5251 = DIRECTION('',(-0.,0.,-1.));
#5252 = DIRECTION('',(-0.,-1.,0.));
#5253 = FACE_BOUND('',#5254,.F.);
#5254 = EDGE_LOOP('',(#5255));
#5255 = ORIENTED_EDGE('',*,*,#5256,.T.);
#5256 = EDGE_CURVE('',#5257,#5257,#5259,.T.);
#5257 = VERTEX_POINT('',#5258);
#5258 = CARTESIAN_POINT('',(101.656119,25.824869,0.));
#5259 = CIRCLE('',#5260,1.525);
#5260 = AXIS2_PLACEMENT_3D('',#5261,#5262,#5263);
#5261 = CARTESIAN_POINT('',(101.656119,27.349869,0.));
#5262 = DIRECTION('',(-0.,0.,-1.));
#5263 = DIRECTION('',(9.31859325587E-15,-1.,-0.));
#5264 = FACE_BOUND('',#5265,.F.);
#5265 = EDGE_LOOP('',(#5266));
#5266 = ORIENTED_EDGE('',*,*,#5267,.T.);
#5267 = EDGE_CURVE('',#5268,#5268,#5270,.T.);
#5268 = VERTEX_POINT('',#5269);
#5269 = CARTESIAN_POINT('',(118.008314,26.941987,0.));
#5270 = CIRCLE('',#5271,1.525);
#5271 = AXIS2_PLACEMENT_3D('',#5272,#5273,#5274);
#5272 = CARTESIAN_POINT('',(118.008314,28.466987,0.));
#5273 = DIRECTION('',(-0.,0.,-1.));
#5274 = DIRECTION('',(-0.,-1.,0.));
#5275 = FACE_BOUND('',#5276,.F.);
#5276 = EDGE_LOOP('',(#5277));
#5277 = ORIENTED_EDGE('',*,*,#5278,.T.);
#5278 = EDGE_CURVE('',#5279,#5279,#5281,.T.);
#5279 = VERTEX_POINT('',#5280);
#5280 = CARTESIAN_POINT('',(84.015855,33.868053,0.));
#5281 = CIRCLE('',#5282,0.4);
#5282 = AXIS2_PLACEMENT_3D('',#5283,#5284,#5285);
#5283 = CARTESIAN_POINT('',(84.015855,34.268053,0.));
#5284 = DIRECTION('',(-0.,0.,-1.));
#5285 = DIRECTION('',(3.5527136788E-14,-1.,-0.));
#5286 = FACE_BOUND('',#5287,.F.);
#5287 = EDGE_LOOP('',(#5288));
#5288 = ORIENTED_EDGE('',*,*,#5289,.T.);
#5289 = EDGE_CURVE('',#5290,#5290,#5292,.T.);
#5290 = VERTEX_POINT('',#5291);
#5291 = CARTESIAN_POINT('',(89.259566,33.50224,0.));
#5292 = CIRCLE('',#5293,0.8);
#5293 = AXIS2_PLACEMENT_3D('',#5294,#5295,#5296);
#5294 = CARTESIAN_POINT('',(89.259566,34.30224,0.));
#5295 = DIRECTION('',(-0.,0.,-1.));
#5296 = DIRECTION('',(-0.,-1.,0.));
#5297 = FACE_BOUND('',#5298,.F.);
#5298 = EDGE_LOOP('',(#5299));
#5299 = ORIENTED_EDGE('',*,*,#5300,.T.);
#5300 = EDGE_CURVE('',#5301,#5301,#5303,.T.);
#5301 = VERTEX_POINT('',#5302);
#5302 = CARTESIAN_POINT('',(87.359402,38.164919,0.));
#5303 = CIRCLE('',#5304,0.95);
#5304 = AXIS2_PLACEMENT_3D('',#5305,#5306,#5307);
#5305 = CARTESIAN_POINT('',(87.359402,39.114919,0.));
#5306 = DIRECTION('',(-0.,0.,-1.));
#5307 = DIRECTION('',(-0.,-1.,0.));
#5308 = FACE_BOUND('',#5309,.F.);
#5309 = EDGE_LOOP('',(#5310));
#5310 = ORIENTED_EDGE('',*,*,#5311,.T.);
#5311 = EDGE_CURVE('',#5312,#5312,#5314,.T.);
#5312 = VERTEX_POINT('',#5313);
#5313 = CARTESIAN_POINT('',(103.640613,34.540936,0.));
#5314 = CIRCLE('',#5315,0.4);
#5315 = AXIS2_PLACEMENT_3D('',#5316,#5317,#5318);
#5316 = CARTESIAN_POINT('',(103.640613,34.940936,0.));
#5317 = DIRECTION('',(-0.,0.,-1.));
#5318 = DIRECTION('',(-0.,-1.,0.));
#5319 = FACE_BOUND('',#5320,.F.);
#5320 = EDGE_LOOP('',(#5321));
#5321 = ORIENTED_EDGE('',*,*,#5322,.T.);
#5322 = EDGE_CURVE('',#5323,#5323,#5325,.T.);
#5323 = VERTEX_POINT('',#5324);
#5324 = CARTESIAN_POINT('',(111.454283,34.452611,0.));
#5325 = CIRCLE('',#5326,0.8);
#5326 = AXIS2_PLACEMENT_3D('',#5327,#5328,#5329);
#5327 = CARTESIAN_POINT('',(111.454283,35.252611,0.));
#5328 = DIRECTION('',(-0.,0.,-1.));
#5329 = DIRECTION('',(-0.,-1.,0.));
#5330 = FACE_BOUND('',#5331,.F.);
#5331 = EDGE_LOOP('',(#5332));
#5332 = ORIENTED_EDGE('',*,*,#5333,.T.);
#5333 = EDGE_CURVE('',#5334,#5334,#5336,.T.);
#5334 = VERTEX_POINT('',#5335);
#5335 = CARTESIAN_POINT('',(109.894464,39.236115,0.));
#5336 = CIRCLE('',#5337,0.95);
#5337 = AXIS2_PLACEMENT_3D('',#5338,#5339,#5340);
#5338 = CARTESIAN_POINT('',(109.894464,40.186115,0.));
#5339 = DIRECTION('',(-0.,0.,-1.));
#5340 = DIRECTION('',(-0.,-1.,0.));
#5341 = FACE_BOUND('',#5342,.F.);
#5342 = EDGE_LOOP('',(#5343));
#5343 = ORIENTED_EDGE('',*,*,#5344,.T.);
#5344 = EDGE_CURVE('',#5345,#5345,#5347,.T.);
#5345 = VERTEX_POINT('',#5346);
#5346 = CARTESIAN_POINT('',(124.614804,22.88943,0.));
#5347 = CIRCLE('',#5348,0.95);
#5348 = AXIS2_PLACEMENT_3D('',#5349,#5350,#5351);
#5349 = CARTESIAN_POINT('',(124.614804,23.83943,0.));
#5350 = DIRECTION('',(-0.,0.,-1.));
#5351 = DIRECTION('',(1.495879443705E-14,-1.,-0.));
#5352 = FACE_BOUND('',#5353,.F.);
#5353 = EDGE_LOOP('',(#5354));
#5354 = ORIENTED_EDGE('',*,*,#5355,.T.);
#5355 = EDGE_CURVE('',#5356,#5356,#5358,.T.);
#5356 = VERTEX_POINT('',#5357);
#5357 = CARTESIAN_POINT('',(128.221287,23.306352,0.));
#5358 = CIRCLE('',#5359,0.4);
#5359 = AXIS2_PLACEMENT_3D('',#5360,#5361,#5362);
#5360 = CARTESIAN_POINT('',(128.221287,23.706352,0.));
#5361 = DIRECTION('',(-0.,0.,-1.));
#5362 = DIRECTION('',(-0.,-1.,0.));
#5363 = FACE_BOUND('',#5364,.F.);
#5364 = EDGE_LOOP('',(#5365));
#5365 = ORIENTED_EDGE('',*,*,#5366,.T.);
#5366 = EDGE_CURVE('',#5367,#5367,#5369,.T.);
#5367 = VERTEX_POINT('',#5368);
#5368 = CARTESIAN_POINT('',(134.048713,19.779616,0.));
#5369 = CIRCLE('',#5370,0.8);
#5370 = AXIS2_PLACEMENT_3D('',#5371,#5372,#5373);
#5371 = CARTESIAN_POINT('',(134.048713,20.579616,0.));
#5372 = DIRECTION('',(-0.,0.,-1.));
#5373 = DIRECTION('',(-3.552713678801E-14,-1.,0.));
#5374 = FACE_BOUND('',#5375,.F.);
#5375 = EDGE_LOOP('',(#5376));
#5376 = ORIENTED_EDGE('',*,*,#5377,.T.);
#5377 = EDGE_CURVE('',#5378,#5378,#5380,.T.);
#5378 = VERTEX_POINT('',#5379);
#5379 = CARTESIAN_POINT('',(123.335667,25.927435,0.));
#5380 = CIRCLE('',#5381,1.525);
#5381 = AXIS2_PLACEMENT_3D('',#5382,#5383,#5384);
#5382 = CARTESIAN_POINT('',(123.335667,27.452435,0.));
#5383 = DIRECTION('',(-0.,0.,-1.));
#5384 = DIRECTION('',(-0.,-1.,0.));
#5385 = FACE_BOUND('',#5386,.F.);
#5386 = EDGE_LOOP('',(#5387));
#5387 = ORIENTED_EDGE('',*,*,#5388,.T.);
#5388 = EDGE_CURVE('',#5389,#5389,#5391,.T.);
#5389 = VERTEX_POINT('',#5390);
#5390 = CARTESIAN_POINT('',(132.488894,24.56312,0.));
#5391 = CIRCLE('',#5392,0.95);
#5392 = AXIS2_PLACEMENT_3D('',#5393,#5394,#5395);
#5393 = CARTESIAN_POINT('',(132.488894,25.51312,0.));
#5394 = DIRECTION('',(-0.,0.,-1.));
#5395 = DIRECTION('',(-2.991758887411E-14,-1.,0.));
#5396 = FACE_BOUND('',#5397,.F.);
#5397 = EDGE_LOOP('',(#5398));
#5398 = ORIENTED_EDGE('',*,*,#5399,.T.);
#5399 = EDGE_CURVE('',#5400,#5400,#5402,.T.);
#5400 = VERTEX_POINT('',#5401);
#5401 = CARTESIAN_POINT('',(137.868705,24.131634,0.));
#5402 = CIRCLE('',#5403,2.525);
#5403 = AXIS2_PLACEMENT_3D('',#5404,#5405,#5406);
#5404 = CARTESIAN_POINT('',(137.868705,26.656634,0.));
#5405 = DIRECTION('',(-0.,0.,-1.));
#5406 = DIRECTION('',(-0.,-1.,0.));
#5407 = FACE_BOUND('',#5408,.F.);
#5408 = EDGE_LOOP('',(#5409));
#5409 = ORIENTED_EDGE('',*,*,#5410,.T.);
#5410 = EDGE_CURVE('',#5411,#5411,#5413,.T.);
#5411 = VERTEX_POINT('',#5412);
#5412 = CARTESIAN_POINT('',(146.854998,27.26707,0.));
#5413 = CIRCLE('',#5414,0.4);
#5414 = AXIS2_PLACEMENT_3D('',#5415,#5416,#5417);
#5415 = CARTESIAN_POINT('',(146.854998,27.66707,0.));
#5416 = DIRECTION('',(-0.,0.,-1.));
#5417 = DIRECTION('',(-0.,-1.,0.));
#5418 = FACE_BOUND('',#5419,.F.);
#5419 = EDGE_LOOP('',(#5420));
#5420 = ORIENTED_EDGE('',*,*,#5421,.T.);
#5421 = EDGE_CURVE('',#5422,#5422,#5424,.T.);
#5422 = VERTEX_POINT('',#5423);
#5423 = CARTESIAN_POINT('',(143.248516,26.850148,0.));
#5424 = CIRCLE('',#5425,0.95);
#5425 = AXIS2_PLACEMENT_3D('',#5426,#5427,#5428);
#5426 = CARTESIAN_POINT('',(143.248516,27.800148,0.));
#5427 = DIRECTION('',(-0.,0.,-1.));
#5428 = DIRECTION('',(-0.,-1.,0.));
#5429 = FACE_BOUND('',#5430,.F.);
#5430 = EDGE_LOOP('',(#5431));
#5431 = ORIENTED_EDGE('',*,*,#5432,.T.);
#5432 = EDGE_CURVE('',#5433,#5433,#5435,.T.);
#5433 = VERTEX_POINT('',#5434);
#5434 = CARTESIAN_POINT('',(125.844853,34.486578,0.));
#5435 = CIRCLE('',#5436,0.4);
#5436 = AXIS2_PLACEMENT_3D('',#5437,#5438,#5439);
#5437 = CARTESIAN_POINT('',(125.844853,34.886578,0.));
#5438 = DIRECTION('',(-0.,0.,-1.));
#5439 = DIRECTION('',(-0.,-1.,0.));
#5440 = FACE_BOUND('',#5441,.F.);
#5441 = EDGE_LOOP('',(#5442));
#5442 = ORIENTED_EDGE('',*,*,#5443,.T.);
#5443 = EDGE_CURVE('',#5444,#5444,#5446,.T.);
#5444 = VERTEX_POINT('',#5445);
#5445 = CARTESIAN_POINT('',(136.642026,30.902705,0.));
#5446 = CIRCLE('',#5447,1.525);
#5447 = AXIS2_PLACEMENT_3D('',#5448,#5449,#5450);
#5448 = CARTESIAN_POINT('',(136.642026,32.427705,0.));
#5449 = DIRECTION('',(-0.,0.,-1.));
#5450 = DIRECTION('',(-0.,-1.,0.));
#5451 = FACE_BOUND('',#5452,.F.);
#5452 = EDGE_LOOP('',(#5453));
#5453 = ORIENTED_EDGE('',*,*,#5454,.T.);
#5454 = EDGE_CURVE('',#5455,#5455,#5457,.T.);
#5455 = VERTEX_POINT('',#5456);
#5456 = CARTESIAN_POINT('',(130.087995,38.413328,0.));
#5457 = CIRCLE('',#5458,0.8);
#5458 = AXIS2_PLACEMENT_3D('',#5459,#5460,#5461);
#5459 = CARTESIAN_POINT('',(130.087995,39.213328,0.));
#5460 = DIRECTION('',(-0.,0.,-1.));
#5461 = DIRECTION('',(3.5527136788E-14,-1.,-0.));
#5462 = FACE_BOUND('',#5463,.F.);
#5463 = EDGE_LOOP('',(#5464));
#5464 = ORIENTED_EDGE('',*,*,#5465,.T.);
#5465 = EDGE_CURVE('',#5466,#5466,#5468,.T.);
#5466 = VERTEX_POINT('',#5467);
#5467 = CARTESIAN_POINT('',(141.969379,29.888153,0.));
#5468 = CIRCLE('',#5469,1.525);
#5469 = AXIS2_PLACEMENT_3D('',#5470,#5471,#5472);
#5470 = CARTESIAN_POINT('',(141.969379,31.413153,0.));
#5471 = DIRECTION('',(-0.,0.,-1.));
#5472 = DIRECTION('',(-0.,-1.,0.));
#5473 = FACE_BOUND('',#5474,.F.);
#5474 = EDGE_LOOP('',(#5475));
#5475 = ORIENTED_EDGE('',*,*,#5476,.T.);
#5476 = EDGE_CURVE('',#5477,#5477,#5479,.T.);
#5477 = VERTEX_POINT('',#5478);
#5478 = CARTESIAN_POINT('',(144.478565,38.447296,0.));
#5479 = CIRCLE('',#5480,0.4);
#5480 = AXIS2_PLACEMENT_3D('',#5481,#5482,#5483);
#5481 = CARTESIAN_POINT('',(144.478565,38.847296,0.));
#5482 = DIRECTION('',(-0.,0.,-1.));
#5483 = DIRECTION('',(-0.,-1.,0.));
#5484 = FACE_BOUND('',#5485,.F.);
#5485 = EDGE_LOOP('',(#5486));
#5486 = ORIENTED_EDGE('',*,*,#5487,.T.);
#5487 = EDGE_CURVE('',#5488,#5488,#5490,.T.);
#5488 = VERTEX_POINT('',#5489);
#5489 = CARTESIAN_POINT('',(8.89,40.122373,0.));
#5490 = CIRCLE('',#5491,0.51);
#5491 = AXIS2_PLACEMENT_3D('',#5492,#5493,#5494);
#5492 = CARTESIAN_POINT('',(8.89,40.632373,0.));
#5493 = DIRECTION('',(-0.,0.,-1.));
#5494 = DIRECTION('',(-0.,-1.,0.));
#5495 = FACE_BOUND('',#5496,.F.);
#5496 = EDGE_LOOP('',(#5497));
#5497 = ORIENTED_EDGE('',*,*,#5498,.T.);
#5498 = EDGE_CURVE('',#5499,#5499,#5501,.T.);
#5499 = VERTEX_POINT('',#5500);
#5500 = CARTESIAN_POINT('',(8.89,42.662373,0.));
#5501 = CIRCLE('',#5502,0.51);
#5502 = AXIS2_PLACEMENT_3D('',#5503,#5504,#5505);
#5503 = CARTESIAN_POINT('',(8.89,43.172373,0.));
#5504 = DIRECTION('',(-0.,0.,-1.));
#5505 = DIRECTION('',(-0.,-1.,0.));
#5506 = FACE_BOUND('',#5507,.F.);
#5507 = EDGE_LOOP('',(#5508));
#5508 = ORIENTED_EDGE('',*,*,#5509,.T.);
#5509 = EDGE_CURVE('',#5510,#5510,#5512,.T.);
#5510 = VERTEX_POINT('',#5511);
#5511 = CARTESIAN_POINT('',(14.2875,43.704873,0.));
#5512 = CIRCLE('',#5513,0.65);
#5513 = AXIS2_PLACEMENT_3D('',#5514,#5515,#5516);
#5514 = CARTESIAN_POINT('',(14.2875,44.354873,0.));
#5515 = DIRECTION('',(-0.,0.,-1.));
#5516 = DIRECTION('',(-0.,-1.,0.));
#5517 = FACE_BOUND('',#5518,.F.);
#5518 = EDGE_LOOP('',(#5519));
#5519 = ORIENTED_EDGE('',*,*,#5520,.T.);
#5520 = EDGE_CURVE('',#5521,#5521,#5523,.T.);
#5521 = VERTEX_POINT('',#5522);
#5522 = CARTESIAN_POINT('',(8.89,45.202373,0.));
#5523 = CIRCLE('',#5524,0.51);
#5524 = AXIS2_PLACEMENT_3D('',#5525,#5526,#5527);
#5525 = CARTESIAN_POINT('',(8.89,45.712373,0.));
#5526 = DIRECTION('',(-0.,0.,-1.));
#5527 = DIRECTION('',(-0.,-1.,0.));
#5528 = FACE_BOUND('',#5529,.F.);
#5529 = EDGE_LOOP('',(#5530));
#5530 = ORIENTED_EDGE('',*,*,#5531,.T.);
#5531 = EDGE_CURVE('',#5532,#5532,#5534,.T.);
#5532 = VERTEX_POINT('',#5533);
#5533 = CARTESIAN_POINT('',(8.89,47.742373,0.));
#5534 = CIRCLE('',#5535,0.51);
#5535 = AXIS2_PLACEMENT_3D('',#5536,#5537,#5538);
#5536 = CARTESIAN_POINT('',(8.89,48.252373,0.));
#5537 = DIRECTION('',(-0.,0.,-1.));
#5538 = DIRECTION('',(-0.,-1.,0.));
#5539 = FACE_BOUND('',#5540,.F.);
#5540 = EDGE_LOOP('',(#5541));
#5541 = ORIENTED_EDGE('',*,*,#5542,.T.);
#5542 = EDGE_CURVE('',#5543,#5543,#5545,.T.);
#5543 = VERTEX_POINT('',#5544);
#5544 = CARTESIAN_POINT('',(32.145806,42.75872,0.));
#5545 = CIRCLE('',#5546,1.525);
#5546 = AXIS2_PLACEMENT_3D('',#5547,#5548,#5549);
#5547 = CARTESIAN_POINT('',(32.145806,44.28372,0.));
#5548 = DIRECTION('',(-0.,0.,-1.));
#5549 = DIRECTION('',(-0.,-1.,0.));
#5550 = FACE_BOUND('',#5551,.F.);
#5551 = EDGE_LOOP('',(#5552));
#5552 = ORIENTED_EDGE('',*,*,#5553,.T.);
#5553 = EDGE_CURVE('',#5554,#5554,#5556,.T.);
#5554 = VERTEX_POINT('',#5555);
#5555 = CARTESIAN_POINT('',(37.530953,42.118257,0.));
#5556 = CIRCLE('',#5557,1.525);
#5557 = AXIS2_PLACEMENT_3D('',#5558,#5559,#5560);
#5558 = CARTESIAN_POINT('',(37.530953,43.643257,0.));
#5559 = DIRECTION('',(-0.,0.,-1.));
#5560 = DIRECTION('',(-0.,-1.,0.));
#5561 = FACE_BOUND('',#5562,.F.);
#5562 = EDGE_LOOP('',(#5563));
#5563 = ORIENTED_EDGE('',*,*,#5564,.T.);
#5564 = EDGE_CURVE('',#5565,#5565,#5567,.T.);
#5565 = VERTEX_POINT('',#5566);
#5566 = CARTESIAN_POINT('',(8.89,50.282373,0.));
#5567 = CIRCLE('',#5568,0.51);
#5568 = AXIS2_PLACEMENT_3D('',#5569,#5570,#5571);
#5569 = CARTESIAN_POINT('',(8.89,50.792373,0.));
#5570 = DIRECTION('',(-0.,0.,-1.));
#5571 = DIRECTION('',(-0.,-1.,0.));
#5572 = FACE_BOUND('',#5573,.F.);
#5573 = EDGE_LOOP('',(#5574));
#5574 = ORIENTED_EDGE('',*,*,#5575,.T.);
#5575 = EDGE_CURVE('',#5576,#5576,#5578,.T.);
#5576 = VERTEX_POINT('',#5577);
#5577 = CARTESIAN_POINT('',(8.89,52.822373,0.));
#5578 = CIRCLE('',#5579,0.51);
#5579 = AXIS2_PLACEMENT_3D('',#5580,#5581,#5582);
#5580 = CARTESIAN_POINT('',(8.89,53.332373,0.));
#5581 = DIRECTION('',(-0.,0.,-1.));
#5582 = DIRECTION('',(-0.,-1.,0.));
#5583 = FACE_BOUND('',#5584,.F.);
#5584 = EDGE_LOOP('',(#5585));
#5585 = ORIENTED_EDGE('',*,*,#5586,.T.);
#5586 = EDGE_CURVE('',#5587,#5587,#5589,.T.);
#5587 = VERTEX_POINT('',#5588);
#5588 = CARTESIAN_POINT('',(8.89,55.362373,0.));
#5589 = CIRCLE('',#5590,0.51);
#5590 = AXIS2_PLACEMENT_3D('',#5591,#5592,#5593);
#5591 = CARTESIAN_POINT('',(8.89,55.872373,0.));
#5592 = DIRECTION('',(-0.,0.,-1.));
#5593 = DIRECTION('',(-0.,-1.,0.));
#5594 = FACE_BOUND('',#5595,.F.);
#5595 = EDGE_LOOP('',(#5596));
#5596 = ORIENTED_EDGE('',*,*,#5597,.T.);
#5597 = EDGE_CURVE('',#5598,#5598,#5600,.T.);
#5598 = VERTEX_POINT('',#5599);
#5599 = CARTESIAN_POINT('',(8.89,57.902373,0.));
#5600 = CIRCLE('',#5601,0.51);
#5601 = AXIS2_PLACEMENT_3D('',#5602,#5603,#5604);
#5602 = CARTESIAN_POINT('',(8.89,58.412373,0.));
#5603 = DIRECTION('',(-0.,0.,-1.));
#5604 = DIRECTION('',(-0.,-1.,0.));
#5605 = FACE_BOUND('',#5606,.F.);
#5606 = EDGE_LOOP('',(#5607));
#5607 = ORIENTED_EDGE('',*,*,#5608,.T.);
#5608 = EDGE_CURVE('',#5609,#5609,#5611,.T.);
#5609 = VERTEX_POINT('',#5610);
#5610 = CARTESIAN_POINT('',(47.384604,41.312493,0.));
#5611 = CIRCLE('',#5612,0.8);
#5612 = AXIS2_PLACEMENT_3D('',#5613,#5614,#5615);
#5613 = CARTESIAN_POINT('',(47.384604,42.112493,0.));
#5614 = DIRECTION('',(-0.,0.,-1.));
#5615 = DIRECTION('',(8.881784197001E-15,-1.,-0.));
#5616 = FACE_BOUND('',#5617,.F.);
#5617 = EDGE_LOOP('',(#5618));
#5618 = ORIENTED_EDGE('',*,*,#5619,.T.);
#5619 = EDGE_CURVE('',#5620,#5620,#5622,.T.);
#5620 = VERTEX_POINT('',#5621);
#5621 = CARTESIAN_POINT('',(45.48444,45.975172,0.));
#5622 = CIRCLE('',#5623,0.95);
#5623 = AXIS2_PLACEMENT_3D('',#5624,#5625,#5626);
#5624 = CARTESIAN_POINT('',(45.48444,46.925172,0.));
#5625 = DIRECTION('',(-0.,0.,-1.));
#5626 = DIRECTION('',(-0.,-1.,0.));
#5627 = FACE_BOUND('',#5628,.F.);
#5628 = EDGE_LOOP('',(#5629));
#5629 = ORIENTED_EDGE('',*,*,#5630,.T.);
#5630 = EDGE_CURVE('',#5631,#5631,#5633,.T.);
#5631 = VERTEX_POINT('',#5632);
#5632 = CARTESIAN_POINT('',(50.771379,45.916177,0.));
#5633 = CIRCLE('',#5634,2.525);
#5634 = AXIS2_PLACEMENT_3D('',#5635,#5636,#5637);
#5635 = CARTESIAN_POINT('',(50.771379,48.441177,0.));
#5636 = DIRECTION('',(-0.,0.,-1.));
#5637 = DIRECTION('',(2.814030636674E-15,-1.,-0.));
#5638 = FACE_BOUND('',#5639,.F.);
#5639 = EDGE_LOOP('',(#5640));
#5640 = ORIENTED_EDGE('',*,*,#5641,.T.);
#5641 = EDGE_CURVE('',#5642,#5642,#5644,.T.);
#5642 = VERTEX_POINT('',#5643);
#5643 = CARTESIAN_POINT('',(56.058318,49.007182,0.));
#5644 = CIRCLE('',#5645,0.95);
#5645 = AXIS2_PLACEMENT_3D('',#5646,#5647,#5648);
#5646 = CARTESIAN_POINT('',(56.058318,49.957182,0.));
#5647 = DIRECTION('',(-0.,0.,-1.));
#5648 = DIRECTION('',(-0.,-1.,0.));
#5649 = FACE_BOUND('',#5650,.F.);
#5650 = EDGE_LOOP('',(#5651));
#5651 = ORIENTED_EDGE('',*,*,#5652,.T.);
#5652 = EDGE_CURVE('',#5653,#5653,#5655,.T.);
#5653 = VERTEX_POINT('',#5654);
#5654 = CARTESIAN_POINT('',(59.665298,49.676003,0.));
#5655 = CIRCLE('',#5656,0.4);
#5656 = AXIS2_PLACEMENT_3D('',#5657,#5658,#5659);
#5657 = CARTESIAN_POINT('',(59.665298,50.076003,0.));
#5658 = DIRECTION('',(-0.,0.,-1.));
#5659 = DIRECTION('',(-0.,-1.,0.));
#5660 = FACE_BOUND('',#5661,.F.);
#5661 = EDGE_LOOP('',(#5662));
#5662 = ORIENTED_EDGE('',*,*,#5663,.T.);
#5663 = EDGE_CURVE('',#5664,#5664,#5666,.T.);
#5664 = VERTEX_POINT('',#5665);
#5665 = CARTESIAN_POINT('',(61.765652,42.351188,0.));
#5666 = CIRCLE('',#5667,0.4);
#5667 = AXIS2_PLACEMENT_3D('',#5668,#5669,#5670);
#5668 = CARTESIAN_POINT('',(61.765652,42.751188,0.));
#5669 = DIRECTION('',(-0.,0.,-1.));
#5670 = DIRECTION('',(-0.,-1.,0.));
#5671 = FACE_BOUND('',#5672,.F.);
#5672 = EDGE_LOOP('',(#5673));
#5673 = ORIENTED_EDGE('',*,*,#5674,.T.);
#5674 = EDGE_CURVE('',#5675,#5675,#5677,.T.);
#5675 = VERTEX_POINT('',#5676);
#5676 = CARTESIAN_POINT('',(78.308523,40.524046,0.));
#5677 = CIRCLE('',#5678,0.95);
#5678 = AXIS2_PLACEMENT_3D('',#5679,#5680,#5681);
#5679 = CARTESIAN_POINT('',(78.308523,41.474046,0.));
#5680 = DIRECTION('',(-0.,0.,-1.));
#5681 = DIRECTION('',(-1.495879443705E-14,-1.,0.));
#5682 = FACE_BOUND('',#5683,.F.);
#5683 = EDGE_LOOP('',(#5684));
#5684 = ORIENTED_EDGE('',*,*,#5685,.T.);
#5685 = EDGE_CURVE('',#5686,#5686,#5688,.T.);
#5686 = VERTEX_POINT('',#5687);
#5687 = CARTESIAN_POINT('',(76.780471,43.464022,0.));
#5688 = CIRCLE('',#5689,1.525);
#5689 = AXIS2_PLACEMENT_3D('',#5690,#5691,#5692);
#5690 = CARTESIAN_POINT('',(76.780471,44.989022,0.));
#5691 = DIRECTION('',(-0.,0.,-1.));
#5692 = DIRECTION('',(-0.,-1.,0.));
#5693 = FACE_BOUND('',#5694,.F.);
#5694 = EDGE_LOOP('',(#5695));
#5695 = ORIENTED_EDGE('',*,*,#5696,.T.);
#5696 = EDGE_CURVE('',#5697,#5697,#5699,.T.);
#5697 = VERTEX_POINT('',#5698);
#5698 = CARTESIAN_POINT('',(71.395324,44.104485,0.));
#5699 = CIRCLE('',#5700,1.525);
#5700 = AXIS2_PLACEMENT_3D('',#5701,#5702,#5703);
#5701 = CARTESIAN_POINT('',(71.395324,45.629485,0.));
#5702 = DIRECTION('',(-0.,0.,-1.));
#5703 = DIRECTION('',(9.31859325587E-15,-1.,-0.));
#5704 = FACE_BOUND('',#5705,.F.);
#5705 = EDGE_LOOP('',(#5706));
#5706 = ORIENTED_EDGE('',*,*,#5707,.T.);
#5707 = EDGE_CURVE('',#5708,#5708,#5710,.T.);
#5708 = VERTEX_POINT('',#5709);
#5709 = CARTESIAN_POINT('',(49.145119,52.587621,0.));
#5710 = CIRCLE('',#5711,1.525);
#5711 = AXIS2_PLACEMENT_3D('',#5712,#5713,#5714);
#5712 = CARTESIAN_POINT('',(49.145119,54.112621,0.));
#5713 = DIRECTION('',(-0.,0.,-1.));
#5714 = DIRECTION('',(-0.,-1.,0.));
#5715 = FACE_BOUND('',#5716,.F.);
#5716 = EDGE_LOOP('',(#5717));
#5717 = ORIENTED_EDGE('',*,*,#5718,.T.);
#5718 = EDGE_CURVE('',#5719,#5719,#5721,.T.);
#5719 = VERTEX_POINT('',#5720);
#5720 = CARTESIAN_POINT('',(54.530266,51.947158,0.));
#5721 = CIRCLE('',#5722,1.525);
#5722 = AXIS2_PLACEMENT_3D('',#5723,#5724,#5725);
#5723 = CARTESIAN_POINT('',(54.530266,53.472158,0.));
#5724 = DIRECTION('',(-0.,0.,-1.));
#5725 = DIRECTION('',(-0.,-1.,0.));
#5726 = FACE_BOUND('',#5727,.F.);
#5727 = EDGE_LOOP('',(#5728));
#5728 = ORIENTED_EDGE('',*,*,#5729,.T.);
#5729 = EDGE_CURVE('',#5730,#5730,#5732,.T.);
#5730 = VERTEX_POINT('',#5731);
#5731 = CARTESIAN_POINT('',(64.383916,51.141392,0.));
#5732 = CIRCLE('',#5733,0.8);
#5733 = AXIS2_PLACEMENT_3D('',#5734,#5735,#5736);
#5734 = CARTESIAN_POINT('',(64.383916,51.941392,0.));
#5735 = DIRECTION('',(-0.,0.,-1.));
#5736 = DIRECTION('',(-0.,-1.,0.));
#5737 = FACE_BOUND('',#5738,.F.);
#5738 = EDGE_LOOP('',(#5739));
#5739 = ORIENTED_EDGE('',*,*,#5740,.T.);
#5740 = EDGE_CURVE('',#5741,#5741,#5743,.T.);
#5741 = VERTEX_POINT('',#5742);
#5742 = CARTESIAN_POINT('',(78.764964,52.180088,0.));
#5743 = CIRCLE('',#5744,0.4);
#5744 = AXIS2_PLACEMENT_3D('',#5745,#5746,#5747);
#5745 = CARTESIAN_POINT('',(78.764964,52.580088,0.));
#5746 = DIRECTION('',(-0.,0.,-1.));
#5747 = DIRECTION('',(3.5527136788E-14,-1.,-0.));
#5748 = FACE_BOUND('',#5749,.F.);
#5749 = EDGE_LOOP('',(#5750));
#5750 = ORIENTED_EDGE('',*,*,#5751,.T.);
#5751 = EDGE_CURVE('',#5752,#5752,#5754,.T.);
#5752 = VERTEX_POINT('',#5753);
#5753 = CARTESIAN_POINT('',(62.483752,55.804071,0.));
#5754 = CIRCLE('',#5755,0.95);
#5755 = AXIS2_PLACEMENT_3D('',#5756,#5757,#5758);
#5756 = CARTESIAN_POINT('',(62.483752,56.754071,0.));
#5757 = DIRECTION('',(-0.,0.,-1.));
#5758 = DIRECTION('',(7.479397218527E-15,-1.,-0.));
#5759 = FACE_BOUND('',#5760,.F.);
#5760 = EDGE_LOOP('',(#5761));
#5761 = ORIENTED_EDGE('',*,*,#5762,.T.);
#5762 = EDGE_CURVE('',#5763,#5763,#5765,.T.);
#5763 = VERTEX_POINT('',#5764);
#5764 = CARTESIAN_POINT('',(67.770691,55.745076,0.));
#5765 = CIRCLE('',#5766,2.525);
#5766 = AXIS2_PLACEMENT_3D('',#5767,#5768,#5769);
#5767 = CARTESIAN_POINT('',(67.770691,58.270076,0.));
#5768 = DIRECTION('',(-0.,0.,-1.));
#5769 = DIRECTION('',(-0.,-1.,0.));
#5770 = FACE_BOUND('',#5771,.F.);
#5771 = EDGE_LOOP('',(#5772));
#5772 = ORIENTED_EDGE('',*,*,#5773,.T.);
#5773 = EDGE_CURVE('',#5774,#5774,#5776,.T.);
#5774 = VERTEX_POINT('',#5775);
#5775 = CARTESIAN_POINT('',(73.05763,58.836081,0.));
#5776 = CIRCLE('',#5777,0.95);
#5777 = AXIS2_PLACEMENT_3D('',#5778,#5779,#5780);
#5778 = CARTESIAN_POINT('',(73.05763,59.786081,0.));
#5779 = DIRECTION('',(-0.,0.,-1.));
#5780 = DIRECTION('',(-0.,-1.,0.));
#5781 = FACE_BOUND('',#5782,.F.);
#5782 = EDGE_LOOP('',(#5783));
#5783 = ORIENTED_EDGE('',*,*,#5784,.T.);
#5784 = EDGE_CURVE('',#5785,#5785,#5787,.T.);
#5785 = VERTEX_POINT('',#5786);
#5786 = CARTESIAN_POINT('',(76.66461,59.504903,0.));
#5787 = CIRCLE('',#5788,0.4);
#5788 = AXIS2_PLACEMENT_3D('',#5789,#5790,#5791);
#5789 = CARTESIAN_POINT('',(76.66461,59.904903,0.));
#5790 = DIRECTION('',(-0.,0.,-1.));
#5791 = DIRECTION('',(-3.552713678801E-14,-1.,0.));
#5792 = FACE_BOUND('',#5793,.F.);
#5793 = EDGE_LOOP('',(#5794));
#5794 = ORIENTED_EDGE('',*,*,#5795,.T.);
#5795 = EDGE_CURVE('',#5796,#5796,#5798,.T.);
#5796 = VERTEX_POINT('',#5797);
#5797 = CARTESIAN_POINT('',(8.89,60.442373,0.));
#5798 = CIRCLE('',#5799,0.51);
#5799 = AXIS2_PLACEMENT_3D('',#5800,#5801,#5802);
#5800 = CARTESIAN_POINT('',(8.89,60.952373,0.));
#5801 = DIRECTION('',(-0.,0.,-1.));
#5802 = DIRECTION('',(-0.,-1.,0.));
#5803 = FACE_BOUND('',#5804,.F.);
#5804 = EDGE_LOOP('',(#5805));
#5805 = ORIENTED_EDGE('',*,*,#5806,.T.);
#5806 = EDGE_CURVE('',#5807,#5807,#5809,.T.);
#5807 = VERTEX_POINT('',#5808);
#5808 = CARTESIAN_POINT('',(8.89,62.982373,0.));
#5809 = CIRCLE('',#5810,0.51);
#5810 = AXIS2_PLACEMENT_3D('',#5811,#5812,#5813);
#5811 = CARTESIAN_POINT('',(8.89,63.492373,0.));
#5812 = DIRECTION('',(-0.,0.,-1.));
#5813 = DIRECTION('',(-0.,-1.,0.));
#5814 = FACE_BOUND('',#5815,.F.);
#5815 = EDGE_LOOP('',(#5816));
#5816 = ORIENTED_EDGE('',*,*,#5817,.T.);
#5817 = EDGE_CURVE('',#5818,#5818,#5820,.T.);
#5818 = VERTEX_POINT('',#5819);
#5819 = CARTESIAN_POINT('',(8.89,65.522373,0.));
#5820 = CIRCLE('',#5821,0.51);
#5821 = AXIS2_PLACEMENT_3D('',#5822,#5823,#5824);
#5822 = CARTESIAN_POINT('',(8.89,66.032373,0.));
#5823 = DIRECTION('',(-0.,0.,-1.));
#5824 = DIRECTION('',(-0.,-1.,0.));
#5825 = FACE_BOUND('',#5826,.F.);
#5826 = EDGE_LOOP('',(#5827));
#5827 = ORIENTED_EDGE('',*,*,#5828,.T.);
#5828 = EDGE_CURVE('',#5829,#5829,#5831,.T.);
#5829 = VERTEX_POINT('',#5830);
#5830 = CARTESIAN_POINT('',(8.89,68.062373,0.));
#5831 = CIRCLE('',#5832,0.51);
#5832 = AXIS2_PLACEMENT_3D('',#5833,#5834,#5835);
#5833 = CARTESIAN_POINT('',(8.89,68.572373,0.));
#5834 = DIRECTION('',(-0.,0.,-1.));
#5835 = DIRECTION('',(-0.,-1.,0.));
#5836 = FACE_BOUND('',#5837,.F.);
#5837 = EDGE_LOOP('',(#5838));
#5838 = ORIENTED_EDGE('',*,*,#5839,.T.);
#5839 = EDGE_CURVE('',#5840,#5840,#5842,.T.);
#5840 = VERTEX_POINT('',#5841);
#5841 = CARTESIAN_POINT('',(19.05,67.067373,0.));
#5842 = CIRCLE('',#5843,1.1);
#5843 = AXIS2_PLACEMENT_3D('',#5844,#5845,#5846);
#5844 = CARTESIAN_POINT('',(19.05,68.167373,0.));
#5845 = DIRECTION('',(-0.,0.,-1.));
#5846 = DIRECTION('',(3.229739708E-15,-1.,-0.));
#5847 = FACE_BOUND('',#5848,.F.);
#5848 = EDGE_LOOP('',(#5849));
#5849 = ORIENTED_EDGE('',*,*,#5850,.T.);
#5850 = EDGE_CURVE('',#5851,#5851,#5853,.T.);
#5851 = VERTEX_POINT('',#5852);
#5852 = CARTESIAN_POINT('',(66.144431,62.41652,0.));
#5853 = CIRCLE('',#5854,1.525);
#5854 = AXIS2_PLACEMENT_3D('',#5855,#5856,#5857);
#5855 = CARTESIAN_POINT('',(66.144431,63.94152,0.));
#5856 = DIRECTION('',(-0.,0.,-1.));
#5857 = DIRECTION('',(-0.,-1.,0.));
#5858 = FACE_BOUND('',#5859,.F.);
#5859 = EDGE_LOOP('',(#5860));
#5860 = ORIENTED_EDGE('',*,*,#5861,.T.);
#5861 = EDGE_CURVE('',#5862,#5862,#5864,.T.);
#5862 = VERTEX_POINT('',#5863);
#5863 = CARTESIAN_POINT('',(71.529578,61.776057,0.));
#5864 = CIRCLE('',#5865,1.525);
#5865 = AXIS2_PLACEMENT_3D('',#5866,#5867,#5868);
#5866 = CARTESIAN_POINT('',(71.529578,63.301057,0.));
#5867 = DIRECTION('',(-0.,0.,-1.));
#5868 = DIRECTION('',(-0.,-1.,0.));
#5869 = FACE_BOUND('',#5870,.F.);
#5870 = EDGE_LOOP('',(#5871));
#5871 = ORIENTED_EDGE('',*,*,#5872,.T.);
#5872 = EDGE_CURVE('',#5873,#5873,#5875,.T.);
#5873 = VERTEX_POINT('',#5874);
#5874 = CARTESIAN_POINT('',(81.915501,41.192868,0.));
#5875 = CIRCLE('',#5876,0.4);
#5876 = AXIS2_PLACEMENT_3D('',#5877,#5878,#5879);
#5877 = CARTESIAN_POINT('',(81.915501,41.592868,0.));
#5878 = DIRECTION('',(-0.,0.,-1.));
#5879 = DIRECTION('',(-0.,-1.,0.));
#5880 = FACE_BOUND('',#5881,.F.);
#5881 = EDGE_LOOP('',(#5882));
#5882 = ORIENTED_EDGE('',*,*,#5883,.T.);
#5883 = EDGE_CURVE('',#5884,#5884,#5886,.T.);
#5884 = VERTEX_POINT('',#5885);
#5885 = CARTESIAN_POINT('',(92.646341,38.105924,0.));
#5886 = CIRCLE('',#5887,2.525);
#5887 = AXIS2_PLACEMENT_3D('',#5888,#5889,#5890);
#5888 = CARTESIAN_POINT('',(92.646341,40.630924,0.));
#5889 = DIRECTION('',(-0.,0.,-1.));
#5890 = DIRECTION('',(-0.,-1.,0.));
#5891 = FACE_BOUND('',#5892,.F.);
#5892 = EDGE_LOOP('',(#5893));
#5893 = ORIENTED_EDGE('',*,*,#5894,.T.);
#5894 = EDGE_CURVE('',#5895,#5895,#5897,.T.);
#5895 = VERTEX_POINT('',#5896);
#5896 = CARTESIAN_POINT('',(97.93328,41.196929,0.));
#5897 = CIRCLE('',#5898,0.95);
#5898 = AXIS2_PLACEMENT_3D('',#5899,#5900,#5901);
#5899 = CARTESIAN_POINT('',(97.93328,42.146929,0.));
#5900 = DIRECTION('',(-0.,0.,-1.));
#5901 = DIRECTION('',(-0.,-1.,0.));
#5902 = FACE_BOUND('',#5903,.F.);
#5903 = EDGE_LOOP('',(#5904));
#5904 = ORIENTED_EDGE('',*,*,#5905,.T.);
#5905 = EDGE_CURVE('',#5906,#5906,#5908,.T.);
#5906 = VERTEX_POINT('',#5907);
#5907 = CARTESIAN_POINT('',(91.020081,44.777368,0.));
#5908 = CIRCLE('',#5909,1.525);
#5909 = AXIS2_PLACEMENT_3D('',#5910,#5911,#5912);
#5910 = CARTESIAN_POINT('',(91.020081,46.302368,0.));
#5911 = DIRECTION('',(-0.,0.,-1.));
#5912 = DIRECTION('',(-0.,-1.,0.));
#5913 = FACE_BOUND('',#5914,.F.);
#5914 = EDGE_LOOP('',(#5915));
#5915 = ORIENTED_EDGE('',*,*,#5916,.T.);
#5916 = EDGE_CURVE('',#5917,#5917,#5919,.T.);
#5917 = VERTEX_POINT('',#5918);
#5918 = CARTESIAN_POINT('',(96.405228,44.136905,0.));
#5919 = CIRCLE('',#5920,1.525);
#5920 = AXIS2_PLACEMENT_3D('',#5921,#5922,#5923);
#5921 = CARTESIAN_POINT('',(96.405228,45.661905,0.));
#5922 = DIRECTION('',(-0.,0.,-1.));
#5923 = DIRECTION('',(-0.,-1.,0.));
#5924 = FACE_BOUND('',#5925,.F.);
#5925 = EDGE_LOOP('',(#5926));
#5926 = ORIENTED_EDGE('',*,*,#5927,.T.);
#5927 = EDGE_CURVE('',#5928,#5928,#5930,.T.);
#5928 = VERTEX_POINT('',#5929);
#5929 = CARTESIAN_POINT('',(101.540259,41.865751,0.));
#5930 = CIRCLE('',#5931,0.4);
#5931 = AXIS2_PLACEMENT_3D('',#5932,#5933,#5934);
#5932 = CARTESIAN_POINT('',(101.540259,42.265751,0.));
#5933 = DIRECTION('',(-0.,0.,-1.));
#5934 = DIRECTION('',(3.5527136788E-14,-1.,-0.));
#5935 = FACE_BOUND('',#5936,.F.);
#5936 = EDGE_LOOP('',(#5937));
#5937 = ORIENTED_EDGE('',*,*,#5938,.T.);
#5938 = EDGE_CURVE('',#5939,#5939,#5941,.T.);
#5939 = VERTEX_POINT('',#5940);
#5940 = CARTESIAN_POINT('',(115.274275,38.804629,0.));
#5941 = CIRCLE('',#5942,2.525);
#5942 = AXIS2_PLACEMENT_3D('',#5943,#5944,#5945);
#5943 = CARTESIAN_POINT('',(115.274275,41.329629,0.));
#5944 = DIRECTION('',(-0.,0.,-1.));
#5945 = DIRECTION('',(5.628061273347E-15,-1.,-0.));
#5946 = FACE_BOUND('',#5947,.F.);
#5947 = EDGE_LOOP('',(#5948));
#5948 = ORIENTED_EDGE('',*,*,#5949,.T.);
#5949 = EDGE_CURVE('',#5950,#5950,#5952,.T.);
#5950 = VERTEX_POINT('',#5951);
#5951 = CARTESIAN_POINT('',(114.047596,45.5757,0.));
#5952 = CIRCLE('',#5953,1.525);
#5953 = AXIS2_PLACEMENT_3D('',#5954,#5955,#5956);
#5954 = CARTESIAN_POINT('',(114.047596,47.1007,0.));
#5955 = DIRECTION('',(-0.,0.,-1.));
#5956 = DIRECTION('',(-0.,-1.,0.));
#5957 = FACE_BOUND('',#5958,.F.);
#5958 = EDGE_LOOP('',(#5959));
#5959 = ORIENTED_EDGE('',*,*,#5960,.T.);
#5960 = EDGE_CURVE('',#5961,#5961,#5963,.T.);
#5961 = VERTEX_POINT('',#5962);
#5962 = CARTESIAN_POINT('',(84.008675,51.814275,0.));
#5963 = CIRCLE('',#5964,0.8);
#5964 = AXIS2_PLACEMENT_3D('',#5965,#5966,#5967);
#5965 = CARTESIAN_POINT('',(84.008675,52.614275,0.));
#5966 = DIRECTION('',(-0.,0.,-1.));
#5967 = DIRECTION('',(-0.,-1.,0.));
#5968 = FACE_BOUND('',#5969,.F.);
#5969 = EDGE_LOOP('',(#5970));
#5970 = ORIENTED_EDGE('',*,*,#5971,.T.);
#5971 = EDGE_CURVE('',#5972,#5972,#5974,.T.);
#5972 = VERTEX_POINT('',#5973);
#5973 = CARTESIAN_POINT('',(98.389723,52.852972,0.));
#5974 = CIRCLE('',#5975,0.4);
#5975 = AXIS2_PLACEMENT_3D('',#5976,#5977,#5978);
#5976 = CARTESIAN_POINT('',(98.389723,53.252972,0.));
#5977 = DIRECTION('',(-0.,0.,-1.));
#5978 = DIRECTION('',(-0.,-1.,0.));
#5979 = FACE_BOUND('',#5980,.F.);
#5980 = EDGE_LOOP('',(#5981));
#5981 = ORIENTED_EDGE('',*,*,#5982,.T.);
#5982 = EDGE_CURVE('',#5983,#5983,#5985,.T.);
#5983 = VERTEX_POINT('',#5984);
#5984 = CARTESIAN_POINT('',(82.108511,56.476954,0.));
#5985 = CIRCLE('',#5986,0.95);
#5986 = AXIS2_PLACEMENT_3D('',#5987,#5988,#5989);
#5987 = CARTESIAN_POINT('',(82.108511,57.426954,0.));
#5988 = DIRECTION('',(-0.,0.,-1.));
#5989 = DIRECTION('',(-0.,-1.,0.));
#5990 = FACE_BOUND('',#5991,.F.);
#5991 = EDGE_LOOP('',(#5992));
#5992 = ORIENTED_EDGE('',*,*,#5993,.T.);
#5993 = EDGE_CURVE('',#5994,#5994,#5996,.T.);
#5994 = VERTEX_POINT('',#5995);
#5995 = CARTESIAN_POINT('',(87.39545,56.417959,0.));
#5996 = CIRCLE('',#5997,2.525);
#5997 = AXIS2_PLACEMENT_3D('',#5998,#5999,#6000);
#5998 = CARTESIAN_POINT('',(87.39545,58.942959,0.));
#5999 = DIRECTION('',(-0.,0.,-1.));
#6000 = DIRECTION('',(-5.628061273347E-15,-1.,0.));
#6001 = FACE_BOUND('',#6002,.F.);
#6002 = EDGE_LOOP('',(#6003));
#6003 = ORIENTED_EDGE('',*,*,#6004,.T.);
#6004 = EDGE_CURVE('',#6005,#6005,#6007,.T.);
#6005 = VERTEX_POINT('',#6006);
#6006 = CARTESIAN_POINT('',(92.682389,59.508964,0.));
#6007 = CIRCLE('',#6008,0.95);
#6008 = AXIS2_PLACEMENT_3D('',#6009,#6010,#6011);
#6009 = CARTESIAN_POINT('',(92.682389,60.458964,0.));
#6010 = DIRECTION('',(-0.,0.,-1.));
#6011 = DIRECTION('',(-0.,-1.,0.));
#6012 = FACE_BOUND('',#6013,.F.);
#6013 = EDGE_LOOP('',(#6014));
#6014 = ORIENTED_EDGE('',*,*,#6015,.T.);
#6015 = EDGE_CURVE('',#6016,#6016,#6018,.T.);
#6016 = VERTEX_POINT('',#6017);
#6017 = CARTESIAN_POINT('',(96.289369,60.177787,0.));
#6018 = CIRCLE('',#6019,0.4);
#6019 = AXIS2_PLACEMENT_3D('',#6020,#6021,#6022);
#6020 = CARTESIAN_POINT('',(96.289369,60.577787,0.));
#6021 = DIRECTION('',(-0.,0.,-1.));
#6022 = DIRECTION('',(-0.,-1.,0.));
#6023 = FACE_BOUND('',#6024,.F.);
#6024 = EDGE_LOOP('',(#6025));
#6025 = ORIENTED_EDGE('',*,*,#6026,.T.);
#6026 = EDGE_CURVE('',#6027,#6027,#6029,.T.);
#6027 = VERTEX_POINT('',#6028);
#6028 = CARTESIAN_POINT('',(107.493566,53.086322,0.));
#6029 = CIRCLE('',#6030,0.8);
#6030 = AXIS2_PLACEMENT_3D('',#6031,#6032,#6033);
#6031 = CARTESIAN_POINT('',(107.493566,53.886322,0.));
#6032 = DIRECTION('',(-0.,0.,-1.));
#6033 = DIRECTION('',(-0.,-1.,0.));
#6034 = FACE_BOUND('',#6035,.F.);
#6035 = EDGE_LOOP('',(#6036));
#6036 = ORIENTED_EDGE('',*,*,#6037,.T.);
#6037 = EDGE_CURVE('',#6038,#6038,#6040,.T.);
#6038 = VERTEX_POINT('',#6039);
#6039 = CARTESIAN_POINT('',(105.933747,57.869826,0.));
#6040 = CIRCLE('',#6041,0.95);
#6041 = AXIS2_PLACEMENT_3D('',#6042,#6043,#6044);
#6042 = CARTESIAN_POINT('',(105.933747,58.819826,0.));
#6043 = DIRECTION('',(-0.,0.,-1.));
#6044 = DIRECTION('',(-0.,-1.,0.));
#6045 = FACE_BOUND('',#6046,.F.);
#6046 = EDGE_LOOP('',(#6047));
#6047 = ORIENTED_EDGE('',*,*,#6048,.T.);
#6048 = EDGE_CURVE('',#6049,#6049,#6051,.T.);
#6049 = VERTEX_POINT('',#6050);
#6050 = CARTESIAN_POINT('',(111.313558,57.43834,0.));
#6051 = CIRCLE('',#6052,2.525);
#6052 = AXIS2_PLACEMENT_3D('',#6053,#6054,#6055);
#6053 = CARTESIAN_POINT('',(111.313558,59.96334,0.));
#6054 = DIRECTION('',(-0.,0.,-1.));
#6055 = DIRECTION('',(-0.,-1.,0.));
#6056 = FACE_BOUND('',#6057,.F.);
#6057 = EDGE_LOOP('',(#6058));
#6058 = ORIENTED_EDGE('',*,*,#6059,.T.);
#6059 = EDGE_CURVE('',#6060,#6060,#6062,.T.);
#6060 = VERTEX_POINT('',#6061);
#6061 = CARTESIAN_POINT('',(120.654086,41.523143,0.));
#6062 = CIRCLE('',#6063,0.95);
#6063 = AXIS2_PLACEMENT_3D('',#6064,#6065,#6066);
#6064 = CARTESIAN_POINT('',(120.654086,42.473143,0.));
#6065 = DIRECTION('',(-0.,0.,-1.));
#6066 = DIRECTION('',(-0.,-1.,0.));
#6067 = FACE_BOUND('',#6068,.F.);
#6068 = EDGE_LOOP('',(#6069));
#6069 = ORIENTED_EDGE('',*,*,#6070,.T.);
#6070 = EDGE_CURVE('',#6071,#6071,#6073,.T.);
#6071 = VERTEX_POINT('',#6072);
#6072 = CARTESIAN_POINT('',(124.260569,41.940063,0.));
#6073 = CIRCLE('',#6074,0.4);
#6074 = AXIS2_PLACEMENT_3D('',#6075,#6076,#6077);
#6075 = CARTESIAN_POINT('',(124.260569,42.340063,0.));
#6076 = DIRECTION('',(-0.,0.,-1.));
#6077 = DIRECTION('',(-0.,-1.,0.));
#6078 = FACE_BOUND('',#6079,.F.);
#6079 = EDGE_LOOP('',(#6080));
#6080 = ORIENTED_EDGE('',*,*,#6081,.T.);
#6081 = EDGE_CURVE('',#6082,#6082,#6084,.T.);
#6082 = VERTEX_POINT('',#6083);
#6083 = CARTESIAN_POINT('',(128.528176,43.196832,0.));
#6084 = CIRCLE('',#6085,0.95);
#6085 = AXIS2_PLACEMENT_3D('',#6086,#6087,#6088);
#6086 = CARTESIAN_POINT('',(128.528176,44.146832,0.));
#6087 = DIRECTION('',(-0.,0.,-1.));
#6088 = DIRECTION('',(-0.,-1.,0.));
#6089 = FACE_BOUND('',#6090,.F.);
#6090 = EDGE_LOOP('',(#6091));
#6091 = ORIENTED_EDGE('',*,*,#6092,.T.);
#6092 = EDGE_CURVE('',#6093,#6093,#6095,.T.);
#6093 = VERTEX_POINT('',#6094);
#6094 = CARTESIAN_POINT('',(133.907987,42.765346,0.));
#6095 = CIRCLE('',#6096,2.525);
#6096 = AXIS2_PLACEMENT_3D('',#6097,#6098,#6099);
#6097 = CARTESIAN_POINT('',(133.907987,45.290346,0.));
#6098 = DIRECTION('',(-0.,0.,-1.));
#6099 = DIRECTION('',(-0.,-1.,0.));
#6100 = FACE_BOUND('',#6101,.F.);
#6101 = EDGE_LOOP('',(#6102));
#6102 = ORIENTED_EDGE('',*,*,#6103,.T.);
#6103 = EDGE_CURVE('',#6104,#6104,#6106,.T.);
#6104 = VERTEX_POINT('',#6105);
#6105 = CARTESIAN_POINT('',(119.374949,44.561148,0.));
#6106 = CIRCLE('',#6107,1.525);
#6107 = AXIS2_PLACEMENT_3D('',#6108,#6109,#6110);
#6108 = CARTESIAN_POINT('',(119.374949,46.086148,0.));
#6109 = DIRECTION('',(-0.,0.,-1.));
#6110 = DIRECTION('',(-0.,-1.,0.));
#6111 = FACE_BOUND('',#6112,.F.);
#6112 = EDGE_LOOP('',(#6113));
#6113 = ORIENTED_EDGE('',*,*,#6114,.T.);
#6114 = EDGE_CURVE('',#6115,#6115,#6117,.T.);
#6115 = VERTEX_POINT('',#6116);
#6116 = CARTESIAN_POINT('',(138.008661,48.521865,0.));
#6117 = CIRCLE('',#6118,1.525);
#6118 = AXIS2_PLACEMENT_3D('',#6119,#6120,#6121);
#6119 = CARTESIAN_POINT('',(138.008661,50.046865,0.));
#6120 = DIRECTION('',(-0.,0.,-1.));
#6121 = DIRECTION('',(-1.863718651174E-14,-1.,0.));
#6122 = FACE_BOUND('',#6123,.F.);
#6123 = EDGE_LOOP('',(#6124));
#6124 = ORIENTED_EDGE('',*,*,#6125,.T.);
#6125 = EDGE_CURVE('',#6126,#6126,#6128,.T.);
#6126 = VERTEX_POINT('',#6127);
#6127 = CARTESIAN_POINT('',(139.287798,45.48386,0.));
#6128 = CIRCLE('',#6129,0.95);
#6129 = AXIS2_PLACEMENT_3D('',#6130,#6131,#6132);
#6130 = CARTESIAN_POINT('',(139.287798,46.43386,0.));
#6131 = DIRECTION('',(-0.,0.,-1.));
#6132 = DIRECTION('',(-0.,-1.,0.));
#6133 = FACE_BOUND('',#6134,.F.);
#6134 = EDGE_LOOP('',(#6135));
#6135 = ORIENTED_EDGE('',*,*,#6136,.T.);
#6136 = EDGE_CURVE('',#6137,#6137,#6139,.T.);
#6137 = VERTEX_POINT('',#6138);
#6138 = CARTESIAN_POINT('',(142.894281,45.900781,0.));
#6139 = CIRCLE('',#6140,0.4);
#6140 = AXIS2_PLACEMENT_3D('',#6141,#6142,#6143);
#6141 = CARTESIAN_POINT('',(142.894281,46.300781,0.));
#6142 = DIRECTION('',(-0.,0.,-1.));
#6143 = DIRECTION('',(-0.,-1.,0.));
#6144 = FACE_BOUND('',#6145,.F.);
#6145 = EDGE_LOOP('',(#6146));
#6146 = ORIENTED_EDGE('',*,*,#6147,.T.);
#6147 = EDGE_CURVE('',#6148,#6148,#6150,.T.);
#6148 = VERTEX_POINT('',#6149);
#6149 = CARTESIAN_POINT('',(121.884134,53.120291,0.));
#6150 = CIRCLE('',#6151,0.4);
#6151 = AXIS2_PLACEMENT_3D('',#6152,#6153,#6154);
#6152 = CARTESIAN_POINT('',(121.884134,53.520291,0.));
#6153 = DIRECTION('',(-0.,0.,-1.));
#6154 = DIRECTION('',(3.5527136788E-14,-1.,-0.));
#6155 = FACE_BOUND('',#6156,.F.);
#6156 = EDGE_LOOP('',(#6157));
#6157 = ORIENTED_EDGE('',*,*,#6158,.T.);
#6158 = EDGE_CURVE('',#6159,#6159,#6161,.T.);
#6159 = VERTEX_POINT('',#6160);
#6160 = CARTESIAN_POINT('',(132.681308,49.536417,0.));
#6161 = CIRCLE('',#6162,1.525);
#6162 = AXIS2_PLACEMENT_3D('',#6163,#6164,#6165);
#6163 = CARTESIAN_POINT('',(132.681308,51.061417,0.));
#6164 = DIRECTION('',(-0.,0.,-1.));
#6165 = DIRECTION('',(-0.,-1.,0.));
#6166 = FACE_BOUND('',#6167,.F.);
#6167 = EDGE_LOOP('',(#6168));
#6168 = ORIENTED_EDGE('',*,*,#6169,.T.);
#6169 = EDGE_CURVE('',#6170,#6170,#6172,.T.);
#6170 = VERTEX_POINT('',#6171);
#6171 = CARTESIAN_POINT('',(126.127277,57.04704,0.));
#6172 = CIRCLE('',#6173,0.8);
#6173 = AXIS2_PLACEMENT_3D('',#6174,#6175,#6176);
#6174 = CARTESIAN_POINT('',(126.127277,57.84704,0.));
#6175 = DIRECTION('',(-0.,0.,-1.));
#6176 = DIRECTION('',(1.7763568394E-14,-1.,-0.));
#6177 = FACE_BOUND('',#6178,.F.);
#6178 = EDGE_LOOP('',(#6179));
#6179 = ORIENTED_EDGE('',*,*,#6180,.T.);
#6180 = EDGE_CURVE('',#6181,#6181,#6183,.T.);
#6181 = VERTEX_POINT('',#6182);
#6182 = CARTESIAN_POINT('',(140.517848,57.081008,0.));
#6183 = CIRCLE('',#6184,0.4);
#6184 = AXIS2_PLACEMENT_3D('',#6185,#6186,#6187);
#6185 = CARTESIAN_POINT('',(140.517848,57.481008,0.));
#6186 = DIRECTION('',(-0.,0.,-1.));
#6187 = DIRECTION('',(-7.105427357601E-14,-1.,0.));
#6188 = FACE_BOUND('',#6189,.F.);
#6189 = EDGE_LOOP('',(#6190));
#6190 = ORIENTED_EDGE('',*,*,#6191,.T.);
#6191 = EDGE_CURVE('',#6192,#6192,#6194,.T.);
#6192 = VERTEX_POINT('',#6193);
#6193 = CARTESIAN_POINT('',(85.76919,63.089403,0.));
#6194 = CIRCLE('',#6195,1.525);
#6195 = AXIS2_PLACEMENT_3D('',#6196,#6197,#6198);
#6196 = CARTESIAN_POINT('',(85.76919,64.614403,0.));
#6197 = DIRECTION('',(-0.,0.,-1.));
#6198 = DIRECTION('',(-9.31859325587E-15,-1.,0.));
#6199 = FACE_BOUND('',#6200,.F.);
#6200 = EDGE_LOOP('',(#6201));
#6201 = ORIENTED_EDGE('',*,*,#6202,.T.);
#6202 = EDGE_CURVE('',#6203,#6203,#6205,.T.);
#6203 = VERTEX_POINT('',#6204);
#6204 = CARTESIAN_POINT('',(91.154337,62.44894,0.));
#6205 = CIRCLE('',#6206,1.525);
#6206 = AXIS2_PLACEMENT_3D('',#6207,#6208,#6209);
#6207 = CARTESIAN_POINT('',(91.154337,63.97394,0.));
#6208 = DIRECTION('',(-0.,0.,-1.));
#6209 = DIRECTION('',(-0.,-1.,0.));
#6210 = FACE_BOUND('',#6211,.F.);
#6211 = EDGE_LOOP('',(#6212));
#6212 = ORIENTED_EDGE('',*,*,#6213,.T.);
#6213 = EDGE_CURVE('',#6214,#6214,#6216,.T.);
#6214 = VERTEX_POINT('',#6215);
#6215 = CARTESIAN_POINT('',(116.693369,60.156854,0.));
#6216 = CIRCLE('',#6217,0.95);
#6217 = AXIS2_PLACEMENT_3D('',#6218,#6219,#6220);
#6218 = CARTESIAN_POINT('',(116.693369,61.106854,0.));
#6219 = DIRECTION('',(-0.,0.,-1.));
#6220 = DIRECTION('',(-0.,-1.,0.));
#6221 = FACE_BOUND('',#6222,.F.);
#6222 = EDGE_LOOP('',(#6223));
#6223 = ORIENTED_EDGE('',*,*,#6224,.T.);
#6224 = EDGE_CURVE('',#6225,#6225,#6227,.T.);
#6225 = VERTEX_POINT('',#6226);
#6226 = CARTESIAN_POINT('',(115.414232,63.194859,0.));
#6227 = CIRCLE('',#6228,1.525);
#6228 = AXIS2_PLACEMENT_3D('',#6229,#6230,#6231);
#6229 = CARTESIAN_POINT('',(115.414232,64.719859,0.));
#6230 = DIRECTION('',(-0.,0.,-1.));
#6231 = DIRECTION('',(-0.,-1.,0.));
#6232 = FACE_BOUND('',#6233,.F.);
#6233 = EDGE_LOOP('',(#6234));
#6234 = ORIENTED_EDGE('',*,*,#6235,.T.);
#6235 = EDGE_CURVE('',#6236,#6236,#6238,.T.);
#6236 = VERTEX_POINT('',#6237);
#6237 = CARTESIAN_POINT('',(110.086879,64.209411,0.));
#6238 = CIRCLE('',#6239,1.525);
#6239 = AXIS2_PLACEMENT_3D('',#6240,#6241,#6242);
#6240 = CARTESIAN_POINT('',(110.086879,65.734411,0.));
#6241 = DIRECTION('',(-0.,0.,-1.));
#6242 = DIRECTION('',(-9.31859325587E-15,-1.,0.));
#6243 = FACE_BOUND('',#6244,.F.);
#6244 = EDGE_LOOP('',(#6245));
#6245 = ORIENTED_EDGE('',*,*,#6246,.T.);
#6246 = EDGE_CURVE('',#6247,#6247,#6249,.T.);
#6247 = VERTEX_POINT('',#6248);
#6248 = CARTESIAN_POINT('',(96.969174,74.385153,0.));
#6249 = CIRCLE('',#6250,1.1);
#6250 = AXIS2_PLACEMENT_3D('',#6251,#6252,#6253);
#6251 = CARTESIAN_POINT('',(96.969174,75.485153,0.));
#6252 = DIRECTION('',(-0.,0.,-1.));
#6253 = DIRECTION('',(-1.2918958832E-14,-1.,0.));
#6254 = FACE_BOUND('',#6255,.F.);
#6255 = EDGE_LOOP('',(#6256));
#6256 = ORIENTED_EDGE('',*,*,#6257,.T.);
#6257 = EDGE_CURVE('',#6258,#6258,#6260,.T.);
#6258 = VERTEX_POINT('',#6259);
#6259 = CARTESIAN_POINT('',(120.29985,60.573776,0.));
#6260 = CIRCLE('',#6261,0.4);
#6261 = AXIS2_PLACEMENT_3D('',#6262,#6263,#6264);
#6262 = CARTESIAN_POINT('',(120.29985,60.973776,0.));
#6263 = DIRECTION('',(-0.,0.,-1.));
#6264 = DIRECTION('',(3.5527136788E-14,-1.,-0.));
#6265 = FACE_BOUND('',#6266,.F.);
#6266 = EDGE_LOOP('',(#6267));
#6267 = ORIENTED_EDGE('',*,*,#6268,.T.);
#6268 = EDGE_CURVE('',#6269,#6269,#6271,.T.);
#6269 = VERTEX_POINT('',#6270);
#6270 = CARTESIAN_POINT('',(124.567458,61.830544,0.));
#6271 = CIRCLE('',#6272,0.95);
#6272 = AXIS2_PLACEMENT_3D('',#6273,#6274,#6275);
#6273 = CARTESIAN_POINT('',(124.567458,62.780544,0.));
#6274 = DIRECTION('',(-0.,0.,-1.));
#6275 = DIRECTION('',(-0.,-1.,0.));
#6276 = FACE_BOUND('',#6277,.F.);
#6277 = EDGE_LOOP('',(#6278));
#6278 = ORIENTED_EDGE('',*,*,#6279,.T.);
#6279 = EDGE_CURVE('',#6280,#6280,#6282,.T.);
#6280 = VERTEX_POINT('',#6281);
#6281 = CARTESIAN_POINT('',(129.947269,61.399058,0.));
#6282 = CIRCLE('',#6283,2.525);
#6283 = AXIS2_PLACEMENT_3D('',#6284,#6285,#6286);
#6284 = CARTESIAN_POINT('',(129.947269,63.924058,0.));
#6285 = DIRECTION('',(-0.,0.,-1.));
#6286 = DIRECTION('',(-0.,-1.,0.));
#6287 = FACE_BOUND('',#6288,.F.);
#6288 = EDGE_LOOP('',(#6289));
#6289 = ORIENTED_EDGE('',*,*,#6290,.T.);
#6290 = EDGE_CURVE('',#6291,#6291,#6293,.T.);
#6291 = VERTEX_POINT('',#6292);
#6292 = CARTESIAN_POINT('',(135.32708,64.117572,0.));
#6293 = CIRCLE('',#6294,0.95);
#6294 = AXIS2_PLACEMENT_3D('',#6295,#6296,#6297);
#6295 = CARTESIAN_POINT('',(135.32708,65.067572,0.));
#6296 = DIRECTION('',(-0.,0.,-1.));
#6297 = DIRECTION('',(-2.991758887411E-14,-1.,0.));
#6298 = FACE_BOUND('',#6299,.F.);
#6299 = EDGE_LOOP('',(#6300));
#6300 = ORIENTED_EDGE('',*,*,#6301,.T.);
#6301 = EDGE_CURVE('',#6302,#6302,#6304,.T.);
#6302 = VERTEX_POINT('',#6303);
#6303 = CARTESIAN_POINT('',(138.933564,64.534493,0.));
#6304 = CIRCLE('',#6305,0.4);
#6305 = AXIS2_PLACEMENT_3D('',#6306,#6307,#6308);
#6306 = CARTESIAN_POINT('',(138.933564,64.934493,0.));
#6307 = DIRECTION('',(-0.,0.,-1.));
#6308 = DIRECTION('',(-0.,-1.,0.));
#6309 = FACE_BOUND('',#6310,.F.);
#6310 = EDGE_LOOP('',(#6311));
#6311 = ORIENTED_EDGE('',*,*,#6312,.T.);
#6312 = EDGE_CURVE('',#6313,#6313,#6315,.T.);
#6313 = VERTEX_POINT('',#6314);
#6314 = CARTESIAN_POINT('',(128.72059,68.170129,0.));
#6315 = CIRCLE('',#6316,1.525);
#6316 = AXIS2_PLACEMENT_3D('',#6317,#6318,#6319);
#6317 = CARTESIAN_POINT('',(128.72059,69.695129,0.));
#6318 = DIRECTION('',(-0.,0.,-1.));
#6319 = DIRECTION('',(-0.,-1.,0.));
#6320 = FACE_BOUND('',#6321,.F.);
#6321 = EDGE_LOOP('',(#6322));
#6322 = ORIENTED_EDGE('',*,*,#6323,.T.);
#6323 = EDGE_CURVE('',#6324,#6324,#6326,.T.);
#6324 = VERTEX_POINT('',#6325);
#6325 = CARTESIAN_POINT('',(134.047943,67.155577,0.));
#6326 = CIRCLE('',#6327,1.525);
#6327 = AXIS2_PLACEMENT_3D('',#6328,#6329,#6330);
#6328 = CARTESIAN_POINT('',(134.047943,68.680577,0.));
#6329 = DIRECTION('',(-0.,0.,-1.));
#6330 = DIRECTION('',(-0.,-1.,0.));
#6331 = FACE_BOUND('',#6332,.F.);
#6332 = EDGE_LOOP('',(#6333));
#6333 = ORIENTED_EDGE('',*,*,#6334,.T.);
#6334 = EDGE_CURVE('',#6335,#6335,#6337,.T.);
#6335 = VERTEX_POINT('',#6336);
#6336 = CARTESIAN_POINT('',(140.651596,78.658125,0.));
#6337 = CIRCLE('',#6338,1.1);
#6338 = AXIS2_PLACEMENT_3D('',#6339,#6340,#6341);
#6339 = CARTESIAN_POINT('',(140.651596,79.758125,0.));
#6340 = DIRECTION('',(-0.,0.,-1.));
#6341 = DIRECTION('',(2.5837917664E-14,-1.,-0.));
#6342 = PLANE('',#6343);
#6343 = AXIS2_PLACEMENT_3D('',#6344,#6345,#6346);
#6344 = CARTESIAN_POINT('',(0.,0.,0.));
#6345 = DIRECTION('',(0.,0.,1.));
#6346 = DIRECTION('',(1.,0.,-0.));
#6347 = ADVANCED_FACE('',(#6348,#6619,#6630,#6641,#6652,#6663,#6674,
    #6685,#6696,#6707,#6718,#6729,#6740,#6751,#6762,#6773,#6784,#6795,
    #6806,#6817,#6828,#6839,#6850,#6861,#6872,#6883,#6894,#6905,#6916,
    #6927,#6938,#6949,#6960,#6971,#6982,#6993,#7004,#7015,#7026,#7037,
    #7048,#7059,#7070,#7081,#7092,#7103,#7114,#7125,#7136,#7147,#7158,
    #7169,#7180,#7191,#7202,#7213,#7224,#7235,#7246,#7257,#7268,#7279,
    #7290,#7301,#7312,#7323,#7334,#7345,#7356,#7367,#7378,#7389,#7400,
    #7411,#7422,#7433,#7444,#7455,#7466,#7477,#7488,#7499,#7510,#7521,
    #7532,#7543,#7554,#7565,#7576,#7587,#7598,#7609,#7620,#7631,#7642,
    #7653,#7664,#7675,#7686,#7697,#7708,#7719,#7730,#7741,#7752,#7763,
    #7774,#7785,#7796,#7807,#7818,#7829,#7840,#7851,#7862,#7873,#7884,
    #7895,#7906,#7917,#7928,#7939,#7950,#7961,#7972,#7983,#7994,#8005,
    #8016,#8027,#8038,#8049,#8060,#8071,#8082,#8093,#8104,#8115,#8126,
    #8137,#8148,#8159,#8170,#8181,#8192,#8203,#8214,#8225,#8236,#8247,
    #8258,#8269,#8280,#8291,#8302,#8313,#8324,#8335,#8346,#8357,#8368,
    #8379,#8390,#8401,#8412,#8423,#8434,#8445,#8456,#8467,#8478,#8489,
    #8500,#8511,#8522,#8533,#8544,#8555,#8566,#8577,#8588,#8599,#8610,
    #8621,#8632,#8643,#8654,#8665,#8676,#8687,#8698,#8709,#8720,#8731,
    #8742,#8753,#8764,#8775,#8786,#8797,#8808,#8819,#8830,#8841,#8852,
    #8863,#8874,#8885,#8896,#8907,#8918,#8929,#8940,#8951,#8962,#8973,
    #8984,#8995,#9006,#9017,#9028,#9039,#9050,#9061,#9072,#9083,#9094,
    #9105,#9116,#9127,#9138,#9149,#9160,#9171,#9182,#9193,#9204,#9215,
    #9226,#9237,#9248,#9259,#9270,#9281,#9292,#9303,#9314,#9325,#9336,
    #9347,#9358,#9369,#9380,#9391,#9402,#9413,#9424,#9435,#9446,#9457,
    #9468,#9479,#9490,#9501,#9512,#9523,#9534,#9545,#9556,#9567,#9578,
    #9589,#9600,#9611,#9622,#9633,#9644,#9655,#9666,#9677,#9688,#9699,
    #9710,#9721,#9732,#9743,#9754,#9765,#9776,#9787,#9798,#9809,#9820,
    #9831,#9842,#9853,#9864,#9875,#9886,#9897,#9908,#9919,#9930,#9941,
    #9952,#9963,#9974,#9985,#9996,#10007,#10018,#10029,#10040,#10051,
    #10062,#10073,#10084,#10095,#10106,#10117,#10128,#10139,#10150,
    #10161,#10172,#10183,#10194,#10205,#10216,#10227,#10238,#10249,
    #10260,#10271,#10282,#10293,#10304,#10315,#10326,#10337,#10348,
    #10359,#10370,#10381,#10392,#10403,#10414,#10425,#10436,#10447,
    #10458,#10469,#10480,#10491,#10502,#10513,#10524,#10535,#10546,
    #10557,#10568,#10579,#10590,#10601,#10612,#10623,#10634,#10645,
    #10656,#10667,#10678,#10689,#10700,#10711,#10722,#10733,#10744,
    #10755,#10766,#10777,#10788,#10799,#10810,#10821,#10832,#10843,
    #10854,#10865,#10876,#10887,#10898,#10909,#10920,#10931,#10942,
    #10953,#10964,#10975,#10986,#10997,#11008,#11019,#11030,#11041,
    #11052,#11063,#11074,#11085,#11096,#11107,#11118,#11129,#11140,
    #11151,#11162,#11173,#11184,#11195,#11206,#11217,#11228,#11239,
    #11250,#11261,#11272,#11283,#11294,#11305,#11316,#11327,#11338,
    #11349,#11360,#11371,#11382,#11393,#11404,#11415,#11426,#11437,
    #11448,#11459,#11470,#11481,#11492,#11503,#11514,#11525,#11536,
    #11547,#11558,#11569,#11580,#11591,#11602,#11613,#11624,#11635,
    #11646,#11657,#11668,#11679,#11690,#11701,#11712,#11723,#11734,
    #11745,#11756,#11767,#11778,#11789,#11800,#11811,#11822,#11833,
    #11844,#11855,#11866,#11877,#11888,#11899,#11910,#11921,#11932,
    #11943,#11954,#11965,#11976,#11987,#11998,#12009,#12020,#12031,
    #12042,#12053,#12064,#12075,#12086,#12097,#12108,#12119,#12130,
    #12141,#12152,#12163,#12174,#12185,#12196,#12207,#12218,#12229,
    #12240,#12251,#12262,#12273,#12284,#12295,#12306,#12317,#12328,
    #12339,#12350,#12361,#12372,#12383,#12394,#12405,#12416,#12427,
    #12438,#12449,#12460,#12471,#12482,#12493,#12504,#12515,#12526,
    #12537),#12548,.T.);
#6348 = FACE_BOUND('',#6349,.T.);
#6349 = EDGE_LOOP('',(#6350,#6351,#6352,#6360,#6369,#6378,#6386,#6395,
    #6403,#6412,#6420,#6429,#6438,#6446,#6455,#6464,#6472,#6481,#6490,
    #6498,#6507,#6516,#6524,#6533,#6542,#6550,#6559,#6568,#6576,#6585,
    #6594,#6602,#6611,#6618));
#6350 = ORIENTED_EDGE('',*,*,#49,.F.);
#6351 = ORIENTED_EDGE('',*,*,#91,.F.);
#6352 = ORIENTED_EDGE('',*,*,#6353,.F.);
#6353 = EDGE_CURVE('',#6354,#84,#6356,.T.);
#6354 = VERTEX_POINT('',#6355);
#6355 = CARTESIAN_POINT('',(101.709097,75.948886,1.51));
#6356 = LINE('',#6357,#6358);
#6357 = CARTESIAN_POINT('',(101.709097,75.948886,1.51));
#6358 = VECTOR('',#6359,1.);
#6359 = DIRECTION('',(0.995250001986,9.73521111596E-02,0.));
#6360 = ORIENTED_EDGE('',*,*,#6361,.F.);
#6361 = EDGE_CURVE('',#6362,#6354,#6364,.T.);
#6362 = VERTEX_POINT('',#6363);
#6363 = CARTESIAN_POINT('',(96.969174,80.247699,1.51));
#6364 = CIRCLE('',#6365,4.762560715433);
#6365 = AXIS2_PLACEMENT_3D('',#6366,#6367,#6368);
#6366 = CARTESIAN_POINT('',(96.969168453638,75.48513828457,1.51));
#6367 = DIRECTION('',(0.,0.,-1.));
#6368 = DIRECTION('',(1.164575633164E-06,0.999999999999,0.));
#6369 = ORIENTED_EDGE('',*,*,#6370,.F.);
#6370 = EDGE_CURVE('',#6371,#6362,#6373,.T.);
#6371 = VERTEX_POINT('',#6372);
#6372 = CARTESIAN_POINT('',(92.227539,75.039842,1.51));
#6373 = CIRCLE('',#6374,4.762570472531);
#6374 = AXIS2_PLACEMENT_3D('',#6375,#6376,#6377);
#6375 = CARTESIAN_POINT('',(96.969247280122,75.485128528032,1.51));
#6376 = DIRECTION('',(0.,0.,-1.));
#6377 = DIRECTION('',(-0.995619551977,-9.349710006407E-02,-0.));
#6378 = ORIENTED_EDGE('',*,*,#6379,.F.);
#6379 = EDGE_CURVE('',#6380,#6371,#6382,.T.);
#6380 = VERTEX_POINT('',#6381);
#6381 = CARTESIAN_POINT('',(23.791635,68.612686,1.51));
#6382 = LINE('',#6383,#6384);
#6383 = CARTESIAN_POINT('',(23.791635,68.612686,1.51));
#6384 = VECTOR('',#6385,1.);
#6385 = DIRECTION('',(0.995618948548,9.350352555983E-02,0.));
#6386 = ORIENTED_EDGE('',*,*,#6387,.F.);
#6387 = EDGE_CURVE('',#6388,#6380,#6390,.T.);
#6388 = VERTEX_POINT('',#6389);
#6389 = CARTESIAN_POINT('',(15.08736,70.809133,1.51));
#6390 = CIRCLE('',#6391,4.762500287917);
#6391 = AXIS2_PLACEMENT_3D('',#6392,#6393,#6394);
#6392 = CARTESIAN_POINT('',(19.049999694793,68.167373048441,1.51));
#6393 = DIRECTION('',(0.,0.,-1.));
#6394 = DIRECTION('',(-0.832050279314,0.554700218761,0.));
#6395 = ORIENTED_EDGE('',*,*,#6396,.F.);
#6396 = EDGE_CURVE('',#6397,#6388,#6399,.T.);
#6397 = VERTEX_POINT('',#6398);
#6398 = CARTESIAN_POINT('',(-15.08736,70.809133,1.51));
#6399 = LINE('',#6400,#6401);
#6400 = CARTESIAN_POINT('',(-15.08736,70.809133,1.51));
#6401 = VECTOR('',#6402,1.);
#6402 = DIRECTION('',(1.,0.,0.));
#6403 = ORIENTED_EDGE('',*,*,#6404,.F.);
#6404 = EDGE_CURVE('',#6405,#6397,#6407,.T.);
#6405 = VERTEX_POINT('',#6406);
#6406 = CARTESIAN_POINT('',(-23.791635,68.612684,1.51));
#6407 = CIRCLE('',#6408,4.762500511449);
#6408 = AXIS2_PLACEMENT_3D('',#6409,#6410,#6411);
#6409 = CARTESIAN_POINT('',(-19.04999936653,68.167372153077,1.51));
#6410 = DIRECTION('',(0.,0.,-1.));
#6411 = DIRECTION('',(-0.995618923728,9.350378983749E-02,0.));
#6412 = ORIENTED_EDGE('',*,*,#6413,.F.);
#6413 = EDGE_CURVE('',#6414,#6405,#6416,.T.);
#6414 = VERTEX_POINT('',#6415);
#6415 = CARTESIAN_POINT('',(-92.227539,75.040351,1.51));
#6416 = LINE('',#6417,#6418);
#6417 = CARTESIAN_POINT('',(-92.227539,75.040351,1.51));
#6418 = VECTOR('',#6419,1.);
#6419 = DIRECTION('',(0.995618256449,-9.351089468442E-02,0.));
#6420 = ORIENTED_EDGE('',*,*,#6421,.F.);
#6421 = EDGE_CURVE('',#6422,#6414,#6424,.T.);
#6422 = VERTEX_POINT('',#6423);
#6423 = CARTESIAN_POINT('',(-96.969174,80.247653,1.51));
#6424 = CIRCLE('',#6425,4.762425764948);
#6425 = AXIS2_PLACEMENT_3D('',#6426,#6427,#6428);
#6426 = CARTESIAN_POINT('',(-96.96914044909,75.48522723517,1.51));
#6427 = DIRECTION('',(0.,0.,-1.));
#6428 = DIRECTION('',(-7.044920153459E-06,0.999999999975,0.));
#6429 = ORIENTED_EDGE('',*,*,#6430,.F.);
#6430 = EDGE_CURVE('',#6431,#6422,#6433,.T.);
#6431 = VERTEX_POINT('',#6432);
#6432 = CARTESIAN_POINT('',(-101.709051,75.948803,1.51));
#6433 = CIRCLE('',#6434,4.762501699071);
#6434 = AXIS2_PLACEMENT_3D('',#6435,#6436,#6437);
#6435 = CARTESIAN_POINT('',(-96.96917235855,75.485151300929,1.51));
#6436 = DIRECTION('',(0.,0.,-1.));
#6437 = DIRECTION('',(-0.995249753374,9.735465273665E-02,0.));
#6438 = ORIENTED_EDGE('',*,*,#6439,.F.);
#6439 = EDGE_CURVE('',#6440,#6431,#6442,.T.);
#6440 = VERTEX_POINT('',#6441);
#6441 = CARTESIAN_POINT('',(-135.911719,79.294554,1.51));
#6442 = LINE('',#6443,#6444);
#6443 = CARTESIAN_POINT('',(-135.911719,79.294554,1.51));
#6444 = VECTOR('',#6445,1.);
#6445 = DIRECTION('',(0.995249557926,-9.735665076422E-02,0.));
#6446 = ORIENTED_EDGE('',*,*,#6447,.F.);
#6447 = EDGE_CURVE('',#6448,#6440,#6450,.T.);
#6448 = VERTEX_POINT('',#6449);
#6449 = CARTESIAN_POINT('',(-145.414096,79.758125,1.51));
#6450 = CIRCLE('',#6451,4.762496290323);
#6451 = AXIS2_PLACEMENT_3D('',#6452,#6453,#6454);
#6452 = CARTESIAN_POINT('',(-140.6515997096,79.758128992167,1.51));
#6453 = DIRECTION('',(0.,0.,-1.));
#6454 = DIRECTION('',(-1.,-8.382509645209E-07,-0.));
#6455 = ORIENTED_EDGE('',*,*,#6456,.F.);
#6456 = EDGE_CURVE('',#6457,#6448,#6459,.T.);
#6457 = VERTEX_POINT('',#6458);
#6458 = CARTESIAN_POINT('',(-141.641775,75.099697,1.51));
#6459 = CIRCLE('',#6460,4.762500252639);
#6460 = AXIS2_PLACEMENT_3D('',#6461,#6462,#6463);
#6461 = CARTESIAN_POINT('',(-140.6515957473,79.75812524395,1.51));
#6462 = DIRECTION('',(0.,0.,-1.));
#6463 = DIRECTION('',(-0.207911643068,-0.978147610883,-0.));
#6464 = ORIENTED_EDGE('',*,*,#6465,.F.);
#6465 = EDGE_CURVE('',#6466,#6457,#6468,.T.);
#6466 = VERTEX_POINT('',#6467);
#6467 = CARTESIAN_POINT('',(-157.058441,2.570052,1.51));
#6468 = LINE('',#6469,#6470);
#6469 = CARTESIAN_POINT('',(-157.058441,2.570052,1.51));
#6470 = VECTOR('',#6471,1.);
#6471 = DIRECTION('',(0.207911871974,0.978147562228,0.));
#6472 = ORIENTED_EDGE('',*,*,#6473,.F.);
#6473 = EDGE_CURVE('',#6474,#6466,#6476,.T.);
#6474 = VERTEX_POINT('',#6475);
#6475 = CARTESIAN_POINT('',(-158.048608,-6.850876,1.51));
#6476 = CIRCLE('',#6477,4.762498899623);
#6477 = AXIS2_PLACEMENT_3D('',#6478,#6479,#6480);
#6478 = CARTESIAN_POINT('',(-158.0486097157,-2.088377100377,1.51));
#6479 = DIRECTION('',(0.,0.,-1.));
#6480 = DIRECTION('',(3.602643920298E-07,-1.,0.));
#6481 = ORIENTED_EDGE('',*,*,#6482,.F.);
#6482 = EDGE_CURVE('',#6483,#6474,#6485,.T.);
#6483 = VERTEX_POINT('',#6484);
#6484 = CARTESIAN_POINT('',(-153.912328,-4.449009,1.51));
#6485 = CIRCLE('',#6486,4.762499024924);
#6486 = AXIS2_PLACEMENT_3D('',#6487,#6488,#6489);
#6487 = CARTESIAN_POINT('',(-158.048608141,-2.088376975076,1.51));
#6488 = DIRECTION('',(0.,0.,-1.));
#6489 = DIRECTION('',(0.868510443658,-0.495670867872,0.));
#6490 = ORIENTED_EDGE('',*,*,#6491,.F.);
#6491 = EDGE_CURVE('',#6492,#6483,#6494,.T.);
#6492 = VERTEX_POINT('',#6493);
#6493 = CARTESIAN_POINT('',(-103.26497,-33.35417,1.51));
#6494 = LINE('',#6495,#6496);
#6495 = CARTESIAN_POINT('',(-103.26497,-33.35417,1.51));
#6496 = VECTOR('',#6497,1.);
#6497 = DIRECTION('',(-0.868510322035,0.495671080979,0.));
#6498 = ORIENTED_EDGE('',*,*,#6499,.F.);
#6499 = EDGE_CURVE('',#6500,#6492,#6502,.T.);
#6500 = VERTEX_POINT('',#6501);
#6501 = CARTESIAN_POINT('',(-99.12869,-40.477303,1.51));
#6502 = CIRCLE('',#6503,4.762499587513);
#6503 = AXIS2_PLACEMENT_3D('',#6504,#6505,#6506);
#6504 = CARTESIAN_POINT('',(-99.12869000308,-35.71480341248,1.51));
#6505 = DIRECTION('',(0.,0.,-1.));
#6506 = DIRECTION('',(6.469766315861E-10,-1.,0.));
#6507 = ORIENTED_EDGE('',*,*,#6508,.F.);
#6508 = EDGE_CURVE('',#6509,#6500,#6511,.T.);
#6509 = VERTEX_POINT('',#6510);
#6510 = CARTESIAN_POINT('',(-95.169527,-38.36177,1.51));
#6511 = CIRCLE('',#6512,4.762496016297);
#6512 = AXIS2_PLACEMENT_3D('',#6513,#6514,#6515);
#6513 = CARTESIAN_POINT('',(-99.12868790802,-35.7148069837,1.51));
#6514 = DIRECTION('',(0.,0.,-1.));
#6515 = DIRECTION('',(0.831320571077,-0.555793224233,0.));
#6516 = ORIENTED_EDGE('',*,*,#6517,.F.);
#6517 = EDGE_CURVE('',#6518,#6509,#6520,.T.);
#6518 = VERTEX_POINT('',#6519);
#6519 = CARTESIAN_POINT('',(-37.210691,-77.111159,1.51));
#6520 = LINE('',#6521,#6522);
#6521 = CARTESIAN_POINT('',(-37.210691,-77.111159,1.51));
#6522 = VECTOR('',#6523,1.);
#6523 = DIRECTION('',(-0.831320285212,0.555793651813,0.));
#6524 = ORIENTED_EDGE('',*,*,#6525,.F.);
#6525 = EDGE_CURVE('',#6526,#6518,#6528,.T.);
#6526 = VERTEX_POINT('',#6527);
#6527 = CARTESIAN_POINT('',(-33.251532,-84.520626,1.51));
#6528 = CIRCLE('',#6529,4.762496366806);
#6529 = AXIS2_PLACEMENT_3D('',#6530,#6531,#6532);
#6530 = CARTESIAN_POINT('',(-33.25153476276,-79.75812963319,1.51));
#6531 = DIRECTION('',(0.,0.,-1.));
#6532 = DIRECTION('',(5.801082149727E-07,-1.,0.));
#6533 = ORIENTED_EDGE('',*,*,#6534,.F.);
#6534 = EDGE_CURVE('',#6535,#6526,#6537,.T.);
#6535 = VERTEX_POINT('',#6536);
#6536 = CARTESIAN_POINT('',(-28.489032,-79.758126,1.51));
#6537 = CIRCLE('',#6538,4.762500155008);
#6538 = AXIS2_PLACEMENT_3D('',#6539,#6540,#6541);
#6539 = CARTESIAN_POINT('',(-33.251532155,-79.75812584499,1.51));
#6540 = DIRECTION('',(0.,0.,-1.));
#6541 = DIRECTION('',(1.,-3.254771403824E-08,0.));
#6542 = ORIENTED_EDGE('',*,*,#6543,.F.);
#6543 = EDGE_CURVE('',#6544,#6535,#6546,.T.);
#6544 = VERTEX_POINT('',#6545);
#6545 = CARTESIAN_POINT('',(28.489002,-79.758126,1.51));
#6546 = LINE('',#6547,#6548);
#6547 = CARTESIAN_POINT('',(28.489002,-79.758126,1.51));
#6548 = VECTOR('',#6549,1.);
#6549 = DIRECTION('',(-1.,0.,0.));
#6550 = ORIENTED_EDGE('',*,*,#6551,.F.);
#6551 = EDGE_CURVE('',#6552,#6544,#6554,.T.);
#6552 = VERTEX_POINT('',#6553);
#6553 = CARTESIAN_POINT('',(33.251532,-84.520626,1.51));
#6554 = CIRCLE('',#6555,4.762551368653);
#6555 = AXIS2_PLACEMENT_3D('',#6556,#6557,#6558);
#6556 = CARTESIAN_POINT('',(33.251553368376,-79.75807463139,1.51));
#6557 = DIRECTION('',(0.,0.,-1.));
#6558 = DIRECTION('',(-4.486749627116E-06,-0.99999999999,-0.));
#6559 = ORIENTED_EDGE('',*,*,#6560,.F.);
#6560 = EDGE_CURVE('',#6561,#6552,#6563,.T.);
#6561 = VERTEX_POINT('',#6562);
#6562 = CARTESIAN_POINT('',(37.210695,-77.111159,1.51));
#6563 = CIRCLE('',#6564,4.762499511444);
#6564 = AXIS2_PLACEMENT_3D('',#6565,#6566,#6567);
#6565 = CARTESIAN_POINT('',(33.251532877653,-79.75812648855,1.51));
#6566 = DIRECTION('',(0.,0.,-1.));
#6567 = DIRECTION('',(0.831320215957,0.5557937554,0.));
#6568 = ORIENTED_EDGE('',*,*,#6569,.F.);
#6569 = EDGE_CURVE('',#6570,#6561,#6572,.T.);
#6570 = VERTEX_POINT('',#6571);
#6571 = CARTESIAN_POINT('',(95.16955,-38.36177,1.51));
#6572 = LINE('',#6573,#6574);
#6573 = CARTESIAN_POINT('',(95.16955,-38.36177,1.51));
#6574 = VECTOR('',#6575,1.);
#6575 = DIRECTION('',(-0.831320369396,-0.555793525896,0.));
#6576 = ORIENTED_EDGE('',*,*,#6577,.F.);
#6577 = EDGE_CURVE('',#6578,#6570,#6580,.T.);
#6578 = VERTEX_POINT('',#6579);
#6579 = CARTESIAN_POINT('',(99.12869,-40.477303,1.51));
#6580 = CIRCLE('',#6581,4.762415009189);
#6581 = AXIS2_PLACEMENT_3D('',#6582,#6583,#6584);
#6582 = CARTESIAN_POINT('',(99.128667622584,-35.71488799086,1.51));
#6583 = DIRECTION('',(0.,0.,-1.));
#6584 = DIRECTION('',(4.698753811238E-06,-0.999999999989,0.));
#6585 = ORIENTED_EDGE('',*,*,#6586,.F.);
#6586 = EDGE_CURVE('',#6587,#6578,#6589,.T.);
#6587 = VERTEX_POINT('',#6588);
#6588 = CARTESIAN_POINT('',(103.26497,-33.35417,1.51));
#6589 = CIRCLE('',#6590,4.762499587513);
#6590 = AXIS2_PLACEMENT_3D('',#6591,#6592,#6593);
#6591 = CARTESIAN_POINT('',(99.128690003081,-35.71480341248,1.51));
#6592 = DIRECTION('',(0.,0.,-1.));
#6593 = DIRECTION('',(0.868510310796,0.495671100671,0.));
#6594 = ORIENTED_EDGE('',*,*,#6595,.F.);
#6595 = EDGE_CURVE('',#6596,#6587,#6598,.T.);
#6596 = VERTEX_POINT('',#6597);
#6597 = CARTESIAN_POINT('',(153.912337,-4.44901,1.51));
#6598 = LINE('',#6599,#6600);
#6599 = CARTESIAN_POINT('',(153.912337,-4.44901,1.51));
#6600 = VECTOR('',#6601,1.);
#6601 = DIRECTION('',(-0.868510367335,-0.495671001604,0.));
#6602 = ORIENTED_EDGE('',*,*,#6603,.F.);
#6603 = EDGE_CURVE('',#6604,#6596,#6606,.T.);
#6604 = VERTEX_POINT('',#6605);
#6605 = CARTESIAN_POINT('',(162.81111,-2.088376,1.51));
#6606 = CIRCLE('',#6607,4.762495245626);
#6607 = AXIS2_PLACEMENT_3D('',#6608,#6609,#6610);
#6608 = CARTESIAN_POINT('',(158.04861475437,-2.088381417765,1.51));
#6609 = DIRECTION('',(0.,0.,-1.));
#6610 = DIRECTION('',(0.999999999999,1.137589610908E-06,0.));
#6611 = ORIENTED_EDGE('',*,*,#6612,.F.);
#6612 = EDGE_CURVE('',#116,#6604,#6613,.T.);
#6613 = CIRCLE('',#6614,4.762502810866);
#6614 = AXIS2_PLACEMENT_3D('',#6615,#6616,#6617);
#6615 = CARTESIAN_POINT('',(158.04860718913,-2.088379085383,1.51));
#6616 = DIRECTION('',(0.,0.,-1.));
#6617 = DIRECTION('',(-0.207911308079,0.978147682087,0.));
#6618 = ORIENTED_EDGE('',*,*,#115,.F.);
#6619 = FACE_BOUND('',#6620,.T.);
#6620 = EDGE_LOOP('',(#6621));
#6621 = ORIENTED_EDGE('',*,*,#6622,.T.);
#6622 = EDGE_CURVE('',#6623,#6623,#6625,.T.);
#6623 = VERTEX_POINT('',#6624);
#6624 = CARTESIAN_POINT('',(-33.251532,-80.858126,1.51));
#6625 = CIRCLE('',#6626,1.1);
#6626 = AXIS2_PLACEMENT_3D('',#6627,#6628,#6629);
#6627 = CARTESIAN_POINT('',(-33.251532,-79.758126,1.51));
#6628 = DIRECTION('',(-0.,0.,-1.));
#6629 = DIRECTION('',(-0.,-1.,0.));
#6630 = FACE_BOUND('',#6631,.T.);
#6631 = EDGE_LOOP('',(#6632));
#6632 = ORIENTED_EDGE('',*,*,#6633,.T.);
#6633 = EDGE_CURVE('',#6634,#6634,#6636,.T.);
#6634 = VERTEX_POINT('',#6635);
#6635 = CARTESIAN_POINT('',(-32.430719,-73.473139,1.51));
#6636 = CIRCLE('',#6637,0.4);
#6637 = AXIS2_PLACEMENT_3D('',#6638,#6639,#6640);
#6638 = CARTESIAN_POINT('',(-32.430719,-73.073139,1.51));
#6639 = DIRECTION('',(-0.,0.,-1.));
#6640 = DIRECTION('',(-1.7763568394E-14,-1.,0.));
#6641 = FACE_BOUND('',#6642,.T.);
#6642 = EDGE_LOOP('',(#6643));
#6643 = ORIENTED_EDGE('',*,*,#6644,.T.);
#6644 = EDGE_CURVE('',#6645,#6645,#6647,.T.);
#6645 = VERTEX_POINT('',#6646);
#6646 = CARTESIAN_POINT('',(-26.426074,-68.781802,1.51));
#6647 = CIRCLE('',#6648,0.4);
#6648 = AXIS2_PLACEMENT_3D('',#6649,#6650,#6651);
#6649 = CARTESIAN_POINT('',(-26.426074,-68.381802,1.51));
#6650 = DIRECTION('',(-0.,0.,-1.));
#6651 = DIRECTION('',(-0.,-1.,0.));
#6652 = FACE_BOUND('',#6653,.T.);
#6653 = EDGE_LOOP('',(#6654));
#6654 = ORIENTED_EDGE('',*,*,#6655,.T.);
#6655 = EDGE_CURVE('',#6656,#6656,#6658,.T.);
#6656 = VERTEX_POINT('',#6657);
#6657 = CARTESIAN_POINT('',(-31.273581,-63.272918,1.51));
#6658 = CIRCLE('',#6659,2.525);
#6659 = AXIS2_PLACEMENT_3D('',#6660,#6661,#6662);
#6660 = CARTESIAN_POINT('',(-31.273581,-60.747918,1.51));
#6661 = DIRECTION('',(-0.,0.,-1.));
#6662 = DIRECTION('',(-0.,-1.,0.));
#6663 = FACE_BOUND('',#6664,.T.);
#6664 = EDGE_LOOP('',(#6665));
#6665 = ORIENTED_EDGE('',*,*,#6666,.T.);
#6666 = EDGE_CURVE('',#6667,#6667,#6669,.T.);
#6667 = VERTEX_POINT('',#6668);
#6668 = CARTESIAN_POINT('',(-27.887441,-66.031977,1.51));
#6669 = CIRCLE('',#6670,0.95);
#6670 = AXIS2_PLACEMENT_3D('',#6671,#6672,#6673);
#6671 = CARTESIAN_POINT('',(-27.887441,-65.081977,1.51));
#6672 = DIRECTION('',(-0.,0.,-1.));
#6673 = DIRECTION('',(-0.,-1.,0.));
#6674 = FACE_BOUND('',#6675,.T.);
#6675 = EDGE_LOOP('',(#6676));
#6676 = ORIENTED_EDGE('',*,*,#6677,.T.);
#6677 = EDGE_CURVE('',#6678,#6678,#6680,.T.);
#6678 = VERTEX_POINT('',#6679);
#6679 = CARTESIAN_POINT('',(-25.200833,-63.873457,1.51));
#6680 = CIRCLE('',#6681,1.525);
#6681 = AXIS2_PLACEMENT_3D('',#6682,#6683,#6684);
#6682 = CARTESIAN_POINT('',(-25.200833,-62.348457,1.51));
#6683 = DIRECTION('',(-0.,0.,-1.));
#6684 = DIRECTION('',(2.329648313968E-15,-1.,-0.));
#6685 = FACE_BOUND('',#6686,.T.);
#6686 = EDGE_LOOP('',(#6687));
#6687 = ORIENTED_EDGE('',*,*,#6688,.T.);
#6688 = EDGE_CURVE('',#6689,#6689,#6691,.T.);
#6689 = VERTEX_POINT('',#6690);
#6690 = CARTESIAN_POINT('',(-17.419115,-61.744789,1.51));
#6691 = CIRCLE('',#6692,0.4);
#6692 = AXIS2_PLACEMENT_3D('',#6693,#6694,#6695);
#6693 = CARTESIAN_POINT('',(-17.419115,-61.344789,1.51));
#6694 = DIRECTION('',(-0.,0.,-1.));
#6695 = DIRECTION('',(-8.881784197001E-15,-1.,0.));
#6696 = FACE_BOUND('',#6697,.T.);
#6697 = EDGE_LOOP('',(#6698));
#6698 = ORIENTED_EDGE('',*,*,#6699,.T.);
#6699 = EDGE_CURVE('',#6700,#6700,#6702,.T.);
#6700 = VERTEX_POINT('',#6701);
#6701 = CARTESIAN_POINT('',(-44.316971,-58.614018,1.51));
#6702 = CIRCLE('',#6703,0.4);
#6703 = AXIS2_PLACEMENT_3D('',#6704,#6705,#6706);
#6704 = CARTESIAN_POINT('',(-44.316971,-58.214018,1.51));
#6705 = DIRECTION('',(-0.,0.,-1.));
#6706 = DIRECTION('',(-1.7763568394E-14,-1.,0.));
#6707 = FACE_BOUND('',#6708,.T.);
#6708 = EDGE_LOOP('',(#6709));
#6709 = ORIENTED_EDGE('',*,*,#6710,.T.);
#6710 = EDGE_CURVE('',#6711,#6711,#6713,.T.);
#6711 = VERTEX_POINT('',#6712);
#6712 = CARTESIAN_POINT('',(-59.032865,-46.550896,1.51));
#6713 = CIRCLE('',#6714,0.4);
#6714 = AXIS2_PLACEMENT_3D('',#6715,#6716,#6717);
#6715 = CARTESIAN_POINT('',(-59.032865,-46.150896,1.51));
#6716 = DIRECTION('',(-0.,0.,-1.));
#6717 = DIRECTION('',(-0.,-1.,0.));
#6718 = FACE_BOUND('',#6719,.T.);
#6719 = EDGE_LOOP('',(#6720));
#6720 = ORIENTED_EDGE('',*,*,#6721,.T.);
#6721 = EDGE_CURVE('',#6722,#6722,#6724,.T.);
#6722 = VERTEX_POINT('',#6723);
#6723 = CARTESIAN_POINT('',(-52.888256,-47.448741,1.51));
#6724 = CIRCLE('',#6725,0.8);
#6725 = AXIS2_PLACEMENT_3D('',#6726,#6727,#6728);
#6726 = CARTESIAN_POINT('',(-52.888256,-46.648741,1.51));
#6727 = DIRECTION('',(-0.,0.,-1.));
#6728 = DIRECTION('',(-0.,-1.,0.));
#6729 = FACE_BOUND('',#6730,.T.);
#6730 = EDGE_LOOP('',(#6731));
#6731 = ORIENTED_EDGE('',*,*,#6732,.T.);
#6732 = EDGE_CURVE('',#6733,#6733,#6735,.T.);
#6733 = VERTEX_POINT('',#6734);
#6734 = CARTESIAN_POINT('',(-41.534433,-50.402881,1.51));
#6735 = CIRCLE('',#6736,0.95);
#6736 = AXIS2_PLACEMENT_3D('',#6737,#6738,#6739);
#6737 = CARTESIAN_POINT('',(-41.534433,-49.452881,1.51));
#6738 = DIRECTION('',(-0.,0.,-1.));
#6739 = DIRECTION('',(-0.,-1.,0.));
#6740 = FACE_BOUND('',#6741,.T.);
#6741 = EDGE_LOOP('',(#6742));
#6742 = ORIENTED_EDGE('',*,*,#6743,.T.);
#6743 = EDGE_CURVE('',#6744,#6744,#6746,.T.);
#6744 = VERTEX_POINT('',#6745);
#6745 = CARTESIAN_POINT('',(-45.747678,-48.44255,1.51));
#6746 = CIRCLE('',#6747,2.525);
#6747 = AXIS2_PLACEMENT_3D('',#6748,#6749,#6750);
#6748 = CARTESIAN_POINT('',(-45.747678,-45.91755,1.51));
#6749 = DIRECTION('',(-0.,0.,-1.));
#6750 = DIRECTION('',(-0.,-1.,0.));
#6751 = FACE_BOUND('',#6752,.T.);
#6752 = EDGE_LOOP('',(#6753));
#6753 = ORIENTED_EDGE('',*,*,#6754,.T.);
#6754 = EDGE_CURVE('',#6755,#6755,#6757,.T.);
#6755 = VERTEX_POINT('',#6756);
#6756 = CARTESIAN_POINT('',(-49.960923,-43.332219,1.51));
#6757 = CIRCLE('',#6758,0.95);
#6758 = AXIS2_PLACEMENT_3D('',#6759,#6760,#6761);
#6759 = CARTESIAN_POINT('',(-49.960923,-42.382219,1.51));
#6760 = DIRECTION('',(-0.,0.,-1.));
#6761 = DIRECTION('',(-7.479397218527E-15,-1.,0.));
#6762 = FACE_BOUND('',#6763,.T.);
#6763 = EDGE_LOOP('',(#6764));
#6764 = ORIENTED_EDGE('',*,*,#6765,.T.);
#6765 = EDGE_CURVE('',#6766,#6766,#6768,.T.);
#6766 = VERTEX_POINT('',#6767);
#6767 = CARTESIAN_POINT('',(-41.955233,-42.922887,1.51));
#6768 = CIRCLE('',#6769,1.525);
#6769 = AXIS2_PLACEMENT_3D('',#6770,#6771,#6772);
#6770 = CARTESIAN_POINT('',(-41.955233,-41.397887,1.51));
#6771 = DIRECTION('',(-0.,0.,-1.));
#6772 = DIRECTION('',(-0.,-1.,0.));
#6773 = FACE_BOUND('',#6774,.T.);
#6774 = EDGE_LOOP('',(#6775));
#6775 = ORIENTED_EDGE('',*,*,#6776,.T.);
#6776 = EDGE_CURVE('',#6777,#6777,#6779,.T.);
#6777 = VERTEX_POINT('',#6778);
#6778 = CARTESIAN_POINT('',(-38.410143,-60.77852,1.51));
#6779 = CIRCLE('',#6780,0.8);
#6780 = AXIS2_PLACEMENT_3D('',#6781,#6782,#6783);
#6781 = CARTESIAN_POINT('',(-38.410143,-59.97852,1.51));
#6782 = DIRECTION('',(-0.,0.,-1.));
#6783 = DIRECTION('',(8.881784197001E-15,-1.,-0.));
#6784 = FACE_BOUND('',#6785,.T.);
#6785 = EDGE_LOOP('',(#6786));
#6786 = ORIENTED_EDGE('',*,*,#6787,.T.);
#6787 = EDGE_CURVE('',#6788,#6788,#6790,.T.);
#6788 = VERTEX_POINT('',#6789);
#6789 = CARTESIAN_POINT('',(-34.659721,-57.363859,1.51));
#6790 = CIRCLE('',#6791,0.95);
#6791 = AXIS2_PLACEMENT_3D('',#6792,#6793,#6794);
#6792 = CARTESIAN_POINT('',(-34.659721,-56.413859,1.51));
#6793 = DIRECTION('',(-0.,0.,-1.));
#6794 = DIRECTION('',(7.479397218527E-15,-1.,-0.));
#6795 = FACE_BOUND('',#6796,.T.);
#6796 = EDGE_LOOP('',(#6797));
#6797 = ORIENTED_EDGE('',*,*,#6798,.T.);
#6798 = EDGE_CURVE('',#6799,#6799,#6801,.T.);
#6799 = VERTEX_POINT('',#6800);
#6800 = CARTESIAN_POINT('',(-26.624319,-58.640514,1.51));
#6801 = CIRCLE('',#6802,1.525);
#6802 = AXIS2_PLACEMENT_3D('',#6803,#6804,#6805);
#6803 = CARTESIAN_POINT('',(-26.624319,-57.115514,1.51));
#6804 = DIRECTION('',(-0.,0.,-1.));
#6805 = DIRECTION('',(-0.,-1.,0.));
#6806 = FACE_BOUND('',#6807,.T.);
#6807 = EDGE_LOOP('',(#6808));
#6808 = ORIENTED_EDGE('',*,*,#6809,.T.);
#6809 = EDGE_CURVE('',#6810,#6810,#6812,.T.);
#6810 = VERTEX_POINT('',#6811);
#6811 = CARTESIAN_POINT('',(-39.418926,-52.776762,1.51));
#6812 = CIRCLE('',#6813,0.4);
#6813 = AXIS2_PLACEMENT_3D('',#6814,#6815,#6816);
#6814 = CARTESIAN_POINT('',(-39.418926,-52.376762,1.51));
#6815 = DIRECTION('',(-0.,0.,-1.));
#6816 = DIRECTION('',(-0.,-1.,0.));
#6817 = FACE_BOUND('',#6818,.T.);
#6818 = EDGE_LOOP('',(#6819));
#6819 = ORIENTED_EDGE('',*,*,#6820,.T.);
#6820 = EDGE_CURVE('',#6821,#6821,#6823,.T.);
#6821 = VERTEX_POINT('',#6822);
#6822 = CARTESIAN_POINT('',(-11.41447,-57.053452,1.51));
#6823 = CIRCLE('',#6824,0.4);
#6824 = AXIS2_PLACEMENT_3D('',#6825,#6826,#6827);
#6825 = CARTESIAN_POINT('',(-11.41447,-56.653452,1.51));
#6826 = DIRECTION('',(-0.,0.,-1.));
#6827 = DIRECTION('',(-0.,-1.,0.));
#6828 = FACE_BOUND('',#6829,.T.);
#6829 = EDGE_LOOP('',(#6830));
#6830 = ORIENTED_EDGE('',*,*,#6831,.T.);
#6831 = EDGE_CURVE('',#6832,#6832,#6834,.T.);
#6832 = VERTEX_POINT('',#6833);
#6833 = CARTESIAN_POINT('',(-12.875836,-54.303626,1.51));
#6834 = CIRCLE('',#6835,0.95);
#6835 = AXIS2_PLACEMENT_3D('',#6836,#6837,#6838);
#6836 = CARTESIAN_POINT('',(-12.875836,-53.353626,1.51));
#6837 = DIRECTION('',(-0.,0.,-1.));
#6838 = DIRECTION('',(-0.,-1.,0.));
#6839 = FACE_BOUND('',#6840,.T.);
#6840 = EDGE_LOOP('',(#6841));
#6841 = ORIENTED_EDGE('',*,*,#6842,.T.);
#6842 = EDGE_CURVE('',#6843,#6843,#6845,.T.);
#6843 = VERTEX_POINT('',#6844);
#6844 = CARTESIAN_POINT('',(-10.189228,-52.145106,1.51));
#6845 = CIRCLE('',#6846,1.525);
#6846 = AXIS2_PLACEMENT_3D('',#6847,#6848,#6849);
#6847 = CARTESIAN_POINT('',(-10.189228,-50.620106,1.51));
#6848 = DIRECTION('',(-0.,0.,-1.));
#6849 = DIRECTION('',(-0.,-1.,0.));
#6850 = FACE_BOUND('',#6851,.T.);
#6851 = EDGE_LOOP('',(#6852));
#6852 = ORIENTED_EDGE('',*,*,#6853,.T.);
#6853 = EDGE_CURVE('',#6854,#6854,#6856,.T.);
#6854 = VERTEX_POINT('',#6855);
#6855 = CARTESIAN_POINT('',(-39.474864,-47.745519,1.51));
#6856 = CIRCLE('',#6857,1.525);
#6857 = AXIS2_PLACEMENT_3D('',#6858,#6859,#6860);
#6858 = CARTESIAN_POINT('',(-39.474864,-46.220519,1.51));
#6859 = DIRECTION('',(-0.,0.,-1.));
#6860 = DIRECTION('',(-0.,-1.,0.));
#6861 = FACE_BOUND('',#6862,.T.);
#6862 = EDGE_LOOP('',(#6863));
#6863 = ORIENTED_EDGE('',*,*,#6864,.T.);
#6864 = EDGE_CURVE('',#6865,#6865,#6867,.T.);
#6865 = VERTEX_POINT('',#6866);
#6866 = CARTESIAN_POINT('',(-23.398538,-49.050169,1.51));
#6867 = CIRCLE('',#6868,0.8);
#6868 = AXIS2_PLACEMENT_3D('',#6869,#6870,#6871);
#6869 = CARTESIAN_POINT('',(-23.398538,-48.250169,1.51));
#6870 = DIRECTION('',(-0.,0.,-1.));
#6871 = DIRECTION('',(4.440892098501E-15,-1.,-0.));
#6872 = FACE_BOUND('',#6873,.T.);
#6873 = EDGE_LOOP('',(#6874));
#6874 = ORIENTED_EDGE('',*,*,#6875,.T.);
#6875 = EDGE_CURVE('',#6876,#6876,#6878,.T.);
#6876 = VERTEX_POINT('',#6877);
#6877 = CARTESIAN_POINT('',(-32.071866,-44.020872,1.51));
#6878 = CIRCLE('',#6879,0.4);
#6879 = AXIS2_PLACEMENT_3D('',#6880,#6881,#6882);
#6880 = CARTESIAN_POINT('',(-32.071866,-43.620872,1.51));
#6881 = DIRECTION('',(-0.,0.,-1.));
#6882 = DIRECTION('',(-0.,-1.,0.));
#6883 = FACE_BOUND('',#6884,.T.);
#6884 = EDGE_LOOP('',(#6885));
#6885 = ORIENTED_EDGE('',*,*,#6886,.T.);
#6886 = EDGE_CURVE('',#6887,#6887,#6889,.T.);
#6887 = VERTEX_POINT('',#6888);
#6888 = CARTESIAN_POINT('',(-16.261976,-51.544567,1.51));
#6889 = CIRCLE('',#6890,2.525);
#6890 = AXIS2_PLACEMENT_3D('',#6891,#6892,#6893);
#6891 = CARTESIAN_POINT('',(-16.261976,-49.019567,1.51));
#6892 = DIRECTION('',(-0.,0.,-1.));
#6893 = DIRECTION('',(-0.,-1.,0.));
#6894 = FACE_BOUND('',#6895,.T.);
#6895 = EDGE_LOOP('',(#6896));
#6896 = ORIENTED_EDGE('',*,*,#6897,.T.);
#6897 = EDGE_CURVE('',#6898,#6898,#6900,.T.);
#6898 = VERTEX_POINT('',#6899);
#6899 = CARTESIAN_POINT('',(-19.648116,-45.635508,1.51));
#6900 = CIRCLE('',#6901,0.95);
#6901 = AXIS2_PLACEMENT_3D('',#6902,#6903,#6904);
#6902 = CARTESIAN_POINT('',(-19.648116,-44.685508,1.51));
#6903 = DIRECTION('',(-0.,0.,-1.));
#6904 = DIRECTION('',(-0.,-1.,0.));
#6905 = FACE_BOUND('',#6906,.T.);
#6906 = EDGE_LOOP('',(#6907));
#6907 = ORIENTED_EDGE('',*,*,#6908,.T.);
#6908 = EDGE_CURVE('',#6909,#6909,#6911,.T.);
#6909 = VERTEX_POINT('',#6910);
#6910 = CARTESIAN_POINT('',(-11.612714,-46.912163,1.51));
#6911 = CIRCLE('',#6912,1.525);
#6912 = AXIS2_PLACEMENT_3D('',#6913,#6914,#6915);
#6913 = CARTESIAN_POINT('',(-11.612714,-45.387163,1.51));
#6914 = DIRECTION('',(-0.,0.,-1.));
#6915 = DIRECTION('',(-0.,-1.,0.));
#6916 = FACE_BOUND('',#6917,.T.);
#6917 = EDGE_LOOP('',(#6918));
#6918 = ORIENTED_EDGE('',*,*,#6919,.T.);
#6919 = EDGE_CURVE('',#6920,#6920,#6922,.T.);
#6920 = VERTEX_POINT('',#6921);
#6921 = CARTESIAN_POINT('',(-99.12869,-36.814803,1.51));
#6922 = CIRCLE('',#6923,1.1);
#6923 = AXIS2_PLACEMENT_3D('',#6924,#6925,#6926);
#6924 = CARTESIAN_POINT('',(-99.12869,-35.714803,1.51));
#6925 = DIRECTION('',(-0.,0.,-1.));
#6926 = DIRECTION('',(-0.,-1.,0.));
#6927 = FACE_BOUND('',#6928,.T.);
#6928 = EDGE_LOOP('',(#6929));
#6929 = ORIENTED_EDGE('',*,*,#6930,.T.);
#6930 = EDGE_CURVE('',#6931,#6931,#6933,.T.);
#6931 = VERTEX_POINT('',#6932);
#6932 = CARTESIAN_POINT('',(-88.469526,-31.131838,1.51));
#6933 = CIRCLE('',#6934,0.8);
#6934 = AXIS2_PLACEMENT_3D('',#6935,#6936,#6937);
#6935 = CARTESIAN_POINT('',(-88.469526,-30.331838,1.51));
#6936 = DIRECTION('',(-0.,0.,-1.));
#6937 = DIRECTION('',(-0.,-1.,0.));
#6938 = FACE_BOUND('',#6939,.T.);
#6939 = EDGE_LOOP('',(#6940));
#6940 = ORIENTED_EDGE('',*,*,#6941,.T.);
#6941 = EDGE_CURVE('',#6942,#6942,#6944,.T.);
#6942 = VERTEX_POINT('',#6943);
#6943 = CARTESIAN_POINT('',(-82.243685,-29.284527,1.51));
#6944 = CIRCLE('',#6945,2.525);
#6945 = AXIS2_PLACEMENT_3D('',#6946,#6947,#6948);
#6946 = CARTESIAN_POINT('',(-82.243685,-26.759527,1.51));
#6947 = DIRECTION('',(-0.,0.,-1.));
#6948 = DIRECTION('',(-0.,-1.,0.));
#6949 = FACE_BOUND('',#6950,.T.);
#6950 = EDGE_LOOP('',(#6951));
#6951 = ORIENTED_EDGE('',*,*,#6952,.T.);
#6952 = EDGE_CURVE('',#6953,#6953,#6955,.T.);
#6953 = VERTEX_POINT('',#6954);
#6954 = CARTESIAN_POINT('',(-87.530624,-26.193522,1.51));
#6955 = CIRCLE('',#6956,0.95);
#6956 = AXIS2_PLACEMENT_3D('',#6957,#6958,#6959);
#6957 = CARTESIAN_POINT('',(-87.530624,-25.243522,1.51));
#6958 = DIRECTION('',(-0.,0.,-1.));
#6959 = DIRECTION('',(-0.,-1.,0.));
#6960 = FACE_BOUND('',#6961,.T.);
#6961 = EDGE_LOOP('',(#6962));
#6962 = ORIENTED_EDGE('',*,*,#6963,.T.);
#6963 = EDGE_CURVE('',#6964,#6964,#6966,.T.);
#6964 = VERTEX_POINT('',#6965);
#6965 = CARTESIAN_POINT('',(-80.617425,-22.613083,1.51));
#6966 = CIRCLE('',#6967,1.525);
#6967 = AXIS2_PLACEMENT_3D('',#6968,#6969,#6970);
#6968 = CARTESIAN_POINT('',(-80.617425,-21.088083,1.51));
#6969 = DIRECTION('',(-0.,0.,-1.));
#6970 = DIRECTION('',(-0.,-1.,0.));
#6971 = FACE_BOUND('',#6972,.T.);
#6972 = EDGE_LOOP('',(#6973));
#6973 = ORIENTED_EDGE('',*,*,#6974,.T.);
#6974 = EDGE_CURVE('',#6975,#6975,#6977,.T.);
#6975 = VERTEX_POINT('',#6976);
#6976 = CARTESIAN_POINT('',(-158.048608,-3.188376,1.51));
#6977 = CIRCLE('',#6978,1.1);
#6978 = AXIS2_PLACEMENT_3D('',#6979,#6980,#6981);
#6979 = CARTESIAN_POINT('',(-158.048608,-2.088376,1.51));
#6980 = DIRECTION('',(-0.,0.,-1.));
#6981 = DIRECTION('',(-0.,-1.,0.));
#6982 = FACE_BOUND('',#6983,.T.);
#6983 = EDGE_LOOP('',(#6984));
#6984 = ORIENTED_EDGE('',*,*,#6985,.T.);
#6985 = EDGE_CURVE('',#6986,#6986,#6988,.T.);
#6986 = VERTEX_POINT('',#6987);
#6987 = CARTESIAN_POINT('',(-134.793343,-2.562538,1.51));
#6988 = CIRCLE('',#6989,0.4);
#6989 = AXIS2_PLACEMENT_3D('',#6990,#6991,#6992);
#6990 = CARTESIAN_POINT('',(-134.793343,-2.162538,1.51));
#6991 = DIRECTION('',(-0.,0.,-1.));
#6992 = DIRECTION('',(-0.,-1.,0.));
#6993 = FACE_BOUND('',#6994,.T.);
#6994 = EDGE_LOOP('',(#6995));
#6995 = ORIENTED_EDGE('',*,*,#6996,.T.);
#6996 = EDGE_CURVE('',#6997,#6997,#6999,.T.);
#6997 = VERTEX_POINT('',#6998);
#6998 = CARTESIAN_POINT('',(-116.159631,-6.523255,1.51));
#6999 = CIRCLE('',#7000,0.4);
#7000 = AXIS2_PLACEMENT_3D('',#7001,#7002,#7003);
#7001 = CARTESIAN_POINT('',(-116.159631,-6.123255,1.51));
#7002 = DIRECTION('',(-0.,0.,-1.));
#7003 = DIRECTION('',(-3.552713678801E-14,-1.,0.));
#7004 = FACE_BOUND('',#7005,.T.);
#7005 = EDGE_LOOP('',(#7006));
#7006 = ORIENTED_EDGE('',*,*,#7007,.T.);
#7007 = EDGE_CURVE('',#7008,#7008,#7010,.T.);
#7008 = VERTEX_POINT('',#7009);
#7009 = CARTESIAN_POINT('',(-96.839687,-7.044607,1.51));
#7010 = CIRCLE('',#7011,0.4);
#7011 = AXIS2_PLACEMENT_3D('',#7012,#7013,#7014);
#7012 = CARTESIAN_POINT('',(-96.839687,-6.644607,1.51));
#7013 = DIRECTION('',(-0.,0.,-1.));
#7014 = DIRECTION('',(-0.,-1.,0.));
#7015 = FACE_BOUND('',#7016,.T.);
#7016 = EDGE_LOOP('',(#7017));
#7017 = ORIENTED_EDGE('',*,*,#7018,.T.);
#7018 = EDGE_CURVE('',#7019,#7019,#7021,.T.);
#7019 = VERTEX_POINT('',#7020);
#7020 = CARTESIAN_POINT('',(-89.749207,-1.03834,1.51));
#7021 = CIRCLE('',#7022,0.8);
#7022 = AXIS2_PLACEMENT_3D('',#7023,#7024,#7025);
#7023 = CARTESIAN_POINT('',(-89.749207,-0.23834,1.51));
#7024 = DIRECTION('',(-0.,0.,-1.));
#7025 = DIRECTION('',(-0.,-1.,0.));
#7026 = FACE_BOUND('',#7027,.T.);
#7027 = EDGE_LOOP('',(#7028));
#7028 = ORIENTED_EDGE('',*,*,#7029,.T.);
#7029 = EDGE_CURVE('',#7030,#7030,#7032,.T.);
#7030 = VERTEX_POINT('',#7031);
#7031 = CARTESIAN_POINT('',(-75.935248,-37.810989,1.51));
#7032 = CIRCLE('',#7033,0.4);
#7033 = AXIS2_PLACEMENT_3D('',#7034,#7035,#7036);
#7034 = CARTESIAN_POINT('',(-75.935248,-37.410989,1.51));
#7035 = DIRECTION('',(-0.,0.,-1.));
#7036 = DIRECTION('',(-0.,-1.,0.));
#7037 = FACE_BOUND('',#7038,.T.);
#7038 = EDGE_LOOP('',(#7039));
#7039 = ORIENTED_EDGE('',*,*,#7040,.T.);
#7040 = EDGE_CURVE('',#7041,#7041,#7043,.T.);
#7041 = VERTEX_POINT('',#7042);
#7042 = CARTESIAN_POINT('',(-69.821404,-37.420418,1.51));
#7043 = CIRCLE('',#7044,0.8);
#7044 = AXIS2_PLACEMENT_3D('',#7045,#7046,#7047);
#7045 = CARTESIAN_POINT('',(-69.821404,-36.620418,1.51));
#7046 = DIRECTION('',(-0.,0.,-1.));
#7047 = DIRECTION('',(-0.,-1.,0.));
#7048 = FACE_BOUND('',#7049,.T.);
#7049 = EDGE_LOOP('',(#7050));
#7050 = ORIENTED_EDGE('',*,*,#7051,.T.);
#7051 = EDGE_CURVE('',#7052,#7052,#7054,.T.);
#7052 = VERTEX_POINT('',#7053);
#7053 = CARTESIAN_POINT('',(-62.988887,-36.945596,1.51));
#7054 = CIRCLE('',#7055,2.525);
#7055 = AXIS2_PLACEMENT_3D('',#7056,#7057,#7058);
#7056 = CARTESIAN_POINT('',(-62.988887,-34.420596,1.51));
#7057 = DIRECTION('',(-0.,0.,-1.));
#7058 = DIRECTION('',(-0.,-1.,0.));
#7059 = FACE_BOUND('',#7060,.T.);
#7060 = EDGE_LOOP('',(#7061));
#7061 = ORIENTED_EDGE('',*,*,#7062,.T.);
#7062 = EDGE_CURVE('',#7063,#7063,#7065,.T.);
#7063 = VERTEX_POINT('',#7064);
#7064 = CARTESIAN_POINT('',(-67.845099,-32.788503,1.51));
#7065 = CIRCLE('',#7066,0.95);
#7066 = AXIS2_PLACEMENT_3D('',#7067,#7068,#7069);
#7067 = CARTESIAN_POINT('',(-67.845099,-31.838503,1.51));
#7068 = DIRECTION('',(-0.,0.,-1.));
#7069 = DIRECTION('',(-0.,-1.,0.));
#7070 = FACE_BOUND('',#7071,.T.);
#7071 = EDGE_LOOP('',(#7072));
#7072 = ORIENTED_EDGE('',*,*,#7073,.T.);
#7073 = EDGE_CURVE('',#7074,#7074,#7076,.T.);
#7074 = VERTEX_POINT('',#7075);
#7075 = CARTESIAN_POINT('',(-55.455488,-39.822839,1.51));
#7076 = CIRCLE('',#7077,0.4);
#7077 = AXIS2_PLACEMENT_3D('',#7078,#7079,#7080);
#7078 = CARTESIAN_POINT('',(-55.455488,-39.422839,1.51));
#7079 = DIRECTION('',(-0.,0.,-1.));
#7080 = DIRECTION('',(-0.,-1.,0.));
#7081 = FACE_BOUND('',#7082,.T.);
#7082 = EDGE_LOOP('',(#7083));
#7083 = ORIENTED_EDGE('',*,*,#7084,.T.);
#7084 = EDGE_CURVE('',#7085,#7085,#7087,.T.);
#7085 = VERTEX_POINT('',#7086);
#7086 = CARTESIAN_POINT('',(-58.132675,-37.952689,1.51));
#7087 = CIRCLE('',#7088,0.95);
#7088 = AXIS2_PLACEMENT_3D('',#7089,#7090,#7091);
#7089 = CARTESIAN_POINT('',(-58.132675,-37.002689,1.51));
#7090 = DIRECTION('',(-0.,0.,-1.));
#7091 = DIRECTION('',(7.479397218527E-15,-1.,-0.));
#7092 = FACE_BOUND('',#7093,.T.);
#7093 = EDGE_LOOP('',(#7094));
#7094 = ORIENTED_EDGE('',*,*,#7095,.T.);
#7095 = EDGE_CURVE('',#7096,#7096,#7098,.T.);
#7096 = VERTEX_POINT('',#7097);
#7097 = CARTESIAN_POINT('',(-56.790158,-34.937752,1.51));
#7098 = CIRCLE('',#7099,1.525);
#7099 = AXIS2_PLACEMENT_3D('',#7100,#7101,#7102);
#7100 = CARTESIAN_POINT('',(-56.790158,-33.412752,1.51));
#7101 = DIRECTION('',(-0.,0.,-1.));
#7102 = DIRECTION('',(-0.,-1.,0.));
#7103 = FACE_BOUND('',#7104,.T.);
#7104 = EDGE_LOOP('',(#7105));
#7105 = ORIENTED_EDGE('',*,*,#7106,.T.);
#7106 = EDGE_CURVE('',#7107,#7107,#7109,.T.);
#7107 = VERTEX_POINT('',#7108);
#7108 = CARTESIAN_POINT('',(-40.643151,-32.855595,1.51));
#7109 = CIRCLE('',#7110,0.8);
#7110 = AXIS2_PLACEMENT_3D('',#7111,#7112,#7113);
#7111 = CARTESIAN_POINT('',(-40.643151,-32.055595,1.51));
#7112 = DIRECTION('',(-0.,0.,-1.));
#7113 = DIRECTION('',(-0.,-1.,0.));
#7114 = FACE_BOUND('',#7115,.T.);
#7115 = EDGE_LOOP('',(#7116));
#7116 = ORIENTED_EDGE('',*,*,#7117,.T.);
#7117 = EDGE_CURVE('',#7118,#7118,#7120,.T.);
#7118 = VERTEX_POINT('',#7119);
#7119 = CARTESIAN_POINT('',(-76.956746,-29.225532,1.51));
#7120 = CIRCLE('',#7121,0.95);
#7121 = AXIS2_PLACEMENT_3D('',#7122,#7123,#7124);
#7122 = CARTESIAN_POINT('',(-76.956746,-28.275532,1.51));
#7123 = DIRECTION('',(-0.,0.,-1.));
#7124 = DIRECTION('',(1.495879443705E-14,-1.,-0.));
#7125 = FACE_BOUND('',#7126,.T.);
#7126 = EDGE_LOOP('',(#7127));
#7127 = ORIENTED_EDGE('',*,*,#7128,.T.);
#7128 = EDGE_CURVE('',#7129,#7129,#7131,.T.);
#7129 = VERTEX_POINT('',#7130);
#7130 = CARTESIAN_POINT('',(-73.834888,-30.486176,1.51));
#7131 = CIRCLE('',#7132,0.4);
#7132 = AXIS2_PLACEMENT_3D('',#7133,#7134,#7135);
#7133 = CARTESIAN_POINT('',(-73.834888,-30.086176,1.51));
#7134 = DIRECTION('',(-0.,0.,-1.));
#7135 = DIRECTION('',(-0.,-1.,0.));
#7136 = FACE_BOUND('',#7137,.T.);
#7137 = EDGE_LOOP('',(#7138));
#7138 = ORIENTED_EDGE('',*,*,#7139,.T.);
#7139 = EDGE_CURVE('',#7140,#7140,#7142,.T.);
#7140 = VERTEX_POINT('',#7141);
#7141 = CARTESIAN_POINT('',(-60.219006,-30.736205,1.51));
#7142 = CIRCLE('',#7143,1.525);
#7143 = AXIS2_PLACEMENT_3D('',#7144,#7145,#7146);
#7144 = CARTESIAN_POINT('',(-60.219006,-29.211205,1.51));
#7145 = DIRECTION('',(-0.,0.,-1.));
#7146 = DIRECTION('',(-0.,-1.,0.));
#7147 = FACE_BOUND('',#7148,.T.);
#7148 = EDGE_LOOP('',(#7149));
#7149 = ORIENTED_EDGE('',*,*,#7150,.T.);
#7150 = EDGE_CURVE('',#7151,#7151,#7153,.T.);
#7151 = VERTEX_POINT('',#7152);
#7152 = CARTESIAN_POINT('',(-76.389955,-26.00992,1.51));
#7153 = CIRCLE('',#7154,1.525);
#7154 = AXIS2_PLACEMENT_3D('',#7155,#7156,#7157);
#7155 = CARTESIAN_POINT('',(-76.389955,-24.48492,1.51));
#7156 = DIRECTION('',(-0.,0.,-1.));
#7157 = DIRECTION('',(-0.,-1.,0.));
#7158 = FACE_BOUND('',#7159,.T.);
#7159 = EDGE_LOOP('',(#7160));
#7160 = ORIENTED_EDGE('',*,*,#7161,.T.);
#7161 = EDGE_CURVE('',#7162,#7162,#7164,.T.);
#7162 = VERTEX_POINT('',#7163);
#7163 = CARTESIAN_POINT('',(-43.216304,-27.375291,1.51));
#7164 = CIRCLE('',#7165,0.4);
#7165 = AXIS2_PLACEMENT_3D('',#7166,#7167,#7168);
#7166 = CARTESIAN_POINT('',(-43.216304,-26.975291,1.51));
#7167 = DIRECTION('',(-0.,0.,-1.));
#7168 = DIRECTION('',(-0.,-1.,0.));
#7169 = FACE_BOUND('',#7170,.T.);
#7170 = EDGE_LOOP('',(#7171));
#7171 = ORIENTED_EDGE('',*,*,#7172,.T.);
#7172 = EDGE_CURVE('',#7173,#7173,#7175,.T.);
#7173 = VERTEX_POINT('',#7174);
#7174 = CARTESIAN_POINT('',(-27.173821,-38.183616,1.51));
#7175 = CIRCLE('',#7176,0.4);
#7176 = AXIS2_PLACEMENT_3D('',#7177,#7178,#7179);
#7177 = CARTESIAN_POINT('',(-27.173821,-37.783616,1.51));
#7178 = DIRECTION('',(-0.,0.,-1.));
#7179 = DIRECTION('',(-0.,-1.,0.));
#7180 = FACE_BOUND('',#7181,.T.);
#7181 = EDGE_LOOP('',(#7182));
#7182 = ORIENTED_EDGE('',*,*,#7183,.T.);
#7183 = EDGE_CURVE('',#7184,#7184,#7186,.T.);
#7184 = VERTEX_POINT('',#7185);
#7185 = CARTESIAN_POINT('',(-33.502573,-33.849404,1.51));
#7186 = CIRCLE('',#7187,2.525);
#7187 = AXIS2_PLACEMENT_3D('',#7188,#7189,#7190);
#7188 = CARTESIAN_POINT('',(-33.502573,-31.324404,1.51));
#7189 = DIRECTION('',(-0.,0.,-1.));
#7190 = DIRECTION('',(-0.,-1.,0.));
#7191 = FACE_BOUND('',#7192,.T.);
#7192 = EDGE_LOOP('',(#7193));
#7193 = ORIENTED_EDGE('',*,*,#7194,.T.);
#7194 = EDGE_CURVE('',#7195,#7195,#7197,.T.);
#7195 = VERTEX_POINT('',#7196);
#7196 = CARTESIAN_POINT('',(-29.289328,-35.809735,1.51));
#7197 = CIRCLE('',#7198,0.95);
#7198 = AXIS2_PLACEMENT_3D('',#7199,#7200,#7201);
#7199 = CARTESIAN_POINT('',(-29.289328,-34.859735,1.51));
#7200 = DIRECTION('',(-0.,0.,-1.));
#7201 = DIRECTION('',(-3.739698609264E-15,-1.,0.));
#7202 = FACE_BOUND('',#7203,.T.);
#7203 = EDGE_LOOP('',(#7204));
#7204 = ORIENTED_EDGE('',*,*,#7205,.T.);
#7205 = EDGE_CURVE('',#7206,#7206,#7208,.T.);
#7206 = VERTEX_POINT('',#7207);
#7207 = CARTESIAN_POINT('',(-27.229759,-33.152373,1.51));
#7208 = CIRCLE('',#7209,1.525);
#7209 = AXIS2_PLACEMENT_3D('',#7210,#7211,#7212);
#7210 = CARTESIAN_POINT('',(-27.229759,-31.627373,1.51));
#7211 = DIRECTION('',(-0.,0.,-1.));
#7212 = DIRECTION('',(-0.,-1.,0.));
#7213 = FACE_BOUND('',#7214,.T.);
#7214 = EDGE_LOOP('',(#7215));
#7215 = ORIENTED_EDGE('',*,*,#7216,.T.);
#7216 = EDGE_CURVE('',#7217,#7217,#7219,.T.);
#7217 = VERTEX_POINT('',#7218);
#7218 = CARTESIAN_POINT('',(-37.715818,-28.739073,1.51));
#7219 = CIRCLE('',#7220,0.95);
#7220 = AXIS2_PLACEMENT_3D('',#7221,#7222,#7223);
#7221 = CARTESIAN_POINT('',(-37.715818,-27.789073,1.51));
#7222 = DIRECTION('',(-0.,0.,-1.));
#7223 = DIRECTION('',(-0.,-1.,0.));
#7224 = FACE_BOUND('',#7225,.T.);
#7225 = EDGE_LOOP('',(#7226));
#7226 = ORIENTED_EDGE('',*,*,#7227,.T.);
#7227 = EDGE_CURVE('',#7228,#7228,#7230,.T.);
#7228 = VERTEX_POINT('',#7229);
#7229 = CARTESIAN_POINT('',(-29.710128,-28.329741,1.51));
#7230 = CIRCLE('',#7231,1.525);
#7231 = AXIS2_PLACEMENT_3D('',#7232,#7233,#7234);
#7232 = CARTESIAN_POINT('',(-29.710128,-26.804741,1.51));
#7233 = DIRECTION('',(-0.,0.,-1.));
#7234 = DIRECTION('',(-2.329648313968E-15,-1.,0.));
#7235 = FACE_BOUND('',#7236,.T.);
#7236 = EDGE_LOOP('',(#7237));
#7237 = ORIENTED_EDGE('',*,*,#7238,.T.);
#7238 = EDGE_CURVE('',#7239,#7239,#7241,.T.);
#7239 = VERTEX_POINT('',#7240);
#7240 = CARTESIAN_POINT('',(-60.215616,-17.54639,1.51));
#7241 = CIRCLE('',#7242,0.4);
#7242 = AXIS2_PLACEMENT_3D('',#7243,#7244,#7245);
#7243 = CARTESIAN_POINT('',(-60.215616,-17.14639,1.51));
#7244 = DIRECTION('',(-0.,0.,-1.));
#7245 = DIRECTION('',(-0.,-1.,0.));
#7246 = FACE_BOUND('',#7247,.T.);
#7247 = EDGE_LOOP('',(#7248));
#7248 = ORIENTED_EDGE('',*,*,#7249,.T.);
#7249 = EDGE_CURVE('',#7250,#7250,#7252,.T.);
#7250 = VERTEX_POINT('',#7251);
#7251 = CARTESIAN_POINT('',(-55.750582,-20.696141,1.51));
#7252 = CIRCLE('',#7253,0.8);
#7253 = AXIS2_PLACEMENT_3D('',#7254,#7255,#7256);
#7254 = CARTESIAN_POINT('',(-55.750582,-19.896141,1.51));
#7255 = DIRECTION('',(-0.,0.,-1.));
#7256 = DIRECTION('',(-8.881784197001E-15,-1.,0.));
#7257 = FACE_BOUND('',#7258,.T.);
#7258 = EDGE_LOOP('',(#7259));
#7259 = ORIENTED_EDGE('',*,*,#7260,.T.);
#7260 = EDGE_CURVE('',#7261,#7261,#7263,.T.);
#7261 = VERTEX_POINT('',#7262);
#7262 = CARTESIAN_POINT('',(-41.115944,-20.050478,1.51));
#7263 = CIRCLE('',#7264,0.4);
#7264 = AXIS2_PLACEMENT_3D('',#7265,#7266,#7267);
#7265 = CARTESIAN_POINT('',(-41.115944,-19.650478,1.51));
#7266 = DIRECTION('',(-0.,0.,-1.));
#7267 = DIRECTION('',(-0.,-1.,0.));
#7268 = FACE_BOUND('',#7269,.T.);
#7269 = EDGE_LOOP('',(#7270));
#7270 = ORIENTED_EDGE('',*,*,#7271,.T.);
#7271 = EDGE_CURVE('',#7272,#7272,#7274,.T.);
#7272 = VERTEX_POINT('',#7273);
#7273 = CARTESIAN_POINT('',(-44.237802,-18.789835,1.51));
#7274 = CIRCLE('',#7275,0.95);
#7275 = AXIS2_PLACEMENT_3D('',#7276,#7277,#7278);
#7276 = CARTESIAN_POINT('',(-44.237802,-17.839835,1.51));
#7277 = DIRECTION('',(-0.,0.,-1.));
#7278 = DIRECTION('',(-0.,-1.,0.));
#7279 = FACE_BOUND('',#7280,.T.);
#7280 = EDGE_LOOP('',(#7281));
#7281 = ORIENTED_EDGE('',*,*,#7282,.T.);
#7282 = EDGE_CURVE('',#7283,#7283,#7285,.T.);
#7283 = VERTEX_POINT('',#7284);
#7284 = CARTESIAN_POINT('',(-49.524741,-18.84883,1.51));
#7285 = CIRCLE('',#7286,2.525);
#7286 = AXIS2_PLACEMENT_3D('',#7287,#7288,#7289);
#7287 = CARTESIAN_POINT('',(-49.524741,-16.32383,1.51));
#7288 = DIRECTION('',(-0.,0.,-1.));
#7289 = DIRECTION('',(-0.,-1.,0.));
#7290 = FACE_BOUND('',#7291,.T.);
#7291 = EDGE_LOOP('',(#7292));
#7292 = ORIENTED_EDGE('',*,*,#7293,.T.);
#7293 = EDGE_CURVE('',#7294,#7294,#7296,.T.);
#7294 = VERTEX_POINT('',#7295);
#7295 = CARTESIAN_POINT('',(-54.81168,-15.757825,1.51));
#7296 = CIRCLE('',#7297,0.95);
#7297 = AXIS2_PLACEMENT_3D('',#7298,#7299,#7300);
#7298 = CARTESIAN_POINT('',(-54.81168,-14.807825,1.51));
#7299 = DIRECTION('',(-0.,0.,-1.));
#7300 = DIRECTION('',(-7.479397218527E-15,-1.,0.));
#7301 = FACE_BOUND('',#7302,.T.);
#7302 = EDGE_LOOP('',(#7303));
#7303 = ORIENTED_EDGE('',*,*,#7304,.T.);
#7304 = EDGE_CURVE('',#7305,#7305,#7307,.T.);
#7305 = VERTEX_POINT('',#7306);
#7306 = CARTESIAN_POINT('',(-43.671011,-15.574223,1.51));
#7307 = CIRCLE('',#7308,1.525);
#7308 = AXIS2_PLACEMENT_3D('',#7309,#7310,#7311);
#7309 = CARTESIAN_POINT('',(-43.671011,-14.049223,1.51));
#7310 = DIRECTION('',(-0.,0.,-1.));
#7311 = DIRECTION('',(-0.,-1.,0.));
#7312 = FACE_BOUND('',#7313,.T.);
#7313 = EDGE_LOOP('',(#7314));
#7314 = ORIENTED_EDGE('',*,*,#7315,.T.);
#7315 = EDGE_CURVE('',#7316,#7316,#7318,.T.);
#7316 = VERTEX_POINT('',#7317);
#7317 = CARTESIAN_POINT('',(-47.898481,-12.177386,1.51));
#7318 = CIRCLE('',#7319,1.525);
#7319 = AXIS2_PLACEMENT_3D('',#7320,#7321,#7322);
#7320 = CARTESIAN_POINT('',(-47.898481,-10.652386,1.51));
#7321 = DIRECTION('',(-0.,0.,-1.));
#7322 = DIRECTION('',(4.659296627935E-15,-1.,-0.));
#7323 = FACE_BOUND('',#7324,.T.);
#7324 = EDGE_LOOP('',(#7325));
#7325 = ORIENTED_EDGE('',*,*,#7326,.T.);
#7326 = EDGE_CURVE('',#7327,#7327,#7329,.T.);
#7327 = VERTEX_POINT('',#7328);
#7328 = CARTESIAN_POINT('',(-72.749894,-10.86724,1.51));
#7329 = CIRCLE('',#7330,0.8);
#7330 = AXIS2_PLACEMENT_3D('',#7331,#7332,#7333);
#7331 = CARTESIAN_POINT('',(-72.749894,-10.06724,1.51));
#7332 = DIRECTION('',(-0.,0.,-1.));
#7333 = DIRECTION('',(-0.,-1.,0.));
#7334 = FACE_BOUND('',#7335,.T.);
#7335 = EDGE_LOOP('',(#7336));
#7336 = ORIENTED_EDGE('',*,*,#7337,.T.);
#7337 = EDGE_CURVE('',#7338,#7338,#7340,.T.);
#7338 = VERTEX_POINT('',#7339);
#7339 = CARTESIAN_POINT('',(-77.214929,-7.71749,1.51));
#7340 = CIRCLE('',#7341,0.4);
#7341 = AXIS2_PLACEMENT_3D('',#7342,#7343,#7344);
#7342 = CARTESIAN_POINT('',(-77.214929,-7.31749,1.51));
#7343 = DIRECTION('',(-0.,0.,-1.));
#7344 = DIRECTION('',(3.5527136788E-14,-1.,-0.));
#7345 = FACE_BOUND('',#7346,.T.);
#7346 = EDGE_LOOP('',(#7347));
#7347 = ORIENTED_EDGE('',*,*,#7348,.T.);
#7348 = EDGE_CURVE('',#7349,#7349,#7351,.T.);
#7349 = VERTEX_POINT('',#7350);
#7350 = CARTESIAN_POINT('',(-61.237114,-8.960934,1.51));
#7351 = CIRCLE('',#7352,0.95);
#7352 = AXIS2_PLACEMENT_3D('',#7353,#7354,#7355);
#7353 = CARTESIAN_POINT('',(-61.237114,-8.010934,1.51));
#7354 = DIRECTION('',(-0.,0.,-1.));
#7355 = DIRECTION('',(7.479397218527E-15,-1.,-0.));
#7356 = FACE_BOUND('',#7357,.T.);
#7357 = EDGE_LOOP('',(#7358));
#7358 = ORIENTED_EDGE('',*,*,#7359,.T.);
#7359 = EDGE_CURVE('',#7360,#7360,#7362,.T.);
#7360 = VERTEX_POINT('',#7361);
#7361 = CARTESIAN_POINT('',(-66.524053,-9.019929,1.51));
#7362 = CIRCLE('',#7363,2.525);
#7363 = AXIS2_PLACEMENT_3D('',#7364,#7365,#7366);
#7364 = CARTESIAN_POINT('',(-66.524053,-6.494929,1.51));
#7365 = DIRECTION('',(-0.,0.,-1.));
#7366 = DIRECTION('',(5.628061273347E-15,-1.,-0.));
#7367 = FACE_BOUND('',#7368,.T.);
#7368 = EDGE_LOOP('',(#7369));
#7369 = ORIENTED_EDGE('',*,*,#7370,.T.);
#7370 = EDGE_CURVE('',#7371,#7371,#7373,.T.);
#7371 = VERTEX_POINT('',#7372);
#7372 = CARTESIAN_POINT('',(-71.810992,-5.928924,1.51));
#7373 = CIRCLE('',#7374,0.95);
#7374 = AXIS2_PLACEMENT_3D('',#7375,#7376,#7377);
#7375 = CARTESIAN_POINT('',(-71.810992,-4.978924,1.51));
#7376 = DIRECTION('',(-0.,0.,-1.));
#7377 = DIRECTION('',(-0.,-1.,0.));
#7378 = FACE_BOUND('',#7379,.T.);
#7379 = EDGE_LOOP('',(#7380));
#7380 = ORIENTED_EDGE('',*,*,#7381,.T.);
#7381 = EDGE_CURVE('',#7382,#7382,#7384,.T.);
#7382 = VERTEX_POINT('',#7383);
#7383 = CARTESIAN_POINT('',(-60.670323,-5.745322,1.51));
#7384 = CIRCLE('',#7385,1.525);
#7385 = AXIS2_PLACEMENT_3D('',#7386,#7387,#7388);
#7386 = CARTESIAN_POINT('',(-60.670323,-4.220322,1.51));
#7387 = DIRECTION('',(-0.,0.,-1.));
#7388 = DIRECTION('',(-4.659296627935E-15,-1.,0.));
#7389 = FACE_BOUND('',#7390,.T.);
#7390 = EDGE_LOOP('',(#7391));
#7391 = ORIENTED_EDGE('',*,*,#7392,.T.);
#7392 = EDGE_CURVE('',#7393,#7393,#7395,.T.);
#7393 = VERTEX_POINT('',#7394);
#7394 = CARTESIAN_POINT('',(-64.897793,-2.348485,1.51));
#7395 = CIRCLE('',#7396,1.525);
#7396 = AXIS2_PLACEMENT_3D('',#7397,#7398,#7399);
#7397 = CARTESIAN_POINT('',(-64.897793,-0.823485,1.51));
#7398 = DIRECTION('',(-0.,0.,-1.));
#7399 = DIRECTION('',(9.31859325587E-15,-1.,-0.));
#7400 = FACE_BOUND('',#7401,.T.);
#7401 = EDGE_LOOP('',(#7402));
#7402 = ORIENTED_EDGE('',*,*,#7403,.T.);
#7403 = EDGE_CURVE('',#7404,#7404,#7406,.T.);
#7404 = VERTEX_POINT('',#7405);
#7405 = CARTESIAN_POINT('',(-58.115256,-10.221577,1.51));
#7406 = CIRCLE('',#7407,0.4);
#7407 = AXIS2_PLACEMENT_3D('',#7408,#7409,#7410);
#7408 = CARTESIAN_POINT('',(-58.115256,-9.821577,1.51));
#7409 = DIRECTION('',(-0.,0.,-1.));
#7410 = DIRECTION('',(-0.,-1.,0.));
#7411 = FACE_BOUND('',#7412,.T.);
#7412 = EDGE_LOOP('',(#7413));
#7413 = ORIENTED_EDGE('',*,*,#7414,.T.);
#7414 = EDGE_CURVE('',#7415,#7415,#7417,.T.);
#7415 = VERTEX_POINT('',#7416);
#7416 = CARTESIAN_POINT('',(-50.49969,-2.384106,1.51));
#7417 = CIRCLE('',#7418,0.8);
#7418 = AXIS2_PLACEMENT_3D('',#7419,#7420,#7421);
#7419 = CARTESIAN_POINT('',(-50.49969,-1.584106,1.51));
#7420 = DIRECTION('',(-0.,0.,-1.));
#7421 = DIRECTION('',(-0.,-1.,0.));
#7422 = FACE_BOUND('',#7423,.T.);
#7423 = EDGE_LOOP('',(#7424));
#7424 = ORIENTED_EDGE('',*,*,#7425,.T.);
#7425 = EDGE_CURVE('',#7426,#7426,#7428,.T.);
#7426 = VERTEX_POINT('',#7427);
#7427 = CARTESIAN_POINT('',(-37.965412,-9.063256,1.51));
#7428 = CIRCLE('',#7429,0.4);
#7429 = AXIS2_PLACEMENT_3D('',#7430,#7431,#7432);
#7430 = CARTESIAN_POINT('',(-37.965412,-8.663256,1.51));
#7431 = DIRECTION('',(-0.,0.,-1.));
#7432 = DIRECTION('',(-0.,-1.,0.));
#7433 = FACE_BOUND('',#7434,.T.);
#7434 = EDGE_LOOP('',(#7435));
#7435 = ORIENTED_EDGE('',*,*,#7436,.T.);
#7436 = EDGE_CURVE('',#7437,#7437,#7439,.T.);
#7437 = VERTEX_POINT('',#7438);
#7438 = CARTESIAN_POINT('',(-35.865052,-1.738443,1.51));
#7439 = CIRCLE('',#7440,0.4);
#7440 = AXIS2_PLACEMENT_3D('',#7441,#7442,#7443);
#7441 = CARTESIAN_POINT('',(-35.865052,-1.338443,1.51));
#7442 = DIRECTION('',(-0.,0.,-1.));
#7443 = DIRECTION('',(-0.,-1.,0.));
#7444 = FACE_BOUND('',#7445,.T.);
#7445 = EDGE_LOOP('',(#7446));
#7446 = ORIENTED_EDGE('',*,*,#7447,.T.);
#7447 = EDGE_CURVE('',#7448,#7448,#7450,.T.);
#7448 = VERTEX_POINT('',#7449);
#7449 = CARTESIAN_POINT('',(-19.05,-4.370127,1.51));
#7450 = CIRCLE('',#7451,1.1);
#7451 = AXIS2_PLACEMENT_3D('',#7452,#7453,#7454);
#7452 = CARTESIAN_POINT('',(-19.05,-3.270127,1.51));
#7453 = DIRECTION('',(-0.,0.,-1.));
#7454 = DIRECTION('',(-3.229739708E-15,-1.,0.));
#7455 = FACE_BOUND('',#7456,.T.);
#7456 = EDGE_LOOP('',(#7457));
#7457 = ORIENTED_EDGE('',*,*,#7458,.T.);
#7458 = EDGE_CURVE('',#7459,#7459,#7461,.T.);
#7459 = VERTEX_POINT('',#7460);
#7460 = CARTESIAN_POINT('',(33.251532,-80.858126,1.51));
#7461 = CIRCLE('',#7462,1.1);
#7462 = AXIS2_PLACEMENT_3D('',#7463,#7464,#7465);
#7463 = CARTESIAN_POINT('',(33.251532,-79.758126,1.51));
#7464 = DIRECTION('',(-0.,0.,-1.));
#7465 = DIRECTION('',(-0.,-1.,0.));
#7466 = FACE_BOUND('',#7467,.T.);
#7467 = EDGE_LOOP('',(#7468));
#7468 = ORIENTED_EDGE('',*,*,#7469,.T.);
#7469 = EDGE_CURVE('',#7470,#7470,#7472,.T.);
#7470 = VERTEX_POINT('',#7471);
#7471 = CARTESIAN_POINT('',(32.253529,-68.658628,1.51));
#7472 = CIRCLE('',#7473,0.8);
#7473 = AXIS2_PLACEMENT_3D('',#7474,#7475,#7476);
#7474 = CARTESIAN_POINT('',(32.253529,-67.858628,1.51));
#7475 = DIRECTION('',(-0.,0.,-1.));
#7476 = DIRECTION('',(-0.,-1.,0.));
#7477 = FACE_BOUND('',#7478,.T.);
#7478 = EDGE_LOOP('',(#7479));
#7479 = ORIENTED_EDGE('',*,*,#7480,.T.);
#7480 = EDGE_CURVE('',#7481,#7481,#7483,.T.);
#7481 = VERTEX_POINT('',#7482);
#7482 = CARTESIAN_POINT('',(27.88744,-66.031977,1.51));
#7483 = CIRCLE('',#7484,0.95);
#7484 = AXIS2_PLACEMENT_3D('',#7485,#7486,#7487);
#7485 = CARTESIAN_POINT('',(27.88744,-65.081977,1.51));
#7486 = DIRECTION('',(-0.,0.,-1.));
#7487 = DIRECTION('',(3.739698609264E-15,-1.,-0.));
#7488 = FACE_BOUND('',#7489,.T.);
#7489 = EDGE_LOOP('',(#7490));
#7490 = ORIENTED_EDGE('',*,*,#7491,.T.);
#7491 = EDGE_CURVE('',#7492,#7492,#7494,.T.);
#7492 = VERTEX_POINT('',#7493);
#7493 = CARTESIAN_POINT('',(31.27358,-63.272918,1.51));
#7494 = CIRCLE('',#7495,2.525);
#7495 = AXIS2_PLACEMENT_3D('',#7496,#7497,#7498);
#7496 = CARTESIAN_POINT('',(31.27358,-60.747918,1.51));
#7497 = DIRECTION('',(-0.,0.,-1.));
#7498 = DIRECTION('',(-1.407015318337E-15,-1.,0.));
#7499 = FACE_BOUND('',#7500,.T.);
#7500 = EDGE_LOOP('',(#7501));
#7501 = ORIENTED_EDGE('',*,*,#7502,.T.);
#7502 = EDGE_CURVE('',#7503,#7503,#7505,.T.);
#7503 = VERTEX_POINT('',#7504);
#7504 = CARTESIAN_POINT('',(17.241925,-56.930277,1.51));
#7505 = CIRCLE('',#7506,0.8);
#7506 = AXIS2_PLACEMENT_3D('',#7507,#7508,#7509);
#7507 = CARTESIAN_POINT('',(17.241925,-56.130277,1.51));
#7508 = DIRECTION('',(-0.,0.,-1.));
#7509 = DIRECTION('',(-4.440892098501E-15,-1.,0.));
#7510 = FACE_BOUND('',#7511,.T.);
#7511 = EDGE_LOOP('',(#7512));
#7512 = ORIENTED_EDGE('',*,*,#7513,.T.);
#7513 = EDGE_CURVE('',#7514,#7514,#7516,.T.);
#7514 = VERTEX_POINT('',#7515);
#7515 = CARTESIAN_POINT('',(12.875836,-54.303626,1.51));
#7516 = CIRCLE('',#7517,0.95);
#7517 = AXIS2_PLACEMENT_3D('',#7518,#7519,#7520);
#7518 = CARTESIAN_POINT('',(12.875836,-53.353626,1.51));
#7519 = DIRECTION('',(-0.,0.,-1.));
#7520 = DIRECTION('',(-0.,-1.,0.));
#7521 = FACE_BOUND('',#7522,.T.);
#7522 = EDGE_LOOP('',(#7523));
#7523 = ORIENTED_EDGE('',*,*,#7524,.T.);
#7524 = EDGE_CURVE('',#7525,#7525,#7527,.T.);
#7525 = VERTEX_POINT('',#7526);
#7526 = CARTESIAN_POINT('',(26.624318,-58.640514,1.51));
#7527 = CIRCLE('',#7528,1.525);
#7528 = AXIS2_PLACEMENT_3D('',#7529,#7530,#7531);
#7529 = CARTESIAN_POINT('',(26.624318,-57.115514,1.51));
#7530 = DIRECTION('',(-0.,0.,-1.));
#7531 = DIRECTION('',(-2.329648313968E-15,-1.,0.));
#7532 = FACE_BOUND('',#7533,.T.);
#7533 = EDGE_LOOP('',(#7534));
#7534 = ORIENTED_EDGE('',*,*,#7535,.T.);
#7535 = EDGE_CURVE('',#7536,#7536,#7538,.T.);
#7536 = VERTEX_POINT('',#7537);
#7537 = CARTESIAN_POINT('',(34.65972,-57.363859,1.51));
#7538 = CIRCLE('',#7539,0.95);
#7539 = AXIS2_PLACEMENT_3D('',#7540,#7541,#7542);
#7540 = CARTESIAN_POINT('',(34.65972,-56.413859,1.51));
#7541 = DIRECTION('',(-0.,0.,-1.));
#7542 = DIRECTION('',(-0.,-1.,0.));
#7543 = FACE_BOUND('',#7544,.T.);
#7544 = EDGE_LOOP('',(#7545));
#7545 = ORIENTED_EDGE('',*,*,#7546,.T.);
#7546 = EDGE_CURVE('',#7547,#7547,#7549,.T.);
#7547 = VERTEX_POINT('',#7548);
#7548 = CARTESIAN_POINT('',(31.357448,-55.993352,1.51));
#7549 = CIRCLE('',#7550,1.525);
#7550 = AXIS2_PLACEMENT_3D('',#7551,#7552,#7553);
#7551 = CARTESIAN_POINT('',(31.357448,-54.468352,1.51));
#7552 = DIRECTION('',(-0.,0.,-1.));
#7553 = DIRECTION('',(2.329648313968E-15,-1.,-0.));
#7554 = FACE_BOUND('',#7555,.T.);
#7555 = EDGE_LOOP('',(#7556));
#7556 = ORIENTED_EDGE('',*,*,#7557,.T.);
#7557 = EDGE_CURVE('',#7558,#7558,#7560,.T.);
#7558 = VERTEX_POINT('',#7559);
#7559 = CARTESIAN_POINT('',(37.507982,-54.597604,1.51));
#7560 = CIRCLE('',#7561,0.4);
#7561 = AXIS2_PLACEMENT_3D('',#7562,#7563,#7564);
#7562 = CARTESIAN_POINT('',(37.507982,-54.197604,1.51));
#7563 = DIRECTION('',(-0.,0.,-1.));
#7564 = DIRECTION('',(-0.,-1.,0.));
#7565 = FACE_BOUND('',#7566,.T.);
#7566 = EDGE_LOOP('',(#7567));
#7567 = ORIENTED_EDGE('',*,*,#7568,.T.);
#7568 = EDGE_CURVE('',#7569,#7569,#7571,.T.);
#7569 = VERTEX_POINT('',#7570);
#7570 = CARTESIAN_POINT('',(16.261976,-51.544567,1.51));
#7571 = CIRCLE('',#7572,2.525);
#7572 = AXIS2_PLACEMENT_3D('',#7573,#7574,#7575);
#7573 = CARTESIAN_POINT('',(16.261976,-49.019567,1.51));
#7574 = DIRECTION('',(-0.,0.,-1.));
#7575 = DIRECTION('',(-0.,-1.,0.));
#7576 = FACE_BOUND('',#7577,.T.);
#7577 = EDGE_LOOP('',(#7578));
#7578 = ORIENTED_EDGE('',*,*,#7579,.T.);
#7579 = EDGE_CURVE('',#7580,#7580,#7582,.T.);
#7580 = VERTEX_POINT('',#7581);
#7581 = CARTESIAN_POINT('',(11.612714,-46.912163,1.51));
#7582 = CIRCLE('',#7583,1.525);
#7583 = AXIS2_PLACEMENT_3D('',#7584,#7585,#7586);
#7584 = CARTESIAN_POINT('',(11.612714,-45.387163,1.51));
#7585 = DIRECTION('',(-0.,0.,-1.));
#7586 = DIRECTION('',(-0.,-1.,0.));
#7587 = FACE_BOUND('',#7588,.T.);
#7588 = EDGE_LOOP('',(#7589));
#7589 = ORIENTED_EDGE('',*,*,#7590,.T.);
#7590 = EDGE_CURVE('',#7591,#7591,#7593,.T.);
#7591 = VERTEX_POINT('',#7592);
#7592 = CARTESIAN_POINT('',(19.648116,-45.635508,1.51));
#7593 = CIRCLE('',#7594,0.95);
#7594 = AXIS2_PLACEMENT_3D('',#7595,#7596,#7597);
#7595 = CARTESIAN_POINT('',(19.648116,-44.685508,1.51));
#7596 = DIRECTION('',(-0.,0.,-1.));
#7597 = DIRECTION('',(-0.,-1.,0.));
#7598 = FACE_BOUND('',#7599,.T.);
#7599 = EDGE_LOOP('',(#7600));
#7600 = ORIENTED_EDGE('',*,*,#7601,.T.);
#7601 = EDGE_CURVE('',#7602,#7602,#7604,.T.);
#7602 = VERTEX_POINT('',#7603);
#7603 = CARTESIAN_POINT('',(16.345844,-44.265001,1.51));
#7604 = CIRCLE('',#7605,1.525);
#7605 = AXIS2_PLACEMENT_3D('',#7606,#7607,#7608);
#7606 = CARTESIAN_POINT('',(16.345844,-42.740001,1.51));
#7607 = DIRECTION('',(-0.,0.,-1.));
#7608 = DIRECTION('',(-0.,-1.,0.));
#7609 = FACE_BOUND('',#7610,.T.);
#7610 = EDGE_LOOP('',(#7611));
#7611 = ORIENTED_EDGE('',*,*,#7612,.T.);
#7612 = EDGE_CURVE('',#7613,#7613,#7615,.T.);
#7613 = VERTEX_POINT('',#7614);
#7614 = CARTESIAN_POINT('',(28.501019,-47.560593,1.51));
#7615 = CIRCLE('',#7616,0.4);
#7616 = AXIS2_PLACEMENT_3D('',#7617,#7618,#7619);
#7617 = CARTESIAN_POINT('',(28.501019,-47.160593,1.51));
#7618 = DIRECTION('',(-0.,0.,-1.));
#7619 = DIRECTION('',(-0.,-1.,0.));
#7620 = FACE_BOUND('',#7621,.T.);
#7621 = EDGE_LOOP('',(#7622));
#7622 = ORIENTED_EDGE('',*,*,#7623,.T.);
#7623 = EDGE_CURVE('',#7624,#7624,#7626,.T.);
#7624 = VERTEX_POINT('',#7625);
#7625 = CARTESIAN_POINT('',(22.496378,-42.869251,1.51));
#7626 = CIRCLE('',#7627,0.4);
#7627 = AXIS2_PLACEMENT_3D('',#7628,#7629,#7630);
#7628 = CARTESIAN_POINT('',(22.496378,-42.469251,1.51));
#7629 = DIRECTION('',(-0.,0.,-1.));
#7630 = DIRECTION('',(-0.,-1.,0.));
#7631 = FACE_BOUND('',#7632,.T.);
#7632 = EDGE_LOOP('',(#7633));
#7633 = ORIENTED_EDGE('',*,*,#7634,.T.);
#7634 = EDGE_CURVE('',#7635,#7635,#7637,.T.);
#7635 = VERTEX_POINT('',#7636);
#7636 = CARTESIAN_POINT('',(43.512623,-59.288946,1.51));
#7637 = CIRCLE('',#7638,0.4);
#7638 = AXIS2_PLACEMENT_3D('',#7639,#7640,#7641);
#7639 = CARTESIAN_POINT('',(43.512623,-58.888946,1.51));
#7640 = DIRECTION('',(-0.,0.,-1.));
#7641 = DIRECTION('',(-1.7763568394E-14,-1.,0.));
#7642 = FACE_BOUND('',#7643,.T.);
#7643 = EDGE_LOOP('',(#7644));
#7644 = ORIENTED_EDGE('',*,*,#7645,.T.);
#7645 = EDGE_CURVE('',#7646,#7646,#7648,.T.);
#7646 = VERTEX_POINT('',#7647);
#7647 = CARTESIAN_POINT('',(45.227813,-53.876616,1.51));
#7648 = CIRCLE('',#7649,0.8);
#7649 = AXIS2_PLACEMENT_3D('',#7650,#7651,#7652);
#7650 = CARTESIAN_POINT('',(45.227813,-53.076616,1.51));
#7651 = DIRECTION('',(-0.,0.,-1.));
#7652 = DIRECTION('',(-0.,-1.,0.));
#7653 = FACE_BOUND('',#7654,.T.);
#7654 = EDGE_LOOP('',(#7655));
#7655 = ORIENTED_EDGE('',*,*,#7656,.T.);
#7656 = EDGE_CURVE('',#7657,#7657,#7659,.T.);
#7657 = VERTEX_POINT('',#7658);
#7658 = CARTESIAN_POINT('',(41.534433,-50.402881,1.51));
#7659 = CIRCLE('',#7660,0.95);
#7660 = AXIS2_PLACEMENT_3D('',#7661,#7662,#7663);
#7661 = CARTESIAN_POINT('',(41.534433,-49.452881,1.51));
#7662 = DIRECTION('',(-0.,0.,-1.));
#7663 = DIRECTION('',(-0.,-1.,0.));
#7664 = FACE_BOUND('',#7665,.T.);
#7665 = EDGE_LOOP('',(#7666));
#7666 = ORIENTED_EDGE('',*,*,#7667,.T.);
#7667 = EDGE_CURVE('',#7668,#7668,#7670,.T.);
#7668 = VERTEX_POINT('',#7669);
#7669 = CARTESIAN_POINT('',(45.747678,-48.44255,1.51));
#7670 = CIRCLE('',#7671,2.525);
#7671 = AXIS2_PLACEMENT_3D('',#7672,#7673,#7674);
#7672 = CARTESIAN_POINT('',(45.747678,-45.91755,1.51));
#7673 = DIRECTION('',(-0.,0.,-1.));
#7674 = DIRECTION('',(-0.,-1.,0.));
#7675 = FACE_BOUND('',#7676,.T.);
#7676 = EDGE_LOOP('',(#7677));
#7677 = ORIENTED_EDGE('',*,*,#7678,.T.);
#7678 = EDGE_CURVE('',#7679,#7679,#7681,.T.);
#7679 = VERTEX_POINT('',#7680);
#7680 = CARTESIAN_POINT('',(58.105772,-47.043841,1.51));
#7681 = CIRCLE('',#7682,0.4);
#7682 = AXIS2_PLACEMENT_3D('',#7683,#7684,#7685);
#7683 = CARTESIAN_POINT('',(58.105772,-46.643841,1.51));
#7684 = DIRECTION('',(-0.,0.,-1.));
#7685 = DIRECTION('',(-0.,-1.,0.));
#7686 = FACE_BOUND('',#7687,.T.);
#7687 = EDGE_LOOP('',(#7688));
#7688 = ORIENTED_EDGE('',*,*,#7689,.T.);
#7689 = EDGE_CURVE('',#7690,#7690,#7692,.T.);
#7690 = VERTEX_POINT('',#7691);
#7691 = CARTESIAN_POINT('',(41.955233,-42.922887,1.51));
#7692 = CIRCLE('',#7693,1.525);
#7693 = AXIS2_PLACEMENT_3D('',#7694,#7695,#7696);
#7694 = CARTESIAN_POINT('',(41.955233,-41.397887,1.51));
#7695 = DIRECTION('',(-0.,0.,-1.));
#7696 = DIRECTION('',(-0.,-1.,0.));
#7697 = FACE_BOUND('',#7698,.T.);
#7698 = EDGE_LOOP('',(#7699));
#7699 = ORIENTED_EDGE('',*,*,#7700,.T.);
#7700 = EDGE_CURVE('',#7701,#7701,#7703,.T.);
#7701 = VERTEX_POINT('',#7702);
#7702 = CARTESIAN_POINT('',(49.960923,-43.332219,1.51));
#7703 = CIRCLE('',#7704,0.95);
#7704 = AXIS2_PLACEMENT_3D('',#7705,#7706,#7707);
#7705 = CARTESIAN_POINT('',(49.960923,-42.382219,1.51));
#7706 = DIRECTION('',(-0.,0.,-1.));
#7707 = DIRECTION('',(7.479397218527E-15,-1.,-0.));
#7708 = FACE_BOUND('',#7709,.T.);
#7709 = EDGE_LOOP('',(#7710));
#7710 = ORIENTED_EDGE('',*,*,#7711,.T.);
#7711 = EDGE_CURVE('',#7712,#7712,#7714,.T.);
#7712 = VERTEX_POINT('',#7713);
#7713 = CARTESIAN_POINT('',(53.207732,-41.206581,1.51));
#7714 = CIRCLE('',#7715,0.4);
#7715 = AXIS2_PLACEMENT_3D('',#7716,#7717,#7718);
#7716 = CARTESIAN_POINT('',(53.207732,-40.806581,1.51));
#7717 = DIRECTION('',(-0.,0.,-1.));
#7718 = DIRECTION('',(-0.,-1.,0.));
#7719 = FACE_BOUND('',#7720,.T.);
#7720 = EDGE_LOOP('',(#7721));
#7721 = ORIENTED_EDGE('',*,*,#7722,.T.);
#7722 = EDGE_CURVE('',#7723,#7723,#7725,.T.);
#7723 = VERTEX_POINT('',#7724);
#7724 = CARTESIAN_POINT('',(60.991929,-42.115133,1.51));
#7725 = CIRCLE('',#7726,0.8);
#7726 = AXIS2_PLACEMENT_3D('',#7727,#7728,#7729);
#7727 = CARTESIAN_POINT('',(60.991929,-41.315133,1.51));
#7728 = DIRECTION('',(-0.,0.,-1.));
#7729 = DIRECTION('',(-0.,-1.,0.));
#7730 = FACE_BOUND('',#7731,.T.);
#7731 = EDGE_LOOP('',(#7732));
#7732 = ORIENTED_EDGE('',*,*,#7733,.T.);
#7733 = EDGE_CURVE('',#7734,#7734,#7736,.T.);
#7734 = VERTEX_POINT('',#7735);
#7735 = CARTESIAN_POINT('',(32.982708,-39.28347,1.51));
#7736 = CIRCLE('',#7737,0.8);
#7737 = AXIS2_PLACEMENT_3D('',#7738,#7739,#7740);
#7738 = CARTESIAN_POINT('',(32.982708,-38.48347,1.51));
#7739 = DIRECTION('',(-0.,0.,-1.));
#7740 = DIRECTION('',(-0.,-1.,0.));
#7741 = FACE_BOUND('',#7742,.T.);
#7742 = EDGE_LOOP('',(#7743));
#7743 = ORIENTED_EDGE('',*,*,#7744,.T.);
#7744 = EDGE_CURVE('',#7745,#7745,#7747,.T.);
#7745 = VERTEX_POINT('',#7746);
#7746 = CARTESIAN_POINT('',(29.289328,-35.809735,1.51));
#7747 = CIRCLE('',#7748,0.95);
#7748 = AXIS2_PLACEMENT_3D('',#7749,#7750,#7751);
#7749 = CARTESIAN_POINT('',(29.289328,-34.859735,1.51));
#7750 = DIRECTION('',(-0.,0.,-1.));
#7751 = DIRECTION('',(3.739698609264E-15,-1.,-0.));
#7752 = FACE_BOUND('',#7753,.T.);
#7753 = EDGE_LOOP('',(#7754));
#7754 = ORIENTED_EDGE('',*,*,#7755,.T.);
#7755 = EDGE_CURVE('',#7756,#7756,#7758,.T.);
#7756 = VERTEX_POINT('',#7757);
#7757 = CARTESIAN_POINT('',(33.502573,-33.849404,1.51));
#7758 = CIRCLE('',#7759,2.525);
#7759 = AXIS2_PLACEMENT_3D('',#7760,#7761,#7762);
#7760 = CARTESIAN_POINT('',(33.502573,-31.324404,1.51));
#7761 = DIRECTION('',(-0.,0.,-1.));
#7762 = DIRECTION('',(-0.,-1.,0.));
#7763 = FACE_BOUND('',#7764,.T.);
#7764 = EDGE_LOOP('',(#7765));
#7765 = ORIENTED_EDGE('',*,*,#7766,.T.);
#7766 = EDGE_CURVE('',#7767,#7767,#7769,.T.);
#7767 = VERTEX_POINT('',#7768);
#7768 = CARTESIAN_POINT('',(29.710128,-28.329741,1.51));
#7769 = CIRCLE('',#7770,1.525);
#7770 = AXIS2_PLACEMENT_3D('',#7771,#7772,#7773);
#7771 = CARTESIAN_POINT('',(29.710128,-26.804741,1.51));
#7772 = DIRECTION('',(-0.,0.,-1.));
#7773 = DIRECTION('',(2.329648313968E-15,-1.,-0.));
#7774 = FACE_BOUND('',#7775,.T.);
#7775 = EDGE_LOOP('',(#7776));
#7776 = ORIENTED_EDGE('',*,*,#7777,.T.);
#7777 = EDGE_CURVE('',#7778,#7778,#7780,.T.);
#7778 = VERTEX_POINT('',#7779);
#7779 = CARTESIAN_POINT('',(37.715818,-28.739073,1.51));
#7780 = CIRCLE('',#7781,0.95);
#7781 = AXIS2_PLACEMENT_3D('',#7782,#7783,#7784);
#7782 = CARTESIAN_POINT('',(37.715818,-27.789073,1.51));
#7783 = DIRECTION('',(-0.,0.,-1.));
#7784 = DIRECTION('',(-0.,-1.,0.));
#7785 = FACE_BOUND('',#7786,.T.);
#7786 = EDGE_LOOP('',(#7787));
#7787 = ORIENTED_EDGE('',*,*,#7788,.T.);
#7788 = EDGE_CURVE('',#7789,#7789,#7791,.T.);
#7789 = VERTEX_POINT('',#7790);
#7790 = CARTESIAN_POINT('',(34.890203,-26.724498,1.51));
#7791 = CIRCLE('',#7792,1.525);
#7792 = AXIS2_PLACEMENT_3D('',#7793,#7794,#7795);
#7793 = CARTESIAN_POINT('',(34.890203,-25.199498,1.51));
#7794 = DIRECTION('',(-0.,0.,-1.));
#7795 = DIRECTION('',(-0.,-1.,0.));
#7796 = FACE_BOUND('',#7797,.T.);
#7797 = EDGE_LOOP('',(#7798));
#7798 = ORIENTED_EDGE('',*,*,#7799,.T.);
#7799 = EDGE_CURVE('',#7800,#7800,#7802,.T.);
#7800 = VERTEX_POINT('',#7801);
#7801 = CARTESIAN_POINT('',(47.135308,-41.317644,1.51));
#7802 = CIRCLE('',#7803,1.525);
#7803 = AXIS2_PLACEMENT_3D('',#7804,#7805,#7806);
#7804 = CARTESIAN_POINT('',(47.135308,-39.792644,1.51));
#7805 = DIRECTION('',(-0.,0.,-1.));
#7806 = DIRECTION('',(-0.,-1.,0.));
#7807 = FACE_BOUND('',#7808,.T.);
#7808 = EDGE_LOOP('',(#7809));
#7809 = ORIENTED_EDGE('',*,*,#7810,.T.);
#7810 = EDGE_CURVE('',#7811,#7811,#7813,.T.);
#7811 = VERTEX_POINT('',#7812);
#7812 = CARTESIAN_POINT('',(58.132675,-37.952689,1.51));
#7813 = CIRCLE('',#7814,0.95);
#7814 = AXIS2_PLACEMENT_3D('',#7815,#7816,#7817);
#7815 = CARTESIAN_POINT('',(58.132675,-37.002689,1.51));
#7816 = DIRECTION('',(-0.,0.,-1.));
#7817 = DIRECTION('',(-7.479397218527E-15,-1.,0.));
#7818 = FACE_BOUND('',#7819,.T.);
#7819 = EDGE_LOOP('',(#7820));
#7820 = ORIENTED_EDGE('',*,*,#7821,.T.);
#7821 = EDGE_CURVE('',#7822,#7822,#7824,.T.);
#7822 = VERTEX_POINT('',#7823);
#7823 = CARTESIAN_POINT('',(45.860667,-32.450695,1.51));
#7824 = CIRCLE('',#7825,0.4);
#7825 = AXIS2_PLACEMENT_3D('',#7826,#7827,#7828);
#7826 = CARTESIAN_POINT('',(45.860667,-32.050695,1.51));
#7827 = DIRECTION('',(-0.,0.,-1.));
#7828 = DIRECTION('',(-0.,-1.,0.));
#7829 = FACE_BOUND('',#7830,.T.);
#7830 = EDGE_LOOP('',(#7831));
#7831 = ORIENTED_EDGE('',*,*,#7832,.T.);
#7832 = EDGE_CURVE('',#7833,#7833,#7835,.T.);
#7833 = VERTEX_POINT('',#7834);
#7834 = CARTESIAN_POINT('',(74.925923,-38.100407,1.51));
#7835 = CIRCLE('',#7836,0.4);
#7836 = AXIS2_PLACEMENT_3D('',#7837,#7838,#7839);
#7837 = CARTESIAN_POINT('',(74.925923,-37.700407,1.51));
#7838 = DIRECTION('',(-0.,0.,-1.));
#7839 = DIRECTION('',(-3.552713678801E-14,-1.,0.));
#7840 = FACE_BOUND('',#7841,.T.);
#7841 = EDGE_LOOP('',(#7842));
#7842 = ORIENTED_EDGE('',*,*,#7843,.T.);
#7843 = EDGE_CURVE('',#7844,#7844,#7846,.T.);
#7844 = VERTEX_POINT('',#7845);
#7845 = CARTESIAN_POINT('',(62.988887,-36.945596,1.51));
#7846 = CIRCLE('',#7847,2.525);
#7847 = AXIS2_PLACEMENT_3D('',#7848,#7849,#7850);
#7848 = CARTESIAN_POINT('',(62.988887,-34.420596,1.51));
#7849 = DIRECTION('',(-0.,0.,-1.));
#7850 = DIRECTION('',(-0.,-1.,0.));
#7851 = FACE_BOUND('',#7852,.T.);
#7852 = EDGE_LOOP('',(#7853));
#7853 = ORIENTED_EDGE('',*,*,#7854,.T.);
#7854 = EDGE_CURVE('',#7855,#7855,#7857,.T.);
#7855 = VERTEX_POINT('',#7856);
#7856 = CARTESIAN_POINT('',(67.845099,-32.788503,1.51));
#7857 = CIRCLE('',#7858,0.95);
#7858 = AXIS2_PLACEMENT_3D('',#7859,#7860,#7861);
#7859 = CARTESIAN_POINT('',(67.845099,-31.838503,1.51));
#7860 = DIRECTION('',(-0.,0.,-1.));
#7861 = DIRECTION('',(-0.,-1.,0.));
#7862 = FACE_BOUND('',#7863,.T.);
#7863 = EDGE_LOOP('',(#7864));
#7864 = ORIENTED_EDGE('',*,*,#7865,.T.);
#7865 = EDGE_CURVE('',#7866,#7866,#7868,.T.);
#7866 = VERTEX_POINT('',#7867);
#7867 = CARTESIAN_POINT('',(78.85691,-33.888211,1.51));
#7868 = CIRCLE('',#7869,0.8);
#7869 = AXIS2_PLACEMENT_3D('',#7870,#7871,#7872);
#7870 = CARTESIAN_POINT('',(78.85691,-33.088211,1.51));
#7871 = DIRECTION('',(-0.,0.,-1.));
#7872 = DIRECTION('',(-0.,-1.,0.));
#7873 = FACE_BOUND('',#7874,.T.);
#7874 = EDGE_LOOP('',(#7875));
#7875 = ORIENTED_EDGE('',*,*,#7876,.T.);
#7876 = EDGE_CURVE('',#7877,#7877,#7879,.T.);
#7877 = VERTEX_POINT('',#7878);
#7878 = CARTESIAN_POINT('',(71.348552,-31.372345,1.51));
#7879 = CIRCLE('',#7880,0.4);
#7880 = AXIS2_PLACEMENT_3D('',#7881,#7882,#7883);
#7881 = CARTESIAN_POINT('',(71.348552,-30.972345,1.51));
#7882 = DIRECTION('',(-0.,0.,-1.));
#7883 = DIRECTION('',(-3.552713678801E-14,-1.,0.));
#7884 = FACE_BOUND('',#7885,.T.);
#7885 = EDGE_LOOP('',(#7886));
#7886 = ORIENTED_EDGE('',*,*,#7887,.T.);
#7887 = EDGE_CURVE('',#7888,#7888,#7890,.T.);
#7888 = VERTEX_POINT('',#7889);
#7889 = CARTESIAN_POINT('',(40.962627,-26.613435,1.51));
#7890 = CIRCLE('',#7891,0.4);
#7891 = AXIS2_PLACEMENT_3D('',#7892,#7893,#7894);
#7892 = CARTESIAN_POINT('',(40.962627,-26.213435,1.51));
#7893 = DIRECTION('',(-0.,0.,-1.));
#7894 = DIRECTION('',(-0.,-1.,0.));
#7895 = FACE_BOUND('',#7896,.T.);
#7896 = EDGE_LOOP('',(#7897));
#7897 = ORIENTED_EDGE('',*,*,#7898,.T.);
#7898 = EDGE_CURVE('',#7899,#7899,#7901,.T.);
#7899 = VERTEX_POINT('',#7900);
#7900 = CARTESIAN_POINT('',(46.137966,-23.452514,1.51));
#7901 = CIRCLE('',#7902,0.8);
#7902 = AXIS2_PLACEMENT_3D('',#7903,#7904,#7905);
#7903 = CARTESIAN_POINT('',(46.137966,-22.652514,1.51));
#7904 = DIRECTION('',(-0.,0.,-1.));
#7905 = DIRECTION('',(-8.881784197001E-15,-1.,0.));
#7906 = FACE_BOUND('',#7907,.T.);
#7907 = EDGE_LOOP('',(#7908));
#7908 = ORIENTED_EDGE('',*,*,#7909,.T.);
#7909 = EDGE_CURVE('',#7910,#7910,#7912,.T.);
#7910 = VERTEX_POINT('',#7911);
#7911 = CARTESIAN_POINT('',(60.219006,-30.736205,1.51));
#7912 = CIRCLE('',#7913,1.525);
#7913 = AXIS2_PLACEMENT_3D('',#7914,#7915,#7916);
#7914 = CARTESIAN_POINT('',(60.219006,-29.211205,1.51));
#7915 = DIRECTION('',(-0.,0.,-1.));
#7916 = DIRECTION('',(-0.,-1.,0.));
#7917 = FACE_BOUND('',#7918,.T.);
#7918 = EDGE_LOOP('',(#7919));
#7919 = ORIENTED_EDGE('',*,*,#7920,.T.);
#7920 = EDGE_CURVE('',#7921,#7921,#7923,.T.);
#7921 = VERTEX_POINT('',#7922);
#7922 = CARTESIAN_POINT('',(65.619634,-30.243038,1.51));
#7923 = CIRCLE('',#7924,1.525);
#7924 = AXIS2_PLACEMENT_3D('',#7925,#7926,#7927);
#7925 = CARTESIAN_POINT('',(65.619634,-28.718038,1.51));
#7926 = DIRECTION('',(-0.,0.,-1.));
#7927 = DIRECTION('',(9.31859325587E-15,-1.,-0.));
#7928 = FACE_BOUND('',#7929,.T.);
#7929 = EDGE_LOOP('',(#7930));
#7930 = ORIENTED_EDGE('',*,*,#7931,.T.);
#7931 = EDGE_CURVE('',#7932,#7932,#7934,.T.);
#7932 = VERTEX_POINT('',#7933);
#7933 = CARTESIAN_POINT('',(76.956746,-29.225532,1.51));
#7934 = CIRCLE('',#7935,0.95);
#7935 = AXIS2_PLACEMENT_3D('',#7936,#7937,#7938);
#7936 = CARTESIAN_POINT('',(76.956746,-28.275532,1.51));
#7937 = DIRECTION('',(-0.,0.,-1.));
#7938 = DIRECTION('',(-1.495879443705E-14,-1.,0.));
#7939 = FACE_BOUND('',#7940,.T.);
#7940 = EDGE_LOOP('',(#7941));
#7941 = ORIENTED_EDGE('',*,*,#7942,.T.);
#7942 = EDGE_CURVE('',#7943,#7943,#7945,.T.);
#7943 = VERTEX_POINT('',#7944);
#7944 = CARTESIAN_POINT('',(60.519013,-22.413818,1.51));
#7945 = CIRCLE('',#7946,0.4);
#7946 = AXIS2_PLACEMENT_3D('',#7947,#7948,#7949);
#7947 = CARTESIAN_POINT('',(60.519013,-22.013818,1.51));
#7948 = DIRECTION('',(-0.,0.,-1.));
#7949 = DIRECTION('',(-0.,-1.,0.));
#7950 = FACE_BOUND('',#7951,.T.);
#7951 = EDGE_LOOP('',(#7952));
#7952 = ORIENTED_EDGE('',*,*,#7953,.T.);
#7953 = EDGE_CURVE('',#7954,#7954,#7956,.T.);
#7954 = VERTEX_POINT('',#7955);
#7955 = CARTESIAN_POINT('',(19.050001,-4.370127,1.51));
#7956 = CIRCLE('',#7957,1.1);
#7957 = AXIS2_PLACEMENT_3D('',#7958,#7959,#7960);
#7958 = CARTESIAN_POINT('',(19.050001,-3.270127,1.51));
#7959 = DIRECTION('',(-0.,0.,-1.));
#7960 = DIRECTION('',(-0.,-1.,0.));
#7961 = FACE_BOUND('',#7962,.T.);
#7962 = EDGE_LOOP('',(#7963));
#7963 = ORIENTED_EDGE('',*,*,#7964,.T.);
#7964 = EDGE_CURVE('',#7965,#7965,#7967,.T.);
#7965 = VERTEX_POINT('',#7966);
#7966 = CARTESIAN_POINT('',(44.237802,-18.789835,1.51));
#7967 = CIRCLE('',#7968,0.95);
#7968 = AXIS2_PLACEMENT_3D('',#7969,#7970,#7971);
#7969 = CARTESIAN_POINT('',(44.237802,-17.839835,1.51));
#7970 = DIRECTION('',(-0.,0.,-1.));
#7971 = DIRECTION('',(-0.,-1.,0.));
#7972 = FACE_BOUND('',#7973,.T.);
#7973 = EDGE_LOOP('',(#7974));
#7974 = ORIENTED_EDGE('',*,*,#7975,.T.);
#7975 = EDGE_CURVE('',#7976,#7976,#7978,.T.);
#7976 = VERTEX_POINT('',#7977);
#7977 = CARTESIAN_POINT('',(49.524741,-18.84883,1.51));
#7978 = CIRCLE('',#7979,2.525);
#7979 = AXIS2_PLACEMENT_3D('',#7980,#7981,#7982);
#7980 = CARTESIAN_POINT('',(49.524741,-16.32383,1.51));
#7981 = DIRECTION('',(-0.,0.,-1.));
#7982 = DIRECTION('',(-0.,-1.,0.));
#7983 = FACE_BOUND('',#7984,.T.);
#7984 = EDGE_LOOP('',(#7985));
#7985 = ORIENTED_EDGE('',*,*,#7986,.T.);
#7986 = EDGE_CURVE('',#7987,#7987,#7989,.T.);
#7987 = VERTEX_POINT('',#7988);
#7988 = CARTESIAN_POINT('',(47.898481,-12.177386,1.51));
#7989 = CIRCLE('',#7990,1.525);
#7990 = AXIS2_PLACEMENT_3D('',#7991,#7992,#7993);
#7991 = CARTESIAN_POINT('',(47.898481,-10.652386,1.51));
#7992 = DIRECTION('',(-0.,0.,-1.));
#7993 = DIRECTION('',(-4.659296627935E-15,-1.,0.));
#7994 = FACE_BOUND('',#7995,.T.);
#7995 = EDGE_LOOP('',(#7996));
#7996 = ORIENTED_EDGE('',*,*,#7997,.T.);
#7997 = EDGE_CURVE('',#7998,#7998,#8000,.T.);
#7998 = VERTEX_POINT('',#7999);
#7999 = CARTESIAN_POINT('',(54.81168,-15.757825,1.51));
#8000 = CIRCLE('',#8001,0.95);
#8001 = AXIS2_PLACEMENT_3D('',#8002,#8003,#8004);
#8002 = CARTESIAN_POINT('',(54.81168,-14.807825,1.51));
#8003 = DIRECTION('',(-0.,0.,-1.));
#8004 = DIRECTION('',(7.479397218527E-15,-1.,-0.));
#8005 = FACE_BOUND('',#8006,.T.);
#8006 = EDGE_LOOP('',(#8007));
#8007 = ORIENTED_EDGE('',*,*,#8008,.T.);
#8008 = EDGE_CURVE('',#8009,#8009,#8011,.T.);
#8009 = VERTEX_POINT('',#8010);
#8010 = CARTESIAN_POINT('',(58.418659,-15.089003,1.51));
#8011 = CIRCLE('',#8012,0.4);
#8012 = AXIS2_PLACEMENT_3D('',#8013,#8014,#8015);
#8013 = CARTESIAN_POINT('',(58.418659,-14.689003,1.51));
#8014 = DIRECTION('',(-0.,0.,-1.));
#8015 = DIRECTION('',(-0.,-1.,0.));
#8016 = FACE_BOUND('',#8017,.T.);
#8017 = EDGE_LOOP('',(#8018));
#8018 = ORIENTED_EDGE('',*,*,#8019,.T.);
#8019 = EDGE_CURVE('',#8020,#8020,#8022,.T.);
#8020 = VERTEX_POINT('',#8021);
#8021 = CARTESIAN_POINT('',(53.283628,-12.817849,1.51));
#8022 = CIRCLE('',#8023,1.525);
#8023 = AXIS2_PLACEMENT_3D('',#8024,#8025,#8026);
#8024 = CARTESIAN_POINT('',(53.283628,-11.292849,1.51));
#8025 = DIRECTION('',(-0.,0.,-1.));
#8026 = DIRECTION('',(-0.,-1.,0.));
#8027 = FACE_BOUND('',#8028,.T.);
#8028 = EDGE_LOOP('',(#8029));
#8029 = ORIENTED_EDGE('',*,*,#8030,.T.);
#8030 = EDGE_CURVE('',#8031,#8031,#8033,.T.);
#8031 = VERTEX_POINT('',#8032);
#8032 = CARTESIAN_POINT('',(63.137278,-13.623613,1.51));
#8033 = CIRCLE('',#8034,0.8);
#8034 = AXIS2_PLACEMENT_3D('',#8035,#8036,#8037);
#8035 = CARTESIAN_POINT('',(63.137278,-12.823613,1.51));
#8036 = DIRECTION('',(-0.,0.,-1.));
#8037 = DIRECTION('',(8.881784197001E-15,-1.,-0.));
#8038 = FACE_BOUND('',#8039,.T.);
#8039 = EDGE_LOOP('',(#8040));
#8040 = ORIENTED_EDGE('',*,*,#8041,.T.);
#8041 = EDGE_CURVE('',#8042,#8042,#8044,.T.);
#8042 = VERTEX_POINT('',#8043);
#8043 = CARTESIAN_POINT('',(77.518326,-12.584918,1.51));
#8044 = CIRCLE('',#8045,0.4);
#8045 = AXIS2_PLACEMENT_3D('',#8046,#8047,#8048);
#8046 = CARTESIAN_POINT('',(77.518326,-12.184918,1.51));
#8047 = DIRECTION('',(-0.,0.,-1.));
#8048 = DIRECTION('',(-0.,-1.,0.));
#8049 = FACE_BOUND('',#8050,.T.);
#8050 = EDGE_LOOP('',(#8051));
#8051 = ORIENTED_EDGE('',*,*,#8052,.T.);
#8052 = EDGE_CURVE('',#8053,#8053,#8055,.T.);
#8053 = VERTEX_POINT('',#8054);
#8054 = CARTESIAN_POINT('',(40.887074,-5.140479,1.51));
#8055 = CIRCLE('',#8056,0.8);
#8056 = AXIS2_PLACEMENT_3D('',#8057,#8058,#8059);
#8057 = CARTESIAN_POINT('',(40.887074,-4.340479,1.51));
#8058 = DIRECTION('',(-0.,0.,-1.));
#8059 = DIRECTION('',(-0.,-1.,0.));
#8060 = FACE_BOUND('',#8061,.T.);
#8061 = EDGE_LOOP('',(#8062));
#8062 = ORIENTED_EDGE('',*,*,#8063,.T.);
#8063 = EDGE_CURVE('',#8064,#8064,#8066,.T.);
#8064 = VERTEX_POINT('',#8065);
#8065 = CARTESIAN_POINT('',(55.268122,-4.101782,1.51));
#8066 = CIRCLE('',#8067,0.4);
#8067 = AXIS2_PLACEMENT_3D('',#8068,#8069,#8070);
#8068 = CARTESIAN_POINT('',(55.268122,-3.701782,1.51));
#8069 = DIRECTION('',(-0.,0.,-1.));
#8070 = DIRECTION('',(-0.,-1.,0.));
#8071 = FACE_BOUND('',#8072,.T.);
#8072 = EDGE_LOOP('',(#8073));
#8073 = ORIENTED_EDGE('',*,*,#8074,.T.);
#8074 = EDGE_CURVE('',#8075,#8075,#8077,.T.);
#8075 = VERTEX_POINT('',#8076);
#8076 = CARTESIAN_POINT('',(61.237114,-8.960934,1.51));
#8077 = CIRCLE('',#8078,0.95);
#8078 = AXIS2_PLACEMENT_3D('',#8079,#8080,#8081);
#8079 = CARTESIAN_POINT('',(61.237114,-8.010934,1.51));
#8080 = DIRECTION('',(-0.,0.,-1.));
#8081 = DIRECTION('',(-7.479397218527E-15,-1.,0.));
#8082 = FACE_BOUND('',#8083,.T.);
#8083 = EDGE_LOOP('',(#8084));
#8084 = ORIENTED_EDGE('',*,*,#8085,.T.);
#8085 = EDGE_CURVE('',#8086,#8086,#8088,.T.);
#8086 = VERTEX_POINT('',#8087);
#8087 = CARTESIAN_POINT('',(66.524053,-9.019929,1.51));
#8088 = CIRCLE('',#8089,2.525);
#8089 = AXIS2_PLACEMENT_3D('',#8090,#8091,#8092);
#8090 = CARTESIAN_POINT('',(66.524053,-6.494929,1.51));
#8091 = DIRECTION('',(-0.,0.,-1.));
#8092 = DIRECTION('',(-5.628061273347E-15,-1.,0.));
#8093 = FACE_BOUND('',#8094,.T.);
#8094 = EDGE_LOOP('',(#8095));
#8095 = ORIENTED_EDGE('',*,*,#8096,.T.);
#8096 = EDGE_CURVE('',#8097,#8097,#8099,.T.);
#8097 = VERTEX_POINT('',#8098);
#8098 = CARTESIAN_POINT('',(64.897793,-2.348485,1.51));
#8099 = CIRCLE('',#8100,1.525);
#8100 = AXIS2_PLACEMENT_3D('',#8101,#8102,#8103);
#8101 = CARTESIAN_POINT('',(64.897793,-0.823485,1.51));
#8102 = DIRECTION('',(-0.,0.,-1.));
#8103 = DIRECTION('',(-9.31859325587E-15,-1.,0.));
#8104 = FACE_BOUND('',#8105,.T.);
#8105 = EDGE_LOOP('',(#8106));
#8106 = ORIENTED_EDGE('',*,*,#8107,.T.);
#8107 = EDGE_CURVE('',#8108,#8108,#8110,.T.);
#8108 = VERTEX_POINT('',#8109);
#8109 = CARTESIAN_POINT('',(71.810992,-5.928924,1.51));
#8110 = CIRCLE('',#8111,0.95);
#8111 = AXIS2_PLACEMENT_3D('',#8112,#8113,#8114);
#8112 = CARTESIAN_POINT('',(71.810992,-4.978924,1.51));
#8113 = DIRECTION('',(-0.,0.,-1.));
#8114 = DIRECTION('',(-0.,-1.,0.));
#8115 = FACE_BOUND('',#8116,.T.);
#8116 = EDGE_LOOP('',(#8117));
#8117 = ORIENTED_EDGE('',*,*,#8118,.T.);
#8118 = EDGE_CURVE('',#8119,#8119,#8121,.T.);
#8119 = VERTEX_POINT('',#8120);
#8120 = CARTESIAN_POINT('',(75.417972,-5.260103,1.51));
#8121 = CIRCLE('',#8122,0.4);
#8122 = AXIS2_PLACEMENT_3D('',#8123,#8124,#8125);
#8123 = CARTESIAN_POINT('',(75.417972,-4.860103,1.51));
#8124 = DIRECTION('',(-0.,0.,-1.));
#8125 = DIRECTION('',(3.5527136788E-14,-1.,-0.));
#8126 = FACE_BOUND('',#8127,.T.);
#8127 = EDGE_LOOP('',(#8128));
#8128 = ORIENTED_EDGE('',*,*,#8129,.T.);
#8129 = EDGE_CURVE('',#8130,#8130,#8132,.T.);
#8130 = VERTEX_POINT('',#8131);
#8131 = CARTESIAN_POINT('',(70.28294,-2.988948,1.51));
#8132 = CIRCLE('',#8133,1.525);
#8133 = AXIS2_PLACEMENT_3D('',#8134,#8135,#8136);
#8134 = CARTESIAN_POINT('',(70.28294,-1.463948,1.51));
#8135 = DIRECTION('',(-0.,0.,-1.));
#8136 = DIRECTION('',(-0.,-1.,0.));
#8137 = FACE_BOUND('',#8138,.T.);
#8138 = EDGE_LOOP('',(#8139));
#8139 = ORIENTED_EDGE('',*,*,#8140,.T.);
#8140 = EDGE_CURVE('',#8141,#8141,#8143,.T.);
#8141 = VERTEX_POINT('',#8142);
#8142 = CARTESIAN_POINT('',(99.12869,-36.814803,1.51));
#8143 = CIRCLE('',#8144,1.1);
#8144 = AXIS2_PLACEMENT_3D('',#8145,#8146,#8147);
#8145 = CARTESIAN_POINT('',(99.12869,-35.714803,1.51));
#8146 = DIRECTION('',(-0.,0.,-1.));
#8147 = DIRECTION('',(-0.,-1.,0.));
#8148 = FACE_BOUND('',#8149,.T.);
#8149 = EDGE_LOOP('',(#8150));
#8150 = ORIENTED_EDGE('',*,*,#8151,.T.);
#8151 = EDGE_CURVE('',#8152,#8152,#8154,.T.);
#8152 = VERTEX_POINT('',#8153);
#8153 = CARTESIAN_POINT('',(93.237958,-32.849515,1.51));
#8154 = CIRCLE('',#8155,0.4);
#8155 = AXIS2_PLACEMENT_3D('',#8156,#8157,#8158);
#8156 = CARTESIAN_POINT('',(93.237958,-32.449515,1.51));
#8157 = DIRECTION('',(-0.,0.,-1.));
#8158 = DIRECTION('',(3.5527136788E-14,-1.,-0.));
#8159 = FACE_BOUND('',#8160,.T.);
#8160 = EDGE_LOOP('',(#8161));
#8161 = ORIENTED_EDGE('',*,*,#8162,.T.);
#8162 = EDGE_CURVE('',#8163,#8163,#8165,.T.);
#8163 = VERTEX_POINT('',#8164);
#8164 = CARTESIAN_POINT('',(82.243685,-29.284527,1.51));
#8165 = CIRCLE('',#8166,2.525);
#8166 = AXIS2_PLACEMENT_3D('',#8167,#8168,#8169);
#8167 = CARTESIAN_POINT('',(82.243685,-26.759527,1.51));
#8168 = DIRECTION('',(-0.,0.,-1.));
#8169 = DIRECTION('',(-0.,-1.,0.));
#8170 = FACE_BOUND('',#8171,.T.);
#8171 = EDGE_LOOP('',(#8172));
#8172 = ORIENTED_EDGE('',*,*,#8173,.T.);
#8173 = EDGE_CURVE('',#8174,#8174,#8176,.T.);
#8174 = VERTEX_POINT('',#8175);
#8175 = CARTESIAN_POINT('',(87.530624,-26.193522,1.51));
#8176 = CIRCLE('',#8177,0.95);
#8177 = AXIS2_PLACEMENT_3D('',#8178,#8179,#8180);
#8178 = CARTESIAN_POINT('',(87.530624,-25.243522,1.51));
#8179 = DIRECTION('',(-0.,0.,-1.));
#8180 = DIRECTION('',(-0.,-1.,0.));
#8181 = FACE_BOUND('',#8182,.T.);
#8182 = EDGE_LOOP('',(#8183));
#8183 = ORIENTED_EDGE('',*,*,#8184,.T.);
#8184 = EDGE_CURVE('',#8185,#8185,#8187,.T.);
#8185 = VERTEX_POINT('',#8186);
#8186 = CARTESIAN_POINT('',(80.617425,-22.613083,1.51));
#8187 = CIRCLE('',#8188,1.525);
#8188 = AXIS2_PLACEMENT_3D('',#8189,#8190,#8191);
#8189 = CARTESIAN_POINT('',(80.617425,-21.088083,1.51));
#8190 = DIRECTION('',(-0.,0.,-1.));
#8191 = DIRECTION('',(-0.,-1.,0.));
#8192 = FACE_BOUND('',#8193,.T.);
#8193 = EDGE_LOOP('',(#8194));
#8194 = ORIENTED_EDGE('',*,*,#8195,.T.);
#8195 = EDGE_CURVE('',#8196,#8196,#8198,.T.);
#8196 = VERTEX_POINT('',#8197);
#8197 = CARTESIAN_POINT('',(86.002572,-23.253546,1.51));
#8198 = CIRCLE('',#8199,1.525);
#8199 = AXIS2_PLACEMENT_3D('',#8200,#8201,#8202);
#8200 = CARTESIAN_POINT('',(86.002572,-21.728546,1.51));
#8201 = DIRECTION('',(-0.,0.,-1.));
#8202 = DIRECTION('',(-0.,-1.,0.));
#8203 = FACE_BOUND('',#8204,.T.);
#8204 = EDGE_LOOP('',(#8205));
#8205 = ORIENTED_EDGE('',*,*,#8206,.T.);
#8206 = EDGE_CURVE('',#8207,#8207,#8209,.T.);
#8207 = VERTEX_POINT('',#8208);
#8208 = CARTESIAN_POINT('',(91.137604,-25.5247,1.51));
#8209 = CIRCLE('',#8210,0.4);
#8210 = AXIS2_PLACEMENT_3D('',#8211,#8212,#8213);
#8211 = CARTESIAN_POINT('',(91.137604,-25.1247,1.51));
#8212 = DIRECTION('',(-0.,0.,-1.));
#8213 = DIRECTION('',(-3.552713678801E-14,-1.,0.));
#8214 = FACE_BOUND('',#8215,.T.);
#8215 = EDGE_LOOP('',(#8216));
#8216 = ORIENTED_EDGE('',*,*,#8217,.T.);
#8217 = EDGE_CURVE('',#8218,#8218,#8220,.T.);
#8218 = VERTEX_POINT('',#8219);
#8219 = CARTESIAN_POINT('',(80.136591,-3.794713,1.51));
#8220 = CIRCLE('',#8221,0.8);
#8221 = AXIS2_PLACEMENT_3D('',#8222,#8223,#8224);
#8222 = CARTESIAN_POINT('',(80.136591,-2.994713,1.51));
#8223 = DIRECTION('',(-0.,0.,-1.));
#8224 = DIRECTION('',(-1.7763568394E-14,-1.,0.));
#8225 = FACE_BOUND('',#8226,.T.);
#8226 = EDGE_LOOP('',(#8227));
#8227 = ORIENTED_EDGE('',*,*,#8228,.T.);
#8228 = EDGE_CURVE('',#8229,#8229,#8231,.T.);
#8229 = VERTEX_POINT('',#8230);
#8230 = CARTESIAN_POINT('',(94.517639,-2.756017,1.51));
#8231 = CIRCLE('',#8232,0.4);
#8232 = AXIS2_PLACEMENT_3D('',#8233,#8234,#8235);
#8233 = CARTESIAN_POINT('',(94.517639,-2.356017,1.51));
#8234 = DIRECTION('',(-0.,0.,-1.));
#8235 = DIRECTION('',(-0.,-1.,0.));
#8236 = FACE_BOUND('',#8237,.T.);
#8237 = EDGE_LOOP('',(#8238));
#8238 = ORIENTED_EDGE('',*,*,#8239,.T.);
#8239 = EDGE_CURVE('',#8240,#8240,#8242,.T.);
#8240 = VERTEX_POINT('',#8241);
#8241 = CARTESIAN_POINT('',(99.761349,-3.12183,1.51));
#8242 = CIRCLE('',#8243,0.8);
#8243 = AXIS2_PLACEMENT_3D('',#8244,#8245,#8246);
#8244 = CARTESIAN_POINT('',(99.761349,-2.32183,1.51));
#8245 = DIRECTION('',(-0.,0.,-1.));
#8246 = DIRECTION('',(-0.,-1.,0.));
#8247 = FACE_BOUND('',#8248,.T.);
#8248 = EDGE_LOOP('',(#8249));
#8249 = ORIENTED_EDGE('',*,*,#8250,.T.);
#8250 = EDGE_CURVE('',#8251,#8251,#8253,.T.);
#8251 = VERTEX_POINT('',#8252);
#8252 = CARTESIAN_POINT('',(114.142396,-2.083135,1.51));
#8253 = CIRCLE('',#8254,0.4);
#8254 = AXIS2_PLACEMENT_3D('',#8255,#8256,#8257);
#8255 = CARTESIAN_POINT('',(114.142396,-1.683135,1.51));
#8256 = DIRECTION('',(-0.,0.,-1.));
#8257 = DIRECTION('',(3.5527136788E-14,-1.,-0.));
#8258 = FACE_BOUND('',#8259,.T.);
#8259 = EDGE_LOOP('',(#8260));
#8260 = ORIENTED_EDGE('',*,*,#8261,.T.);
#8261 = EDGE_CURVE('',#8262,#8262,#8264,.T.);
#8262 = VERTEX_POINT('',#8263);
#8263 = CARTESIAN_POINT('',(119.375718,-2.814813,1.51));
#8264 = CIRCLE('',#8265,0.8);
#8265 = AXIS2_PLACEMENT_3D('',#8266,#8267,#8268);
#8266 = CARTESIAN_POINT('',(119.375718,-2.014813,1.51));
#8267 = DIRECTION('',(-0.,0.,-1.));
#8268 = DIRECTION('',(-0.,-1.,0.));
#8269 = FACE_BOUND('',#8270,.T.);
#8270 = EDGE_LOOP('',(#8271));
#8271 = ORIENTED_EDGE('',*,*,#8272,.T.);
#8272 = EDGE_CURVE('',#8273,#8273,#8275,.T.);
#8273 = VERTEX_POINT('',#8274);
#8274 = CARTESIAN_POINT('',(133.766288,-2.780845,1.51));
#8275 = CIRCLE('',#8276,0.4);
#8276 = AXIS2_PLACEMENT_3D('',#8277,#8278,#8279);
#8277 = CARTESIAN_POINT('',(133.766288,-2.380845,1.51));
#8278 = DIRECTION('',(-0.,0.,-1.));
#8279 = DIRECTION('',(-0.,-1.,0.));
#8280 = FACE_BOUND('',#8281,.T.);
#8281 = EDGE_LOOP('',(#8282));
#8282 = ORIENTED_EDGE('',*,*,#8283,.T.);
#8283 = EDGE_CURVE('',#8284,#8284,#8286,.T.);
#8284 = VERTEX_POINT('',#8285);
#8285 = CARTESIAN_POINT('',(158.048608,-3.188376,1.51));
#8286 = CIRCLE('',#8287,1.1);
#8287 = AXIS2_PLACEMENT_3D('',#8288,#8289,#8290);
#8288 = CARTESIAN_POINT('',(158.048608,-2.088376,1.51));
#8289 = DIRECTION('',(-0.,0.,-1.));
#8290 = DIRECTION('',(-0.,-1.,0.));
#8291 = FACE_BOUND('',#8292,.T.);
#8292 = EDGE_LOOP('',(#8293));
#8293 = ORIENTED_EDGE('',*,*,#8294,.T.);
#8294 = EDGE_CURVE('',#8295,#8295,#8297,.T.);
#8295 = VERTEX_POINT('',#8296);
#8296 = CARTESIAN_POINT('',(-147.790906,3.225021,1.51));
#8297 = CIRCLE('',#8298,0.8);
#8298 = AXIS2_PLACEMENT_3D('',#8299,#8300,#8301);
#8299 = CARTESIAN_POINT('',(-147.790906,4.025021,1.51));
#8300 = DIRECTION('',(-0.,0.,-1.));
#8301 = DIRECTION('',(-0.,-1.,0.));
#8302 = FACE_BOUND('',#8303,.T.);
#8303 = EDGE_LOOP('',(#8304));
#8304 = ORIENTED_EDGE('',*,*,#8305,.T.);
#8305 = EDGE_CURVE('',#8306,#8306,#8308,.T.);
#8306 = VERTEX_POINT('',#8307);
#8307 = CARTESIAN_POINT('',(-147.209234,8.216437,1.51));
#8308 = CIRCLE('',#8309,0.95);
#8309 = AXIS2_PLACEMENT_3D('',#8310,#8311,#8312);
#8310 = CARTESIAN_POINT('',(-147.209234,9.166437,1.51));
#8311 = DIRECTION('',(-0.,0.,-1.));
#8312 = DIRECTION('',(-2.991758887411E-14,-1.,0.));
#8313 = FACE_BOUND('',#8314,.T.);
#8314 = EDGE_LOOP('',(#8315));
#8315 = ORIENTED_EDGE('',*,*,#8316,.T.);
#8316 = EDGE_CURVE('',#8317,#8317,#8319,.T.);
#8317 = VERTEX_POINT('',#8318);
#8318 = CARTESIAN_POINT('',(-141.829423,5.497923,1.51));
#8319 = CIRCLE('',#8320,2.525);
#8320 = AXIS2_PLACEMENT_3D('',#8321,#8322,#8323);
#8321 = CARTESIAN_POINT('',(-141.829423,8.022923,1.51));
#8322 = DIRECTION('',(-0.,0.,-1.));
#8323 = DIRECTION('',(1.125612254669E-14,-1.,-0.));
#8324 = FACE_BOUND('',#8325,.T.);
#8325 = EDGE_LOOP('',(#8326));
#8326 = ORIENTED_EDGE('',*,*,#8327,.T.);
#8327 = EDGE_CURVE('',#8328,#8328,#8330,.T.);
#8328 = VERTEX_POINT('',#8329);
#8329 = CARTESIAN_POINT('',(-129.157193,-0.735697,1.51));
#8330 = CIRCLE('',#8331,0.8);
#8331 = AXIS2_PLACEMENT_3D('',#8332,#8333,#8334);
#8332 = CARTESIAN_POINT('',(-129.157193,6.430300000001E-02,1.51));
#8333 = DIRECTION('',(-0.,0.,-1.));
#8334 = DIRECTION('',(-0.,-1.,0.));
#8335 = FACE_BOUND('',#8336,.T.);
#8336 = EDGE_LOOP('',(#8337));
#8337 = ORIENTED_EDGE('',*,*,#8338,.T.);
#8338 = EDGE_CURVE('',#8339,#8339,#8341,.T.);
#8339 = VERTEX_POINT('',#8340);
#8340 = CARTESIAN_POINT('',(-123.19571,1.537205,1.51));
#8341 = CIRCLE('',#8342,2.525);
#8342 = AXIS2_PLACEMENT_3D('',#8343,#8344,#8345);
#8343 = CARTESIAN_POINT('',(-123.19571,4.062205,1.51));
#8344 = DIRECTION('',(-0.,0.,-1.));
#8345 = DIRECTION('',(-5.628061273347E-15,-1.,0.));
#8346 = FACE_BOUND('',#8347,.T.);
#8347 = EDGE_LOOP('',(#8348));
#8348 = ORIENTED_EDGE('',*,*,#8349,.T.);
#8349 = EDGE_CURVE('',#8350,#8350,#8352,.T.);
#8350 = VERTEX_POINT('',#8351);
#8351 = CARTESIAN_POINT('',(-136.449612,5.929409,1.51));
#8352 = CIRCLE('',#8353,0.95);
#8353 = AXIS2_PLACEMENT_3D('',#8354,#8355,#8356);
#8354 = CARTESIAN_POINT('',(-136.449612,6.879409,1.51));
#8355 = DIRECTION('',(-0.,0.,-1.));
#8356 = DIRECTION('',(-0.,-1.,0.));
#8357 = FACE_BOUND('',#8358,.T.);
#8358 = EDGE_LOOP('',(#8359));
#8359 = ORIENTED_EDGE('',*,*,#8360,.T.);
#8360 = EDGE_CURVE('',#8361,#8361,#8363,.T.);
#8361 = VERTEX_POINT('',#8362);
#8362 = CARTESIAN_POINT('',(-133.209053,4.890946,1.51));
#8363 = CIRCLE('',#8364,0.4);
#8364 = AXIS2_PLACEMENT_3D('',#8365,#8366,#8367);
#8365 = CARTESIAN_POINT('',(-133.209053,5.290946,1.51));
#8366 = DIRECTION('',(-0.,0.,-1.));
#8367 = DIRECTION('',(-7.105427357601E-14,-1.,0.));
#8368 = FACE_BOUND('',#8369,.T.);
#8369 = EDGE_LOOP('',(#8370));
#8370 = ORIENTED_EDGE('',*,*,#8371,.T.);
#8371 = EDGE_CURVE('',#8372,#8372,#8374,.T.);
#8372 = VERTEX_POINT('',#8373);
#8373 = CARTESIAN_POINT('',(-128.575521,4.255719,1.51));
#8374 = CIRCLE('',#8375,0.95);
#8375 = AXIS2_PLACEMENT_3D('',#8376,#8377,#8378);
#8376 = CARTESIAN_POINT('',(-128.575521,5.205719,1.51));
#8377 = DIRECTION('',(-0.,0.,-1.));
#8378 = DIRECTION('',(-0.,-1.,0.));
#8379 = FACE_BOUND('',#8380,.T.);
#8380 = EDGE_LOOP('',(#8381));
#8381 = ORIENTED_EDGE('',*,*,#8382,.T.);
#8382 = EDGE_CURVE('',#8383,#8383,#8385,.T.);
#8383 = VERTEX_POINT('',#8384);
#8384 = CARTESIAN_POINT('',(-121.969031,8.308276,1.51));
#8385 = CIRCLE('',#8386,1.525);
#8386 = AXIS2_PLACEMENT_3D('',#8387,#8388,#8389);
#8387 = CARTESIAN_POINT('',(-121.969031,9.833276,1.51));
#8388 = DIRECTION('',(-0.,0.,-1.));
#8389 = DIRECTION('',(-0.,-1.,0.));
#8390 = FACE_BOUND('',#8391,.T.);
#8391 = EDGE_LOOP('',(#8392));
#8392 = ORIENTED_EDGE('',*,*,#8393,.T.);
#8393 = EDGE_CURVE('',#8394,#8394,#8396,.T.);
#8394 = VERTEX_POINT('',#8395);
#8395 = CARTESIAN_POINT('',(-140.602744,12.268994,1.51));
#8396 = CIRCLE('',#8397,1.525);
#8397 = AXIS2_PLACEMENT_3D('',#8398,#8399,#8400);
#8398 = CARTESIAN_POINT('',(-140.602744,13.793994,1.51));
#8399 = DIRECTION('',(-0.,0.,-1.));
#8400 = DIRECTION('',(-0.,-1.,0.));
#8401 = FACE_BOUND('',#8402,.T.);
#8402 = EDGE_LOOP('',(#8403));
#8403 = ORIENTED_EDGE('',*,*,#8404,.T.);
#8404 = EDGE_CURVE('',#8405,#8405,#8407,.T.);
#8405 = VERTEX_POINT('',#8406);
#8406 = CARTESIAN_POINT('',(-136.148621,9.175324,1.51));
#8407 = CIRCLE('',#8408,1.525);
#8408 = AXIS2_PLACEMENT_3D('',#8409,#8410,#8411);
#8409 = CARTESIAN_POINT('',(-136.148621,10.700324,1.51));
#8410 = DIRECTION('',(-0.,0.,-1.));
#8411 = DIRECTION('',(-0.,-1.,0.));
#8412 = FACE_BOUND('',#8413,.T.);
#8413 = EDGE_LOOP('',(#8414));
#8414 = ORIENTED_EDGE('',*,*,#8415,.T.);
#8415 = EDGE_CURVE('',#8416,#8416,#8418,.T.);
#8416 = VERTEX_POINT('',#8417);
#8417 = CARTESIAN_POINT('',(-130.832625,16.071174,1.51));
#8418 = CIRCLE('',#8419,0.4);
#8419 = AXIS2_PLACEMENT_3D('',#8420,#8421,#8422);
#8420 = CARTESIAN_POINT('',(-130.832625,16.471174,1.51));
#8421 = DIRECTION('',(-0.,0.,-1.));
#8422 = DIRECTION('',(-0.,-1.,0.));
#8423 = FACE_BOUND('',#8424,.T.);
#8424 = EDGE_LOOP('',(#8425));
#8425 = ORIENTED_EDGE('',*,*,#8426,.T.);
#8426 = EDGE_CURVE('',#8427,#8427,#8429,.T.);
#8427 = VERTEX_POINT('',#8428);
#8428 = CARTESIAN_POINT('',(-125.196476,17.898014,1.51));
#8429 = CIRCLE('',#8430,0.8);
#8430 = AXIS2_PLACEMENT_3D('',#8431,#8432,#8433);
#8431 = CARTESIAN_POINT('',(-125.196476,18.698014,1.51));
#8432 = DIRECTION('',(-0.,0.,-1.));
#8433 = DIRECTION('',(-0.,-1.,0.));
#8434 = FACE_BOUND('',#8435,.T.);
#8435 = EDGE_LOOP('',(#8436));
#8436 = ORIENTED_EDGE('',*,*,#8437,.T.);
#8437 = EDGE_CURVE('',#8438,#8438,#8440,.T.);
#8438 = VERTEX_POINT('',#8439);
#8439 = CARTESIAN_POINT('',(-114.575341,0.930229,1.51));
#8440 = CIRCLE('',#8441,0.4);
#8441 = AXIS2_PLACEMENT_3D('',#8442,#8443,#8444);
#8442 = CARTESIAN_POINT('',(-114.575341,1.330229,1.51));
#8443 = DIRECTION('',(-0.,0.,-1.));
#8444 = DIRECTION('',(3.5527136788E-14,-1.,-0.));
#8445 = FACE_BOUND('',#8446,.T.);
#8446 = EDGE_LOOP('',(#8447));
#8447 = ORIENTED_EDGE('',*,*,#8448,.T.);
#8448 = EDGE_CURVE('',#8449,#8449,#8451,.T.);
#8449 = VERTEX_POINT('',#8450);
#8450 = CARTESIAN_POINT('',(-117.815899,1.968691,1.51));
#8451 = CIRCLE('',#8452,0.95);
#8452 = AXIS2_PLACEMENT_3D('',#8453,#8454,#8455);
#8453 = CARTESIAN_POINT('',(-117.815899,2.918691,1.51));
#8454 = DIRECTION('',(-0.,0.,-1.));
#8455 = DIRECTION('',(-0.,-1.,0.));
#8456 = FACE_BOUND('',#8457,.T.);
#8457 = EDGE_LOOP('',(#8458));
#8458 = ORIENTED_EDGE('',*,*,#8459,.T.);
#8459 = EDGE_CURVE('',#8460,#8460,#8462,.T.);
#8460 = VERTEX_POINT('',#8461);
#8461 = CARTESIAN_POINT('',(-109.373965,-0.365457,1.51));
#8462 = CIRCLE('',#8463,0.8);
#8463 = AXIS2_PLACEMENT_3D('',#8464,#8465,#8466);
#8464 = CARTESIAN_POINT('',(-109.373965,0.434543,1.51));
#8465 = DIRECTION('',(-0.,0.,-1.));
#8466 = DIRECTION('',(-0.,-1.,0.));
#8467 = FACE_BOUND('',#8468,.T.);
#8468 = EDGE_LOOP('',(#8469));
#8469 = ORIENTED_EDGE('',*,*,#8470,.T.);
#8470 = EDGE_CURVE('',#8471,#8471,#8473,.T.);
#8471 = VERTEX_POINT('',#8472);
#8472 = CARTESIAN_POINT('',(-103.148124,1.481854,1.51));
#8473 = CIRCLE('',#8474,2.525);
#8474 = AXIS2_PLACEMENT_3D('',#8475,#8476,#8477);
#8475 = CARTESIAN_POINT('',(-103.148124,4.006854,1.51));
#8476 = DIRECTION('',(-0.,0.,-1.));
#8477 = DIRECTION('',(-0.,-1.,0.));
#8478 = FACE_BOUND('',#8479,.T.);
#8479 = EDGE_LOOP('',(#8480));
#8480 = ORIENTED_EDGE('',*,*,#8481,.T.);
#8481 = EDGE_CURVE('',#8482,#8482,#8484,.T.);
#8482 = VERTEX_POINT('',#8483);
#8483 = CARTESIAN_POINT('',(-117.514908,5.214606,1.51));
#8484 = CIRCLE('',#8485,1.525);
#8485 = AXIS2_PLACEMENT_3D('',#8486,#8487,#8488);
#8486 = CARTESIAN_POINT('',(-117.514908,6.739606,1.51));
#8487 = DIRECTION('',(-0.,0.,-1.));
#8488 = DIRECTION('',(-9.31859325587E-15,-1.,0.));
#8489 = FACE_BOUND('',#8490,.T.);
#8490 = EDGE_LOOP('',(#8491));
#8491 = ORIENTED_EDGE('',*,*,#8492,.T.);
#8492 = EDGE_CURVE('',#8493,#8493,#8495,.T.);
#8493 = VERTEX_POINT('',#8494);
#8494 = CARTESIAN_POINT('',(-108.435063,4.572859,1.51));
#8495 = CIRCLE('',#8496,0.95);
#8496 = AXIS2_PLACEMENT_3D('',#8497,#8498,#8499);
#8497 = CARTESIAN_POINT('',(-108.435063,5.522859,1.51));
#8498 = DIRECTION('',(-0.,0.,-1.));
#8499 = DIRECTION('',(-0.,-1.,0.));
#8500 = FACE_BOUND('',#8501,.T.);
#8501 = EDGE_LOOP('',(#8502));
#8502 = ORIENTED_EDGE('',*,*,#8503,.T.);
#8503 = EDGE_CURVE('',#8504,#8504,#8506,.T.);
#8504 = VERTEX_POINT('',#8505);
#8505 = CARTESIAN_POINT('',(-101.521864,8.153298,1.51));
#8506 = CIRCLE('',#8507,1.525);
#8507 = AXIS2_PLACEMENT_3D('',#8508,#8509,#8510);
#8508 = CARTESIAN_POINT('',(-101.521864,9.678298,1.51));
#8509 = DIRECTION('',(-0.,0.,-1.));
#8510 = DIRECTION('',(-0.,-1.,0.));
#8511 = FACE_BOUND('',#8512,.T.);
#8512 = EDGE_LOOP('',(#8513));
#8513 = ORIENTED_EDGE('',*,*,#8514,.T.);
#8514 = EDGE_CURVE('',#8515,#8515,#8517,.T.);
#8515 = VERTEX_POINT('',#8516);
#8516 = CARTESIAN_POINT('',(-94.739327,0.280206,1.51));
#8517 = CIRCLE('',#8518,0.4);
#8518 = AXIS2_PLACEMENT_3D('',#8519,#8520,#8521);
#8519 = CARTESIAN_POINT('',(-94.739327,0.680206,1.51));
#8520 = DIRECTION('',(-0.,0.,-1.));
#8521 = DIRECTION('',(-0.,-1.,0.));
#8522 = FACE_BOUND('',#8523,.T.);
#8523 = EDGE_LOOP('',(#8524));
#8524 = ORIENTED_EDGE('',*,*,#8525,.T.);
#8525 = EDGE_CURVE('',#8526,#8526,#8528,.T.);
#8526 = VERTEX_POINT('',#8527);
#8527 = CARTESIAN_POINT('',(-97.861185,1.540849,1.51));
#8528 = CIRCLE('',#8529,0.95);
#8529 = AXIS2_PLACEMENT_3D('',#8530,#8531,#8532);
#8530 = CARTESIAN_POINT('',(-97.861185,2.490849,1.51));
#8531 = DIRECTION('',(-0.,0.,-1.));
#8532 = DIRECTION('',(-0.,-1.,0.));
#8533 = FACE_BOUND('',#8534,.T.);
#8534 = EDGE_LOOP('',(#8535));
#8535 = ORIENTED_EDGE('',*,*,#8536,.T.);
#8536 = EDGE_CURVE('',#8537,#8537,#8539,.T.);
#8537 = VERTEX_POINT('',#8538);
#8538 = CARTESIAN_POINT('',(-88.810305,3.899976,1.51));
#8539 = CIRCLE('',#8540,0.95);
#8540 = AXIS2_PLACEMENT_3D('',#8541,#8542,#8543);
#8541 = CARTESIAN_POINT('',(-88.810305,4.849976,1.51));
#8542 = DIRECTION('',(-0.,0.,-1.));
#8543 = DIRECTION('',(-0.,-1.,0.));
#8544 = FACE_BOUND('',#8545,.T.);
#8545 = EDGE_LOOP('',(#8546));
#8546 = ORIENTED_EDGE('',*,*,#8547,.T.);
#8547 = EDGE_CURVE('',#8548,#8548,#8550,.T.);
#8548 = VERTEX_POINT('',#8549);
#8549 = CARTESIAN_POINT('',(-83.523366,0.808971,1.51));
#8550 = CIRCLE('',#8551,2.525);
#8551 = AXIS2_PLACEMENT_3D('',#8552,#8553,#8554);
#8552 = CARTESIAN_POINT('',(-83.523366,3.333971,1.51));
#8553 = DIRECTION('',(-0.,0.,-1.));
#8554 = DIRECTION('',(5.628061273347E-15,-1.,-0.));
#8555 = FACE_BOUND('',#8556,.T.);
#8556 = EDGE_LOOP('',(#8557));
#8557 = ORIENTED_EDGE('',*,*,#8558,.T.);
#8558 = EDGE_CURVE('',#8559,#8559,#8561,.T.);
#8559 = VERTEX_POINT('',#8560);
#8560 = CARTESIAN_POINT('',(-97.294394,4.756461,1.51));
#8561 = CIRCLE('',#8562,1.525);
#8562 = AXIS2_PLACEMENT_3D('',#8563,#8564,#8565);
#8563 = CARTESIAN_POINT('',(-97.294394,6.281461,1.51));
#8564 = DIRECTION('',(-0.,0.,-1.));
#8565 = DIRECTION('',(9.31859325587E-15,-1.,-0.));
#8566 = FACE_BOUND('',#8567,.T.);
#8567 = EDGE_LOOP('',(#8568));
#8568 = ORIENTED_EDGE('',*,*,#8569,.T.);
#8569 = EDGE_CURVE('',#8570,#8570,#8572,.T.);
#8570 = VERTEX_POINT('',#8571);
#8571 = CARTESIAN_POINT('',(-81.897106,7.480415,1.51));
#8572 = CIRCLE('',#8573,1.525);
#8573 = AXIS2_PLACEMENT_3D('',#8574,#8575,#8576);
#8574 = CARTESIAN_POINT('',(-81.897106,9.005415,1.51));
#8575 = DIRECTION('',(-0.,0.,-1.));
#8576 = DIRECTION('',(9.31859325587E-15,-1.,-0.));
#8577 = FACE_BOUND('',#8578,.T.);
#8578 = EDGE_LOOP('',(#8579));
#8579 = ORIENTED_EDGE('',*,*,#8580,.T.);
#8580 = EDGE_CURVE('',#8581,#8581,#8583,.T.);
#8581 = VERTEX_POINT('',#8582);
#8582 = CARTESIAN_POINT('',(-112.198913,12.110457,1.51));
#8583 = CIRCLE('',#8584,0.4);
#8584 = AXIS2_PLACEMENT_3D('',#8585,#8586,#8587);
#8585 = CARTESIAN_POINT('',(-112.198913,12.510457,1.51));
#8586 = DIRECTION('',(-0.,0.,-1.));
#8587 = DIRECTION('',(-0.,-1.,0.));
#8588 = FACE_BOUND('',#8589,.T.);
#8589 = EDGE_LOOP('',(#8590));
#8590 = ORIENTED_EDGE('',*,*,#8591,.T.);
#8591 = EDGE_CURVE('',#8592,#8592,#8594,.T.);
#8592 = VERTEX_POINT('',#8593);
#8593 = CARTESIAN_POINT('',(-110.614623,19.563941,1.51));
#8594 = CIRCLE('',#8595,0.4);
#8595 = AXIS2_PLACEMENT_3D('',#8596,#8597,#8598);
#8596 = CARTESIAN_POINT('',(-110.614623,19.963941,1.51));
#8597 = DIRECTION('',(-0.,0.,-1.));
#8598 = DIRECTION('',(-0.,-1.,0.));
#8599 = FACE_BOUND('',#8600,.T.);
#8600 = EDGE_LOOP('',(#8601));
#8601 = ORIENTED_EDGE('',*,*,#8602,.T.);
#8602 = EDGE_CURVE('',#8603,#8603,#8605,.T.);
#8603 = VERTEX_POINT('',#8604);
#8604 = CARTESIAN_POINT('',(-104.123073,17.946577,1.51));
#8605 = CIRCLE('',#8606,0.8);
#8606 = AXIS2_PLACEMENT_3D('',#8607,#8608,#8609);
#8607 = CARTESIAN_POINT('',(-104.123073,18.746577,1.51));
#8608 = DIRECTION('',(-0.,0.,-1.));
#8609 = DIRECTION('',(-0.,-1.,0.));
#8610 = FACE_BOUND('',#8611,.T.);
#8611 = EDGE_LOOP('',(#8612));
#8612 = ORIENTED_EDGE('',*,*,#8613,.T.);
#8613 = EDGE_CURVE('',#8614,#8614,#8616,.T.);
#8614 = VERTEX_POINT('',#8615);
#8615 = CARTESIAN_POINT('',(-91.588794,11.267428,1.51));
#8616 = CIRCLE('',#8617,0.4);
#8617 = AXIS2_PLACEMENT_3D('',#8618,#8619,#8620);
#8618 = CARTESIAN_POINT('',(-91.588794,11.667428,1.51));
#8619 = DIRECTION('',(-0.,0.,-1.));
#8620 = DIRECTION('',(3.5527136788E-14,-1.,-0.));
#8621 = FACE_BOUND('',#8622,.T.);
#8622 = EDGE_LOOP('',(#8623));
#8623 = ORIENTED_EDGE('',*,*,#8624,.T.);
#8624 = EDGE_CURVE('',#8625,#8625,#8627,.T.);
#8625 = VERTEX_POINT('',#8626);
#8626 = CARTESIAN_POINT('',(-89.488434,18.592241,1.51));
#8627 = CIRCLE('',#8628,0.4);
#8628 = AXIS2_PLACEMENT_3D('',#8629,#8630,#8631);
#8629 = CARTESIAN_POINT('',(-89.488434,18.992241,1.51));
#8630 = DIRECTION('',(-0.,0.,-1.));
#8631 = DIRECTION('',(3.5527136788E-14,-1.,-0.));
#8632 = FACE_BOUND('',#8633,.T.);
#8633 = EDGE_LOOP('',(#8634));
#8634 = ORIENTED_EDGE('',*,*,#8635,.T.);
#8635 = EDGE_CURVE('',#8636,#8636,#8638,.T.);
#8636 = VERTEX_POINT('',#8637);
#8637 = CARTESIAN_POINT('',(-84.498315,17.273694,1.51));
#8638 = CIRCLE('',#8639,0.8);
#8639 = AXIS2_PLACEMENT_3D('',#8640,#8641,#8642);
#8640 = CARTESIAN_POINT('',(-84.498315,18.073694,1.51));
#8641 = DIRECTION('',(-0.,0.,-1.));
#8642 = DIRECTION('',(-1.7763568394E-14,-1.,0.));
#8643 = FACE_BOUND('',#8644,.T.);
#8644 = EDGE_LOOP('',(#8645));
#8645 = ORIENTED_EDGE('',*,*,#8646,.T.);
#8646 = EDGE_CURVE('',#8647,#8647,#8649,.T.);
#8647 = VERTEX_POINT('',#8648);
#8648 = CARTESIAN_POINT('',(-143.830188,21.858732,1.51));
#8649 = CIRCLE('',#8650,0.8);
#8650 = AXIS2_PLACEMENT_3D('',#8651,#8652,#8653);
#8651 = CARTESIAN_POINT('',(-143.830188,22.658732,1.51));
#8652 = DIRECTION('',(-0.,0.,-1.));
#8653 = DIRECTION('',(3.5527136788E-14,-1.,-0.));
#8654 = FACE_BOUND('',#8655,.T.);
#8655 = EDGE_LOOP('',(#8656));
#8656 = ORIENTED_EDGE('',*,*,#8657,.T.);
#8657 = EDGE_CURVE('',#8658,#8658,#8660,.T.);
#8658 = VERTEX_POINT('',#8659);
#8659 = CARTESIAN_POINT('',(-143.248516,26.850148,1.51));
#8660 = CIRCLE('',#8661,0.95);
#8661 = AXIS2_PLACEMENT_3D('',#8662,#8663,#8664);
#8662 = CARTESIAN_POINT('',(-143.248516,27.800148,1.51));
#8663 = DIRECTION('',(-0.,0.,-1.));
#8664 = DIRECTION('',(-0.,-1.,0.));
#8665 = FACE_BOUND('',#8666,.T.);
#8666 = EDGE_LOOP('',(#8667));
#8667 = ORIENTED_EDGE('',*,*,#8668,.T.);
#8668 = EDGE_CURVE('',#8669,#8669,#8671,.T.);
#8669 = VERTEX_POINT('',#8670);
#8670 = CARTESIAN_POINT('',(-129.248335,23.524658,1.51));
#8671 = CIRCLE('',#8672,0.4);
#8672 = AXIS2_PLACEMENT_3D('',#8673,#8674,#8675);
#8673 = CARTESIAN_POINT('',(-129.248335,23.924658,1.51));
#8674 = DIRECTION('',(-0.,0.,-1.));
#8675 = DIRECTION('',(-0.,-1.,0.));
#8676 = FACE_BOUND('',#8677,.T.);
#8677 = EDGE_LOOP('',(#8678));
#8678 = ORIENTED_EDGE('',*,*,#8679,.T.);
#8679 = EDGE_CURVE('',#8680,#8680,#8682,.T.);
#8680 = VERTEX_POINT('',#8681);
#8681 = CARTESIAN_POINT('',(-124.614804,22.88943,1.51));
#8682 = CIRCLE('',#8683,0.95);
#8683 = AXIS2_PLACEMENT_3D('',#8684,#8685,#8686);
#8684 = CARTESIAN_POINT('',(-124.614804,23.83943,1.51));
#8685 = DIRECTION('',(-0.,0.,-1.));
#8686 = DIRECTION('',(-1.495879443705E-14,-1.,0.));
#8687 = FACE_BOUND('',#8688,.T.);
#8688 = EDGE_LOOP('',(#8689));
#8689 = ORIENTED_EDGE('',*,*,#8690,.T.);
#8690 = EDGE_CURVE('',#8691,#8691,#8693,.T.);
#8691 = VERTEX_POINT('',#8692);
#8692 = CARTESIAN_POINT('',(-137.868705,24.131634,1.51));
#8693 = CIRCLE('',#8694,2.525);
#8694 = AXIS2_PLACEMENT_3D('',#8695,#8696,#8697);
#8695 = CARTESIAN_POINT('',(-137.868705,26.656634,1.51));
#8696 = DIRECTION('',(-0.,0.,-1.));
#8697 = DIRECTION('',(-0.,-1.,0.));
#8698 = FACE_BOUND('',#8699,.T.);
#8699 = EDGE_LOOP('',(#8700));
#8700 = ORIENTED_EDGE('',*,*,#8701,.T.);
#8701 = EDGE_CURVE('',#8702,#8702,#8704,.T.);
#8702 = VERTEX_POINT('',#8703);
#8703 = CARTESIAN_POINT('',(-132.488894,24.56312,1.51));
#8704 = CIRCLE('',#8705,0.95);
#8705 = AXIS2_PLACEMENT_3D('',#8706,#8707,#8708);
#8706 = CARTESIAN_POINT('',(-132.488894,25.51312,1.51));
#8707 = DIRECTION('',(-0.,0.,-1.));
#8708 = DIRECTION('',(2.991758887411E-14,-1.,-0.));
#8709 = FACE_BOUND('',#8710,.T.);
#8710 = EDGE_LOOP('',(#8711));
#8711 = ORIENTED_EDGE('',*,*,#8712,.T.);
#8712 = EDGE_CURVE('',#8713,#8713,#8715,.T.);
#8713 = VERTEX_POINT('',#8714);
#8714 = CARTESIAN_POINT('',(-132.187903,27.809035,1.51));
#8715 = CIRCLE('',#8716,1.525);
#8716 = AXIS2_PLACEMENT_3D('',#8717,#8718,#8719);
#8717 = CARTESIAN_POINT('',(-132.187903,29.334035,1.51));
#8718 = DIRECTION('',(-0.,0.,-1.));
#8719 = DIRECTION('',(-0.,-1.,0.));
#8720 = FACE_BOUND('',#8721,.T.);
#8721 = EDGE_LOOP('',(#8722));
#8722 = ORIENTED_EDGE('',*,*,#8723,.T.);
#8723 = EDGE_CURVE('',#8724,#8724,#8726,.T.);
#8724 = VERTEX_POINT('',#8725);
#8725 = CARTESIAN_POINT('',(-136.642026,30.902705,1.51));
#8726 = CIRCLE('',#8727,1.525);
#8727 = AXIS2_PLACEMENT_3D('',#8728,#8729,#8730);
#8728 = CARTESIAN_POINT('',(-136.642026,32.427705,1.51));
#8729 = DIRECTION('',(-0.,0.,-1.));
#8730 = DIRECTION('',(-0.,-1.,0.));
#8731 = FACE_BOUND('',#8732,.T.);
#8732 = EDGE_LOOP('',(#8733));
#8733 = ORIENTED_EDGE('',*,*,#8734,.T.);
#8734 = EDGE_CURVE('',#8735,#8735,#8737,.T.);
#8735 = VERTEX_POINT('',#8736);
#8736 = CARTESIAN_POINT('',(-126.871907,34.704887,1.51));
#8737 = CIRCLE('',#8738,0.4);
#8738 = AXIS2_PLACEMENT_3D('',#8739,#8740,#8741);
#8739 = CARTESIAN_POINT('',(-126.871907,35.104887,1.51));
#8740 = DIRECTION('',(-0.,0.,-1.));
#8741 = DIRECTION('',(-0.,-1.,0.));
#8742 = FACE_BOUND('',#8743,.T.);
#8743 = EDGE_LOOP('',(#8744));
#8744 = ORIENTED_EDGE('',*,*,#8745,.T.);
#8745 = EDGE_CURVE('',#8746,#8746,#8748,.T.);
#8746 = VERTEX_POINT('',#8747);
#8747 = CARTESIAN_POINT('',(-121.235758,36.531727,1.51));
#8748 = CIRCLE('',#8749,0.8);
#8749 = AXIS2_PLACEMENT_3D('',#8750,#8751,#8752);
#8750 = CARTESIAN_POINT('',(-121.235758,37.331727,1.51));
#8751 = DIRECTION('',(-0.,0.,-1.));
#8752 = DIRECTION('',(-0.,-1.,0.));
#8753 = FACE_BOUND('',#8754,.T.);
#8754 = EDGE_LOOP('',(#8755));
#8755 = ORIENTED_EDGE('',*,*,#8756,.T.);
#8756 = EDGE_CURVE('',#8757,#8757,#8759,.T.);
#8757 = VERTEX_POINT('',#8758);
#8758 = CARTESIAN_POINT('',(-119.234993,20.170916,1.51));
#8759 = CIRCLE('',#8760,2.525);
#8760 = AXIS2_PLACEMENT_3D('',#8761,#8762,#8763);
#8761 = CARTESIAN_POINT('',(-119.234993,22.695916,1.51));
#8762 = DIRECTION('',(-0.,0.,-1.));
#8763 = DIRECTION('',(-0.,-1.,0.));
#8764 = FACE_BOUND('',#8765,.T.);
#8765 = EDGE_LOOP('',(#8766));
#8766 = ORIENTED_EDGE('',*,*,#8767,.T.);
#8767 = EDGE_CURVE('',#8768,#8768,#8770,.T.);
#8768 = VERTEX_POINT('',#8769);
#8769 = CARTESIAN_POINT('',(-113.855182,20.602402,1.51));
#8770 = CIRCLE('',#8771,0.95);
#8771 = AXIS2_PLACEMENT_3D('',#8772,#8773,#8774);
#8772 = CARTESIAN_POINT('',(-113.855182,21.552402,1.51));
#8773 = DIRECTION('',(-0.,0.,-1.));
#8774 = DIRECTION('',(-0.,-1.,0.));
#8775 = FACE_BOUND('',#8776,.T.);
#8776 = EDGE_LOOP('',(#8777));
#8777 = ORIENTED_EDGE('',*,*,#8778,.T.);
#8778 = EDGE_CURVE('',#8779,#8779,#8781,.T.);
#8779 = VERTEX_POINT('',#8780);
#8780 = CARTESIAN_POINT('',(-103.184171,22.884893,1.51));
#8781 = CIRCLE('',#8782,0.95);
#8782 = AXIS2_PLACEMENT_3D('',#8783,#8784,#8785);
#8783 = CARTESIAN_POINT('',(-103.184171,23.834893,1.51));
#8784 = DIRECTION('',(-0.,0.,-1.));
#8785 = DIRECTION('',(-1.495879443705E-14,-1.,0.));
#8786 = FACE_BOUND('',#8787,.T.);
#8787 = EDGE_LOOP('',(#8788));
#8788 = ORIENTED_EDGE('',*,*,#8789,.T.);
#8789 = EDGE_CURVE('',#8790,#8790,#8792,.T.);
#8790 = VERTEX_POINT('',#8791);
#8791 = CARTESIAN_POINT('',(-113.554191,23.848317,1.51));
#8792 = CIRCLE('',#8793,1.525);
#8793 = AXIS2_PLACEMENT_3D('',#8794,#8795,#8796);
#8794 = CARTESIAN_POINT('',(-113.554191,25.373317,1.51));
#8795 = DIRECTION('',(-0.,0.,-1.));
#8796 = DIRECTION('',(-0.,-1.,0.));
#8797 = FACE_BOUND('',#8798,.T.);
#8798 = EDGE_LOOP('',(#8799));
#8799 = ORIENTED_EDGE('',*,*,#8800,.T.);
#8800 = EDGE_CURVE('',#8801,#8801,#8803,.T.);
#8801 = VERTEX_POINT('',#8802);
#8802 = CARTESIAN_POINT('',(-118.008314,26.941987,1.51));
#8803 = CIRCLE('',#8804,1.525);
#8804 = AXIS2_PLACEMENT_3D('',#8805,#8806,#8807);
#8805 = CARTESIAN_POINT('',(-118.008314,28.466987,1.51));
#8806 = DIRECTION('',(-0.,0.,-1.));
#8807 = DIRECTION('',(-0.,-1.,0.));
#8808 = FACE_BOUND('',#8809,.T.);
#8809 = EDGE_LOOP('',(#8810));
#8810 = ORIENTED_EDGE('',*,*,#8811,.T.);
#8811 = EDGE_CURVE('',#8812,#8812,#8814,.T.);
#8812 = VERTEX_POINT('',#8813);
#8813 = CARTESIAN_POINT('',(-97.897232,19.793888,1.51));
#8814 = CIRCLE('',#8815,2.525);
#8815 = AXIS2_PLACEMENT_3D('',#8816,#8817,#8818);
#8816 = CARTESIAN_POINT('',(-97.897232,22.318888,1.51));
#8817 = DIRECTION('',(-0.,0.,-1.));
#8818 = DIRECTION('',(-0.,-1.,0.));
#8819 = FACE_BOUND('',#8820,.T.);
#8820 = EDGE_LOOP('',(#8821));
#8821 = ORIENTED_EDGE('',*,*,#8822,.T.);
#8822 = EDGE_CURVE('',#8823,#8823,#8825,.T.);
#8823 = VERTEX_POINT('',#8824);
#8824 = CARTESIAN_POINT('',(-92.610293,19.852883,1.51));
#8825 = CIRCLE('',#8826,0.95);
#8826 = AXIS2_PLACEMENT_3D('',#8827,#8828,#8829);
#8827 = CARTESIAN_POINT('',(-92.610293,20.802883,1.51));
#8828 = DIRECTION('',(-0.,0.,-1.));
#8829 = DIRECTION('',(-0.,-1.,0.));
#8830 = FACE_BOUND('',#8831,.T.);
#8831 = EDGE_LOOP('',(#8832));
#8832 = ORIENTED_EDGE('',*,*,#8833,.T.);
#8833 = EDGE_CURVE('',#8834,#8834,#8836,.T.);
#8834 = VERTEX_POINT('',#8835);
#8835 = CARTESIAN_POINT('',(-92.043502,23.068495,1.51));
#8836 = CIRCLE('',#8837,1.525);
#8837 = AXIS2_PLACEMENT_3D('',#8838,#8839,#8840);
#8838 = CARTESIAN_POINT('',(-92.043502,24.593495,1.51));
#8839 = DIRECTION('',(-0.,0.,-1.));
#8840 = DIRECTION('',(-9.31859325587E-15,-1.,0.));
#8841 = FACE_BOUND('',#8842,.T.);
#8842 = EDGE_LOOP('',(#8843));
#8843 = ORIENTED_EDGE('',*,*,#8844,.T.);
#8844 = EDGE_CURVE('',#8845,#8845,#8847,.T.);
#8845 = VERTEX_POINT('',#8846);
#8846 = CARTESIAN_POINT('',(-83.559413,22.21201,1.51));
#8847 = CIRCLE('',#8848,0.95);
#8848 = AXIS2_PLACEMENT_3D('',#8849,#8850,#8851);
#8849 = CARTESIAN_POINT('',(-83.559413,23.16201,1.51));
#8850 = DIRECTION('',(-0.,0.,-1.));
#8851 = DIRECTION('',(-0.,-1.,0.));
#8852 = FACE_BOUND('',#8853,.T.);
#8853 = EDGE_LOOP('',(#8854));
#8854 = ORIENTED_EDGE('',*,*,#8855,.T.);
#8855 = EDGE_CURVE('',#8856,#8856,#8858,.T.);
#8856 = VERTEX_POINT('',#8857);
#8857 = CARTESIAN_POINT('',(-96.270972,26.465332,1.51));
#8858 = CIRCLE('',#8859,1.525);
#8859 = AXIS2_PLACEMENT_3D('',#8860,#8861,#8862);
#8860 = CARTESIAN_POINT('',(-96.270972,27.990332,1.51));
#8861 = DIRECTION('',(-0.,0.,-1.));
#8862 = DIRECTION('',(-0.,-1.,0.));
#8863 = FACE_BOUND('',#8864,.T.);
#8864 = EDGE_LOOP('',(#8865));
#8865 = ORIENTED_EDGE('',*,*,#8866,.T.);
#8866 = EDGE_CURVE('',#8867,#8867,#8869,.T.);
#8867 = VERTEX_POINT('',#8868);
#8868 = CARTESIAN_POINT('',(-86.337903,29.579464,1.51));
#8869 = CIRCLE('',#8870,0.4);
#8870 = AXIS2_PLACEMENT_3D('',#8871,#8872,#8873);
#8871 = CARTESIAN_POINT('',(-86.337903,29.979464,1.51));
#8872 = DIRECTION('',(-0.,0.,-1.));
#8873 = DIRECTION('',(3.5527136788E-14,-1.,-0.));
#8874 = FACE_BOUND('',#8875,.T.);
#8875 = EDGE_LOOP('',(#8876));
#8876 = ORIENTED_EDGE('',*,*,#8877,.T.);
#8877 = EDGE_CURVE('',#8878,#8878,#8880,.T.);
#8878 = VERTEX_POINT('',#8879);
#8879 = CARTESIAN_POINT('',(-108.238196,30.744168,1.51));
#8880 = CIRCLE('',#8881,0.4);
#8881 = AXIS2_PLACEMENT_3D('',#8882,#8883,#8884);
#8882 = CARTESIAN_POINT('',(-108.238196,31.144168,1.51));
#8883 = DIRECTION('',(-0.,0.,-1.));
#8884 = DIRECTION('',(-3.552713678801E-14,-1.,0.));
#8885 = FACE_BOUND('',#8886,.T.);
#8886 = EDGE_LOOP('',(#8887));
#8887 = ORIENTED_EDGE('',*,*,#8888,.T.);
#8888 = EDGE_CURVE('',#8889,#8889,#8891,.T.);
#8889 = VERTEX_POINT('',#8890);
#8890 = CARTESIAN_POINT('',(-109.894464,39.236115,1.51));
#8891 = CIRCLE('',#8892,0.95);
#8892 = AXIS2_PLACEMENT_3D('',#8893,#8894,#8895);
#8893 = CARTESIAN_POINT('',(-109.894464,40.186115,1.51));
#8894 = DIRECTION('',(-0.,0.,-1.));
#8895 = DIRECTION('',(-0.,-1.,0.));
#8896 = FACE_BOUND('',#8897,.T.);
#8897 = EDGE_LOOP('',(#8898));
#8898 = ORIENTED_EDGE('',*,*,#8899,.T.);
#8899 = EDGE_CURVE('',#8900,#8900,#8902,.T.);
#8900 = VERTEX_POINT('',#8901);
#8901 = CARTESIAN_POINT('',(-106.653906,38.197652,1.51));
#8902 = CIRCLE('',#8903,0.4);
#8903 = AXIS2_PLACEMENT_3D('',#8904,#8905,#8906);
#8904 = CARTESIAN_POINT('',(-106.653906,38.597652,1.51));
#8905 = DIRECTION('',(-0.,0.,-1.));
#8906 = DIRECTION('',(-0.,-1.,0.));
#8907 = FACE_BOUND('',#8908,.T.);
#8908 = EDGE_LOOP('',(#8909));
#8909 = ORIENTED_EDGE('',*,*,#8910,.T.);
#8910 = EDGE_CURVE('',#8911,#8911,#8913,.T.);
#8911 = VERTEX_POINT('',#8912);
#8912 = CARTESIAN_POINT('',(-98.872182,36.258613,1.51));
#8913 = CIRCLE('',#8914,0.8);
#8914 = AXIS2_PLACEMENT_3D('',#8915,#8916,#8917);
#8915 = CARTESIAN_POINT('',(-98.872182,37.058613,1.51));
#8916 = DIRECTION('',(-0.,0.,-1.));
#8917 = DIRECTION('',(1.7763568394E-14,-1.,-0.));
#8918 = FACE_BOUND('',#8919,.T.);
#8919 = EDGE_LOOP('',(#8920));
#8920 = ORIENTED_EDGE('',*,*,#8921,.T.);
#8921 = EDGE_CURVE('',#8922,#8922,#8924,.T.);
#8922 = VERTEX_POINT('',#8923);
#8923 = CARTESIAN_POINT('',(-84.237543,36.904277,1.51));
#8924 = CIRCLE('',#8925,0.4);
#8925 = AXIS2_PLACEMENT_3D('',#8926,#8927,#8928);
#8926 = CARTESIAN_POINT('',(-84.237543,37.304277,1.51));
#8927 = DIRECTION('',(-0.,0.,-1.));
#8928 = DIRECTION('',(-3.552713678801E-14,-1.,0.));
#8929 = FACE_BOUND('',#8930,.T.);
#8930 = EDGE_LOOP('',(#8931));
#8931 = ORIENTED_EDGE('',*,*,#8932,.T.);
#8932 = EDGE_CURVE('',#8933,#8933,#8935,.T.);
#8933 = VERTEX_POINT('',#8934);
#8934 = CARTESIAN_POINT('',(-87.359402,38.164919,1.51));
#8935 = CIRCLE('',#8936,0.95);
#8936 = AXIS2_PLACEMENT_3D('',#8937,#8938,#8939);
#8937 = CARTESIAN_POINT('',(-87.359402,39.114919,1.51));
#8938 = DIRECTION('',(-0.,0.,-1.));
#8939 = DIRECTION('',(-0.,-1.,0.));
#8940 = FACE_BOUND('',#8941,.T.);
#8941 = EDGE_LOOP('',(#8942));
#8942 = ORIENTED_EDGE('',*,*,#8943,.T.);
#8943 = EDGE_CURVE('',#8944,#8944,#8946,.T.);
#8944 = VERTEX_POINT('',#8945);
#8945 = CARTESIAN_POINT('',(-75.114569,-0.392677,1.51));
#8946 = CIRCLE('',#8947,0.4);
#8947 = AXIS2_PLACEMENT_3D('',#8948,#8949,#8950);
#8948 = CARTESIAN_POINT('',(-75.114569,7.322999999992E-03,1.51));
#8949 = DIRECTION('',(-0.,0.,-1.));
#8950 = DIRECTION('',(-3.552713678801E-14,-1.,0.));
#8951 = FACE_BOUND('',#8952,.T.);
#8952 = EDGE_LOOP('',(#8953));
#8953 = ORIENTED_EDGE('',*,*,#8954,.T.);
#8954 = EDGE_CURVE('',#8955,#8955,#8957,.T.);
#8955 = VERTEX_POINT('',#8956);
#8956 = CARTESIAN_POINT('',(-78.236427,0.867966,1.51));
#8957 = CIRCLE('',#8958,0.95);
#8958 = AXIS2_PLACEMENT_3D('',#8959,#8960,#8961);
#8959 = CARTESIAN_POINT('',(-78.236427,1.817966,1.51));
#8960 = DIRECTION('',(-0.,0.,-1.));
#8961 = DIRECTION('',(-1.495879443705E-14,-1.,0.));
#8962 = FACE_BOUND('',#8963,.T.);
#8963 = EDGE_LOOP('',(#8964));
#8964 = ORIENTED_EDGE('',*,*,#8965,.T.);
#8965 = EDGE_CURVE('',#8966,#8966,#8968,.T.);
#8966 = VERTEX_POINT('',#8967);
#8967 = CARTESIAN_POINT('',(-77.669636,4.083578,1.51));
#8968 = CIRCLE('',#8969,1.525);
#8969 = AXIS2_PLACEMENT_3D('',#8970,#8971,#8972);
#8970 = CARTESIAN_POINT('',(-77.669636,5.608578,1.51));
#8971 = DIRECTION('',(-0.,0.,-1.));
#8972 = DIRECTION('',(-0.,-1.,0.));
#8973 = FACE_BOUND('',#8974,.T.);
#8974 = EDGE_LOOP('',(#8975));
#8975 = ORIENTED_EDGE('',*,*,#8976,.T.);
#8976 = EDGE_CURVE('',#8977,#8977,#8979,.T.);
#8977 = VERTEX_POINT('',#8978);
#8978 = CARTESIAN_POINT('',(-67.499002,7.444794,1.51));
#8979 = CIRCLE('',#8980,0.8);
#8980 = AXIS2_PLACEMENT_3D('',#8981,#8982,#8983);
#8981 = CARTESIAN_POINT('',(-67.499002,8.244794,1.51));
#8982 = DIRECTION('',(-0.,0.,-1.));
#8983 = DIRECTION('',(-1.7763568394E-14,-1.,0.));
#8984 = FACE_BOUND('',#8985,.T.);
#8985 = EDGE_LOOP('',(#8986));
#8986 = ORIENTED_EDGE('',*,*,#8987,.T.);
#8987 = EDGE_CURVE('',#8988,#8988,#8990,.T.);
#8988 = VERTEX_POINT('',#8989);
#8989 = CARTESIAN_POINT('',(-54.964724,0.765646,1.51));
#8990 = CIRCLE('',#8991,0.4);
#8991 = AXIS2_PLACEMENT_3D('',#8992,#8993,#8994);
#8992 = CARTESIAN_POINT('',(-54.964724,1.165646,1.51));
#8993 = DIRECTION('',(-0.,0.,-1.));
#8994 = DIRECTION('',(1.7763568394E-14,-1.,-0.));
#8995 = FACE_BOUND('',#8996,.T.);
#8996 = EDGE_LOOP('',(#8997));
#8997 = ORIENTED_EDGE('',*,*,#8998,.T.);
#8998 = EDGE_CURVE('',#8999,#8999,#9001,.T.);
#8999 = VERTEX_POINT('',#9000);
#9000 = CARTESIAN_POINT('',(-44.273849,-0.536795,1.51));
#9001 = CIRCLE('',#9002,2.525);
#9002 = AXIS2_PLACEMENT_3D('',#9003,#9004,#9005);
#9003 = CARTESIAN_POINT('',(-44.273849,1.988205,1.51));
#9004 = DIRECTION('',(-0.,0.,-1.));
#9005 = DIRECTION('',(-0.,-1.,0.));
#9006 = FACE_BOUND('',#9007,.T.);
#9007 = EDGE_LOOP('',(#9008));
#9008 = ORIENTED_EDGE('',*,*,#9009,.T.);
#9009 = EDGE_CURVE('',#9010,#9010,#9012,.T.);
#9010 = VERTEX_POINT('',#9011);
#9011 = CARTESIAN_POINT('',(-49.560788,2.55421,1.51));
#9012 = CIRCLE('',#9013,0.95);
#9013 = AXIS2_PLACEMENT_3D('',#9014,#9015,#9016);
#9014 = CARTESIAN_POINT('',(-49.560788,3.50421,1.51));
#9015 = DIRECTION('',(-0.,0.,-1.));
#9016 = DIRECTION('',(-0.,-1.,0.));
#9017 = FACE_BOUND('',#9018,.T.);
#9018 = EDGE_LOOP('',(#9019));
#9019 = ORIENTED_EDGE('',*,*,#9020,.T.);
#9020 = EDGE_CURVE('',#9021,#9021,#9023,.T.);
#9021 = VERTEX_POINT('',#9022);
#9022 = CARTESIAN_POINT('',(-52.864364,8.090459,1.51));
#9023 = CIRCLE('',#9024,0.4);
#9024 = AXIS2_PLACEMENT_3D('',#9025,#9026,#9027);
#9025 = CARTESIAN_POINT('',(-52.864364,8.490459,1.51));
#9026 = DIRECTION('',(-0.,0.,-1.));
#9027 = DIRECTION('',(-0.,-1.,0.));
#9028 = FACE_BOUND('',#9029,.T.);
#9029 = EDGE_LOOP('',(#9030));
#9030 = ORIENTED_EDGE('',*,*,#9031,.T.);
#9031 = EDGE_CURVE('',#9032,#9032,#9034,.T.);
#9032 = VERTEX_POINT('',#9033);
#9033 = CARTESIAN_POINT('',(-42.647589,6.134649,1.51));
#9034 = CIRCLE('',#9035,1.525);
#9035 = AXIS2_PLACEMENT_3D('',#9036,#9037,#9038);
#9036 = CARTESIAN_POINT('',(-42.647589,7.659649,1.51));
#9037 = DIRECTION('',(-0.,0.,-1.));
#9038 = DIRECTION('',(-4.659296627935E-15,-1.,0.));
#9039 = FACE_BOUND('',#9040,.T.);
#9040 = EDGE_LOOP('',(#9041));
#9041 = ORIENTED_EDGE('',*,*,#9042,.T.);
#9042 = EDGE_CURVE('',#9043,#9043,#9045,.T.);
#9043 = VERTEX_POINT('',#9044);
#9044 = CARTESIAN_POINT('',(-71.964037,10.594547,1.51));
#9045 = CIRCLE('',#9046,0.4);
#9046 = AXIS2_PLACEMENT_3D('',#9047,#9048,#9049);
#9047 = CARTESIAN_POINT('',(-71.964037,10.994547,1.51));
#9048 = DIRECTION('',(-0.,0.,-1.));
#9049 = DIRECTION('',(-3.552713678801E-14,-1.,0.));
#9050 = FACE_BOUND('',#9051,.T.);
#9051 = EDGE_LOOP('',(#9052));
#9052 = ORIENTED_EDGE('',*,*,#9053,.T.);
#9053 = EDGE_CURVE('',#9054,#9054,#9056,.T.);
#9054 = VERTEX_POINT('',#9055);
#9055 = CARTESIAN_POINT('',(-61.273161,9.292105,1.51));
#9056 = CIRCLE('',#9057,2.525);
#9057 = AXIS2_PLACEMENT_3D('',#9058,#9059,#9060);
#9058 = CARTESIAN_POINT('',(-61.273161,11.817105,1.51));
#9059 = DIRECTION('',(-0.,0.,-1.));
#9060 = DIRECTION('',(-0.,-1.,0.));
#9061 = FACE_BOUND('',#9062,.T.);
#9062 = EDGE_LOOP('',(#9063));
#9063 = ORIENTED_EDGE('',*,*,#9064,.T.);
#9064 = EDGE_CURVE('',#9065,#9065,#9067,.T.);
#9065 = VERTEX_POINT('',#9066);
#9066 = CARTESIAN_POINT('',(-66.5601,12.38311,1.51));
#9067 = CIRCLE('',#9068,0.95);
#9068 = AXIS2_PLACEMENT_3D('',#9069,#9070,#9071);
#9069 = CARTESIAN_POINT('',(-66.5601,13.33311,1.51));
#9070 = DIRECTION('',(-0.,0.,-1.));
#9071 = DIRECTION('',(-0.,-1.,0.));
#9072 = FACE_BOUND('',#9073,.T.);
#9073 = EDGE_LOOP('',(#9074));
#9074 = ORIENTED_EDGE('',*,*,#9075,.T.);
#9075 = EDGE_CURVE('',#9076,#9076,#9078,.T.);
#9076 = VERTEX_POINT('',#9077);
#9077 = CARTESIAN_POINT('',(-69.863677,17.91936,1.51));
#9078 = CIRCLE('',#9079,0.4);
#9079 = AXIS2_PLACEMENT_3D('',#9080,#9081,#9082);
#9080 = CARTESIAN_POINT('',(-69.863677,18.31936,1.51));
#9081 = DIRECTION('',(-0.,0.,-1.));
#9082 = DIRECTION('',(-0.,-1.,0.));
#9083 = FACE_BOUND('',#9084,.T.);
#9084 = EDGE_LOOP('',(#9085));
#9085 = ORIENTED_EDGE('',*,*,#9086,.T.);
#9086 = EDGE_CURVE('',#9087,#9087,#9089,.T.);
#9087 = VERTEX_POINT('',#9088);
#9088 = CARTESIAN_POINT('',(-72.985535,19.18,1.51));
#9089 = CIRCLE('',#9090,0.95);
#9090 = AXIS2_PLACEMENT_3D('',#9091,#9092,#9093);
#9091 = CARTESIAN_POINT('',(-72.985535,20.13,1.51));
#9092 = DIRECTION('',(-0.,0.,-1.));
#9093 = DIRECTION('',(-0.,-1.,0.));
#9094 = FACE_BOUND('',#9095,.T.);
#9095 = EDGE_LOOP('',(#9096));
#9096 = ORIENTED_EDGE('',*,*,#9097,.T.);
#9097 = EDGE_CURVE('',#9098,#9098,#9100,.T.);
#9098 = VERTEX_POINT('',#9099);
#9099 = CARTESIAN_POINT('',(-55.986222,9.3511,1.51));
#9100 = CIRCLE('',#9101,0.95);
#9101 = AXIS2_PLACEMENT_3D('',#9102,#9103,#9104);
#9102 = CARTESIAN_POINT('',(-55.986222,10.3011,1.51));
#9103 = DIRECTION('',(-0.,0.,-1.));
#9104 = DIRECTION('',(-0.,-1.,0.));
#9105 = FACE_BOUND('',#9106,.T.);
#9106 = EDGE_LOOP('',(#9107));
#9107 = ORIENTED_EDGE('',*,*,#9108,.T.);
#9108 = EDGE_CURVE('',#9109,#9109,#9111,.T.);
#9109 = VERTEX_POINT('',#9110);
#9110 = CARTESIAN_POINT('',(-55.419431,12.566712,1.51));
#9111 = CIRCLE('',#9112,1.525);
#9112 = AXIS2_PLACEMENT_3D('',#9113,#9114,#9115);
#9113 = CARTESIAN_POINT('',(-55.419431,14.091712,1.51));
#9114 = DIRECTION('',(-0.,0.,-1.));
#9115 = DIRECTION('',(-0.,-1.,0.));
#9116 = FACE_BOUND('',#9117,.T.);
#9117 = EDGE_LOOP('',(#9118));
#9118 = ORIENTED_EDGE('',*,*,#9119,.T.);
#9119 = EDGE_CURVE('',#9120,#9120,#9122,.T.);
#9120 = VERTEX_POINT('',#9121);
#9121 = CARTESIAN_POINT('',(-59.646901,15.963549,1.51));
#9122 = CIRCLE('',#9123,1.525);
#9123 = AXIS2_PLACEMENT_3D('',#9124,#9125,#9126);
#9124 = CARTESIAN_POINT('',(-59.646901,17.488549,1.51));
#9125 = DIRECTION('',(-0.,0.,-1.));
#9126 = DIRECTION('',(-0.,-1.,0.));
#9127 = FACE_BOUND('',#9128,.T.);
#9128 = EDGE_LOOP('',(#9129));
#9129 = ORIENTED_EDGE('',*,*,#9130,.T.);
#9130 = EDGE_CURVE('',#9131,#9131,#9133,.T.);
#9131 = VERTEX_POINT('',#9132);
#9132 = CARTESIAN_POINT('',(-45.248799,15.92793,1.51));
#9133 = CIRCLE('',#9134,0.8);
#9134 = AXIS2_PLACEMENT_3D('',#9135,#9136,#9137);
#9135 = CARTESIAN_POINT('',(-45.248799,16.72793,1.51));
#9136 = DIRECTION('',(-0.,0.,-1.));
#9137 = DIRECTION('',(8.881784197001E-15,-1.,-0.));
#9138 = FACE_BOUND('',#9139,.T.);
#9139 = EDGE_LOOP('',(#9140));
#9140 = ORIENTED_EDGE('',*,*,#9141,.T.);
#9141 = EDGE_CURVE('',#9142,#9142,#9144,.T.);
#9142 = VERTEX_POINT('',#9143);
#9143 = CARTESIAN_POINT('',(-49.713833,19.077679,1.51));
#9144 = CIRCLE('',#9145,0.4);
#9145 = AXIS2_PLACEMENT_3D('',#9146,#9147,#9148);
#9146 = CARTESIAN_POINT('',(-49.713833,19.477679,1.51));
#9147 = DIRECTION('',(-0.,0.,-1.));
#9148 = DIRECTION('',(-0.,-1.,0.));
#9149 = FACE_BOUND('',#9150,.T.);
#9150 = EDGE_LOOP('',(#9151));
#9151 = ORIENTED_EDGE('',*,*,#9152,.T.);
#9152 = EDGE_CURVE('',#9153,#9153,#9155,.T.);
#9153 = VERTEX_POINT('',#9154);
#9154 = CARTESIAN_POINT('',(-38.98691,-0.4778,1.51));
#9155 = CIRCLE('',#9156,0.95);
#9156 = AXIS2_PLACEMENT_3D('',#9157,#9158,#9159);
#9157 = CARTESIAN_POINT('',(-38.98691,0.4722,1.51));
#9158 = DIRECTION('',(-0.,0.,-1.));
#9159 = DIRECTION('',(-7.479397218527E-15,-1.,0.));
#9160 = FACE_BOUND('',#9161,.T.);
#9161 = EDGE_LOOP('',(#9162));
#9162 = ORIENTED_EDGE('',*,*,#9163,.T.);
#9163 = EDGE_CURVE('',#9164,#9164,#9166,.T.);
#9164 = VERTEX_POINT('',#9165);
#9165 = CARTESIAN_POINT('',(-38.420119,2.737812,1.51));
#9166 = CIRCLE('',#9167,1.525);
#9167 = AXIS2_PLACEMENT_3D('',#9168,#9169,#9170);
#9168 = CARTESIAN_POINT('',(-38.420119,4.262812,1.51));
#9169 = DIRECTION('',(-0.,0.,-1.));
#9170 = DIRECTION('',(-0.,-1.,0.));
#9171 = FACE_BOUND('',#9172,.T.);
#9172 = EDGE_LOOP('',(#9173));
#9173 = ORIENTED_EDGE('',*,*,#9174,.T.);
#9174 = EDGE_CURVE('',#9175,#9175,#9177,.T.);
#9175 = VERTEX_POINT('',#9176);
#9176 = CARTESIAN_POINT('',(-32.714521,9.24878,1.51));
#9177 = CIRCLE('',#9178,0.4);
#9178 = AXIS2_PLACEMENT_3D('',#9179,#9180,#9181);
#9179 = CARTESIAN_POINT('',(-32.714521,9.64878,1.51));
#9180 = DIRECTION('',(-0.,0.,-1.));
#9181 = DIRECTION('',(1.7763568394E-14,-1.,-0.));
#9182 = FACE_BOUND('',#9183,.T.);
#9183 = EDGE_LOOP('',(#9184));
#9184 = ORIENTED_EDGE('',*,*,#9185,.T.);
#9185 = EDGE_CURVE('',#9186,#9186,#9188,.T.);
#9186 = VERTEX_POINT('',#9187);
#9187 = CARTESIAN_POINT('',(-30.614161,16.573593,1.51));
#9188 = CIRCLE('',#9189,0.4);
#9189 = AXIS2_PLACEMENT_3D('',#9190,#9191,#9192);
#9190 = CARTESIAN_POINT('',(-30.614161,16.973593,1.51));
#9191 = DIRECTION('',(-0.,0.,-1.));
#9192 = DIRECTION('',(8.881784197001E-15,-1.,-0.));
#9193 = FACE_BOUND('',#9194,.T.);
#9194 = EDGE_LOOP('',(#9195));
#9195 = ORIENTED_EDGE('',*,*,#9196,.T.);
#9196 = EDGE_CURVE('',#9197,#9197,#9199,.T.);
#9197 = VERTEX_POINT('',#9198);
#9198 = CARTESIAN_POINT('',(-33.736019,17.834236,1.51));
#9199 = CIRCLE('',#9200,0.95);
#9200 = AXIS2_PLACEMENT_3D('',#9201,#9202,#9203);
#9201 = CARTESIAN_POINT('',(-33.736019,18.784236,1.51));
#9202 = DIRECTION('',(-0.,0.,-1.));
#9203 = DIRECTION('',(-0.,-1.,0.));
#9204 = FACE_BOUND('',#9205,.T.);
#9205 = EDGE_LOOP('',(#9206));
#9206 = ORIENTED_EDGE('',*,*,#9207,.T.);
#9207 = EDGE_CURVE('',#9208,#9208,#9210,.T.);
#9208 = VERTEX_POINT('',#9209);
#9209 = CARTESIAN_POINT('',(-78.272474,19.121005,1.51));
#9210 = CIRCLE('',#9211,2.525);
#9211 = AXIS2_PLACEMENT_3D('',#9212,#9213,#9214);
#9212 = CARTESIAN_POINT('',(-78.272474,21.646005,1.51));
#9213 = DIRECTION('',(-0.,0.,-1.));
#9214 = DIRECTION('',(-5.628061273347E-15,-1.,0.));
#9215 = FACE_BOUND('',#9216,.T.);
#9216 = EDGE_LOOP('',(#9217));
#9217 = ORIENTED_EDGE('',*,*,#9218,.T.);
#9218 = EDGE_CURVE('',#9219,#9219,#9221,.T.);
#9219 = VERTEX_POINT('',#9220);
#9220 = CARTESIAN_POINT('',(-72.418744,22.395612,1.51));
#9221 = CIRCLE('',#9222,1.525);
#9222 = AXIS2_PLACEMENT_3D('',#9223,#9224,#9225);
#9223 = CARTESIAN_POINT('',(-72.418744,23.920612,1.51));
#9224 = DIRECTION('',(-0.,0.,-1.));
#9225 = DIRECTION('',(-0.,-1.,0.));
#9226 = FACE_BOUND('',#9227,.T.);
#9227 = EDGE_LOOP('',(#9228));
#9228 = ORIENTED_EDGE('',*,*,#9229,.T.);
#9229 = EDGE_CURVE('',#9230,#9230,#9232,.T.);
#9230 = VERTEX_POINT('',#9231);
#9231 = CARTESIAN_POINT('',(-76.646214,25.792449,1.51));
#9232 = CIRCLE('',#9233,1.525);
#9233 = AXIS2_PLACEMENT_3D('',#9234,#9235,#9236);
#9234 = CARTESIAN_POINT('',(-76.646214,27.317449,1.51));
#9235 = DIRECTION('',(-0.,0.,-1.));
#9236 = DIRECTION('',(-0.,-1.,0.));
#9237 = FACE_BOUND('',#9238,.T.);
#9238 = EDGE_LOOP('',(#9239));
#9239 = ORIENTED_EDGE('',*,*,#9240,.T.);
#9240 = EDGE_CURVE('',#9241,#9241,#9243,.T.);
#9241 = VERTEX_POINT('',#9242);
#9242 = CARTESIAN_POINT('',(-62.248111,25.75683,1.51));
#9243 = CIRCLE('',#9244,0.8);
#9244 = AXIS2_PLACEMENT_3D('',#9245,#9246,#9247);
#9245 = CARTESIAN_POINT('',(-62.248111,26.55683,1.51));
#9246 = DIRECTION('',(-0.,0.,-1.));
#9247 = DIRECTION('',(-8.881784197001E-15,-1.,0.));
#9248 = FACE_BOUND('',#9249,.T.);
#9249 = EDGE_LOOP('',(#9250));
#9250 = ORIENTED_EDGE('',*,*,#9251,.T.);
#9251 = EDGE_CURVE('',#9252,#9252,#9254,.T.);
#9252 = VERTEX_POINT('',#9253);
#9253 = CARTESIAN_POINT('',(-66.713145,28.906581,1.51));
#9254 = CIRCLE('',#9255,0.4);
#9255 = AXIS2_PLACEMENT_3D('',#9256,#9257,#9258);
#9256 = CARTESIAN_POINT('',(-66.713145,29.306581,1.51));
#9257 = DIRECTION('',(-0.,0.,-1.));
#9258 = DIRECTION('',(-0.,-1.,0.));
#9259 = FACE_BOUND('',#9260,.T.);
#9260 = EDGE_LOOP('',(#9261));
#9261 = ORIENTED_EDGE('',*,*,#9262,.T.);
#9262 = EDGE_CURVE('',#9263,#9263,#9265,.T.);
#9263 = VERTEX_POINT('',#9264);
#9264 = CARTESIAN_POINT('',(-44.309897,20.866246,1.51));
#9265 = CIRCLE('',#9266,0.95);
#9266 = AXIS2_PLACEMENT_3D('',#9267,#9268,#9269);
#9267 = CARTESIAN_POINT('',(-44.309897,21.816246,1.51));
#9268 = DIRECTION('',(-0.,0.,-1.));
#9269 = DIRECTION('',(-0.,-1.,0.));
#9270 = FACE_BOUND('',#9271,.T.);
#9271 = EDGE_LOOP('',(#9272));
#9272 = ORIENTED_EDGE('',*,*,#9273,.T.);
#9273 = EDGE_CURVE('',#9274,#9274,#9276,.T.);
#9274 = VERTEX_POINT('',#9275);
#9275 = CARTESIAN_POINT('',(-56.02227,27.604141,1.51));
#9276 = CIRCLE('',#9277,2.525);
#9277 = AXIS2_PLACEMENT_3D('',#9278,#9279,#9280);
#9278 = CARTESIAN_POINT('',(-56.02227,30.129141,1.51));
#9279 = DIRECTION('',(-0.,0.,-1.));
#9280 = DIRECTION('',(-0.,-1.,0.));
#9281 = FACE_BOUND('',#9282,.T.);
#9282 = EDGE_LOOP('',(#9283));
#9283 = ORIENTED_EDGE('',*,*,#9284,.T.);
#9284 = EDGE_CURVE('',#9285,#9285,#9287,.T.);
#9285 = VERTEX_POINT('',#9286);
#9286 = CARTESIAN_POINT('',(-50.735331,27.663136,1.51));
#9287 = CIRCLE('',#9288,0.95);
#9288 = AXIS2_PLACEMENT_3D('',#9289,#9290,#9291);
#9289 = CARTESIAN_POINT('',(-50.735331,28.613136,1.51));
#9290 = DIRECTION('',(-0.,0.,-1.));
#9291 = DIRECTION('',(-0.,-1.,0.));
#9292 = FACE_BOUND('',#9293,.T.);
#9293 = EDGE_LOOP('',(#9294));
#9294 = ORIENTED_EDGE('',*,*,#9295,.T.);
#9295 = EDGE_CURVE('',#9296,#9296,#9298,.T.);
#9296 = VERTEX_POINT('',#9297);
#9297 = CARTESIAN_POINT('',(-47.613473,26.402492,1.51));
#9298 = CIRCLE('',#9299,0.4);
#9299 = AXIS2_PLACEMENT_3D('',#9300,#9301,#9302);
#9300 = CARTESIAN_POINT('',(-47.613473,26.802492,1.51));
#9301 = DIRECTION('',(-0.,0.,-1.));
#9302 = DIRECTION('',(-0.,-1.,0.));
#9303 = FACE_BOUND('',#9304,.T.);
#9304 = EDGE_LOOP('',(#9305));
#9305 = ORIENTED_EDGE('',*,*,#9306,.T.);
#9306 = EDGE_CURVE('',#9307,#9307,#9309,.T.);
#9307 = VERTEX_POINT('',#9308);
#9308 = CARTESIAN_POINT('',(-61.309209,30.695146,1.51));
#9309 = CIRCLE('',#9310,0.95);
#9310 = AXIS2_PLACEMENT_3D('',#9311,#9312,#9313);
#9311 = CARTESIAN_POINT('',(-61.309209,31.645146,1.51));
#9312 = DIRECTION('',(-0.,0.,-1.));
#9313 = DIRECTION('',(-7.479397218527E-15,-1.,0.));
#9314 = FACE_BOUND('',#9315,.T.);
#9315 = EDGE_LOOP('',(#9316));
#9316 = ORIENTED_EDGE('',*,*,#9317,.T.);
#9317 = EDGE_CURVE('',#9318,#9318,#9320,.T.);
#9318 = VERTEX_POINT('',#9319);
#9319 = CARTESIAN_POINT('',(-79.247425,35.58573,1.51));
#9320 = CIRCLE('',#9321,0.8);
#9321 = AXIS2_PLACEMENT_3D('',#9322,#9323,#9324);
#9322 = CARTESIAN_POINT('',(-79.247425,36.38573,1.51));
#9323 = DIRECTION('',(-0.,0.,-1.));
#9324 = DIRECTION('',(-1.7763568394E-14,-1.,0.));
#9325 = FACE_BOUND('',#9326,.T.);
#9326 = EDGE_LOOP('',(#9327));
#9327 = ORIENTED_EDGE('',*,*,#9328,.T.);
#9328 = EDGE_CURVE('',#9329,#9329,#9331,.T.);
#9329 = VERTEX_POINT('',#9330);
#9330 = CARTESIAN_POINT('',(-73.021584,37.433041,1.51));
#9331 = CIRCLE('',#9332,2.525);
#9332 = AXIS2_PLACEMENT_3D('',#9333,#9334,#9335);
#9333 = CARTESIAN_POINT('',(-73.021584,39.958041,1.51));
#9334 = DIRECTION('',(-0.,0.,-1.));
#9335 = DIRECTION('',(-5.628061273347E-15,-1.,0.));
#9336 = FACE_BOUND('',#9337,.T.);
#9337 = EDGE_LOOP('',(#9338));
#9338 = ORIENTED_EDGE('',*,*,#9339,.T.);
#9339 = EDGE_CURVE('',#9340,#9340,#9342,.T.);
#9340 = VERTEX_POINT('',#9341);
#9341 = CARTESIAN_POINT('',(-64.612785,36.231394,1.51));
#9342 = CIRCLE('',#9343,0.4);
#9343 = AXIS2_PLACEMENT_3D('',#9344,#9345,#9346);
#9344 = CARTESIAN_POINT('',(-64.612785,36.631394,1.51));
#9345 = DIRECTION('',(-0.,0.,-1.));
#9346 = DIRECTION('',(-0.,-1.,0.));
#9347 = FACE_BOUND('',#9348,.T.);
#9348 = EDGE_LOOP('',(#9349));
#9349 = ORIENTED_EDGE('',*,*,#9350,.T.);
#9350 = EDGE_CURVE('',#9351,#9351,#9353,.T.);
#9351 = VERTEX_POINT('',#9352);
#9352 = CARTESIAN_POINT('',(-67.734645,37.492036,1.51));
#9353 = CIRCLE('',#9354,0.95);
#9354 = AXIS2_PLACEMENT_3D('',#9355,#9356,#9357);
#9355 = CARTESIAN_POINT('',(-67.734645,38.442036,1.51));
#9356 = DIRECTION('',(-0.,0.,-1.));
#9357 = DIRECTION('',(-0.,-1.,0.));
#9358 = FACE_BOUND('',#9359,.T.);
#9359 = EDGE_LOOP('',(#9360));
#9360 = ORIENTED_EDGE('',*,*,#9361,.T.);
#9361 = EDGE_CURVE('',#9362,#9362,#9364,.T.);
#9362 = VERTEX_POINT('',#9363);
#9363 = CARTESIAN_POINT('',(-50.16854,30.878748,1.51));
#9364 = CIRCLE('',#9365,1.525);
#9365 = AXIS2_PLACEMENT_3D('',#9366,#9367,#9368);
#9366 = CARTESIAN_POINT('',(-50.16854,32.403748,1.51));
#9367 = DIRECTION('',(-0.,0.,-1.));
#9368 = DIRECTION('',(-0.,-1.,0.));
#9369 = FACE_BOUND('',#9370,.T.);
#9370 = EDGE_LOOP('',(#9371));
#9371 = ORIENTED_EDGE('',*,*,#9372,.T.);
#9372 = EDGE_CURVE('',#9373,#9373,#9375,.T.);
#9373 = VERTEX_POINT('',#9374);
#9374 = CARTESIAN_POINT('',(-39.997907,34.239965,1.51));
#9375 = CIRCLE('',#9376,0.8);
#9376 = AXIS2_PLACEMENT_3D('',#9377,#9378,#9379);
#9377 = CARTESIAN_POINT('',(-39.997907,35.039965,1.51));
#9378 = DIRECTION('',(-0.,0.,-1.));
#9379 = DIRECTION('',(-0.,-1.,0.));
#9380 = FACE_BOUND('',#9381,.T.);
#9381 = EDGE_LOOP('',(#9382));
#9382 = ORIENTED_EDGE('',*,*,#9383,.T.);
#9383 = EDGE_CURVE('',#9384,#9384,#9386,.T.);
#9384 = VERTEX_POINT('',#9385);
#9385 = CARTESIAN_POINT('',(-54.39601,34.275585,1.51));
#9386 = CIRCLE('',#9387,1.525);
#9387 = AXIS2_PLACEMENT_3D('',#9388,#9389,#9390);
#9388 = CARTESIAN_POINT('',(-54.39601,35.800585,1.51));
#9389 = DIRECTION('',(-0.,0.,-1.));
#9390 = DIRECTION('',(4.659296627935E-15,-1.,-0.));
#9391 = FACE_BOUND('',#9392,.T.);
#9392 = EDGE_LOOP('',(#9393));
#9393 = ORIENTED_EDGE('',*,*,#9394,.T.);
#9394 = EDGE_CURVE('',#9395,#9395,#9397,.T.);
#9395 = VERTEX_POINT('',#9396);
#9396 = CARTESIAN_POINT('',(-44.462941,37.389716,1.51));
#9397 = CIRCLE('',#9398,0.4);
#9398 = AXIS2_PLACEMENT_3D('',#9399,#9400,#9401);
#9399 = CARTESIAN_POINT('',(-44.462941,37.789716,1.51));
#9400 = DIRECTION('',(-0.,0.,-1.));
#9401 = DIRECTION('',(-0.,-1.,0.));
#9402 = FACE_BOUND('',#9403,.T.);
#9403 = EDGE_LOOP('',(#9404));
#9404 = ORIENTED_EDGE('',*,*,#9405,.T.);
#9405 = EDGE_CURVE('',#9406,#9406,#9408,.T.);
#9406 = VERTEX_POINT('',#9407);
#9407 = CARTESIAN_POINT('',(-39.022958,17.775241,1.51));
#9408 = CIRCLE('',#9409,2.525);
#9409 = AXIS2_PLACEMENT_3D('',#9410,#9411,#9412);
#9410 = CARTESIAN_POINT('',(-39.022958,20.300241,1.51));
#9411 = DIRECTION('',(-0.,0.,-1.));
#9412 = DIRECTION('',(-0.,-1.,0.));
#9413 = FACE_BOUND('',#9414,.T.);
#9414 = EDGE_LOOP('',(#9415));
#9415 = ORIENTED_EDGE('',*,*,#9416,.T.);
#9416 = EDGE_CURVE('',#9417,#9417,#9419,.T.);
#9417 = VERTEX_POINT('',#9418);
#9418 = CARTESIAN_POINT('',(-33.169228,21.049848,1.51));
#9419 = CIRCLE('',#9420,1.525);
#9420 = AXIS2_PLACEMENT_3D('',#9421,#9422,#9423);
#9421 = CARTESIAN_POINT('',(-33.169228,22.574848,1.51));
#9422 = DIRECTION('',(-0.,0.,-1.));
#9423 = DIRECTION('',(4.659296627935E-15,-1.,-0.));
#9424 = FACE_BOUND('',#9425,.T.);
#9425 = EDGE_LOOP('',(#9426));
#9426 = ORIENTED_EDGE('',*,*,#9427,.T.);
#9427 = EDGE_CURVE('',#9428,#9428,#9430,.T.);
#9428 = VERTEX_POINT('',#9429);
#9429 = CARTESIAN_POINT('',(-37.396698,24.446685,1.51));
#9430 = CIRCLE('',#9431,1.525);
#9431 = AXIS2_PLACEMENT_3D('',#9432,#9433,#9434);
#9432 = CARTESIAN_POINT('',(-37.396698,25.971685,1.51));
#9433 = DIRECTION('',(-0.,0.,-1.));
#9434 = DIRECTION('',(-0.,-1.,0.));
#9435 = FACE_BOUND('',#9436,.T.);
#9436 = EDGE_LOOP('',(#9437));
#9437 = ORIENTED_EDGE('',*,*,#9438,.T.);
#9438 = EDGE_CURVE('',#9439,#9439,#9441,.T.);
#9439 = VERTEX_POINT('',#9440);
#9440 = CARTESIAN_POINT('',(-27.463629,27.560815,1.51));
#9441 = CIRCLE('',#9442,0.4);
#9442 = AXIS2_PLACEMENT_3D('',#9443,#9444,#9445);
#9443 = CARTESIAN_POINT('',(-27.463629,27.960815,1.51));
#9444 = DIRECTION('',(-0.,0.,-1.));
#9445 = DIRECTION('',(-8.881784197001E-15,-1.,0.));
#9446 = FACE_BOUND('',#9447,.T.);
#9447 = EDGE_LOOP('',(#9448));
#9448 = ORIENTED_EDGE('',*,*,#9449,.T.);
#9449 = EDGE_CURVE('',#9450,#9450,#9452,.T.);
#9450 = VERTEX_POINT('',#9451);
#9451 = CARTESIAN_POINT('',(-8.89,19.802373,1.51));
#9452 = CIRCLE('',#9453,0.51);
#9453 = AXIS2_PLACEMENT_3D('',#9454,#9455,#9456);
#9454 = CARTESIAN_POINT('',(-8.89,20.312373,1.51));
#9455 = DIRECTION('',(-0.,0.,-1.));
#9456 = DIRECTION('',(-0.,-1.,0.));
#9457 = FACE_BOUND('',#9458,.T.);
#9458 = EDGE_LOOP('',(#9459));
#9459 = ORIENTED_EDGE('',*,*,#9460,.T.);
#9460 = EDGE_CURVE('',#9461,#9461,#9463,.T.);
#9461 = VERTEX_POINT('',#9462);
#9462 = CARTESIAN_POINT('',(-2.54,20.032373,1.51));
#9463 = CIRCLE('',#9464,0.51);
#9464 = AXIS2_PLACEMENT_3D('',#9465,#9466,#9467);
#9465 = CARTESIAN_POINT('',(-2.54,20.542373,1.51));
#9466 = DIRECTION('',(-0.,0.,-1.));
#9467 = DIRECTION('',(-0.,-1.,0.));
#9468 = FACE_BOUND('',#9469,.T.);
#9469 = EDGE_LOOP('',(#9470));
#9470 = ORIENTED_EDGE('',*,*,#9471,.T.);
#9471 = EDGE_CURVE('',#9472,#9472,#9474,.T.);
#9472 = VERTEX_POINT('',#9473);
#9473 = CARTESIAN_POINT('',(-8.89,22.342373,1.51));
#9474 = CIRCLE('',#9475,0.51);
#9475 = AXIS2_PLACEMENT_3D('',#9476,#9477,#9478);
#9476 = CARTESIAN_POINT('',(-8.89,22.852373,1.51));
#9477 = DIRECTION('',(-0.,0.,-1.));
#9478 = DIRECTION('',(-0.,-1.,0.));
#9479 = FACE_BOUND('',#9480,.T.);
#9480 = EDGE_LOOP('',(#9481));
#9481 = ORIENTED_EDGE('',*,*,#9482,.T.);
#9482 = EDGE_CURVE('',#9483,#9483,#9485,.T.);
#9483 = VERTEX_POINT('',#9484);
#9484 = CARTESIAN_POINT('',(-8.89,24.882373,1.51));
#9485 = CIRCLE('',#9486,0.51);
#9486 = AXIS2_PLACEMENT_3D('',#9487,#9488,#9489);
#9487 = CARTESIAN_POINT('',(-8.89,25.392373,1.51));
#9488 = DIRECTION('',(-0.,0.,-1.));
#9489 = DIRECTION('',(-0.,-1.,0.));
#9490 = FACE_BOUND('',#9491,.T.);
#9491 = EDGE_LOOP('',(#9492));
#9492 = ORIENTED_EDGE('',*,*,#9493,.T.);
#9493 = EDGE_CURVE('',#9494,#9494,#9496,.T.);
#9494 = VERTEX_POINT('',#9495);
#9495 = CARTESIAN_POINT('',(-8.89,27.422373,1.51));
#9496 = CIRCLE('',#9497,0.51);
#9497 = AXIS2_PLACEMENT_3D('',#9498,#9499,#9500);
#9498 = CARTESIAN_POINT('',(-8.89,27.932373,1.51));
#9499 = DIRECTION('',(-0.,0.,-1.));
#9500 = DIRECTION('',(-0.,-1.,0.));
#9501 = FACE_BOUND('',#9502,.T.);
#9502 = EDGE_LOOP('',(#9503));
#9503 = ORIENTED_EDGE('',*,*,#9504,.T.);
#9504 = EDGE_CURVE('',#9505,#9505,#9507,.T.);
#9505 = VERTEX_POINT('',#9506);
#9506 = CARTESIAN_POINT('',(-25.363269,34.885628,1.51));
#9507 = CIRCLE('',#9508,0.4);
#9508 = AXIS2_PLACEMENT_3D('',#9509,#9510,#9511);
#9509 = CARTESIAN_POINT('',(-25.363269,35.285628,1.51));
#9510 = DIRECTION('',(-0.,0.,-1.));
#9511 = DIRECTION('',(8.881784197001E-15,-1.,-0.));
#9512 = FACE_BOUND('',#9513,.T.);
#9513 = EDGE_LOOP('',(#9514));
#9514 = ORIENTED_EDGE('',*,*,#9515,.T.);
#9515 = EDGE_CURVE('',#9516,#9516,#9518,.T.);
#9516 = VERTEX_POINT('',#9517);
#9517 = CARTESIAN_POINT('',(-39.059005,39.178281,1.51));
#9518 = CIRCLE('',#9519,0.95);
#9519 = AXIS2_PLACEMENT_3D('',#9520,#9521,#9522);
#9520 = CARTESIAN_POINT('',(-39.059005,40.128281,1.51));
#9521 = DIRECTION('',(-0.,0.,-1.));
#9522 = DIRECTION('',(-0.,-1.,0.));
#9523 = FACE_BOUND('',#9524,.T.);
#9524 = EDGE_LOOP('',(#9525));
#9525 = ORIENTED_EDGE('',*,*,#9526,.T.);
#9526 = EDGE_CURVE('',#9527,#9527,#9529,.T.);
#9527 = VERTEX_POINT('',#9528);
#9528 = CARTESIAN_POINT('',(-33.772066,36.087276,1.51));
#9529 = CIRCLE('',#9530,2.525);
#9530 = AXIS2_PLACEMENT_3D('',#9531,#9532,#9533);
#9531 = CARTESIAN_POINT('',(-33.772066,38.612276,1.51));
#9532 = DIRECTION('',(-0.,0.,-1.));
#9533 = DIRECTION('',(-0.,-1.,0.));
#9534 = FACE_BOUND('',#9535,.T.);
#9535 = EDGE_LOOP('',(#9536));
#9536 = ORIENTED_EDGE('',*,*,#9537,.T.);
#9537 = EDGE_CURVE('',#9538,#9538,#9540,.T.);
#9538 = VERTEX_POINT('',#9539);
#9539 = CARTESIAN_POINT('',(-28.485127,36.146271,1.51));
#9540 = CIRCLE('',#9541,0.95);
#9541 = AXIS2_PLACEMENT_3D('',#9542,#9543,#9544);
#9542 = CARTESIAN_POINT('',(-28.485127,37.096271,1.51));
#9543 = DIRECTION('',(-0.,0.,-1.));
#9544 = DIRECTION('',(-0.,-1.,0.));
#9545 = FACE_BOUND('',#9546,.T.);
#9546 = EDGE_LOOP('',(#9547));
#9547 = ORIENTED_EDGE('',*,*,#9548,.T.);
#9548 = EDGE_CURVE('',#9549,#9549,#9551,.T.);
#9549 = VERTEX_POINT('',#9550);
#9550 = CARTESIAN_POINT('',(-8.89,29.962373,1.51));
#9551 = CIRCLE('',#9552,0.51);
#9552 = AXIS2_PLACEMENT_3D('',#9553,#9554,#9555);
#9553 = CARTESIAN_POINT('',(-8.89,30.472373,1.51));
#9554 = DIRECTION('',(-0.,0.,-1.));
#9555 = DIRECTION('',(-0.,-1.,0.));
#9556 = FACE_BOUND('',#9557,.T.);
#9557 = EDGE_LOOP('',(#9558));
#9558 = ORIENTED_EDGE('',*,*,#9559,.T.);
#9559 = EDGE_CURVE('',#9560,#9560,#9562,.T.);
#9560 = VERTEX_POINT('',#9561);
#9561 = CARTESIAN_POINT('',(-8.89,32.502373,1.51));
#9562 = CIRCLE('',#9563,0.51);
#9563 = AXIS2_PLACEMENT_3D('',#9564,#9565,#9566);
#9564 = CARTESIAN_POINT('',(-8.89,33.012373,1.51));
#9565 = DIRECTION('',(-0.,0.,-1.));
#9566 = DIRECTION('',(-0.,-1.,0.));
#9567 = FACE_BOUND('',#9568,.T.);
#9568 = EDGE_LOOP('',(#9569));
#9569 = ORIENTED_EDGE('',*,*,#9570,.T.);
#9570 = EDGE_CURVE('',#9571,#9571,#9573,.T.);
#9571 = VERTEX_POINT('',#9572);
#9572 = CARTESIAN_POINT('',(-8.89,35.042373,1.51));
#9573 = CIRCLE('',#9574,0.51);
#9574 = AXIS2_PLACEMENT_3D('',#9575,#9576,#9577);
#9575 = CARTESIAN_POINT('',(-8.89,35.552373,1.51));
#9576 = DIRECTION('',(-0.,0.,-1.));
#9577 = DIRECTION('',(-0.,-1.,0.));
#9578 = FACE_BOUND('',#9579,.T.);
#9579 = EDGE_LOOP('',(#9580));
#9580 = ORIENTED_EDGE('',*,*,#9581,.T.);
#9581 = EDGE_CURVE('',#9582,#9582,#9584,.T.);
#9582 = VERTEX_POINT('',#9583);
#9583 = CARTESIAN_POINT('',(-8.89,37.582373,1.51));
#9584 = CIRCLE('',#9585,0.51);
#9585 = AXIS2_PLACEMENT_3D('',#9586,#9587,#9588);
#9586 = CARTESIAN_POINT('',(-8.89,38.092373,1.51));
#9587 = DIRECTION('',(-0.,0.,-1.));
#9588 = DIRECTION('',(-0.,-1.,0.));
#9589 = FACE_BOUND('',#9590,.T.);
#9590 = EDGE_LOOP('',(#9591));
#9591 = ORIENTED_EDGE('',*,*,#9592,.T.);
#9592 = EDGE_CURVE('',#9593,#9593,#9595,.T.);
#9593 = VERTEX_POINT('',#9594);
#9594 = CARTESIAN_POINT('',(-139.86947,40.492444,1.51));
#9595 = CIRCLE('',#9596,0.8);
#9596 = AXIS2_PLACEMENT_3D('',#9597,#9598,#9599);
#9597 = CARTESIAN_POINT('',(-139.86947,41.292444,1.51));
#9598 = DIRECTION('',(-0.,0.,-1.));
#9599 = DIRECTION('',(-3.552713678801E-14,-1.,0.));
#9600 = FACE_BOUND('',#9601,.T.);
#9601 = EDGE_LOOP('',(#9602));
#9602 = ORIENTED_EDGE('',*,*,#9603,.T.);
#9603 = EDGE_CURVE('',#9604,#9604,#9606,.T.);
#9604 = VERTEX_POINT('',#9605);
#9605 = CARTESIAN_POINT('',(-139.287798,45.48386,1.51));
#9606 = CIRCLE('',#9607,0.95);
#9607 = AXIS2_PLACEMENT_3D('',#9608,#9609,#9610);
#9608 = CARTESIAN_POINT('',(-139.287798,46.43386,1.51));
#9609 = DIRECTION('',(-0.,0.,-1.));
#9610 = DIRECTION('',(-0.,-1.,0.));
#9611 = FACE_BOUND('',#9612,.T.);
#9612 = EDGE_LOOP('',(#9613));
#9613 = ORIENTED_EDGE('',*,*,#9614,.T.);
#9614 = EDGE_CURVE('',#9615,#9615,#9617,.T.);
#9615 = VERTEX_POINT('',#9616);
#9616 = CARTESIAN_POINT('',(-133.907987,42.765346,1.51));
#9617 = CIRCLE('',#9618,2.525);
#9618 = AXIS2_PLACEMENT_3D('',#9619,#9620,#9621);
#9619 = CARTESIAN_POINT('',(-133.907987,45.290346,1.51));
#9620 = DIRECTION('',(-0.,0.,-1.));
#9621 = DIRECTION('',(-0.,-1.,0.));
#9622 = FACE_BOUND('',#9623,.T.);
#9623 = EDGE_LOOP('',(#9624));
#9624 = ORIENTED_EDGE('',*,*,#9625,.T.);
#9625 = EDGE_CURVE('',#9626,#9626,#9628,.T.);
#9626 = VERTEX_POINT('',#9627);
#9627 = CARTESIAN_POINT('',(-125.287617,42.158371,1.51));
#9628 = CIRCLE('',#9629,0.4);
#9629 = AXIS2_PLACEMENT_3D('',#9630,#9631,#9632);
#9630 = CARTESIAN_POINT('',(-125.287617,42.558371,1.51));
#9631 = DIRECTION('',(-0.,0.,-1.));
#9632 = DIRECTION('',(3.5527136788E-14,-1.,-0.));
#9633 = FACE_BOUND('',#9634,.T.);
#9634 = EDGE_LOOP('',(#9635));
#9635 = ORIENTED_EDGE('',*,*,#9636,.T.);
#9636 = EDGE_CURVE('',#9637,#9637,#9639,.T.);
#9637 = VERTEX_POINT('',#9638);
#9638 = CARTESIAN_POINT('',(-120.654086,41.523143,1.51));
#9639 = CIRCLE('',#9640,0.95);
#9640 = AXIS2_PLACEMENT_3D('',#9641,#9642,#9643);
#9641 = CARTESIAN_POINT('',(-120.654086,42.473143,1.51));
#9642 = DIRECTION('',(-0.,0.,-1.));
#9643 = DIRECTION('',(-0.,-1.,0.));
#9644 = FACE_BOUND('',#9645,.T.);
#9645 = EDGE_LOOP('',(#9646));
#9646 = ORIENTED_EDGE('',*,*,#9647,.T.);
#9647 = EDGE_CURVE('',#9648,#9648,#9650,.T.);
#9648 = VERTEX_POINT('',#9649);
#9649 = CARTESIAN_POINT('',(-128.528176,43.196832,1.51));
#9650 = CIRCLE('',#9651,0.95);
#9651 = AXIS2_PLACEMENT_3D('',#9652,#9653,#9654);
#9652 = CARTESIAN_POINT('',(-128.528176,44.146832,1.51));
#9653 = DIRECTION('',(-0.,0.,-1.));
#9654 = DIRECTION('',(-0.,-1.,0.));
#9655 = FACE_BOUND('',#9656,.T.);
#9656 = EDGE_LOOP('',(#9657));
#9657 = ORIENTED_EDGE('',*,*,#9658,.T.);
#9658 = EDGE_CURVE('',#9659,#9659,#9661,.T.);
#9659 = VERTEX_POINT('',#9660);
#9660 = CARTESIAN_POINT('',(-128.227185,46.442747,1.51));
#9661 = CIRCLE('',#9662,1.525);
#9662 = AXIS2_PLACEMENT_3D('',#9663,#9664,#9665);
#9663 = CARTESIAN_POINT('',(-128.227185,47.967747,1.51));
#9664 = DIRECTION('',(-0.,0.,-1.));
#9665 = DIRECTION('',(-0.,-1.,0.));
#9666 = FACE_BOUND('',#9667,.T.);
#9667 = EDGE_LOOP('',(#9668));
#9668 = ORIENTED_EDGE('',*,*,#9669,.T.);
#9669 = EDGE_CURVE('',#9670,#9670,#9672,.T.);
#9670 = VERTEX_POINT('',#9671);
#9671 = CARTESIAN_POINT('',(-132.681308,49.536417,1.51));
#9672 = CIRCLE('',#9673,1.525);
#9673 = AXIS2_PLACEMENT_3D('',#9674,#9675,#9676);
#9674 = CARTESIAN_POINT('',(-132.681308,51.061417,1.51));
#9675 = DIRECTION('',(-0.,0.,-1.));
#9676 = DIRECTION('',(-0.,-1.,0.));
#9677 = FACE_BOUND('',#9678,.T.);
#9678 = EDGE_LOOP('',(#9679));
#9679 = ORIENTED_EDGE('',*,*,#9680,.T.);
#9680 = EDGE_CURVE('',#9681,#9681,#9683,.T.);
#9681 = VERTEX_POINT('',#9682);
#9682 = CARTESIAN_POINT('',(-122.91119,53.338598,1.51));
#9683 = CIRCLE('',#9684,0.4);
#9684 = AXIS2_PLACEMENT_3D('',#9685,#9686,#9687);
#9685 = CARTESIAN_POINT('',(-122.91119,53.738598,1.51));
#9686 = DIRECTION('',(-0.,0.,-1.));
#9687 = DIRECTION('',(-0.,-1.,0.));
#9688 = FACE_BOUND('',#9689,.T.);
#9689 = EDGE_LOOP('',(#9690));
#9690 = ORIENTED_EDGE('',*,*,#9691,.T.);
#9691 = EDGE_CURVE('',#9692,#9692,#9694,.T.);
#9692 = VERTEX_POINT('',#9693);
#9693 = CARTESIAN_POINT('',(-135.908752,59.126156,1.51));
#9694 = CIRCLE('',#9695,0.8);
#9695 = AXIS2_PLACEMENT_3D('',#9696,#9697,#9698);
#9696 = CARTESIAN_POINT('',(-135.908752,59.926156,1.51));
#9697 = DIRECTION('',(-0.,0.,-1.));
#9698 = DIRECTION('',(-0.,-1.,0.));
#9699 = FACE_BOUND('',#9700,.T.);
#9700 = EDGE_LOOP('',(#9701));
#9701 = ORIENTED_EDGE('',*,*,#9702,.T.);
#9702 = EDGE_CURVE('',#9703,#9703,#9705,.T.);
#9703 = VERTEX_POINT('',#9704);
#9704 = CARTESIAN_POINT('',(-115.274275,38.804629,1.51));
#9705 = CIRCLE('',#9706,2.525);
#9706 = AXIS2_PLACEMENT_3D('',#9707,#9708,#9709);
#9707 = CARTESIAN_POINT('',(-115.274275,41.329629,1.51));
#9708 = DIRECTION('',(-0.,0.,-1.));
#9709 = DIRECTION('',(-5.628061273347E-15,-1.,0.));
#9710 = FACE_BOUND('',#9711,.T.);
#9711 = EDGE_LOOP('',(#9712));
#9712 = ORIENTED_EDGE('',*,*,#9713,.T.);
#9713 = EDGE_CURVE('',#9714,#9714,#9716,.T.);
#9714 = VERTEX_POINT('',#9715);
#9715 = CARTESIAN_POINT('',(-109.593473,42.48203,1.51));
#9716 = CIRCLE('',#9717,1.525);
#9717 = AXIS2_PLACEMENT_3D('',#9718,#9719,#9720);
#9718 = CARTESIAN_POINT('',(-109.593473,44.00703,1.51));
#9719 = DIRECTION('',(-0.,0.,-1.));
#9720 = DIRECTION('',(-9.31859325587E-15,-1.,0.));
#9721 = FACE_BOUND('',#9722,.T.);
#9722 = EDGE_LOOP('',(#9723));
#9723 = ORIENTED_EDGE('',*,*,#9724,.T.);
#9724 = EDGE_CURVE('',#9725,#9725,#9727,.T.);
#9725 = VERTEX_POINT('',#9726);
#9726 = CARTESIAN_POINT('',(-114.047596,45.5757,1.51));
#9727 = CIRCLE('',#9728,1.525);
#9728 = AXIS2_PLACEMENT_3D('',#9729,#9730,#9731);
#9729 = CARTESIAN_POINT('',(-114.047596,47.1007,1.51));
#9730 = DIRECTION('',(-0.,0.,-1.));
#9731 = DIRECTION('',(-0.,-1.,0.));
#9732 = FACE_BOUND('',#9733,.T.);
#9733 = EDGE_LOOP('',(#9734));
#9734 = ORIENTED_EDGE('',*,*,#9735,.T.);
#9735 = EDGE_CURVE('',#9736,#9736,#9738,.T.);
#9736 = VERTEX_POINT('',#9737);
#9737 = CARTESIAN_POINT('',(-104.277478,49.37788,1.51));
#9738 = CIRCLE('',#9739,0.4);
#9739 = AXIS2_PLACEMENT_3D('',#9740,#9741,#9742);
#9740 = CARTESIAN_POINT('',(-104.277478,49.77788,1.51));
#9741 = DIRECTION('',(-0.,0.,-1.));
#9742 = DIRECTION('',(-0.,-1.,0.));
#9743 = FACE_BOUND('',#9744,.T.);
#9744 = EDGE_LOOP('',(#9745));
#9745 = ORIENTED_EDGE('',*,*,#9746,.T.);
#9746 = EDGE_CURVE('',#9747,#9747,#9749,.T.);
#9747 = VERTEX_POINT('',#9748);
#9748 = CARTESIAN_POINT('',(-97.93328,41.196929,1.51));
#9749 = CIRCLE('',#9750,0.95);
#9750 = AXIS2_PLACEMENT_3D('',#9751,#9752,#9753);
#9751 = CARTESIAN_POINT('',(-97.93328,42.146929,1.51));
#9752 = DIRECTION('',(-0.,0.,-1.));
#9753 = DIRECTION('',(-0.,-1.,0.));
#9754 = FACE_BOUND('',#9755,.T.);
#9755 = EDGE_LOOP('',(#9756));
#9756 = ORIENTED_EDGE('',*,*,#9757,.T.);
#9757 = EDGE_CURVE('',#9758,#9758,#9760,.T.);
#9758 = VERTEX_POINT('',#9759);
#9759 = CARTESIAN_POINT('',(-92.646341,38.105924,1.51));
#9760 = CIRCLE('',#9761,2.525);
#9761 = AXIS2_PLACEMENT_3D('',#9762,#9763,#9764);
#9762 = CARTESIAN_POINT('',(-92.646341,40.630924,1.51));
#9763 = DIRECTION('',(-0.,0.,-1.));
#9764 = DIRECTION('',(-0.,-1.,0.));
#9765 = FACE_BOUND('',#9766,.T.);
#9766 = EDGE_LOOP('',(#9767));
#9767 = ORIENTED_EDGE('',*,*,#9768,.T.);
#9768 = EDGE_CURVE('',#9769,#9769,#9771,.T.);
#9769 = VERTEX_POINT('',#9770);
#9770 = CARTESIAN_POINT('',(-86.792611,41.380531,1.51));
#9771 = CIRCLE('',#9772,1.525);
#9772 = AXIS2_PLACEMENT_3D('',#9773,#9774,#9775);
#9773 = CARTESIAN_POINT('',(-86.792611,42.905531,1.51));
#9774 = DIRECTION('',(-0.,0.,-1.));
#9775 = DIRECTION('',(-0.,-1.,0.));
#9776 = FACE_BOUND('',#9777,.T.);
#9777 = EDGE_LOOP('',(#9778));
#9778 = ORIENTED_EDGE('',*,*,#9779,.T.);
#9779 = EDGE_CURVE('',#9780,#9780,#9782,.T.);
#9780 = VERTEX_POINT('',#9781);
#9781 = CARTESIAN_POINT('',(-91.020081,44.777368,1.51));
#9782 = CIRCLE('',#9783,1.525);
#9783 = AXIS2_PLACEMENT_3D('',#9784,#9785,#9786);
#9784 = CARTESIAN_POINT('',(-91.020081,46.302368,1.51));
#9785 = DIRECTION('',(-0.,0.,-1.));
#9786 = DIRECTION('',(-0.,-1.,0.));
#9787 = FACE_BOUND('',#9788,.T.);
#9788 = EDGE_LOOP('',(#9789));
#9789 = ORIENTED_EDGE('',*,*,#9790,.T.);
#9790 = EDGE_CURVE('',#9791,#9791,#9793,.T.);
#9791 = VERTEX_POINT('',#9792);
#9792 = CARTESIAN_POINT('',(-81.087012,47.8915,1.51));
#9793 = CIRCLE('',#9794,0.4);
#9794 = AXIS2_PLACEMENT_3D('',#9795,#9796,#9797);
#9795 = CARTESIAN_POINT('',(-81.087012,48.2915,1.51));
#9796 = DIRECTION('',(-0.,0.,-1.));
#9797 = DIRECTION('',(-3.552713678801E-14,-1.,0.));
#9798 = FACE_BOUND('',#9799,.T.);
#9799 = EDGE_LOOP('',(#9800));
#9800 = ORIENTED_EDGE('',*,*,#9801,.T.);
#9801 = EDGE_CURVE('',#9802,#9802,#9804,.T.);
#9802 = VERTEX_POINT('',#9803);
#9803 = CARTESIAN_POINT('',(-117.275041,55.165438,1.51));
#9804 = CIRCLE('',#9805,0.8);
#9805 = AXIS2_PLACEMENT_3D('',#9806,#9807,#9808);
#9806 = CARTESIAN_POINT('',(-117.275041,55.965438,1.51));
#9807 = DIRECTION('',(-0.,0.,-1.));
#9808 = DIRECTION('',(-0.,-1.,0.));
#9809 = FACE_BOUND('',#9810,.T.);
#9810 = EDGE_LOOP('',(#9811));
#9811 = ORIENTED_EDGE('',*,*,#9812,.T.);
#9812 = EDGE_CURVE('',#9813,#9813,#9815,.T.);
#9813 = VERTEX_POINT('',#9814);
#9814 = CARTESIAN_POINT('',(-111.313558,57.43834,1.51));
#9815 = CIRCLE('',#9816,2.525);
#9816 = AXIS2_PLACEMENT_3D('',#9817,#9818,#9819);
#9817 = CARTESIAN_POINT('',(-111.313558,59.96334,1.51));
#9818 = DIRECTION('',(-0.,0.,-1.));
#9819 = DIRECTION('',(-0.,-1.,0.));
#9820 = FACE_BOUND('',#9821,.T.);
#9821 = EDGE_LOOP('',(#9822));
#9822 = ORIENTED_EDGE('',*,*,#9823,.T.);
#9823 = EDGE_CURVE('',#9824,#9824,#9826,.T.);
#9824 = VERTEX_POINT('',#9825);
#9825 = CARTESIAN_POINT('',(-102.693188,56.831364,1.51));
#9826 = CIRCLE('',#9827,0.4);
#9827 = AXIS2_PLACEMENT_3D('',#9828,#9829,#9830);
#9828 = CARTESIAN_POINT('',(-102.693188,57.231364,1.51));
#9829 = DIRECTION('',(-0.,0.,-1.));
#9830 = DIRECTION('',(-3.552713678801E-14,-1.,0.));
#9831 = FACE_BOUND('',#9832,.T.);
#9832 = EDGE_LOOP('',(#9833));
#9833 = ORIENTED_EDGE('',*,*,#9834,.T.);
#9834 = EDGE_CURVE('',#9835,#9835,#9837,.T.);
#9835 = VERTEX_POINT('',#9836);
#9836 = CARTESIAN_POINT('',(-105.933747,57.869826,1.51));
#9837 = CIRCLE('',#9838,0.95);
#9838 = AXIS2_PLACEMENT_3D('',#9839,#9840,#9841);
#9839 = CARTESIAN_POINT('',(-105.933747,58.819826,1.51));
#9840 = DIRECTION('',(-0.,0.,-1.));
#9841 = DIRECTION('',(-0.,-1.,0.));
#9842 = FACE_BOUND('',#9843,.T.);
#9843 = EDGE_LOOP('',(#9844));
#9844 = ORIENTED_EDGE('',*,*,#9845,.T.);
#9845 = EDGE_CURVE('',#9846,#9846,#9848,.T.);
#9846 = VERTEX_POINT('',#9847);
#9847 = CARTESIAN_POINT('',(-93.621291,54.570648,1.51));
#9848 = CIRCLE('',#9849,0.8);
#9849 = AXIS2_PLACEMENT_3D('',#9850,#9851,#9852);
#9850 = CARTESIAN_POINT('',(-93.621291,55.370648,1.51));
#9851 = DIRECTION('',(-0.,0.,-1.));
#9852 = DIRECTION('',(-0.,-1.,0.));
#9853 = FACE_BOUND('',#9854,.T.);
#9854 = EDGE_LOOP('',(#9855));
#9855 = ORIENTED_EDGE('',*,*,#9856,.T.);
#9856 = EDGE_CURVE('',#9857,#9857,#9859,.T.);
#9857 = VERTEX_POINT('',#9858);
#9858 = CARTESIAN_POINT('',(-92.682389,59.508964,1.51));
#9859 = CIRCLE('',#9860,0.95);
#9860 = AXIS2_PLACEMENT_3D('',#9861,#9862,#9863);
#9861 = CARTESIAN_POINT('',(-92.682389,60.458964,1.51));
#9862 = DIRECTION('',(-0.,0.,-1.));
#9863 = DIRECTION('',(-0.,-1.,0.));
#9864 = FACE_BOUND('',#9865,.T.);
#9865 = EDGE_LOOP('',(#9866));
#9866 = ORIENTED_EDGE('',*,*,#9867,.T.);
#9867 = EDGE_CURVE('',#9868,#9868,#9870,.T.);
#9868 = VERTEX_POINT('',#9869);
#9869 = CARTESIAN_POINT('',(-82.108511,56.476954,1.51));
#9870 = CIRCLE('',#9871,0.95);
#9871 = AXIS2_PLACEMENT_3D('',#9872,#9873,#9874);
#9872 = CARTESIAN_POINT('',(-82.108511,57.426954,1.51));
#9873 = DIRECTION('',(-0.,0.,-1.));
#9874 = DIRECTION('',(-0.,-1.,0.));
#9875 = FACE_BOUND('',#9876,.T.);
#9876 = EDGE_LOOP('',(#9877));
#9877 = ORIENTED_EDGE('',*,*,#9878,.T.);
#9878 = EDGE_CURVE('',#9879,#9879,#9881,.T.);
#9879 = VERTEX_POINT('',#9880);
#9880 = CARTESIAN_POINT('',(-87.39545,56.417959,1.51));
#9881 = CIRCLE('',#9882,2.525);
#9882 = AXIS2_PLACEMENT_3D('',#9883,#9884,#9885);
#9883 = CARTESIAN_POINT('',(-87.39545,58.942959,1.51));
#9884 = DIRECTION('',(-0.,0.,-1.));
#9885 = DIRECTION('',(5.628061273347E-15,-1.,-0.));
#9886 = FACE_BOUND('',#9887,.T.);
#9887 = EDGE_LOOP('',(#9888));
#9888 = ORIENTED_EDGE('',*,*,#9889,.T.);
#9889 = EDGE_CURVE('',#9890,#9890,#9892,.T.);
#9890 = VERTEX_POINT('',#9891);
#9891 = CARTESIAN_POINT('',(-135.32708,64.117572,1.51));
#9892 = CIRCLE('',#9893,0.95);
#9893 = AXIS2_PLACEMENT_3D('',#9894,#9895,#9896);
#9894 = CARTESIAN_POINT('',(-135.32708,65.067572,1.51));
#9895 = DIRECTION('',(-0.,0.,-1.));
#9896 = DIRECTION('',(2.991758887411E-14,-1.,-0.));
#9897 = FACE_BOUND('',#9898,.T.);
#9898 = EDGE_LOOP('',(#9899));
#9899 = ORIENTED_EDGE('',*,*,#9900,.T.);
#9900 = EDGE_CURVE('',#9901,#9901,#9903,.T.);
#9901 = VERTEX_POINT('',#9902);
#9902 = CARTESIAN_POINT('',(-129.947269,61.399058,1.51));
#9903 = CIRCLE('',#9904,2.525);
#9904 = AXIS2_PLACEMENT_3D('',#9905,#9906,#9907);
#9905 = CARTESIAN_POINT('',(-129.947269,63.924058,1.51));
#9906 = DIRECTION('',(-0.,0.,-1.));
#9907 = DIRECTION('',(-0.,-1.,0.));
#9908 = FACE_BOUND('',#9909,.T.);
#9909 = EDGE_LOOP('',(#9910));
#9910 = ORIENTED_EDGE('',*,*,#9911,.T.);
#9911 = EDGE_CURVE('',#9912,#9912,#9914,.T.);
#9912 = VERTEX_POINT('',#9913);
#9913 = CARTESIAN_POINT('',(-124.567458,61.830544,1.51));
#9914 = CIRCLE('',#9915,0.95);
#9915 = AXIS2_PLACEMENT_3D('',#9916,#9917,#9918);
#9916 = CARTESIAN_POINT('',(-124.567458,62.780544,1.51));
#9917 = DIRECTION('',(-0.,0.,-1.));
#9918 = DIRECTION('',(-0.,-1.,0.));
#9919 = FACE_BOUND('',#9920,.T.);
#9920 = EDGE_LOOP('',(#9921));
#9921 = ORIENTED_EDGE('',*,*,#9922,.T.);
#9922 = EDGE_CURVE('',#9923,#9923,#9925,.T.);
#9923 = VERTEX_POINT('',#9924);
#9924 = CARTESIAN_POINT('',(-121.3269,60.792082,1.51));
#9925 = CIRCLE('',#9926,0.4);
#9926 = AXIS2_PLACEMENT_3D('',#9927,#9928,#9929);
#9927 = CARTESIAN_POINT('',(-121.3269,61.192082,1.51));
#9928 = DIRECTION('',(-0.,0.,-1.));
#9929 = DIRECTION('',(-0.,-1.,0.));
#9930 = FACE_BOUND('',#9931,.T.);
#9931 = EDGE_LOOP('',(#9932));
#9932 = ORIENTED_EDGE('',*,*,#9933,.T.);
#9933 = EDGE_CURVE('',#9934,#9934,#9936,.T.);
#9934 = VERTEX_POINT('',#9935);
#9935 = CARTESIAN_POINT('',(-124.266467,65.076459,1.51));
#9936 = CIRCLE('',#9937,1.525);
#9937 = AXIS2_PLACEMENT_3D('',#9938,#9939,#9940);
#9938 = CARTESIAN_POINT('',(-124.266467,66.601459,1.51));
#9939 = DIRECTION('',(-0.,0.,-1.));
#9940 = DIRECTION('',(-0.,-1.,0.));
#9941 = FACE_BOUND('',#9942,.T.);
#9942 = EDGE_LOOP('',(#9943));
#9943 = ORIENTED_EDGE('',*,*,#9944,.T.);
#9944 = EDGE_CURVE('',#9945,#9945,#9947,.T.);
#9945 = VERTEX_POINT('',#9946);
#9946 = CARTESIAN_POINT('',(-128.72059,68.170129,1.51));
#9947 = CIRCLE('',#9948,1.525);
#9948 = AXIS2_PLACEMENT_3D('',#9949,#9950,#9951);
#9949 = CARTESIAN_POINT('',(-128.72059,69.695129,1.51));
#9950 = DIRECTION('',(-0.,0.,-1.));
#9951 = DIRECTION('',(-0.,-1.,0.));
#9952 = FACE_BOUND('',#9953,.T.);
#9953 = EDGE_LOOP('',(#9954));
#9954 = ORIENTED_EDGE('',*,*,#9955,.T.);
#9955 = EDGE_CURVE('',#9956,#9956,#9958,.T.);
#9956 = VERTEX_POINT('',#9957);
#9957 = CARTESIAN_POINT('',(-140.651596,78.658125,1.51));
#9958 = CIRCLE('',#9959,1.1);
#9959 = AXIS2_PLACEMENT_3D('',#9960,#9961,#9962);
#9960 = CARTESIAN_POINT('',(-140.651596,79.758125,1.51));
#9961 = DIRECTION('',(-0.,0.,-1.));
#9962 = DIRECTION('',(-2.5837917664E-14,-1.,0.));
#9963 = FACE_BOUND('',#9964,.T.);
#9964 = EDGE_LOOP('',(#9965));
#9965 = ORIENTED_EDGE('',*,*,#9966,.T.);
#9966 = EDGE_CURVE('',#9967,#9967,#9969,.T.);
#9967 = VERTEX_POINT('',#9968);
#9968 = CARTESIAN_POINT('',(-116.693369,60.156854,1.51));
#9969 = CIRCLE('',#9970,0.95);
#9970 = AXIS2_PLACEMENT_3D('',#9971,#9972,#9973);
#9971 = CARTESIAN_POINT('',(-116.693369,61.106854,1.51));
#9972 = DIRECTION('',(-0.,0.,-1.));
#9973 = DIRECTION('',(-0.,-1.,0.));
#9974 = FACE_BOUND('',#9975,.T.);
#9975 = EDGE_LOOP('',(#9976));
#9976 = ORIENTED_EDGE('',*,*,#9977,.T.);
#9977 = EDGE_CURVE('',#9978,#9978,#9980,.T.);
#9978 = VERTEX_POINT('',#9979);
#9979 = CARTESIAN_POINT('',(-105.632756,61.115741,1.51));
#9980 = CIRCLE('',#9981,1.525);
#9981 = AXIS2_PLACEMENT_3D('',#9982,#9983,#9984);
#9982 = CARTESIAN_POINT('',(-105.632756,62.640741,1.51));
#9983 = DIRECTION('',(-0.,0.,-1.));
#9984 = DIRECTION('',(-0.,-1.,0.));
#9985 = FACE_BOUND('',#9986,.T.);
#9986 = EDGE_LOOP('',(#9987));
#9987 = ORIENTED_EDGE('',*,*,#9988,.T.);
#9988 = EDGE_CURVE('',#9989,#9989,#9991,.T.);
#9989 = VERTEX_POINT('',#9990);
#9990 = CARTESIAN_POINT('',(-110.086879,64.209411,1.51));
#9991 = CIRCLE('',#9992,1.525);
#9992 = AXIS2_PLACEMENT_3D('',#9993,#9994,#9995);
#9993 = CARTESIAN_POINT('',(-110.086879,65.734411,1.51));
#9994 = DIRECTION('',(-0.,0.,-1.));
#9995 = DIRECTION('',(9.31859325587E-15,-1.,-0.));
#9996 = FACE_BOUND('',#9997,.T.);
#9997 = EDGE_LOOP('',(#9998));
#9998 = ORIENTED_EDGE('',*,*,#9999,.T.);
#9999 = EDGE_CURVE('',#10000,#10000,#10002,.T.);
#10000 = VERTEX_POINT('',#10001);
#10001 = CARTESIAN_POINT('',(-81.54172,59.692566,1.51));
#10002 = CIRCLE('',#10003,1.525);
#10003 = AXIS2_PLACEMENT_3D('',#10004,#10005,#10006);
#10004 = CARTESIAN_POINT('',(-81.54172,61.217566,1.51));
#10005 = DIRECTION('',(-0.,0.,-1.));
#10006 = DIRECTION('',(-0.,-1.,0.));
#10007 = FACE_BOUND('',#10008,.T.);
#10008 = EDGE_LOOP('',(#10009));
#10009 = ORIENTED_EDGE('',*,*,#10010,.T.);
#10010 = EDGE_CURVE('',#10011,#10011,#10013,.T.);
#10011 = VERTEX_POINT('',#10012);
#10012 = CARTESIAN_POINT('',(-85.76919,63.089403,1.51));
#10013 = CIRCLE('',#10014,1.525);
#10014 = AXIS2_PLACEMENT_3D('',#10015,#10016,#10017);
#10015 = CARTESIAN_POINT('',(-85.76919,64.614403,1.51));
#10016 = DIRECTION('',(-0.,0.,-1.));
#10017 = DIRECTION('',(9.31859325587E-15,-1.,-0.));
#10018 = FACE_BOUND('',#10019,.T.);
#10019 = EDGE_LOOP('',(#10020));
#10020 = ORIENTED_EDGE('',*,*,#10021,.T.);
#10021 = EDGE_CURVE('',#10022,#10022,#10024,.T.);
#10022 = VERTEX_POINT('',#10023);
#10023 = CARTESIAN_POINT('',(-96.969174,74.385153,1.51));
#10024 = CIRCLE('',#10025,1.1);
#10025 = AXIS2_PLACEMENT_3D('',#10026,#10027,#10028);
#10026 = CARTESIAN_POINT('',(-96.969174,75.485153,1.51));
#10027 = DIRECTION('',(-0.,0.,-1.));
#10028 = DIRECTION('',(1.2918958832E-14,-1.,-0.));
#10029 = FACE_BOUND('',#10030,.T.);
#10030 = EDGE_LOOP('',(#10031));
#10031 = ORIENTED_EDGE('',*,*,#10032,.T.);
#10032 = EDGE_CURVE('',#10033,#10033,#10035,.T.);
#10033 = VERTEX_POINT('',#10034);
#10034 = CARTESIAN_POINT('',(-78.308523,40.524046,1.51));
#10035 = CIRCLE('',#10036,0.95);
#10036 = AXIS2_PLACEMENT_3D('',#10037,#10038,#10039);
#10037 = CARTESIAN_POINT('',(-78.308523,41.474046,1.51));
#10038 = DIRECTION('',(-0.,0.,-1.));
#10039 = DIRECTION('',(1.495879443705E-14,-1.,-0.));
#10040 = FACE_BOUND('',#10041,.T.);
#10041 = EDGE_LOOP('',(#10042));
#10042 = ORIENTED_EDGE('',*,*,#10043,.T.);
#10043 = EDGE_CURVE('',#10044,#10044,#10046,.T.);
#10044 = VERTEX_POINT('',#10045);
#10045 = CARTESIAN_POINT('',(-67.167854,40.707648,1.51));
#10046 = CIRCLE('',#10047,1.525);
#10047 = AXIS2_PLACEMENT_3D('',#10048,#10049,#10050);
#10048 = CARTESIAN_POINT('',(-67.167854,42.232648,1.51));
#10049 = DIRECTION('',(-0.,0.,-1.));
#10050 = DIRECTION('',(-0.,-1.,0.));
#10051 = FACE_BOUND('',#10052,.T.);
#10052 = EDGE_LOOP('',(#10053));
#10053 = ORIENTED_EDGE('',*,*,#10054,.T.);
#10054 = EDGE_CURVE('',#10055,#10055,#10057,.T.);
#10055 = VERTEX_POINT('',#10056);
#10056 = CARTESIAN_POINT('',(-71.395324,44.104485,1.51));
#10057 = CIRCLE('',#10058,1.525);
#10058 = AXIS2_PLACEMENT_3D('',#10059,#10060,#10061);
#10059 = CARTESIAN_POINT('',(-71.395324,45.629485,1.51));
#10060 = DIRECTION('',(-0.,0.,-1.));
#10061 = DIRECTION('',(-9.31859325587E-15,-1.,0.));
#10062 = FACE_BOUND('',#10063,.T.);
#10063 = EDGE_LOOP('',(#10064));
#10064 = ORIENTED_EDGE('',*,*,#10065,.T.);
#10065 = EDGE_CURVE('',#10066,#10066,#10068,.T.);
#10066 = VERTEX_POINT('',#10067);
#10067 = CARTESIAN_POINT('',(-61.462254,47.218617,1.51));
#10068 = CIRCLE('',#10069,0.4);
#10069 = AXIS2_PLACEMENT_3D('',#10070,#10071,#10072);
#10070 = CARTESIAN_POINT('',(-61.462254,47.618617,1.51));
#10071 = DIRECTION('',(-0.,0.,-1.));
#10072 = DIRECTION('',(-0.,-1.,0.));
#10073 = FACE_BOUND('',#10074,.T.);
#10074 = EDGE_LOOP('',(#10075));
#10075 = ORIENTED_EDGE('',*,*,#10076,.T.);
#10076 = EDGE_CURVE('',#10077,#10077,#10079,.T.);
#10077 = VERTEX_POINT('',#10078);
#10078 = CARTESIAN_POINT('',(-56.99722,44.068866,1.51));
#10079 = CIRCLE('',#10080,0.8);
#10080 = AXIS2_PLACEMENT_3D('',#10081,#10082,#10083);
#10081 = CARTESIAN_POINT('',(-56.99722,44.868866,1.51));
#10082 = DIRECTION('',(-0.,0.,-1.));
#10083 = DIRECTION('',(-0.,-1.,0.));
#10084 = FACE_BOUND('',#10085,.T.);
#10085 = EDGE_LOOP('',(#10086));
#10086 = ORIENTED_EDGE('',*,*,#10087,.T.);
#10087 = EDGE_CURVE('',#10088,#10088,#10090,.T.);
#10088 = VERTEX_POINT('',#10089);
#10089 = CARTESIAN_POINT('',(-42.362581,44.714529,1.51));
#10090 = CIRCLE('',#10091,0.4);
#10091 = AXIS2_PLACEMENT_3D('',#10092,#10093,#10094);
#10092 = CARTESIAN_POINT('',(-42.362581,45.114529,1.51));
#10093 = DIRECTION('',(-0.,0.,-1.));
#10094 = DIRECTION('',(-0.,-1.,0.));
#10095 = FACE_BOUND('',#10096,.T.);
#10096 = EDGE_LOOP('',(#10097));
#10097 = ORIENTED_EDGE('',*,*,#10098,.T.);
#10098 = EDGE_CURVE('',#10099,#10099,#10101,.T.);
#10099 = VERTEX_POINT('',#10100);
#10100 = CARTESIAN_POINT('',(-56.058318,49.007182,1.51));
#10101 = CIRCLE('',#10102,0.95);
#10102 = AXIS2_PLACEMENT_3D('',#10103,#10104,#10105);
#10103 = CARTESIAN_POINT('',(-56.058318,49.957182,1.51));
#10104 = DIRECTION('',(-0.,0.,-1.));
#10105 = DIRECTION('',(-0.,-1.,0.));
#10106 = FACE_BOUND('',#10107,.T.);
#10107 = EDGE_LOOP('',(#10108));
#10108 = ORIENTED_EDGE('',*,*,#10109,.T.);
#10109 = EDGE_CURVE('',#10110,#10110,#10112,.T.);
#10110 = VERTEX_POINT('',#10111);
#10111 = CARTESIAN_POINT('',(-50.771379,45.916177,1.51));
#10112 = CIRCLE('',#10113,2.525);
#10113 = AXIS2_PLACEMENT_3D('',#10114,#10115,#10116);
#10114 = CARTESIAN_POINT('',(-50.771379,48.441177,1.51));
#10115 = DIRECTION('',(-0.,0.,-1.));
#10116 = DIRECTION('',(-2.814030636674E-15,-1.,0.));
#10117 = FACE_BOUND('',#10118,.T.);
#10118 = EDGE_LOOP('',(#10119));
#10119 = ORIENTED_EDGE('',*,*,#10120,.T.);
#10120 = EDGE_CURVE('',#10121,#10121,#10123,.T.);
#10121 = VERTEX_POINT('',#10122);
#10122 = CARTESIAN_POINT('',(-45.48444,45.975172,1.51));
#10123 = CIRCLE('',#10124,0.95);
#10124 = AXIS2_PLACEMENT_3D('',#10125,#10126,#10127);
#10125 = CARTESIAN_POINT('',(-45.48444,46.925172,1.51));
#10126 = DIRECTION('',(-0.,0.,-1.));
#10127 = DIRECTION('',(-0.,-1.,0.));
#10128 = FACE_BOUND('',#10129,.T.);
#10129 = EDGE_LOOP('',(#10130));
#10130 = ORIENTED_EDGE('',*,*,#10131,.T.);
#10131 = EDGE_CURVE('',#10132,#10132,#10134,.T.);
#10132 = VERTEX_POINT('',#10133);
#10133 = CARTESIAN_POINT('',(-73.996532,53.897765,1.51));
#10134 = CIRCLE('',#10135,0.8);
#10135 = AXIS2_PLACEMENT_3D('',#10136,#10137,#10138);
#10136 = CARTESIAN_POINT('',(-73.996532,54.697765,1.51));
#10137 = DIRECTION('',(-0.,0.,-1.));
#10138 = DIRECTION('',(-0.,-1.,0.));
#10139 = FACE_BOUND('',#10140,.T.);
#10140 = EDGE_LOOP('',(#10141));
#10141 = ORIENTED_EDGE('',*,*,#10142,.T.);
#10142 = EDGE_CURVE('',#10143,#10143,#10145,.T.);
#10143 = VERTEX_POINT('',#10144);
#10144 = CARTESIAN_POINT('',(-78.986652,55.216313,1.51));
#10145 = CIRCLE('',#10146,0.4);
#10146 = AXIS2_PLACEMENT_3D('',#10147,#10148,#10149);
#10147 = CARTESIAN_POINT('',(-78.986652,55.616313,1.51));
#10148 = DIRECTION('',(-0.,0.,-1.));
#10149 = DIRECTION('',(-3.552713678801E-14,-1.,0.));
#10150 = FACE_BOUND('',#10151,.T.);
#10151 = EDGE_LOOP('',(#10152));
#10152 = ORIENTED_EDGE('',*,*,#10153,.T.);
#10153 = EDGE_CURVE('',#10154,#10154,#10156,.T.);
#10154 = VERTEX_POINT('',#10155);
#10155 = CARTESIAN_POINT('',(-73.05763,58.836081,1.51));
#10156 = CIRCLE('',#10157,0.95);
#10157 = AXIS2_PLACEMENT_3D('',#10158,#10159,#10160);
#10158 = CARTESIAN_POINT('',(-73.05763,59.786081,1.51));
#10159 = DIRECTION('',(-0.,0.,-1.));
#10160 = DIRECTION('',(-0.,-1.,0.));
#10161 = FACE_BOUND('',#10162,.T.);
#10162 = EDGE_LOOP('',(#10163));
#10163 = ORIENTED_EDGE('',*,*,#10164,.T.);
#10164 = EDGE_CURVE('',#10165,#10165,#10167,.T.);
#10165 = VERTEX_POINT('',#10166);
#10166 = CARTESIAN_POINT('',(-62.483752,55.804071,1.51));
#10167 = CIRCLE('',#10168,0.95);
#10168 = AXIS2_PLACEMENT_3D('',#10169,#10170,#10171);
#10169 = CARTESIAN_POINT('',(-62.483752,56.754071,1.51));
#10170 = DIRECTION('',(-0.,0.,-1.));
#10171 = DIRECTION('',(-7.479397218527E-15,-1.,0.));
#10172 = FACE_BOUND('',#10173,.T.);
#10173 = EDGE_LOOP('',(#10174));
#10174 = ORIENTED_EDGE('',*,*,#10175,.T.);
#10175 = EDGE_CURVE('',#10176,#10176,#10178,.T.);
#10176 = VERTEX_POINT('',#10177);
#10177 = CARTESIAN_POINT('',(-67.770691,55.745076,1.51));
#10178 = CIRCLE('',#10179,2.525);
#10179 = AXIS2_PLACEMENT_3D('',#10180,#10181,#10182);
#10180 = CARTESIAN_POINT('',(-67.770691,58.270076,1.51));
#10181 = DIRECTION('',(-0.,0.,-1.));
#10182 = DIRECTION('',(-0.,-1.,0.));
#10183 = FACE_BOUND('',#10184,.T.);
#10184 = EDGE_LOOP('',(#10185));
#10185 = ORIENTED_EDGE('',*,*,#10186,.T.);
#10186 = EDGE_CURVE('',#10187,#10187,#10189,.T.);
#10187 = VERTEX_POINT('',#10188);
#10188 = CARTESIAN_POINT('',(-61.916961,59.019683,1.51));
#10189 = CIRCLE('',#10190,1.525);
#10190 = AXIS2_PLACEMENT_3D('',#10191,#10192,#10193);
#10191 = CARTESIAN_POINT('',(-61.916961,60.544683,1.51));
#10192 = DIRECTION('',(-0.,0.,-1.));
#10193 = DIRECTION('',(-0.,-1.,0.));
#10194 = FACE_BOUND('',#10195,.T.);
#10195 = EDGE_LOOP('',(#10196));
#10196 = ORIENTED_EDGE('',*,*,#10197,.T.);
#10197 = EDGE_CURVE('',#10198,#10198,#10200,.T.);
#10198 = VERTEX_POINT('',#10199);
#10199 = CARTESIAN_POINT('',(-59.361894,54.54343,1.51));
#10200 = CIRCLE('',#10201,0.4);
#10201 = AXIS2_PLACEMENT_3D('',#10202,#10203,#10204);
#10202 = CARTESIAN_POINT('',(-59.361894,54.94343,1.51));
#10203 = DIRECTION('',(-0.,0.,-1.));
#10204 = DIRECTION('',(-0.,-1.,0.));
#10205 = FACE_BOUND('',#10206,.T.);
#10206 = EDGE_LOOP('',(#10207));
#10207 = ORIENTED_EDGE('',*,*,#10208,.T.);
#10208 = EDGE_CURVE('',#10209,#10209,#10211,.T.);
#10209 = VERTEX_POINT('',#10210);
#10210 = CARTESIAN_POINT('',(-44.917649,49.190784,1.51));
#10211 = CIRCLE('',#10212,1.525);
#10212 = AXIS2_PLACEMENT_3D('',#10213,#10214,#10215);
#10213 = CARTESIAN_POINT('',(-44.917649,50.715784,1.51));
#10214 = DIRECTION('',(-0.,0.,-1.));
#10215 = DIRECTION('',(-0.,-1.,0.));
#10216 = FACE_BOUND('',#10217,.T.);
#10217 = EDGE_LOOP('',(#10218));
#10218 = ORIENTED_EDGE('',*,*,#10219,.T.);
#10219 = EDGE_CURVE('',#10220,#10220,#10222,.T.);
#10220 = VERTEX_POINT('',#10221);
#10221 = CARTESIAN_POINT('',(-49.145119,52.587621,1.51));
#10222 = CIRCLE('',#10223,1.525);
#10223 = AXIS2_PLACEMENT_3D('',#10224,#10225,#10226);
#10224 = CARTESIAN_POINT('',(-49.145119,54.112621,1.51));
#10225 = DIRECTION('',(-0.,0.,-1.));
#10226 = DIRECTION('',(-0.,-1.,0.));
#10227 = FACE_BOUND('',#10228,.T.);
#10228 = EDGE_LOOP('',(#10229));
#10229 = ORIENTED_EDGE('',*,*,#10230,.T.);
#10230 = EDGE_CURVE('',#10231,#10231,#10233,.T.);
#10231 = VERTEX_POINT('',#10232);
#10232 = CARTESIAN_POINT('',(-32.145806,42.75872,1.51));
#10233 = CIRCLE('',#10234,1.525);
#10234 = AXIS2_PLACEMENT_3D('',#10235,#10236,#10237);
#10235 = CARTESIAN_POINT('',(-32.145806,44.28372,1.51));
#10236 = DIRECTION('',(-0.,0.,-1.));
#10237 = DIRECTION('',(-0.,-1.,0.));
#10238 = FACE_BOUND('',#10239,.T.);
#10239 = EDGE_LOOP('',(#10240));
#10240 = ORIENTED_EDGE('',*,*,#10241,.T.);
#10241 = EDGE_CURVE('',#10242,#10242,#10244,.T.);
#10242 = VERTEX_POINT('',#10243);
#10243 = CARTESIAN_POINT('',(-27.918336,39.361883,1.51));
#10244 = CIRCLE('',#10245,1.525);
#10245 = AXIS2_PLACEMENT_3D('',#10246,#10247,#10248);
#10246 = CARTESIAN_POINT('',(-27.918336,40.886883,1.51));
#10247 = DIRECTION('',(-0.,0.,-1.));
#10248 = DIRECTION('',(-0.,-1.,0.));
#10249 = FACE_BOUND('',#10250,.T.);
#10250 = EDGE_LOOP('',(#10251));
#10251 = ORIENTED_EDGE('',*,*,#10252,.T.);
#10252 = EDGE_CURVE('',#10253,#10253,#10255,.T.);
#10253 = VERTEX_POINT('',#10254);
#10254 = CARTESIAN_POINT('',(-8.89,40.122373,1.51));
#10255 = CIRCLE('',#10256,0.51);
#10256 = AXIS2_PLACEMENT_3D('',#10257,#10258,#10259);
#10257 = CARTESIAN_POINT('',(-8.89,40.632373,1.51));
#10258 = DIRECTION('',(-0.,0.,-1.));
#10259 = DIRECTION('',(-0.,-1.,0.));
#10260 = FACE_BOUND('',#10261,.T.);
#10261 = EDGE_LOOP('',(#10262));
#10262 = ORIENTED_EDGE('',*,*,#10263,.T.);
#10263 = EDGE_CURVE('',#10264,#10264,#10266,.T.);
#10264 = VERTEX_POINT('',#10265);
#10265 = CARTESIAN_POINT('',(-8.89,42.662373,1.51));
#10266 = CIRCLE('',#10267,0.51);
#10267 = AXIS2_PLACEMENT_3D('',#10268,#10269,#10270);
#10268 = CARTESIAN_POINT('',(-8.89,43.172373,1.51));
#10269 = DIRECTION('',(-0.,0.,-1.));
#10270 = DIRECTION('',(-0.,-1.,0.));
#10271 = FACE_BOUND('',#10272,.T.);
#10272 = EDGE_LOOP('',(#10273));
#10273 = ORIENTED_EDGE('',*,*,#10274,.T.);
#10274 = EDGE_CURVE('',#10275,#10275,#10277,.T.);
#10275 = VERTEX_POINT('',#10276);
#10276 = CARTESIAN_POINT('',(-8.89,45.202373,1.51));
#10277 = CIRCLE('',#10278,0.51);
#10278 = AXIS2_PLACEMENT_3D('',#10279,#10280,#10281);
#10279 = CARTESIAN_POINT('',(-8.89,45.712373,1.51));
#10280 = DIRECTION('',(-0.,0.,-1.));
#10281 = DIRECTION('',(-0.,-1.,0.));
#10282 = FACE_BOUND('',#10283,.T.);
#10283 = EDGE_LOOP('',(#10284));
#10284 = ORIENTED_EDGE('',*,*,#10285,.T.);
#10285 = EDGE_CURVE('',#10286,#10286,#10288,.T.);
#10286 = VERTEX_POINT('',#10287);
#10287 = CARTESIAN_POINT('',(-8.89,47.742373,1.51));
#10288 = CIRCLE('',#10289,0.51);
#10289 = AXIS2_PLACEMENT_3D('',#10290,#10291,#10292);
#10290 = CARTESIAN_POINT('',(-8.89,48.252373,1.51));
#10291 = DIRECTION('',(-0.,0.,-1.));
#10292 = DIRECTION('',(-0.,-1.,0.));
#10293 = FACE_BOUND('',#10294,.T.);
#10294 = EDGE_LOOP('',(#10295));
#10295 = ORIENTED_EDGE('',*,*,#10296,.T.);
#10296 = EDGE_CURVE('',#10297,#10297,#10299,.T.);
#10297 = VERTEX_POINT('',#10298);
#10298 = CARTESIAN_POINT('',(-8.89,50.282373,1.51));
#10299 = CIRCLE('',#10300,0.51);
#10300 = AXIS2_PLACEMENT_3D('',#10301,#10302,#10303);
#10301 = CARTESIAN_POINT('',(-8.89,50.792373,1.51));
#10302 = DIRECTION('',(-0.,0.,-1.));
#10303 = DIRECTION('',(-0.,-1.,0.));
#10304 = FACE_BOUND('',#10305,.T.);
#10305 = EDGE_LOOP('',(#10306));
#10306 = ORIENTED_EDGE('',*,*,#10307,.T.);
#10307 = EDGE_CURVE('',#10308,#10308,#10310,.T.);
#10308 = VERTEX_POINT('',#10309);
#10309 = CARTESIAN_POINT('',(-8.89,52.822373,1.51));
#10310 = CIRCLE('',#10311,0.51);
#10311 = AXIS2_PLACEMENT_3D('',#10312,#10313,#10314);
#10312 = CARTESIAN_POINT('',(-8.89,53.332373,1.51));
#10313 = DIRECTION('',(-0.,0.,-1.));
#10314 = DIRECTION('',(-0.,-1.,0.));
#10315 = FACE_BOUND('',#10316,.T.);
#10316 = EDGE_LOOP('',(#10317));
#10317 = ORIENTED_EDGE('',*,*,#10318,.T.);
#10318 = EDGE_CURVE('',#10319,#10319,#10321,.T.);
#10319 = VERTEX_POINT('',#10320);
#10320 = CARTESIAN_POINT('',(-8.89,55.362373,1.51));
#10321 = CIRCLE('',#10322,0.51);
#10322 = AXIS2_PLACEMENT_3D('',#10323,#10324,#10325);
#10323 = CARTESIAN_POINT('',(-8.89,55.872373,1.51));
#10324 = DIRECTION('',(-0.,0.,-1.));
#10325 = DIRECTION('',(-0.,-1.,0.));
#10326 = FACE_BOUND('',#10327,.T.);
#10327 = EDGE_LOOP('',(#10328));
#10328 = ORIENTED_EDGE('',*,*,#10329,.T.);
#10329 = EDGE_CURVE('',#10330,#10330,#10332,.T.);
#10330 = VERTEX_POINT('',#10331);
#10331 = CARTESIAN_POINT('',(-8.89,57.902373,1.51));
#10332 = CIRCLE('',#10333,0.51);
#10333 = AXIS2_PLACEMENT_3D('',#10334,#10335,#10336);
#10334 = CARTESIAN_POINT('',(-8.89,58.412373,1.51));
#10335 = DIRECTION('',(-0.,0.,-1.));
#10336 = DIRECTION('',(-0.,-1.,0.));
#10337 = FACE_BOUND('',#10338,.T.);
#10338 = EDGE_LOOP('',(#10339));
#10339 = ORIENTED_EDGE('',*,*,#10340,.T.);
#10340 = EDGE_CURVE('',#10341,#10341,#10343,.T.);
#10341 = VERTEX_POINT('',#10342);
#10342 = CARTESIAN_POINT('',(-66.144431,62.41652,1.51));
#10343 = CIRCLE('',#10344,1.525);
#10344 = AXIS2_PLACEMENT_3D('',#10345,#10346,#10347);
#10345 = CARTESIAN_POINT('',(-66.144431,63.94152,1.51));
#10346 = DIRECTION('',(-0.,0.,-1.));
#10347 = DIRECTION('',(-0.,-1.,0.));
#10348 = FACE_BOUND('',#10349,.T.);
#10349 = EDGE_LOOP('',(#10350));
#10350 = ORIENTED_EDGE('',*,*,#10351,.T.);
#10351 = EDGE_CURVE('',#10352,#10352,#10354,.T.);
#10352 = VERTEX_POINT('',#10353);
#10353 = CARTESIAN_POINT('',(-8.89,60.442373,1.51));
#10354 = CIRCLE('',#10355,0.51);
#10355 = AXIS2_PLACEMENT_3D('',#10356,#10357,#10358);
#10356 = CARTESIAN_POINT('',(-8.89,60.952373,1.51));
#10357 = DIRECTION('',(-0.,0.,-1.));
#10358 = DIRECTION('',(-0.,-1.,0.));
#10359 = FACE_BOUND('',#10360,.T.);
#10360 = EDGE_LOOP('',(#10361));
#10361 = ORIENTED_EDGE('',*,*,#10362,.T.);
#10362 = EDGE_CURVE('',#10363,#10363,#10365,.T.);
#10363 = VERTEX_POINT('',#10364);
#10364 = CARTESIAN_POINT('',(-8.89,62.982373,1.51));
#10365 = CIRCLE('',#10366,0.51);
#10366 = AXIS2_PLACEMENT_3D('',#10367,#10368,#10369);
#10367 = CARTESIAN_POINT('',(-8.89,63.492373,1.51));
#10368 = DIRECTION('',(-0.,0.,-1.));
#10369 = DIRECTION('',(-0.,-1.,0.));
#10370 = FACE_BOUND('',#10371,.T.);
#10371 = EDGE_LOOP('',(#10372));
#10372 = ORIENTED_EDGE('',*,*,#10373,.T.);
#10373 = EDGE_CURVE('',#10374,#10374,#10376,.T.);
#10374 = VERTEX_POINT('',#10375);
#10375 = CARTESIAN_POINT('',(-19.05,67.067373,1.51));
#10376 = CIRCLE('',#10377,1.1);
#10377 = AXIS2_PLACEMENT_3D('',#10378,#10379,#10380);
#10378 = CARTESIAN_POINT('',(-19.05,68.167373,1.51));
#10379 = DIRECTION('',(-0.,0.,-1.));
#10380 = DIRECTION('',(-3.229739708E-15,-1.,0.));
#10381 = FACE_BOUND('',#10382,.T.);
#10382 = EDGE_LOOP('',(#10383));
#10383 = ORIENTED_EDGE('',*,*,#10384,.T.);
#10384 = EDGE_CURVE('',#10385,#10385,#10387,.T.);
#10385 = VERTEX_POINT('',#10386);
#10386 = CARTESIAN_POINT('',(-8.89,65.522373,1.51));
#10387 = CIRCLE('',#10388,0.51);
#10388 = AXIS2_PLACEMENT_3D('',#10389,#10390,#10391);
#10389 = CARTESIAN_POINT('',(-8.89,66.032373,1.51));
#10390 = DIRECTION('',(-0.,0.,-1.));
#10391 = DIRECTION('',(-0.,-1.,0.));
#10392 = FACE_BOUND('',#10393,.T.);
#10393 = EDGE_LOOP('',(#10394));
#10394 = ORIENTED_EDGE('',*,*,#10395,.T.);
#10395 = EDGE_CURVE('',#10396,#10396,#10398,.T.);
#10396 = VERTEX_POINT('',#10397);
#10397 = CARTESIAN_POINT('',(-8.89,68.062373,1.51));
#10398 = CIRCLE('',#10399,0.51);
#10399 = AXIS2_PLACEMENT_3D('',#10400,#10401,#10402);
#10400 = CARTESIAN_POINT('',(-8.89,68.572373,1.51));
#10401 = DIRECTION('',(-0.,0.,-1.));
#10402 = DIRECTION('',(-0.,-1.,0.));
#10403 = FACE_BOUND('',#10404,.T.);
#10404 = EDGE_LOOP('',(#10405));
#10405 = ORIENTED_EDGE('',*,*,#10406,.T.);
#10406 = EDGE_CURVE('',#10407,#10407,#10409,.T.);
#10407 = VERTEX_POINT('',#10408);
#10408 = CARTESIAN_POINT('',(38.98691,-0.4778,1.51));
#10409 = CIRCLE('',#10410,0.95);
#10410 = AXIS2_PLACEMENT_3D('',#10411,#10412,#10413);
#10411 = CARTESIAN_POINT('',(38.98691,0.4722,1.51));
#10412 = DIRECTION('',(-0.,0.,-1.));
#10413 = DIRECTION('',(7.479397218527E-15,-1.,-0.));
#10414 = FACE_BOUND('',#10415,.T.);
#10415 = EDGE_LOOP('',(#10416));
#10416 = ORIENTED_EDGE('',*,*,#10417,.T.);
#10417 = EDGE_CURVE('',#10418,#10418,#10420,.T.);
#10418 = VERTEX_POINT('',#10419);
#10419 = CARTESIAN_POINT('',(35.636183,13.171557,1.51));
#10420 = CIRCLE('',#10421,0.8);
#10421 = AXIS2_PLACEMENT_3D('',#10422,#10423,#10424);
#10422 = CARTESIAN_POINT('',(35.636183,13.971557,1.51));
#10423 = DIRECTION('',(-0.,0.,-1.));
#10424 = DIRECTION('',(-0.,-1.,0.));
#10425 = FACE_BOUND('',#10426,.T.);
#10426 = EDGE_LOOP('',(#10427));
#10427 = ORIENTED_EDGE('',*,*,#10428,.T.);
#10428 = EDGE_CURVE('',#10429,#10429,#10431,.T.);
#10429 = VERTEX_POINT('',#10430);
#10430 = CARTESIAN_POINT('',(33.736019,17.834236,1.51));
#10431 = CIRCLE('',#10432,0.95);
#10432 = AXIS2_PLACEMENT_3D('',#10433,#10434,#10435);
#10433 = CARTESIAN_POINT('',(33.736019,18.784236,1.51));
#10434 = DIRECTION('',(-0.,0.,-1.));
#10435 = DIRECTION('',(-0.,-1.,0.));
#10436 = FACE_BOUND('',#10437,.T.);
#10437 = EDGE_LOOP('',(#10438));
#10438 = ORIENTED_EDGE('',*,*,#10439,.T.);
#10439 = EDGE_CURVE('',#10440,#10440,#10442,.T.);
#10440 = VERTEX_POINT('',#10441);
#10441 = CARTESIAN_POINT('',(44.273849,-0.536795,1.51));
#10442 = CIRCLE('',#10443,2.525);
#10443 = AXIS2_PLACEMENT_3D('',#10444,#10445,#10446);
#10444 = CARTESIAN_POINT('',(44.273849,1.988205,1.51));
#10445 = DIRECTION('',(-0.,0.,-1.));
#10446 = DIRECTION('',(-0.,-1.,0.));
#10447 = FACE_BOUND('',#10448,.T.);
#10448 = EDGE_LOOP('',(#10449));
#10449 = ORIENTED_EDGE('',*,*,#10450,.T.);
#10450 = EDGE_CURVE('',#10451,#10451,#10453,.T.);
#10451 = VERTEX_POINT('',#10452);
#10452 = CARTESIAN_POINT('',(49.560788,2.55421,1.51));
#10453 = CIRCLE('',#10454,0.95);
#10454 = AXIS2_PLACEMENT_3D('',#10455,#10456,#10457);
#10455 = CARTESIAN_POINT('',(49.560788,3.50421,1.51));
#10456 = DIRECTION('',(-0.,0.,-1.));
#10457 = DIRECTION('',(-0.,-1.,0.));
#10458 = FACE_BOUND('',#10459,.T.);
#10459 = EDGE_LOOP('',(#10460));
#10460 = ORIENTED_EDGE('',*,*,#10461,.T.);
#10461 = EDGE_CURVE('',#10462,#10462,#10464,.T.);
#10462 = VERTEX_POINT('',#10463);
#10463 = CARTESIAN_POINT('',(53.167768,3.223033,1.51));
#10464 = CIRCLE('',#10465,0.4);
#10465 = AXIS2_PLACEMENT_3D('',#10466,#10467,#10468);
#10466 = CARTESIAN_POINT('',(53.167768,3.623033,1.51));
#10467 = DIRECTION('',(-0.,0.,-1.));
#10468 = DIRECTION('',(1.7763568394E-14,-1.,-0.));
#10469 = FACE_BOUND('',#10470,.T.);
#10470 = EDGE_LOOP('',(#10471));
#10471 = ORIENTED_EDGE('',*,*,#10472,.T.);
#10472 = EDGE_CURVE('',#10473,#10473,#10475,.T.);
#10473 = VERTEX_POINT('',#10474);
#10474 = CARTESIAN_POINT('',(48.032736,5.494186,1.51));
#10475 = CIRCLE('',#10476,1.525);
#10476 = AXIS2_PLACEMENT_3D('',#10477,#10478,#10479);
#10477 = CARTESIAN_POINT('',(48.032736,7.019186,1.51));
#10478 = DIRECTION('',(-0.,0.,-1.));
#10479 = DIRECTION('',(-0.,-1.,0.));
#10480 = FACE_BOUND('',#10481,.T.);
#10481 = EDGE_LOOP('',(#10482));
#10482 = ORIENTED_EDGE('',*,*,#10483,.T.);
#10483 = EDGE_CURVE('',#10484,#10484,#10486,.T.);
#10484 = VERTEX_POINT('',#10485);
#10485 = CARTESIAN_POINT('',(42.647589,6.134649,1.51));
#10486 = CIRCLE('',#10487,1.525);
#10487 = AXIS2_PLACEMENT_3D('',#10488,#10489,#10490);
#10488 = CARTESIAN_POINT('',(42.647589,7.659649,1.51));
#10489 = DIRECTION('',(-0.,0.,-1.));
#10490 = DIRECTION('',(4.659296627935E-15,-1.,-0.));
#10491 = FACE_BOUND('',#10492,.T.);
#10492 = EDGE_LOOP('',(#10493));
#10493 = ORIENTED_EDGE('',*,*,#10494,.T.);
#10494 = EDGE_CURVE('',#10495,#10495,#10497,.T.);
#10495 = VERTEX_POINT('',#10496);
#10496 = CARTESIAN_POINT('',(57.886386,4.688422,1.51));
#10497 = CIRCLE('',#10498,0.8);
#10498 = AXIS2_PLACEMENT_3D('',#10499,#10500,#10501);
#10499 = CARTESIAN_POINT('',(57.886386,5.488422,1.51));
#10500 = DIRECTION('',(-0.,0.,-1.));
#10501 = DIRECTION('',(-0.,-1.,0.));
#10502 = FACE_BOUND('',#10503,.T.);
#10503 = EDGE_LOOP('',(#10504));
#10504 = ORIENTED_EDGE('',*,*,#10505,.T.);
#10505 = EDGE_CURVE('',#10506,#10506,#10508,.T.);
#10506 = VERTEX_POINT('',#10507);
#10507 = CARTESIAN_POINT('',(78.236427,0.867966,1.51));
#10508 = CIRCLE('',#10509,0.95);
#10509 = AXIS2_PLACEMENT_3D('',#10510,#10511,#10512);
#10510 = CARTESIAN_POINT('',(78.236427,1.817966,1.51));
#10511 = DIRECTION('',(-0.,0.,-1.));
#10512 = DIRECTION('',(1.495879443705E-14,-1.,-0.));
#10513 = FACE_BOUND('',#10514,.T.);
#10514 = EDGE_LOOP('',(#10515));
#10515 = ORIENTED_EDGE('',*,*,#10516,.T.);
#10516 = EDGE_CURVE('',#10517,#10517,#10519,.T.);
#10517 = VERTEX_POINT('',#10518);
#10518 = CARTESIAN_POINT('',(72.267435,5.727118,1.51));
#10519 = CIRCLE('',#10520,0.4);
#10520 = AXIS2_PLACEMENT_3D('',#10521,#10522,#10523);
#10521 = CARTESIAN_POINT('',(72.267435,6.127118,1.51));
#10522 = DIRECTION('',(-0.,0.,-1.));
#10523 = DIRECTION('',(-0.,-1.,0.));
#10524 = FACE_BOUND('',#10525,.T.);
#10525 = EDGE_LOOP('',(#10526));
#10526 = ORIENTED_EDGE('',*,*,#10527,.T.);
#10527 = EDGE_CURVE('',#10528,#10528,#10530,.T.);
#10528 = VERTEX_POINT('',#10529);
#10529 = CARTESIAN_POINT('',(55.986222,9.351101,1.51));
#10530 = CIRCLE('',#10531,0.95);
#10531 = AXIS2_PLACEMENT_3D('',#10532,#10533,#10534);
#10532 = CARTESIAN_POINT('',(55.986222,10.301101,1.51));
#10533 = DIRECTION('',(-0.,0.,-1.));
#10534 = DIRECTION('',(-0.,-1.,0.));
#10535 = FACE_BOUND('',#10536,.T.);
#10536 = EDGE_LOOP('',(#10537));
#10537 = ORIENTED_EDGE('',*,*,#10538,.T.);
#10538 = EDGE_CURVE('',#10539,#10539,#10541,.T.);
#10539 = VERTEX_POINT('',#10540);
#10540 = CARTESIAN_POINT('',(50.01723,14.210252,1.51));
#10541 = CIRCLE('',#10542,0.4);
#10542 = AXIS2_PLACEMENT_3D('',#10543,#10544,#10545);
#10543 = CARTESIAN_POINT('',(50.01723,14.610252,1.51));
#10544 = DIRECTION('',(-0.,0.,-1.));
#10545 = DIRECTION('',(-0.,-1.,0.));
#10546 = FACE_BOUND('',#10547,.T.);
#10547 = EDGE_LOOP('',(#10548));
#10548 = ORIENTED_EDGE('',*,*,#10549,.T.);
#10549 = EDGE_CURVE('',#10550,#10550,#10552,.T.);
#10550 = VERTEX_POINT('',#10551);
#10551 = CARTESIAN_POINT('',(59.646901,15.96355,1.51));
#10552 = CIRCLE('',#10553,1.525);
#10553 = AXIS2_PLACEMENT_3D('',#10554,#10555,#10556);
#10554 = CARTESIAN_POINT('',(59.646901,17.48855,1.51));
#10555 = DIRECTION('',(-0.,0.,-1.));
#10556 = DIRECTION('',(-0.,-1.,0.));
#10557 = FACE_BOUND('',#10558,.T.);
#10558 = EDGE_LOOP('',(#10559));
#10559 = ORIENTED_EDGE('',*,*,#10560,.T.);
#10560 = EDGE_CURVE('',#10561,#10561,#10563,.T.);
#10561 = VERTEX_POINT('',#10562);
#10562 = CARTESIAN_POINT('',(61.273161,9.292106,1.51));
#10563 = CIRCLE('',#10564,2.525);
#10564 = AXIS2_PLACEMENT_3D('',#10565,#10566,#10567);
#10565 = CARTESIAN_POINT('',(61.273161,11.817106,1.51));
#10566 = DIRECTION('',(-0.,0.,-1.));
#10567 = DIRECTION('',(-0.,-1.,0.));
#10568 = FACE_BOUND('',#10569,.T.);
#10569 = EDGE_LOOP('',(#10570));
#10570 = ORIENTED_EDGE('',*,*,#10571,.T.);
#10571 = EDGE_CURVE('',#10572,#10572,#10574,.T.);
#10572 = VERTEX_POINT('',#10573);
#10573 = CARTESIAN_POINT('',(66.5601,12.383111,1.51));
#10574 = CIRCLE('',#10575,0.95);
#10575 = AXIS2_PLACEMENT_3D('',#10576,#10577,#10578);
#10576 = CARTESIAN_POINT('',(66.5601,13.333111,1.51));
#10577 = DIRECTION('',(-0.,0.,-1.));
#10578 = DIRECTION('',(-0.,-1.,0.));
#10579 = FACE_BOUND('',#10580,.T.);
#10580 = EDGE_LOOP('',(#10581));
#10581 = ORIENTED_EDGE('',*,*,#10582,.T.);
#10582 = EDGE_CURVE('',#10583,#10583,#10585,.T.);
#10583 = VERTEX_POINT('',#10584);
#10584 = CARTESIAN_POINT('',(70.167081,13.051933,1.51));
#10585 = CIRCLE('',#10586,0.4);
#10586 = AXIS2_PLACEMENT_3D('',#10587,#10588,#10589);
#10587 = CARTESIAN_POINT('',(70.167081,13.451933,1.51));
#10588 = DIRECTION('',(-0.,0.,-1.));
#10589 = DIRECTION('',(-0.,-1.,0.));
#10590 = FACE_BOUND('',#10591,.T.);
#10591 = EDGE_LOOP('',(#10592));
#10592 = ORIENTED_EDGE('',*,*,#10593,.T.);
#10593 = EDGE_CURVE('',#10594,#10594,#10596,.T.);
#10594 = VERTEX_POINT('',#10595);
#10595 = CARTESIAN_POINT('',(65.032048,15.323087,1.51));
#10596 = CIRCLE('',#10597,1.525);
#10597 = AXIS2_PLACEMENT_3D('',#10598,#10599,#10600);
#10598 = CARTESIAN_POINT('',(65.032048,16.848087,1.51));
#10599 = DIRECTION('',(-0.,0.,-1.));
#10600 = DIRECTION('',(-0.,-1.,0.));
#10601 = FACE_BOUND('',#10602,.T.);
#10602 = EDGE_LOOP('',(#10603));
#10603 = ORIENTED_EDGE('',*,*,#10604,.T.);
#10604 = EDGE_CURVE('',#10605,#10605,#10607,.T.);
#10605 = VERTEX_POINT('',#10606);
#10606 = CARTESIAN_POINT('',(74.885699,14.517321,1.51));
#10607 = CIRCLE('',#10608,0.8);
#10608 = AXIS2_PLACEMENT_3D('',#10609,#10610,#10611);
#10609 = CARTESIAN_POINT('',(74.885699,15.317321,1.51));
#10610 = DIRECTION('',(-0.,0.,-1.));
#10611 = DIRECTION('',(-0.,-1.,0.));
#10612 = FACE_BOUND('',#10613,.T.);
#10613 = EDGE_LOOP('',(#10614));
#10614 = ORIENTED_EDGE('',*,*,#10615,.T.);
#10615 = EDGE_CURVE('',#10616,#10616,#10618,.T.);
#10616 = VERTEX_POINT('',#10617);
#10617 = CARTESIAN_POINT('',(72.985535,19.18,1.51));
#10618 = CIRCLE('',#10619,0.95);
#10619 = AXIS2_PLACEMENT_3D('',#10620,#10621,#10622);
#10620 = CARTESIAN_POINT('',(72.985535,20.13,1.51));
#10621 = DIRECTION('',(-0.,0.,-1.));
#10622 = DIRECTION('',(-0.,-1.,0.));
#10623 = FACE_BOUND('',#10624,.T.);
#10624 = EDGE_LOOP('',(#10625));
#10625 = ORIENTED_EDGE('',*,*,#10626,.T.);
#10626 = EDGE_CURVE('',#10627,#10627,#10629,.T.);
#10627 = VERTEX_POINT('',#10628);
#10628 = CARTESIAN_POINT('',(5.546678239835E-32,20.032373,1.51));
#10629 = CIRCLE('',#10630,0.51);
#10630 = AXIS2_PLACEMENT_3D('',#10631,#10632,#10633);
#10631 = CARTESIAN_POINT('',(2.95367690447E-17,20.542373,1.51));
#10632 = DIRECTION('',(-0.,0.,-1.));
#10633 = DIRECTION('',(-5.791523342098E-17,-1.,0.));
#10634 = FACE_BOUND('',#10635,.T.);
#10635 = EDGE_LOOP('',(#10636));
#10636 = ORIENTED_EDGE('',*,*,#10637,.T.);
#10637 = EDGE_CURVE('',#10638,#10638,#10640,.T.);
#10638 = VERTEX_POINT('',#10639);
#10639 = CARTESIAN_POINT('',(2.54,20.032373,1.51));
#10640 = CIRCLE('',#10641,0.51);
#10641 = AXIS2_PLACEMENT_3D('',#10642,#10643,#10644);
#10642 = CARTESIAN_POINT('',(2.54,20.542373,1.51));
#10643 = DIRECTION('',(-0.,0.,-1.));
#10644 = DIRECTION('',(-0.,-1.,0.));
#10645 = FACE_BOUND('',#10646,.T.);
#10646 = EDGE_LOOP('',(#10647));
#10647 = ORIENTED_EDGE('',*,*,#10648,.T.);
#10648 = EDGE_CURVE('',#10649,#10649,#10651,.T.);
#10649 = VERTEX_POINT('',#10650);
#10650 = CARTESIAN_POINT('',(8.89,19.802373,1.51));
#10651 = CIRCLE('',#10652,0.51);
#10652 = AXIS2_PLACEMENT_3D('',#10653,#10654,#10655);
#10653 = CARTESIAN_POINT('',(8.89,20.312373,1.51));
#10654 = DIRECTION('',(-0.,0.,-1.));
#10655 = DIRECTION('',(-0.,-1.,0.));
#10656 = FACE_BOUND('',#10657,.T.);
#10657 = EDGE_LOOP('',(#10658));
#10658 = ORIENTED_EDGE('',*,*,#10659,.T.);
#10659 = EDGE_CURVE('',#10660,#10660,#10662,.T.);
#10660 = VERTEX_POINT('',#10661);
#10661 = CARTESIAN_POINT('',(8.89,22.342373,1.51));
#10662 = CIRCLE('',#10663,0.51);
#10663 = AXIS2_PLACEMENT_3D('',#10664,#10665,#10666);
#10664 = CARTESIAN_POINT('',(8.89,22.852373,1.51));
#10665 = DIRECTION('',(-0.,0.,-1.));
#10666 = DIRECTION('',(-0.,-1.,0.));
#10667 = FACE_BOUND('',#10668,.T.);
#10668 = EDGE_LOOP('',(#10669));
#10669 = ORIENTED_EDGE('',*,*,#10670,.T.);
#10670 = EDGE_CURVE('',#10671,#10671,#10673,.T.);
#10671 = VERTEX_POINT('',#10672);
#10672 = CARTESIAN_POINT('',(8.89,24.882373,1.51));
#10673 = CIRCLE('',#10674,0.51);
#10674 = AXIS2_PLACEMENT_3D('',#10675,#10676,#10677);
#10675 = CARTESIAN_POINT('',(8.89,25.392373,1.51));
#10676 = DIRECTION('',(-0.,0.,-1.));
#10677 = DIRECTION('',(-0.,-1.,0.));
#10678 = FACE_BOUND('',#10679,.T.);
#10679 = EDGE_LOOP('',(#10680));
#10680 = ORIENTED_EDGE('',*,*,#10681,.T.);
#10681 = EDGE_CURVE('',#10682,#10682,#10684,.T.);
#10682 = VERTEX_POINT('',#10683);
#10683 = CARTESIAN_POINT('',(8.89,27.422373,1.51));
#10684 = CIRCLE('',#10685,0.51);
#10685 = AXIS2_PLACEMENT_3D('',#10686,#10687,#10688);
#10686 = CARTESIAN_POINT('',(8.89,27.932373,1.51));
#10687 = DIRECTION('',(-0.,0.,-1.));
#10688 = DIRECTION('',(-0.,-1.,0.));
#10689 = FACE_BOUND('',#10690,.T.);
#10690 = EDGE_LOOP('',(#10691));
#10691 = ORIENTED_EDGE('',*,*,#10692,.T.);
#10692 = EDGE_CURVE('',#10693,#10693,#10695,.T.);
#10693 = VERTEX_POINT('',#10694);
#10694 = CARTESIAN_POINT('',(39.022958,17.775241,1.51));
#10695 = CIRCLE('',#10696,2.525);
#10696 = AXIS2_PLACEMENT_3D('',#10697,#10698,#10699);
#10697 = CARTESIAN_POINT('',(39.022958,20.300241,1.51));
#10698 = DIRECTION('',(-0.,0.,-1.));
#10699 = DIRECTION('',(-0.,-1.,0.));
#10700 = FACE_BOUND('',#10701,.T.);
#10701 = EDGE_LOOP('',(#10702));
#10702 = ORIENTED_EDGE('',*,*,#10703,.T.);
#10703 = EDGE_CURVE('',#10704,#10704,#10706,.T.);
#10704 = VERTEX_POINT('',#10705);
#10705 = CARTESIAN_POINT('',(37.396698,24.446685,1.51));
#10706 = CIRCLE('',#10707,1.525);
#10707 = AXIS2_PLACEMENT_3D('',#10708,#10709,#10710);
#10708 = CARTESIAN_POINT('',(37.396698,25.971685,1.51));
#10709 = DIRECTION('',(-0.,0.,-1.));
#10710 = DIRECTION('',(-0.,-1.,0.));
#10711 = FACE_BOUND('',#10712,.T.);
#10712 = EDGE_LOOP('',(#10713));
#10713 = ORIENTED_EDGE('',*,*,#10714,.T.);
#10714 = EDGE_CURVE('',#10715,#10715,#10717,.T.);
#10715 = VERTEX_POINT('',#10716);
#10716 = CARTESIAN_POINT('',(8.89,29.962373,1.51));
#10717 = CIRCLE('',#10718,0.51);
#10718 = AXIS2_PLACEMENT_3D('',#10719,#10720,#10721);
#10719 = CARTESIAN_POINT('',(8.89,30.472373,1.51));
#10720 = DIRECTION('',(-0.,0.,-1.));
#10721 = DIRECTION('',(-0.,-1.,0.));
#10722 = FACE_BOUND('',#10723,.T.);
#10723 = EDGE_LOOP('',(#10724));
#10724 = ORIENTED_EDGE('',*,*,#10725,.T.);
#10725 = EDGE_CURVE('',#10726,#10726,#10728,.T.);
#10726 = VERTEX_POINT('',#10727);
#10727 = CARTESIAN_POINT('',(8.89,32.502373,1.51));
#10728 = CIRCLE('',#10729,0.51);
#10729 = AXIS2_PLACEMENT_3D('',#10730,#10731,#10732);
#10730 = CARTESIAN_POINT('',(8.89,33.012373,1.51));
#10731 = DIRECTION('',(-0.,0.,-1.));
#10732 = DIRECTION('',(-0.,-1.,0.));
#10733 = FACE_BOUND('',#10734,.T.);
#10734 = EDGE_LOOP('',(#10735));
#10735 = ORIENTED_EDGE('',*,*,#10736,.T.);
#10736 = EDGE_CURVE('',#10737,#10737,#10739,.T.);
#10737 = VERTEX_POINT('',#10738);
#10738 = CARTESIAN_POINT('',(8.89,35.042373,1.51));
#10739 = CIRCLE('',#10740,0.51);
#10740 = AXIS2_PLACEMENT_3D('',#10741,#10742,#10743);
#10741 = CARTESIAN_POINT('',(8.89,35.552373,1.51));
#10742 = DIRECTION('',(-0.,0.,-1.));
#10743 = DIRECTION('',(-0.,-1.,0.));
#10744 = FACE_BOUND('',#10745,.T.);
#10745 = EDGE_LOOP('',(#10746));
#10746 = ORIENTED_EDGE('',*,*,#10747,.T.);
#10747 = EDGE_CURVE('',#10748,#10748,#10750,.T.);
#10748 = VERTEX_POINT('',#10749);
#10749 = CARTESIAN_POINT('',(8.89,37.582373,1.51));
#10750 = CIRCLE('',#10751,0.51);
#10751 = AXIS2_PLACEMENT_3D('',#10752,#10753,#10754);
#10752 = CARTESIAN_POINT('',(8.89,38.092373,1.51));
#10753 = DIRECTION('',(-0.,0.,-1.));
#10754 = DIRECTION('',(-0.,-1.,0.));
#10755 = FACE_BOUND('',#10756,.T.);
#10756 = EDGE_LOOP('',(#10757));
#10757 = ORIENTED_EDGE('',*,*,#10758,.T.);
#10758 = EDGE_CURVE('',#10759,#10759,#10761,.T.);
#10759 = VERTEX_POINT('',#10760);
#10760 = CARTESIAN_POINT('',(14.2875,37.204873,1.51));
#10761 = CIRCLE('',#10762,0.65);
#10762 = AXIS2_PLACEMENT_3D('',#10763,#10764,#10765);
#10763 = CARTESIAN_POINT('',(14.2875,37.854873,1.51));
#10764 = DIRECTION('',(-0.,0.,-1.));
#10765 = DIRECTION('',(-0.,-1.,0.));
#10766 = FACE_BOUND('',#10767,.T.);
#10767 = EDGE_LOOP('',(#10768));
#10768 = ORIENTED_EDGE('',*,*,#10769,.T.);
#10769 = EDGE_CURVE('',#10770,#10770,#10772,.T.);
#10770 = VERTEX_POINT('',#10771);
#10771 = CARTESIAN_POINT('',(30.385291,31.483592,1.51));
#10772 = CIRCLE('',#10773,0.8);
#10773 = AXIS2_PLACEMENT_3D('',#10774,#10775,#10776);
#10774 = CARTESIAN_POINT('',(30.385291,32.283592,1.51));
#10775 = DIRECTION('',(-0.,0.,-1.));
#10776 = DIRECTION('',(-4.440892098501E-15,-1.,0.));
#10777 = FACE_BOUND('',#10778,.T.);
#10778 = EDGE_LOOP('',(#10779));
#10779 = ORIENTED_EDGE('',*,*,#10780,.T.);
#10780 = EDGE_CURVE('',#10781,#10781,#10783,.T.);
#10781 = VERTEX_POINT('',#10782);
#10782 = CARTESIAN_POINT('',(28.485127,36.146271,1.51));
#10783 = CIRCLE('',#10784,0.95);
#10784 = AXIS2_PLACEMENT_3D('',#10785,#10786,#10787);
#10785 = CARTESIAN_POINT('',(28.485127,37.096271,1.51));
#10786 = DIRECTION('',(-0.,0.,-1.));
#10787 = DIRECTION('',(-0.,-1.,0.));
#10788 = FACE_BOUND('',#10789,.T.);
#10789 = EDGE_LOOP('',(#10790));
#10790 = ORIENTED_EDGE('',*,*,#10791,.T.);
#10791 = EDGE_CURVE('',#10792,#10792,#10794,.T.);
#10792 = VERTEX_POINT('',#10793);
#10793 = CARTESIAN_POINT('',(33.772066,36.087276,1.51));
#10794 = CIRCLE('',#10795,2.525);
#10795 = AXIS2_PLACEMENT_3D('',#10796,#10797,#10798);
#10796 = CARTESIAN_POINT('',(33.772066,38.612276,1.51));
#10797 = DIRECTION('',(-0.,0.,-1.));
#10798 = DIRECTION('',(-0.,-1.,0.));
#10799 = FACE_BOUND('',#10800,.T.);
#10800 = EDGE_LOOP('',(#10801));
#10801 = ORIENTED_EDGE('',*,*,#10802,.T.);
#10802 = EDGE_CURVE('',#10803,#10803,#10805,.T.);
#10803 = VERTEX_POINT('',#10804);
#10804 = CARTESIAN_POINT('',(39.059005,39.178281,1.51));
#10805 = CIRCLE('',#10806,0.95);
#10806 = AXIS2_PLACEMENT_3D('',#10807,#10808,#10809);
#10807 = CARTESIAN_POINT('',(39.059005,40.128281,1.51));
#10808 = DIRECTION('',(-0.,0.,-1.));
#10809 = DIRECTION('',(-0.,-1.,0.));
#10810 = FACE_BOUND('',#10811,.T.);
#10811 = EDGE_LOOP('',(#10812));
#10812 = ORIENTED_EDGE('',*,*,#10813,.T.);
#10813 = EDGE_CURVE('',#10814,#10814,#10816,.T.);
#10814 = VERTEX_POINT('',#10815);
#10815 = CARTESIAN_POINT('',(44.309897,20.866246,1.51));
#10816 = CIRCLE('',#10817,0.95);
#10817 = AXIS2_PLACEMENT_3D('',#10818,#10819,#10820);
#10818 = CARTESIAN_POINT('',(44.309897,21.816246,1.51));
#10819 = DIRECTION('',(-0.,0.,-1.));
#10820 = DIRECTION('',(-0.,-1.,0.));
#10821 = FACE_BOUND('',#10822,.T.);
#10822 = EDGE_LOOP('',(#10823));
#10823 = ORIENTED_EDGE('',*,*,#10824,.T.);
#10824 = EDGE_CURVE('',#10825,#10825,#10827,.T.);
#10825 = VERTEX_POINT('',#10826);
#10826 = CARTESIAN_POINT('',(47.916876,21.535067,1.51));
#10827 = CIRCLE('',#10828,0.4);
#10828 = AXIS2_PLACEMENT_3D('',#10829,#10830,#10831);
#10829 = CARTESIAN_POINT('',(47.916876,21.935067,1.51));
#10830 = DIRECTION('',(-0.,0.,-1.));
#10831 = DIRECTION('',(-0.,-1.,0.));
#10832 = FACE_BOUND('',#10833,.T.);
#10833 = EDGE_LOOP('',(#10834));
#10834 = ORIENTED_EDGE('',*,*,#10835,.T.);
#10835 = EDGE_CURVE('',#10836,#10836,#10838,.T.);
#10836 = VERTEX_POINT('',#10837);
#10837 = CARTESIAN_POINT('',(52.635495,23.000457,1.51));
#10838 = CIRCLE('',#10839,0.8);
#10839 = AXIS2_PLACEMENT_3D('',#10840,#10841,#10842);
#10840 = CARTESIAN_POINT('',(52.635495,23.800457,1.51));
#10841 = DIRECTION('',(-0.,0.,-1.));
#10842 = DIRECTION('',(-8.881784197001E-15,-1.,0.));
#10843 = FACE_BOUND('',#10844,.T.);
#10844 = EDGE_LOOP('',(#10845));
#10845 = ORIENTED_EDGE('',*,*,#10846,.T.);
#10846 = EDGE_CURVE('',#10847,#10847,#10849,.T.);
#10847 = VERTEX_POINT('',#10848);
#10848 = CARTESIAN_POINT('',(42.781845,23.806222,1.51));
#10849 = CIRCLE('',#10850,1.525);
#10850 = AXIS2_PLACEMENT_3D('',#10851,#10852,#10853);
#10851 = CARTESIAN_POINT('',(42.781845,25.331222,1.51));
#10852 = DIRECTION('',(-0.,0.,-1.));
#10853 = DIRECTION('',(-4.659296627935E-15,-1.,0.));
#10854 = FACE_BOUND('',#10855,.T.);
#10855 = EDGE_LOOP('',(#10856));
#10856 = ORIENTED_EDGE('',*,*,#10857,.T.);
#10857 = EDGE_CURVE('',#10858,#10858,#10860,.T.);
#10858 = VERTEX_POINT('',#10859);
#10859 = CARTESIAN_POINT('',(50.735331,27.663136,1.51));
#10860 = CIRCLE('',#10861,0.95);
#10861 = AXIS2_PLACEMENT_3D('',#10862,#10863,#10864);
#10862 = CARTESIAN_POINT('',(50.735331,28.613136,1.51));
#10863 = DIRECTION('',(-0.,0.,-1.));
#10864 = DIRECTION('',(-0.,-1.,0.));
#10865 = FACE_BOUND('',#10866,.T.);
#10866 = EDGE_LOOP('',(#10867));
#10867 = ORIENTED_EDGE('',*,*,#10868,.T.);
#10868 = EDGE_CURVE('',#10869,#10869,#10871,.T.);
#10869 = VERTEX_POINT('',#10870);
#10870 = CARTESIAN_POINT('',(56.02227,27.604141,1.51));
#10871 = CIRCLE('',#10872,2.525);
#10872 = AXIS2_PLACEMENT_3D('',#10873,#10874,#10875);
#10873 = CARTESIAN_POINT('',(56.02227,30.129141,1.51));
#10874 = DIRECTION('',(-0.,0.,-1.));
#10875 = DIRECTION('',(-0.,-1.,0.));
#10876 = FACE_BOUND('',#10877,.T.);
#10877 = EDGE_LOOP('',(#10878));
#10878 = ORIENTED_EDGE('',*,*,#10879,.T.);
#10879 = EDGE_CURVE('',#10880,#10880,#10882,.T.);
#10880 = VERTEX_POINT('',#10881);
#10881 = CARTESIAN_POINT('',(67.016543,24.039153,1.51));
#10882 = CIRCLE('',#10883,0.4);
#10883 = AXIS2_PLACEMENT_3D('',#10884,#10885,#10886);
#10884 = CARTESIAN_POINT('',(67.016543,24.439153,1.51));
#10885 = DIRECTION('',(-0.,0.,-1.));
#10886 = DIRECTION('',(-0.,-1.,0.));
#10887 = FACE_BOUND('',#10888,.T.);
#10888 = EDGE_LOOP('',(#10889));
#10889 = ORIENTED_EDGE('',*,*,#10890,.T.);
#10890 = EDGE_CURVE('',#10891,#10891,#10893,.T.);
#10891 = VERTEX_POINT('',#10892);
#10892 = CARTESIAN_POINT('',(78.272474,19.121005,1.51));
#10893 = CIRCLE('',#10894,2.525);
#10894 = AXIS2_PLACEMENT_3D('',#10895,#10896,#10897);
#10895 = CARTESIAN_POINT('',(78.272474,21.646005,1.51));
#10896 = DIRECTION('',(-0.,0.,-1.));
#10897 = DIRECTION('',(5.628061273347E-15,-1.,-0.));
#10898 = FACE_BOUND('',#10899,.T.);
#10899 = EDGE_LOOP('',(#10900));
#10900 = ORIENTED_EDGE('',*,*,#10901,.T.);
#10901 = EDGE_CURVE('',#10902,#10902,#10904,.T.);
#10902 = VERTEX_POINT('',#10903);
#10903 = CARTESIAN_POINT('',(76.646214,25.792449,1.51));
#10904 = CIRCLE('',#10905,1.525);
#10905 = AXIS2_PLACEMENT_3D('',#10906,#10907,#10908);
#10906 = CARTESIAN_POINT('',(76.646214,27.317449,1.51));
#10907 = DIRECTION('',(-0.,0.,-1.));
#10908 = DIRECTION('',(-0.,-1.,0.));
#10909 = FACE_BOUND('',#10910,.T.);
#10910 = EDGE_LOOP('',(#10911));
#10911 = ORIENTED_EDGE('',*,*,#10912,.T.);
#10912 = EDGE_CURVE('',#10913,#10913,#10915,.T.);
#10913 = VERTEX_POINT('',#10914);
#10914 = CARTESIAN_POINT('',(44.766338,32.522288,1.51));
#10915 = CIRCLE('',#10916,0.4);
#10916 = AXIS2_PLACEMENT_3D('',#10917,#10918,#10919);
#10917 = CARTESIAN_POINT('',(44.766338,32.922288,1.51));
#10918 = DIRECTION('',(-0.,0.,-1.));
#10919 = DIRECTION('',(-1.7763568394E-14,-1.,0.));
#10920 = FACE_BOUND('',#10921,.T.);
#10921 = EDGE_LOOP('',(#10922));
#10922 = ORIENTED_EDGE('',*,*,#10923,.T.);
#10923 = EDGE_CURVE('',#10924,#10924,#10926,.T.);
#10924 = VERTEX_POINT('',#10925);
#10925 = CARTESIAN_POINT('',(42.665984,39.847103,1.51));
#10926 = CIRCLE('',#10927,0.4);
#10927 = AXIS2_PLACEMENT_3D('',#10928,#10929,#10930);
#10928 = CARTESIAN_POINT('',(42.665984,40.247103,1.51));
#10929 = DIRECTION('',(-0.,0.,-1.));
#10930 = DIRECTION('',(-0.,-1.,0.));
#10931 = FACE_BOUND('',#10932,.T.);
#10932 = EDGE_LOOP('',(#10933));
#10933 = ORIENTED_EDGE('',*,*,#10934,.T.);
#10934 = EDGE_CURVE('',#10935,#10935,#10937,.T.);
#10935 = VERTEX_POINT('',#10936);
#10936 = CARTESIAN_POINT('',(54.39601,34.275585,1.51));
#10937 = CIRCLE('',#10938,1.525);
#10938 = AXIS2_PLACEMENT_3D('',#10939,#10940,#10941);
#10939 = CARTESIAN_POINT('',(54.39601,35.800585,1.51));
#10940 = DIRECTION('',(-0.,0.,-1.));
#10941 = DIRECTION('',(-4.659296627935E-15,-1.,0.));
#10942 = FACE_BOUND('',#10943,.T.);
#10943 = EDGE_LOOP('',(#10944));
#10944 = ORIENTED_EDGE('',*,*,#10945,.T.);
#10945 = EDGE_CURVE('',#10946,#10946,#10948,.T.);
#10946 = VERTEX_POINT('',#10947);
#10947 = CARTESIAN_POINT('',(61.309209,30.695146,1.51));
#10948 = CIRCLE('',#10949,0.95);
#10949 = AXIS2_PLACEMENT_3D('',#10950,#10951,#10952);
#10950 = CARTESIAN_POINT('',(61.309209,31.645146,1.51));
#10951 = DIRECTION('',(-0.,0.,-1.));
#10952 = DIRECTION('',(7.479397218527E-15,-1.,-0.));
#10953 = FACE_BOUND('',#10954,.T.);
#10954 = EDGE_LOOP('',(#10955));
#10955 = ORIENTED_EDGE('',*,*,#10956,.T.);
#10956 = EDGE_CURVE('',#10957,#10957,#10959,.T.);
#10957 = VERTEX_POINT('',#10958);
#10958 = CARTESIAN_POINT('',(64.916189,31.363968,1.51));
#10959 = CIRCLE('',#10960,0.4);
#10960 = AXIS2_PLACEMENT_3D('',#10961,#10962,#10963);
#10961 = CARTESIAN_POINT('',(64.916189,31.763968,1.51));
#10962 = DIRECTION('',(-0.,0.,-1.));
#10963 = DIRECTION('',(-0.,-1.,0.));
#10964 = FACE_BOUND('',#10965,.T.);
#10965 = EDGE_LOOP('',(#10966));
#10966 = ORIENTED_EDGE('',*,*,#10967,.T.);
#10967 = EDGE_CURVE('',#10968,#10968,#10970,.T.);
#10968 = VERTEX_POINT('',#10969);
#10969 = CARTESIAN_POINT('',(59.781157,33.635122,1.51));
#10970 = CIRCLE('',#10971,1.525);
#10971 = AXIS2_PLACEMENT_3D('',#10972,#10973,#10974);
#10972 = CARTESIAN_POINT('',(59.781157,35.160122,1.51));
#10973 = DIRECTION('',(-0.,0.,-1.));
#10974 = DIRECTION('',(-0.,-1.,0.));
#10975 = FACE_BOUND('',#10976,.T.);
#10976 = EDGE_LOOP('',(#10977));
#10977 = ORIENTED_EDGE('',*,*,#10978,.T.);
#10978 = EDGE_CURVE('',#10979,#10979,#10981,.T.);
#10979 = VERTEX_POINT('',#10980);
#10980 = CARTESIAN_POINT('',(69.634809,32.829357,1.51));
#10981 = CIRCLE('',#10982,0.8);
#10982 = AXIS2_PLACEMENT_3D('',#10983,#10984,#10985);
#10983 = CARTESIAN_POINT('',(69.634809,33.629357,1.51));
#10984 = DIRECTION('',(-0.,0.,-1.));
#10985 = DIRECTION('',(-0.,-1.,0.));
#10986 = FACE_BOUND('',#10987,.T.);
#10987 = EDGE_LOOP('',(#10988));
#10988 = ORIENTED_EDGE('',*,*,#10989,.T.);
#10989 = EDGE_CURVE('',#10990,#10990,#10992,.T.);
#10990 = VERTEX_POINT('',#10991);
#10991 = CARTESIAN_POINT('',(67.734645,37.492036,1.51));
#10992 = CIRCLE('',#10993,0.95);
#10993 = AXIS2_PLACEMENT_3D('',#10994,#10995,#10996);
#10994 = CARTESIAN_POINT('',(67.734645,38.442036,1.51));
#10995 = DIRECTION('',(-0.,0.,-1.));
#10996 = DIRECTION('',(-0.,-1.,0.));
#10997 = FACE_BOUND('',#10998,.T.);
#10998 = EDGE_LOOP('',(#10999));
#10999 = ORIENTED_EDGE('',*,*,#11000,.T.);
#11000 = EDGE_CURVE('',#11001,#11001,#11003,.T.);
#11001 = VERTEX_POINT('',#11002);
#11002 = CARTESIAN_POINT('',(73.021584,37.433041,1.51));
#11003 = CIRCLE('',#11004,2.525);
#11004 = AXIS2_PLACEMENT_3D('',#11005,#11006,#11007);
#11005 = CARTESIAN_POINT('',(73.021584,39.958041,1.51));
#11006 = DIRECTION('',(-0.,0.,-1.));
#11007 = DIRECTION('',(5.628061273347E-15,-1.,-0.));
#11008 = FACE_BOUND('',#11009,.T.);
#11009 = EDGE_LOOP('',(#11010));
#11010 = ORIENTED_EDGE('',*,*,#11011,.T.);
#11011 = EDGE_CURVE('',#11012,#11012,#11014,.T.);
#11012 = VERTEX_POINT('',#11013);
#11013 = CARTESIAN_POINT('',(83.523366,0.808971,1.51));
#11014 = CIRCLE('',#11015,2.525);
#11015 = AXIS2_PLACEMENT_3D('',#11016,#11017,#11018);
#11016 = CARTESIAN_POINT('',(83.523366,3.333971,1.51));
#11017 = DIRECTION('',(-0.,0.,-1.));
#11018 = DIRECTION('',(-5.628061273347E-15,-1.,0.));
#11019 = FACE_BOUND('',#11020,.T.);
#11020 = EDGE_LOOP('',(#11021));
#11021 = ORIENTED_EDGE('',*,*,#11022,.T.);
#11022 = EDGE_CURVE('',#11023,#11023,#11025,.T.);
#11023 = VERTEX_POINT('',#11024);
#11024 = CARTESIAN_POINT('',(88.810305,3.899976,1.51));
#11025 = CIRCLE('',#11026,0.95);
#11026 = AXIS2_PLACEMENT_3D('',#11027,#11028,#11029);
#11027 = CARTESIAN_POINT('',(88.810305,4.849976,1.51));
#11028 = DIRECTION('',(-0.,0.,-1.));
#11029 = DIRECTION('',(-0.,-1.,0.));
#11030 = FACE_BOUND('',#11031,.T.);
#11031 = EDGE_LOOP('',(#11032));
#11032 = ORIENTED_EDGE('',*,*,#11033,.T.);
#11033 = EDGE_CURVE('',#11034,#11034,#11036,.T.);
#11034 = VERTEX_POINT('',#11035);
#11035 = CARTESIAN_POINT('',(97.861185,1.540849,1.51));
#11036 = CIRCLE('',#11037,0.95);
#11037 = AXIS2_PLACEMENT_3D('',#11038,#11039,#11040);
#11038 = CARTESIAN_POINT('',(97.861185,2.490849,1.51));
#11039 = DIRECTION('',(-0.,0.,-1.));
#11040 = DIRECTION('',(-0.,-1.,0.));
#11041 = FACE_BOUND('',#11042,.T.);
#11042 = EDGE_LOOP('',(#11043));
#11043 = ORIENTED_EDGE('',*,*,#11044,.T.);
#11044 = EDGE_CURVE('',#11045,#11045,#11047,.T.);
#11045 = VERTEX_POINT('',#11046);
#11046 = CARTESIAN_POINT('',(92.417285,4.568798,1.51));
#11047 = CIRCLE('',#11048,0.4);
#11048 = AXIS2_PLACEMENT_3D('',#11049,#11050,#11051);
#11049 = CARTESIAN_POINT('',(92.417285,4.968798,1.51));
#11050 = DIRECTION('',(-0.,0.,-1.));
#11051 = DIRECTION('',(3.5527136788E-14,-1.,-0.));
#11052 = FACE_BOUND('',#11053,.T.);
#11053 = EDGE_LOOP('',(#11054));
#11054 = ORIENTED_EDGE('',*,*,#11055,.T.);
#11055 = EDGE_CURVE('',#11056,#11056,#11058,.T.);
#11056 = VERTEX_POINT('',#11057);
#11057 = CARTESIAN_POINT('',(81.897106,7.480415,1.51));
#11058 = CIRCLE('',#11059,1.525);
#11059 = AXIS2_PLACEMENT_3D('',#11060,#11061,#11062);
#11060 = CARTESIAN_POINT('',(81.897106,9.005415,1.51));
#11061 = DIRECTION('',(-0.,0.,-1.));
#11062 = DIRECTION('',(-9.31859325587E-15,-1.,0.));
#11063 = FACE_BOUND('',#11064,.T.);
#11064 = EDGE_LOOP('',(#11065));
#11065 = ORIENTED_EDGE('',*,*,#11066,.T.);
#11066 = EDGE_CURVE('',#11067,#11067,#11069,.T.);
#11067 = VERTEX_POINT('',#11068);
#11068 = CARTESIAN_POINT('',(87.282253,6.839952,1.51));
#11069 = CIRCLE('',#11070,1.525);
#11070 = AXIS2_PLACEMENT_3D('',#11071,#11072,#11073);
#11071 = CARTESIAN_POINT('',(87.282253,8.364952,1.51));
#11072 = DIRECTION('',(-0.,0.,-1.));
#11073 = DIRECTION('',(-0.,-1.,0.));
#11074 = FACE_BOUND('',#11075,.T.);
#11075 = EDGE_LOOP('',(#11076));
#11076 = ORIENTED_EDGE('',*,*,#11077,.T.);
#11077 = EDGE_CURVE('',#11078,#11078,#11080,.T.);
#11078 = VERTEX_POINT('',#11079);
#11079 = CARTESIAN_POINT('',(103.148124,1.481854,1.51));
#11080 = CIRCLE('',#11081,2.525);
#11081 = AXIS2_PLACEMENT_3D('',#11082,#11083,#11084);
#11082 = CARTESIAN_POINT('',(103.148124,4.006854,1.51));
#11083 = DIRECTION('',(-0.,0.,-1.));
#11084 = DIRECTION('',(-0.,-1.,0.));
#11085 = FACE_BOUND('',#11086,.T.);
#11086 = EDGE_LOOP('',(#11087));
#11087 = ORIENTED_EDGE('',*,*,#11088,.T.);
#11088 = EDGE_CURVE('',#11089,#11089,#11091,.T.);
#11089 = VERTEX_POINT('',#11090);
#11090 = CARTESIAN_POINT('',(117.815899,1.968691,1.51));
#11091 = CIRCLE('',#11092,0.95);
#11092 = AXIS2_PLACEMENT_3D('',#11093,#11094,#11095);
#11093 = CARTESIAN_POINT('',(117.815899,2.918691,1.51));
#11094 = DIRECTION('',(-0.,0.,-1.));
#11095 = DIRECTION('',(-0.,-1.,0.));
#11096 = FACE_BOUND('',#11097,.T.);
#11097 = EDGE_LOOP('',(#11098));
#11098 = ORIENTED_EDGE('',*,*,#11099,.T.);
#11099 = EDGE_CURVE('',#11100,#11100,#11102,.T.);
#11100 = VERTEX_POINT('',#11101);
#11101 = CARTESIAN_POINT('',(108.435063,4.572859,1.51));
#11102 = CIRCLE('',#11103,0.95);
#11103 = AXIS2_PLACEMENT_3D('',#11104,#11105,#11106);
#11104 = CARTESIAN_POINT('',(108.435063,5.522859,1.51));
#11105 = DIRECTION('',(-0.,0.,-1.));
#11106 = DIRECTION('',(-0.,-1.,0.));
#11107 = FACE_BOUND('',#11108,.T.);
#11108 = EDGE_LOOP('',(#11109));
#11109 = ORIENTED_EDGE('',*,*,#11110,.T.);
#11110 = EDGE_CURVE('',#11111,#11111,#11113,.T.);
#11111 = VERTEX_POINT('',#11112);
#11112 = CARTESIAN_POINT('',(101.521864,8.153298,1.51));
#11113 = CIRCLE('',#11114,1.525);
#11114 = AXIS2_PLACEMENT_3D('',#11115,#11116,#11117);
#11115 = CARTESIAN_POINT('',(101.521864,9.678298,1.51));
#11116 = DIRECTION('',(-0.,0.,-1.));
#11117 = DIRECTION('',(-0.,-1.,0.));
#11118 = FACE_BOUND('',#11119,.T.);
#11119 = EDGE_LOOP('',(#11120));
#11120 = ORIENTED_EDGE('',*,*,#11121,.T.);
#11121 = EDGE_CURVE('',#11122,#11122,#11124,.T.);
#11122 = VERTEX_POINT('',#11123);
#11123 = CARTESIAN_POINT('',(106.907011,7.512835,1.51));
#11124 = CIRCLE('',#11125,1.525);
#11125 = AXIS2_PLACEMENT_3D('',#11126,#11127,#11128);
#11126 = CARTESIAN_POINT('',(106.907011,9.037835,1.51));
#11127 = DIRECTION('',(-0.,0.,-1.));
#11128 = DIRECTION('',(-9.31859325587E-15,-1.,0.));
#11129 = FACE_BOUND('',#11130,.T.);
#11130 = EDGE_LOOP('',(#11131));
#11131 = ORIENTED_EDGE('',*,*,#11132,.T.);
#11132 = EDGE_CURVE('',#11133,#11133,#11135,.T.);
#11133 = VERTEX_POINT('',#11134);
#11134 = CARTESIAN_POINT('',(112.042042,5.24168,1.51));
#11135 = CIRCLE('',#11136,0.4);
#11136 = AXIS2_PLACEMENT_3D('',#11137,#11138,#11139);
#11137 = CARTESIAN_POINT('',(112.042042,5.64168,1.51));
#11138 = DIRECTION('',(-0.,0.,-1.));
#11139 = DIRECTION('',(-3.552713678801E-14,-1.,0.));
#11140 = FACE_BOUND('',#11141,.T.);
#11141 = EDGE_LOOP('',(#11142));
#11142 = ORIENTED_EDGE('',*,*,#11143,.T.);
#11143 = EDGE_CURVE('',#11144,#11144,#11146,.T.);
#11144 = VERTEX_POINT('',#11145);
#11145 = CARTESIAN_POINT('',(89.266746,15.556018,1.51));
#11146 = CIRCLE('',#11147,0.4);
#11147 = AXIS2_PLACEMENT_3D('',#11148,#11149,#11150);
#11148 = CARTESIAN_POINT('',(89.266746,15.956018,1.51));
#11149 = DIRECTION('',(-0.,0.,-1.));
#11150 = DIRECTION('',(-3.552713678801E-14,-1.,0.));
#11151 = FACE_BOUND('',#11152,.T.);
#11152 = EDGE_LOOP('',(#11153));
#11153 = ORIENTED_EDGE('',*,*,#11154,.T.);
#11154 = EDGE_CURVE('',#11155,#11155,#11157,.T.);
#11155 = VERTEX_POINT('',#11156);
#11156 = CARTESIAN_POINT('',(94.510457,15.190204,1.51));
#11157 = CIRCLE('',#11158,0.8);
#11158 = AXIS2_PLACEMENT_3D('',#11159,#11160,#11161);
#11159 = CARTESIAN_POINT('',(94.510457,15.990204,1.51));
#11160 = DIRECTION('',(-0.,0.,-1.));
#11161 = DIRECTION('',(-0.,-1.,0.));
#11162 = FACE_BOUND('',#11163,.T.);
#11163 = EDGE_LOOP('',(#11164));
#11164 = ORIENTED_EDGE('',*,*,#11165,.T.);
#11165 = EDGE_CURVE('',#11166,#11166,#11168,.T.);
#11166 = VERTEX_POINT('',#11167);
#11167 = CARTESIAN_POINT('',(108.891505,16.228901,1.51));
#11168 = CIRCLE('',#11169,0.4);
#11169 = AXIS2_PLACEMENT_3D('',#11170,#11171,#11172);
#11170 = CARTESIAN_POINT('',(108.891505,16.628901,1.51));
#11171 = DIRECTION('',(-0.,0.,-1.));
#11172 = DIRECTION('',(-0.,-1.,0.));
#11173 = FACE_BOUND('',#11174,.T.);
#11174 = EDGE_LOOP('',(#11175));
#11175 = ORIENTED_EDGE('',*,*,#11176,.T.);
#11176 = EDGE_CURVE('',#11177,#11177,#11179,.T.);
#11177 = VERTEX_POINT('',#11178);
#11178 = CARTESIAN_POINT('',(115.415001,15.818898,1.51));
#11179 = CIRCLE('',#11180,0.8);
#11180 = AXIS2_PLACEMENT_3D('',#11181,#11182,#11183);
#11181 = CARTESIAN_POINT('',(115.415001,16.618898,1.51));
#11182 = DIRECTION('',(-0.,0.,-1.));
#11183 = DIRECTION('',(-0.,-1.,0.));
#11184 = FACE_BOUND('',#11185,.T.);
#11185 = EDGE_LOOP('',(#11186));
#11186 = ORIENTED_EDGE('',*,*,#11187,.T.);
#11187 = EDGE_CURVE('',#11188,#11188,#11190,.T.);
#11188 = VERTEX_POINT('',#11189);
#11189 = CARTESIAN_POINT('',(123.19571,1.537205,1.51));
#11190 = CIRCLE('',#11191,2.525);
#11191 = AXIS2_PLACEMENT_3D('',#11192,#11193,#11194);
#11192 = CARTESIAN_POINT('',(123.19571,4.062205,1.51));
#11193 = DIRECTION('',(-0.,0.,-1.));
#11194 = DIRECTION('',(5.628061273347E-15,-1.,-0.));
#11195 = FACE_BOUND('',#11196,.T.);
#11196 = EDGE_LOOP('',(#11197));
#11197 = ORIENTED_EDGE('',*,*,#11198,.T.);
#11198 = EDGE_CURVE('',#11199,#11199,#11201,.T.);
#11199 = VERTEX_POINT('',#11200);
#11200 = CARTESIAN_POINT('',(138.009431,1.145905,1.51));
#11201 = CIRCLE('',#11202,0.8);
#11202 = AXIS2_PLACEMENT_3D('',#11203,#11204,#11205);
#11203 = CARTESIAN_POINT('',(138.009431,1.945905,1.51));
#11204 = DIRECTION('',(-0.,0.,-1.));
#11205 = DIRECTION('',(-0.,-1.,0.));
#11206 = FACE_BOUND('',#11207,.T.);
#11207 = EDGE_LOOP('',(#11208));
#11208 = ORIENTED_EDGE('',*,*,#11209,.T.);
#11209 = EDGE_CURVE('',#11210,#11210,#11212,.T.);
#11210 = VERTEX_POINT('',#11211);
#11211 = CARTESIAN_POINT('',(128.575521,4.255719,1.51));
#11212 = CIRCLE('',#11213,0.95);
#11213 = AXIS2_PLACEMENT_3D('',#11214,#11215,#11216);
#11214 = CARTESIAN_POINT('',(128.575521,5.205719,1.51));
#11215 = DIRECTION('',(-0.,0.,-1.));
#11216 = DIRECTION('',(-0.,-1.,0.));
#11217 = FACE_BOUND('',#11218,.T.);
#11218 = EDGE_LOOP('',(#11219));
#11219 = ORIENTED_EDGE('',*,*,#11220,.T.);
#11220 = EDGE_CURVE('',#11221,#11221,#11223,.T.);
#11221 = VERTEX_POINT('',#11222);
#11222 = CARTESIAN_POINT('',(121.969031,8.308276,1.51));
#11223 = CIRCLE('',#11224,1.525);
#11224 = AXIS2_PLACEMENT_3D('',#11225,#11226,#11227);
#11225 = CARTESIAN_POINT('',(121.969031,9.833276,1.51));
#11226 = DIRECTION('',(-0.,0.,-1.));
#11227 = DIRECTION('',(-0.,-1.,0.));
#11228 = FACE_BOUND('',#11229,.T.);
#11229 = EDGE_LOOP('',(#11230));
#11230 = ORIENTED_EDGE('',*,*,#11231,.T.);
#11231 = EDGE_CURVE('',#11232,#11232,#11234,.T.);
#11232 = VERTEX_POINT('',#11233);
#11233 = CARTESIAN_POINT('',(127.296384,7.293724,1.51));
#11234 = CIRCLE('',#11235,1.525);
#11235 = AXIS2_PLACEMENT_3D('',#11236,#11237,#11238);
#11236 = CARTESIAN_POINT('',(127.296384,8.818724,1.51));
#11237 = DIRECTION('',(-0.,0.,-1.));
#11238 = DIRECTION('',(9.31859325587E-15,-1.,-0.));
#11239 = FACE_BOUND('',#11240,.T.);
#11240 = EDGE_LOOP('',(#11241));
#11241 = ORIENTED_EDGE('',*,*,#11242,.T.);
#11242 = EDGE_CURVE('',#11243,#11243,#11245,.T.);
#11243 = VERTEX_POINT('',#11244);
#11244 = CARTESIAN_POINT('',(132.182004,4.67264,1.51));
#11245 = CIRCLE('',#11246,0.4);
#11246 = AXIS2_PLACEMENT_3D('',#11247,#11248,#11249);
#11247 = CARTESIAN_POINT('',(132.182004,5.07264,1.51));
#11248 = DIRECTION('',(-0.,0.,-1.));
#11249 = DIRECTION('',(-0.,-1.,0.));
#11250 = FACE_BOUND('',#11251,.T.);
#11251 = EDGE_LOOP('',(#11252));
#11252 = ORIENTED_EDGE('',*,*,#11253,.T.);
#11253 = EDGE_CURVE('',#11254,#11254,#11256,.T.);
#11254 = VERTEX_POINT('',#11255);
#11255 = CARTESIAN_POINT('',(136.449612,5.929409,1.51));
#11256 = CIRCLE('',#11257,0.95);
#11257 = AXIS2_PLACEMENT_3D('',#11258,#11259,#11260);
#11258 = CARTESIAN_POINT('',(136.449612,6.879409,1.51));
#11259 = DIRECTION('',(-0.,0.,-1.));
#11260 = DIRECTION('',(-0.,-1.,0.));
#11261 = FACE_BOUND('',#11262,.T.);
#11262 = EDGE_LOOP('',(#11263));
#11263 = ORIENTED_EDGE('',*,*,#11264,.T.);
#11264 = EDGE_CURVE('',#11265,#11265,#11267,.T.);
#11265 = VERTEX_POINT('',#11266);
#11266 = CARTESIAN_POINT('',(152.4,1.179873,1.51));
#11267 = CIRCLE('',#11268,0.4);
#11268 = AXIS2_PLACEMENT_3D('',#11269,#11270,#11271);
#11269 = CARTESIAN_POINT('',(152.4,1.579873,1.51));
#11270 = DIRECTION('',(-0.,0.,-1.));
#11271 = DIRECTION('',(-0.,-1.,0.));
#11272 = FACE_BOUND('',#11273,.T.);
#11273 = EDGE_LOOP('',(#11274));
#11274 = ORIENTED_EDGE('',*,*,#11275,.T.);
#11275 = EDGE_CURVE('',#11276,#11276,#11278,.T.);
#11276 = VERTEX_POINT('',#11277);
#11277 = CARTESIAN_POINT('',(141.829423,5.497923,1.51));
#11278 = CIRCLE('',#11279,2.525);
#11279 = AXIS2_PLACEMENT_3D('',#11280,#11281,#11282);
#11280 = CARTESIAN_POINT('',(141.829423,8.022923,1.51));
#11281 = DIRECTION('',(-0.,0.,-1.));
#11282 = DIRECTION('',(-1.125612254669E-14,-1.,0.));
#11283 = FACE_BOUND('',#11284,.T.);
#11284 = EDGE_LOOP('',(#11285));
#11285 = ORIENTED_EDGE('',*,*,#11286,.T.);
#11286 = EDGE_CURVE('',#11287,#11287,#11289,.T.);
#11287 = VERTEX_POINT('',#11288);
#11288 = CARTESIAN_POINT('',(147.209234,8.216437,1.51));
#11289 = CIRCLE('',#11290,0.95);
#11290 = AXIS2_PLACEMENT_3D('',#11291,#11292,#11293);
#11291 = CARTESIAN_POINT('',(147.209234,9.166437,1.51));
#11292 = DIRECTION('',(-0.,0.,-1.));
#11293 = DIRECTION('',(2.991758887411E-14,-1.,-0.));
#11294 = FACE_BOUND('',#11295,.T.);
#11295 = EDGE_LOOP('',(#11296));
#11296 = ORIENTED_EDGE('',*,*,#11297,.T.);
#11297 = EDGE_CURVE('',#11298,#11298,#11300,.T.);
#11298 = VERTEX_POINT('',#11299);
#11299 = CARTESIAN_POINT('',(150.815716,8.633358,1.51));
#11300 = CIRCLE('',#11301,0.4);
#11301 = AXIS2_PLACEMENT_3D('',#11302,#11303,#11304);
#11302 = CARTESIAN_POINT('',(150.815716,9.033358,1.51));
#11303 = DIRECTION('',(-0.,0.,-1.));
#11304 = DIRECTION('',(-0.,-1.,0.));
#11305 = FACE_BOUND('',#11306,.T.);
#11306 = EDGE_LOOP('',(#11307));
#11307 = ORIENTED_EDGE('',*,*,#11308,.T.);
#11308 = EDGE_CURVE('',#11309,#11309,#11311,.T.);
#11309 = VERTEX_POINT('',#11310);
#11310 = CARTESIAN_POINT('',(129.805571,15.852867,1.51));
#11311 = CIRCLE('',#11312,0.4);
#11312 = AXIS2_PLACEMENT_3D('',#11313,#11314,#11315);
#11313 = CARTESIAN_POINT('',(129.805571,16.252867,1.51));
#11314 = DIRECTION('',(-0.,0.,-1.));
#11315 = DIRECTION('',(-0.,-1.,0.));
#11316 = FACE_BOUND('',#11317,.T.);
#11317 = EDGE_LOOP('',(#11318));
#11318 = ORIENTED_EDGE('',*,*,#11319,.T.);
#11319 = EDGE_CURVE('',#11320,#11320,#11322,.T.);
#11320 = VERTEX_POINT('',#11321);
#11321 = CARTESIAN_POINT('',(140.602744,12.268994,1.51));
#11322 = CIRCLE('',#11323,1.525);
#11323 = AXIS2_PLACEMENT_3D('',#11324,#11325,#11326);
#11324 = CARTESIAN_POINT('',(140.602744,13.793994,1.51));
#11325 = DIRECTION('',(-0.,0.,-1.));
#11326 = DIRECTION('',(-0.,-1.,0.));
#11327 = FACE_BOUND('',#11328,.T.);
#11328 = EDGE_LOOP('',(#11329));
#11329 = ORIENTED_EDGE('',*,*,#11330,.T.);
#11330 = EDGE_CURVE('',#11331,#11331,#11333,.T.);
#11331 = VERTEX_POINT('',#11332);
#11332 = CARTESIAN_POINT('',(145.930097,11.254442,1.51));
#11333 = CIRCLE('',#11334,1.525);
#11334 = AXIS2_PLACEMENT_3D('',#11335,#11336,#11337);
#11335 = CARTESIAN_POINT('',(145.930097,12.779442,1.51));
#11336 = DIRECTION('',(-0.,0.,-1.));
#11337 = DIRECTION('',(-0.,-1.,0.));
#11338 = FACE_BOUND('',#11339,.T.);
#11339 = EDGE_LOOP('',(#11340));
#11340 = ORIENTED_EDGE('',*,*,#11341,.T.);
#11341 = EDGE_CURVE('',#11342,#11342,#11344,.T.);
#11342 = VERTEX_POINT('',#11343);
#11343 = CARTESIAN_POINT('',(148.439282,19.813585,1.51));
#11344 = CIRCLE('',#11345,0.4);
#11345 = AXIS2_PLACEMENT_3D('',#11346,#11347,#11348);
#11346 = CARTESIAN_POINT('',(148.439282,20.213585,1.51));
#11347 = DIRECTION('',(-0.,0.,-1.));
#11348 = DIRECTION('',(-0.,-1.,0.));
#11349 = FACE_BOUND('',#11350,.T.);
#11350 = EDGE_LOOP('',(#11351));
#11351 = ORIENTED_EDGE('',*,*,#11352,.T.);
#11352 = EDGE_CURVE('',#11353,#11353,#11355,.T.);
#11353 = VERTEX_POINT('',#11354);
#11354 = CARTESIAN_POINT('',(83.559413,22.21201,1.51));
#11355 = CIRCLE('',#11356,0.95);
#11356 = AXIS2_PLACEMENT_3D('',#11357,#11358,#11359);
#11357 = CARTESIAN_POINT('',(83.559413,23.16201,1.51));
#11358 = DIRECTION('',(-0.,0.,-1.));
#11359 = DIRECTION('',(-0.,-1.,0.));
#11360 = FACE_BOUND('',#11361,.T.);
#11361 = EDGE_LOOP('',(#11362));
#11362 = ORIENTED_EDGE('',*,*,#11363,.T.);
#11363 = EDGE_CURVE('',#11364,#11364,#11366,.T.);
#11364 = VERTEX_POINT('',#11365);
#11365 = CARTESIAN_POINT('',(87.166392,22.880833,1.51));
#11366 = CIRCLE('',#11367,0.4);
#11367 = AXIS2_PLACEMENT_3D('',#11368,#11369,#11370);
#11368 = CARTESIAN_POINT('',(87.166392,23.280833,1.51));
#11369 = DIRECTION('',(-0.,0.,-1.));
#11370 = DIRECTION('',(-0.,-1.,0.));
#11371 = FACE_BOUND('',#11372,.T.);
#11372 = EDGE_LOOP('',(#11373));
#11373 = ORIENTED_EDGE('',*,*,#11374,.T.);
#11374 = EDGE_CURVE('',#11375,#11375,#11377,.T.);
#11375 = VERTEX_POINT('',#11376);
#11376 = CARTESIAN_POINT('',(92.610293,19.852883,1.51));
#11377 = CIRCLE('',#11378,0.95);
#11378 = AXIS2_PLACEMENT_3D('',#11379,#11380,#11381);
#11379 = CARTESIAN_POINT('',(92.610293,20.802883,1.51));
#11380 = DIRECTION('',(-0.,0.,-1.));
#11381 = DIRECTION('',(-0.,-1.,0.));
#11382 = FACE_BOUND('',#11383,.T.);
#11383 = EDGE_LOOP('',(#11384));
#11384 = ORIENTED_EDGE('',*,*,#11385,.T.);
#11385 = EDGE_CURVE('',#11386,#11386,#11388,.T.);
#11386 = VERTEX_POINT('',#11387);
#11387 = CARTESIAN_POINT('',(97.897232,19.793888,1.51));
#11388 = CIRCLE('',#11389,2.525);
#11389 = AXIS2_PLACEMENT_3D('',#11390,#11391,#11392);
#11390 = CARTESIAN_POINT('',(97.897232,22.318888,1.51));
#11391 = DIRECTION('',(-0.,0.,-1.));
#11392 = DIRECTION('',(-0.,-1.,0.));
#11393 = FACE_BOUND('',#11394,.T.);
#11394 = EDGE_LOOP('',(#11395));
#11395 = ORIENTED_EDGE('',*,*,#11396,.T.);
#11396 = EDGE_CURVE('',#11397,#11397,#11399,.T.);
#11397 = VERTEX_POINT('',#11398);
#11398 = CARTESIAN_POINT('',(82.031361,25.151986,1.51));
#11399 = CIRCLE('',#11400,1.525);
#11400 = AXIS2_PLACEMENT_3D('',#11401,#11402,#11403);
#11401 = CARTESIAN_POINT('',(82.031361,26.676986,1.51));
#11402 = DIRECTION('',(-0.,0.,-1.));
#11403 = DIRECTION('',(-0.,-1.,0.));
#11404 = FACE_BOUND('',#11405,.T.);
#11405 = EDGE_LOOP('',(#11406));
#11406 = ORIENTED_EDGE('',*,*,#11407,.T.);
#11407 = EDGE_CURVE('',#11408,#11408,#11410,.T.);
#11408 = VERTEX_POINT('',#11409);
#11409 = CARTESIAN_POINT('',(96.270972,26.465332,1.51));
#11410 = CIRCLE('',#11411,1.525);
#11411 = AXIS2_PLACEMENT_3D('',#11412,#11413,#11414);
#11412 = CARTESIAN_POINT('',(96.270972,27.990332,1.51));
#11413 = DIRECTION('',(-0.,0.,-1.));
#11414 = DIRECTION('',(-0.,-1.,0.));
#11415 = FACE_BOUND('',#11416,.T.);
#11416 = EDGE_LOOP('',(#11417));
#11417 = ORIENTED_EDGE('',*,*,#11418,.T.);
#11418 = EDGE_CURVE('',#11419,#11419,#11421,.T.);
#11419 = VERTEX_POINT('',#11420);
#11420 = CARTESIAN_POINT('',(103.184171,22.884893,1.51));
#11421 = CIRCLE('',#11422,0.95);
#11422 = AXIS2_PLACEMENT_3D('',#11423,#11424,#11425);
#11423 = CARTESIAN_POINT('',(103.184171,23.834893,1.51));
#11424 = DIRECTION('',(-0.,0.,-1.));
#11425 = DIRECTION('',(1.495879443705E-14,-1.,-0.));
#11426 = FACE_BOUND('',#11427,.T.);
#11427 = EDGE_LOOP('',(#11428));
#11428 = ORIENTED_EDGE('',*,*,#11429,.T.);
#11429 = EDGE_CURVE('',#11430,#11430,#11432,.T.);
#11430 = VERTEX_POINT('',#11431);
#11431 = CARTESIAN_POINT('',(106.791151,23.553716,1.51));
#11432 = CIRCLE('',#11433,0.4);
#11433 = AXIS2_PLACEMENT_3D('',#11434,#11435,#11436);
#11434 = CARTESIAN_POINT('',(106.791151,23.953716,1.51));
#11435 = DIRECTION('',(-0.,0.,-1.));
#11436 = DIRECTION('',(-0.,-1.,0.));
#11437 = FACE_BOUND('',#11438,.T.);
#11438 = EDGE_LOOP('',(#11439));
#11439 = ORIENTED_EDGE('',*,*,#11440,.T.);
#11440 = EDGE_CURVE('',#11441,#11441,#11443,.T.);
#11441 = VERTEX_POINT('',#11442);
#11442 = CARTESIAN_POINT('',(113.855182,20.602402,1.51));
#11443 = CIRCLE('',#11444,0.95);
#11444 = AXIS2_PLACEMENT_3D('',#11445,#11446,#11447);
#11445 = CARTESIAN_POINT('',(113.855182,21.552402,1.51));
#11446 = DIRECTION('',(-0.,0.,-1.));
#11447 = DIRECTION('',(-0.,-1.,0.));
#11448 = FACE_BOUND('',#11449,.T.);
#11449 = EDGE_LOOP('',(#11450));
#11450 = ORIENTED_EDGE('',*,*,#11451,.T.);
#11451 = EDGE_CURVE('',#11452,#11452,#11454,.T.);
#11452 = VERTEX_POINT('',#11453);
#11453 = CARTESIAN_POINT('',(119.234993,20.170916,1.51));
#11454 = CIRCLE('',#11455,2.525);
#11455 = AXIS2_PLACEMENT_3D('',#11456,#11457,#11458);
#11456 = CARTESIAN_POINT('',(119.234993,22.695916,1.51));
#11457 = DIRECTION('',(-0.,0.,-1.));
#11458 = DIRECTION('',(-0.,-1.,0.));
#11459 = FACE_BOUND('',#11460,.T.);
#11460 = EDGE_LOOP('',(#11461));
#11461 = ORIENTED_EDGE('',*,*,#11462,.T.);
#11462 = EDGE_CURVE('',#11463,#11463,#11465,.T.);
#11463 = VERTEX_POINT('',#11464);
#11464 = CARTESIAN_POINT('',(101.656119,25.824869,1.51));
#11465 = CIRCLE('',#11466,1.525);
#11466 = AXIS2_PLACEMENT_3D('',#11467,#11468,#11469);
#11467 = CARTESIAN_POINT('',(101.656119,27.349869,1.51));
#11468 = DIRECTION('',(-0.,0.,-1.));
#11469 = DIRECTION('',(9.31859325587E-15,-1.,-0.));
#11470 = FACE_BOUND('',#11471,.T.);
#11471 = EDGE_LOOP('',(#11472));
#11472 = ORIENTED_EDGE('',*,*,#11473,.T.);
#11473 = EDGE_CURVE('',#11474,#11474,#11476,.T.);
#11474 = VERTEX_POINT('',#11475);
#11475 = CARTESIAN_POINT('',(118.008314,26.941987,1.51));
#11476 = CIRCLE('',#11477,1.525);
#11477 = AXIS2_PLACEMENT_3D('',#11478,#11479,#11480);
#11478 = CARTESIAN_POINT('',(118.008314,28.466987,1.51));
#11479 = DIRECTION('',(-0.,0.,-1.));
#11480 = DIRECTION('',(-0.,-1.,0.));
#11481 = FACE_BOUND('',#11482,.T.);
#11482 = EDGE_LOOP('',(#11483));
#11483 = ORIENTED_EDGE('',*,*,#11484,.T.);
#11484 = EDGE_CURVE('',#11485,#11485,#11487,.T.);
#11485 = VERTEX_POINT('',#11486);
#11486 = CARTESIAN_POINT('',(84.015855,33.868053,1.51));
#11487 = CIRCLE('',#11488,0.4);
#11488 = AXIS2_PLACEMENT_3D('',#11489,#11490,#11491);
#11489 = CARTESIAN_POINT('',(84.015855,34.268053,1.51));
#11490 = DIRECTION('',(-0.,0.,-1.));
#11491 = DIRECTION('',(3.5527136788E-14,-1.,-0.));
#11492 = FACE_BOUND('',#11493,.T.);
#11493 = EDGE_LOOP('',(#11494));
#11494 = ORIENTED_EDGE('',*,*,#11495,.T.);
#11495 = EDGE_CURVE('',#11496,#11496,#11498,.T.);
#11496 = VERTEX_POINT('',#11497);
#11497 = CARTESIAN_POINT('',(89.259566,33.50224,1.51));
#11498 = CIRCLE('',#11499,0.8);
#11499 = AXIS2_PLACEMENT_3D('',#11500,#11501,#11502);
#11500 = CARTESIAN_POINT('',(89.259566,34.30224,1.51));
#11501 = DIRECTION('',(-0.,0.,-1.));
#11502 = DIRECTION('',(-0.,-1.,0.));
#11503 = FACE_BOUND('',#11504,.T.);
#11504 = EDGE_LOOP('',(#11505));
#11505 = ORIENTED_EDGE('',*,*,#11506,.T.);
#11506 = EDGE_CURVE('',#11507,#11507,#11509,.T.);
#11507 = VERTEX_POINT('',#11508);
#11508 = CARTESIAN_POINT('',(87.359402,38.164919,1.51));
#11509 = CIRCLE('',#11510,0.95);
#11510 = AXIS2_PLACEMENT_3D('',#11511,#11512,#11513);
#11511 = CARTESIAN_POINT('',(87.359402,39.114919,1.51));
#11512 = DIRECTION('',(-0.,0.,-1.));
#11513 = DIRECTION('',(-0.,-1.,0.));
#11514 = FACE_BOUND('',#11515,.T.);
#11515 = EDGE_LOOP('',(#11516));
#11516 = ORIENTED_EDGE('',*,*,#11517,.T.);
#11517 = EDGE_CURVE('',#11518,#11518,#11520,.T.);
#11518 = VERTEX_POINT('',#11519);
#11519 = CARTESIAN_POINT('',(103.640613,34.540936,1.51));
#11520 = CIRCLE('',#11521,0.4);
#11521 = AXIS2_PLACEMENT_3D('',#11522,#11523,#11524);
#11522 = CARTESIAN_POINT('',(103.640613,34.940936,1.51));
#11523 = DIRECTION('',(-0.,0.,-1.));
#11524 = DIRECTION('',(-0.,-1.,0.));
#11525 = FACE_BOUND('',#11526,.T.);
#11526 = EDGE_LOOP('',(#11527));
#11527 = ORIENTED_EDGE('',*,*,#11528,.T.);
#11528 = EDGE_CURVE('',#11529,#11529,#11531,.T.);
#11529 = VERTEX_POINT('',#11530);
#11530 = CARTESIAN_POINT('',(111.454283,34.452611,1.51));
#11531 = CIRCLE('',#11532,0.8);
#11532 = AXIS2_PLACEMENT_3D('',#11533,#11534,#11535);
#11533 = CARTESIAN_POINT('',(111.454283,35.252611,1.51));
#11534 = DIRECTION('',(-0.,0.,-1.));
#11535 = DIRECTION('',(-0.,-1.,0.));
#11536 = FACE_BOUND('',#11537,.T.);
#11537 = EDGE_LOOP('',(#11538));
#11538 = ORIENTED_EDGE('',*,*,#11539,.T.);
#11539 = EDGE_CURVE('',#11540,#11540,#11542,.T.);
#11540 = VERTEX_POINT('',#11541);
#11541 = CARTESIAN_POINT('',(109.894464,39.236115,1.51));
#11542 = CIRCLE('',#11543,0.95);
#11543 = AXIS2_PLACEMENT_3D('',#11544,#11545,#11546);
#11544 = CARTESIAN_POINT('',(109.894464,40.186115,1.51));
#11545 = DIRECTION('',(-0.,0.,-1.));
#11546 = DIRECTION('',(-0.,-1.,0.));
#11547 = FACE_BOUND('',#11548,.T.);
#11548 = EDGE_LOOP('',(#11549));
#11549 = ORIENTED_EDGE('',*,*,#11550,.T.);
#11550 = EDGE_CURVE('',#11551,#11551,#11553,.T.);
#11551 = VERTEX_POINT('',#11552);
#11552 = CARTESIAN_POINT('',(124.614804,22.88943,1.51));
#11553 = CIRCLE('',#11554,0.95);
#11554 = AXIS2_PLACEMENT_3D('',#11555,#11556,#11557);
#11555 = CARTESIAN_POINT('',(124.614804,23.83943,1.51));
#11556 = DIRECTION('',(-0.,0.,-1.));
#11557 = DIRECTION('',(1.495879443705E-14,-1.,-0.));
#11558 = FACE_BOUND('',#11559,.T.);
#11559 = EDGE_LOOP('',(#11560));
#11560 = ORIENTED_EDGE('',*,*,#11561,.T.);
#11561 = EDGE_CURVE('',#11562,#11562,#11564,.T.);
#11562 = VERTEX_POINT('',#11563);
#11563 = CARTESIAN_POINT('',(128.221287,23.306352,1.51));
#11564 = CIRCLE('',#11565,0.4);
#11565 = AXIS2_PLACEMENT_3D('',#11566,#11567,#11568);
#11566 = CARTESIAN_POINT('',(128.221287,23.706352,1.51));
#11567 = DIRECTION('',(-0.,0.,-1.));
#11568 = DIRECTION('',(-0.,-1.,0.));
#11569 = FACE_BOUND('',#11570,.T.);
#11570 = EDGE_LOOP('',(#11571));
#11571 = ORIENTED_EDGE('',*,*,#11572,.T.);
#11572 = EDGE_CURVE('',#11573,#11573,#11575,.T.);
#11573 = VERTEX_POINT('',#11574);
#11574 = CARTESIAN_POINT('',(134.048713,19.779616,1.51));
#11575 = CIRCLE('',#11576,0.8);
#11576 = AXIS2_PLACEMENT_3D('',#11577,#11578,#11579);
#11577 = CARTESIAN_POINT('',(134.048713,20.579616,1.51));
#11578 = DIRECTION('',(-0.,0.,-1.));
#11579 = DIRECTION('',(-3.552713678801E-14,-1.,0.));
#11580 = FACE_BOUND('',#11581,.T.);
#11581 = EDGE_LOOP('',(#11582));
#11582 = ORIENTED_EDGE('',*,*,#11583,.T.);
#11583 = EDGE_CURVE('',#11584,#11584,#11586,.T.);
#11584 = VERTEX_POINT('',#11585);
#11585 = CARTESIAN_POINT('',(123.335667,25.927435,1.51));
#11586 = CIRCLE('',#11587,1.525);
#11587 = AXIS2_PLACEMENT_3D('',#11588,#11589,#11590);
#11588 = CARTESIAN_POINT('',(123.335667,27.452435,1.51));
#11589 = DIRECTION('',(-0.,0.,-1.));
#11590 = DIRECTION('',(-0.,-1.,0.));
#11591 = FACE_BOUND('',#11592,.T.);
#11592 = EDGE_LOOP('',(#11593));
#11593 = ORIENTED_EDGE('',*,*,#11594,.T.);
#11594 = EDGE_CURVE('',#11595,#11595,#11597,.T.);
#11595 = VERTEX_POINT('',#11596);
#11596 = CARTESIAN_POINT('',(132.488894,24.56312,1.51));
#11597 = CIRCLE('',#11598,0.95);
#11598 = AXIS2_PLACEMENT_3D('',#11599,#11600,#11601);
#11599 = CARTESIAN_POINT('',(132.488894,25.51312,1.51));
#11600 = DIRECTION('',(-0.,0.,-1.));
#11601 = DIRECTION('',(-2.991758887411E-14,-1.,0.));
#11602 = FACE_BOUND('',#11603,.T.);
#11603 = EDGE_LOOP('',(#11604));
#11604 = ORIENTED_EDGE('',*,*,#11605,.T.);
#11605 = EDGE_CURVE('',#11606,#11606,#11608,.T.);
#11606 = VERTEX_POINT('',#11607);
#11607 = CARTESIAN_POINT('',(137.868705,24.131634,1.51));
#11608 = CIRCLE('',#11609,2.525);
#11609 = AXIS2_PLACEMENT_3D('',#11610,#11611,#11612);
#11610 = CARTESIAN_POINT('',(137.868705,26.656634,1.51));
#11611 = DIRECTION('',(-0.,0.,-1.));
#11612 = DIRECTION('',(-0.,-1.,0.));
#11613 = FACE_BOUND('',#11614,.T.);
#11614 = EDGE_LOOP('',(#11615));
#11615 = ORIENTED_EDGE('',*,*,#11616,.T.);
#11616 = EDGE_CURVE('',#11617,#11617,#11619,.T.);
#11617 = VERTEX_POINT('',#11618);
#11618 = CARTESIAN_POINT('',(146.854998,27.26707,1.51));
#11619 = CIRCLE('',#11620,0.4);
#11620 = AXIS2_PLACEMENT_3D('',#11621,#11622,#11623);
#11621 = CARTESIAN_POINT('',(146.854998,27.66707,1.51));
#11622 = DIRECTION('',(-0.,0.,-1.));
#11623 = DIRECTION('',(-0.,-1.,0.));
#11624 = FACE_BOUND('',#11625,.T.);
#11625 = EDGE_LOOP('',(#11626));
#11626 = ORIENTED_EDGE('',*,*,#11627,.T.);
#11627 = EDGE_CURVE('',#11628,#11628,#11630,.T.);
#11628 = VERTEX_POINT('',#11629);
#11629 = CARTESIAN_POINT('',(143.248516,26.850148,1.51));
#11630 = CIRCLE('',#11631,0.95);
#11631 = AXIS2_PLACEMENT_3D('',#11632,#11633,#11634);
#11632 = CARTESIAN_POINT('',(143.248516,27.800148,1.51));
#11633 = DIRECTION('',(-0.,0.,-1.));
#11634 = DIRECTION('',(-0.,-1.,0.));
#11635 = FACE_BOUND('',#11636,.T.);
#11636 = EDGE_LOOP('',(#11637));
#11637 = ORIENTED_EDGE('',*,*,#11638,.T.);
#11638 = EDGE_CURVE('',#11639,#11639,#11641,.T.);
#11639 = VERTEX_POINT('',#11640);
#11640 = CARTESIAN_POINT('',(125.844853,34.486578,1.51));
#11641 = CIRCLE('',#11642,0.4);
#11642 = AXIS2_PLACEMENT_3D('',#11643,#11644,#11645);
#11643 = CARTESIAN_POINT('',(125.844853,34.886578,1.51));
#11644 = DIRECTION('',(-0.,0.,-1.));
#11645 = DIRECTION('',(-0.,-1.,0.));
#11646 = FACE_BOUND('',#11647,.T.);
#11647 = EDGE_LOOP('',(#11648));
#11648 = ORIENTED_EDGE('',*,*,#11649,.T.);
#11649 = EDGE_CURVE('',#11650,#11650,#11652,.T.);
#11650 = VERTEX_POINT('',#11651);
#11651 = CARTESIAN_POINT('',(136.642026,30.902705,1.51));
#11652 = CIRCLE('',#11653,1.525);
#11653 = AXIS2_PLACEMENT_3D('',#11654,#11655,#11656);
#11654 = CARTESIAN_POINT('',(136.642026,32.427705,1.51));
#11655 = DIRECTION('',(-0.,0.,-1.));
#11656 = DIRECTION('',(-0.,-1.,0.));
#11657 = FACE_BOUND('',#11658,.T.);
#11658 = EDGE_LOOP('',(#11659));
#11659 = ORIENTED_EDGE('',*,*,#11660,.T.);
#11660 = EDGE_CURVE('',#11661,#11661,#11663,.T.);
#11661 = VERTEX_POINT('',#11662);
#11662 = CARTESIAN_POINT('',(130.087995,38.413328,1.51));
#11663 = CIRCLE('',#11664,0.8);
#11664 = AXIS2_PLACEMENT_3D('',#11665,#11666,#11667);
#11665 = CARTESIAN_POINT('',(130.087995,39.213328,1.51));
#11666 = DIRECTION('',(-0.,0.,-1.));
#11667 = DIRECTION('',(3.5527136788E-14,-1.,-0.));
#11668 = FACE_BOUND('',#11669,.T.);
#11669 = EDGE_LOOP('',(#11670));
#11670 = ORIENTED_EDGE('',*,*,#11671,.T.);
#11671 = EDGE_CURVE('',#11672,#11672,#11674,.T.);
#11672 = VERTEX_POINT('',#11673);
#11673 = CARTESIAN_POINT('',(141.969379,29.888153,1.51));
#11674 = CIRCLE('',#11675,1.525);
#11675 = AXIS2_PLACEMENT_3D('',#11676,#11677,#11678);
#11676 = CARTESIAN_POINT('',(141.969379,31.413153,1.51));
#11677 = DIRECTION('',(-0.,0.,-1.));
#11678 = DIRECTION('',(-0.,-1.,0.));
#11679 = FACE_BOUND('',#11680,.T.);
#11680 = EDGE_LOOP('',(#11681));
#11681 = ORIENTED_EDGE('',*,*,#11682,.T.);
#11682 = EDGE_CURVE('',#11683,#11683,#11685,.T.);
#11683 = VERTEX_POINT('',#11684);
#11684 = CARTESIAN_POINT('',(144.478565,38.447296,1.51));
#11685 = CIRCLE('',#11686,0.4);
#11686 = AXIS2_PLACEMENT_3D('',#11687,#11688,#11689);
#11687 = CARTESIAN_POINT('',(144.478565,38.847296,1.51));
#11688 = DIRECTION('',(-0.,0.,-1.));
#11689 = DIRECTION('',(-0.,-1.,0.));
#11690 = FACE_BOUND('',#11691,.T.);
#11691 = EDGE_LOOP('',(#11692));
#11692 = ORIENTED_EDGE('',*,*,#11693,.T.);
#11693 = EDGE_CURVE('',#11694,#11694,#11696,.T.);
#11694 = VERTEX_POINT('',#11695);
#11695 = CARTESIAN_POINT('',(8.89,40.122373,1.51));
#11696 = CIRCLE('',#11697,0.51);
#11697 = AXIS2_PLACEMENT_3D('',#11698,#11699,#11700);
#11698 = CARTESIAN_POINT('',(8.89,40.632373,1.51));
#11699 = DIRECTION('',(-0.,0.,-1.));
#11700 = DIRECTION('',(-0.,-1.,0.));
#11701 = FACE_BOUND('',#11702,.T.);
#11702 = EDGE_LOOP('',(#11703));
#11703 = ORIENTED_EDGE('',*,*,#11704,.T.);
#11704 = EDGE_CURVE('',#11705,#11705,#11707,.T.);
#11705 = VERTEX_POINT('',#11706);
#11706 = CARTESIAN_POINT('',(8.89,42.662373,1.51));
#11707 = CIRCLE('',#11708,0.51);
#11708 = AXIS2_PLACEMENT_3D('',#11709,#11710,#11711);
#11709 = CARTESIAN_POINT('',(8.89,43.172373,1.51));
#11710 = DIRECTION('',(-0.,0.,-1.));
#11711 = DIRECTION('',(-0.,-1.,0.));
#11712 = FACE_BOUND('',#11713,.T.);
#11713 = EDGE_LOOP('',(#11714));
#11714 = ORIENTED_EDGE('',*,*,#11715,.T.);
#11715 = EDGE_CURVE('',#11716,#11716,#11718,.T.);
#11716 = VERTEX_POINT('',#11717);
#11717 = CARTESIAN_POINT('',(14.2875,43.704873,1.51));
#11718 = CIRCLE('',#11719,0.65);
#11719 = AXIS2_PLACEMENT_3D('',#11720,#11721,#11722);
#11720 = CARTESIAN_POINT('',(14.2875,44.354873,1.51));
#11721 = DIRECTION('',(-0.,0.,-1.));
#11722 = DIRECTION('',(-0.,-1.,0.));
#11723 = FACE_BOUND('',#11724,.T.);
#11724 = EDGE_LOOP('',(#11725));
#11725 = ORIENTED_EDGE('',*,*,#11726,.T.);
#11726 = EDGE_CURVE('',#11727,#11727,#11729,.T.);
#11727 = VERTEX_POINT('',#11728);
#11728 = CARTESIAN_POINT('',(8.89,45.202373,1.51));
#11729 = CIRCLE('',#11730,0.51);
#11730 = AXIS2_PLACEMENT_3D('',#11731,#11732,#11733);
#11731 = CARTESIAN_POINT('',(8.89,45.712373,1.51));
#11732 = DIRECTION('',(-0.,0.,-1.));
#11733 = DIRECTION('',(-0.,-1.,0.));
#11734 = FACE_BOUND('',#11735,.T.);
#11735 = EDGE_LOOP('',(#11736));
#11736 = ORIENTED_EDGE('',*,*,#11737,.T.);
#11737 = EDGE_CURVE('',#11738,#11738,#11740,.T.);
#11738 = VERTEX_POINT('',#11739);
#11739 = CARTESIAN_POINT('',(8.89,47.742373,1.51));
#11740 = CIRCLE('',#11741,0.51);
#11741 = AXIS2_PLACEMENT_3D('',#11742,#11743,#11744);
#11742 = CARTESIAN_POINT('',(8.89,48.252373,1.51));
#11743 = DIRECTION('',(-0.,0.,-1.));
#11744 = DIRECTION('',(-0.,-1.,0.));
#11745 = FACE_BOUND('',#11746,.T.);
#11746 = EDGE_LOOP('',(#11747));
#11747 = ORIENTED_EDGE('',*,*,#11748,.T.);
#11748 = EDGE_CURVE('',#11749,#11749,#11751,.T.);
#11749 = VERTEX_POINT('',#11750);
#11750 = CARTESIAN_POINT('',(32.145806,42.75872,1.51));
#11751 = CIRCLE('',#11752,1.525);
#11752 = AXIS2_PLACEMENT_3D('',#11753,#11754,#11755);
#11753 = CARTESIAN_POINT('',(32.145806,44.28372,1.51));
#11754 = DIRECTION('',(-0.,0.,-1.));
#11755 = DIRECTION('',(-0.,-1.,0.));
#11756 = FACE_BOUND('',#11757,.T.);
#11757 = EDGE_LOOP('',(#11758));
#11758 = ORIENTED_EDGE('',*,*,#11759,.T.);
#11759 = EDGE_CURVE('',#11760,#11760,#11762,.T.);
#11760 = VERTEX_POINT('',#11761);
#11761 = CARTESIAN_POINT('',(37.530953,42.118257,1.51));
#11762 = CIRCLE('',#11763,1.525);
#11763 = AXIS2_PLACEMENT_3D('',#11764,#11765,#11766);
#11764 = CARTESIAN_POINT('',(37.530953,43.643257,1.51));
#11765 = DIRECTION('',(-0.,0.,-1.));
#11766 = DIRECTION('',(-0.,-1.,0.));
#11767 = FACE_BOUND('',#11768,.T.);
#11768 = EDGE_LOOP('',(#11769));
#11769 = ORIENTED_EDGE('',*,*,#11770,.T.);
#11770 = EDGE_CURVE('',#11771,#11771,#11773,.T.);
#11771 = VERTEX_POINT('',#11772);
#11772 = CARTESIAN_POINT('',(8.89,50.282373,1.51));
#11773 = CIRCLE('',#11774,0.51);
#11774 = AXIS2_PLACEMENT_3D('',#11775,#11776,#11777);
#11775 = CARTESIAN_POINT('',(8.89,50.792373,1.51));
#11776 = DIRECTION('',(-0.,0.,-1.));
#11777 = DIRECTION('',(-0.,-1.,0.));
#11778 = FACE_BOUND('',#11779,.T.);
#11779 = EDGE_LOOP('',(#11780));
#11780 = ORIENTED_EDGE('',*,*,#11781,.T.);
#11781 = EDGE_CURVE('',#11782,#11782,#11784,.T.);
#11782 = VERTEX_POINT('',#11783);
#11783 = CARTESIAN_POINT('',(8.89,52.822373,1.51));
#11784 = CIRCLE('',#11785,0.51);
#11785 = AXIS2_PLACEMENT_3D('',#11786,#11787,#11788);
#11786 = CARTESIAN_POINT('',(8.89,53.332373,1.51));
#11787 = DIRECTION('',(-0.,0.,-1.));
#11788 = DIRECTION('',(-0.,-1.,0.));
#11789 = FACE_BOUND('',#11790,.T.);
#11790 = EDGE_LOOP('',(#11791));
#11791 = ORIENTED_EDGE('',*,*,#11792,.T.);
#11792 = EDGE_CURVE('',#11793,#11793,#11795,.T.);
#11793 = VERTEX_POINT('',#11794);
#11794 = CARTESIAN_POINT('',(8.89,55.362373,1.51));
#11795 = CIRCLE('',#11796,0.51);
#11796 = AXIS2_PLACEMENT_3D('',#11797,#11798,#11799);
#11797 = CARTESIAN_POINT('',(8.89,55.872373,1.51));
#11798 = DIRECTION('',(-0.,0.,-1.));
#11799 = DIRECTION('',(-0.,-1.,0.));
#11800 = FACE_BOUND('',#11801,.T.);
#11801 = EDGE_LOOP('',(#11802));
#11802 = ORIENTED_EDGE('',*,*,#11803,.T.);
#11803 = EDGE_CURVE('',#11804,#11804,#11806,.T.);
#11804 = VERTEX_POINT('',#11805);
#11805 = CARTESIAN_POINT('',(8.89,57.902373,1.51));
#11806 = CIRCLE('',#11807,0.51);
#11807 = AXIS2_PLACEMENT_3D('',#11808,#11809,#11810);
#11808 = CARTESIAN_POINT('',(8.89,58.412373,1.51));
#11809 = DIRECTION('',(-0.,0.,-1.));
#11810 = DIRECTION('',(-0.,-1.,0.));
#11811 = FACE_BOUND('',#11812,.T.);
#11812 = EDGE_LOOP('',(#11813));
#11813 = ORIENTED_EDGE('',*,*,#11814,.T.);
#11814 = EDGE_CURVE('',#11815,#11815,#11817,.T.);
#11815 = VERTEX_POINT('',#11816);
#11816 = CARTESIAN_POINT('',(47.384604,41.312493,1.51));
#11817 = CIRCLE('',#11818,0.8);
#11818 = AXIS2_PLACEMENT_3D('',#11819,#11820,#11821);
#11819 = CARTESIAN_POINT('',(47.384604,42.112493,1.51));
#11820 = DIRECTION('',(-0.,0.,-1.));
#11821 = DIRECTION('',(8.881784197001E-15,-1.,-0.));
#11822 = FACE_BOUND('',#11823,.T.);
#11823 = EDGE_LOOP('',(#11824));
#11824 = ORIENTED_EDGE('',*,*,#11825,.T.);
#11825 = EDGE_CURVE('',#11826,#11826,#11828,.T.);
#11826 = VERTEX_POINT('',#11827);
#11827 = CARTESIAN_POINT('',(45.48444,45.975172,1.51));
#11828 = CIRCLE('',#11829,0.95);
#11829 = AXIS2_PLACEMENT_3D('',#11830,#11831,#11832);
#11830 = CARTESIAN_POINT('',(45.48444,46.925172,1.51));
#11831 = DIRECTION('',(-0.,0.,-1.));
#11832 = DIRECTION('',(-0.,-1.,0.));
#11833 = FACE_BOUND('',#11834,.T.);
#11834 = EDGE_LOOP('',(#11835));
#11835 = ORIENTED_EDGE('',*,*,#11836,.T.);
#11836 = EDGE_CURVE('',#11837,#11837,#11839,.T.);
#11837 = VERTEX_POINT('',#11838);
#11838 = CARTESIAN_POINT('',(50.771379,45.916177,1.51));
#11839 = CIRCLE('',#11840,2.525);
#11840 = AXIS2_PLACEMENT_3D('',#11841,#11842,#11843);
#11841 = CARTESIAN_POINT('',(50.771379,48.441177,1.51));
#11842 = DIRECTION('',(-0.,0.,-1.));
#11843 = DIRECTION('',(2.814030636674E-15,-1.,-0.));
#11844 = FACE_BOUND('',#11845,.T.);
#11845 = EDGE_LOOP('',(#11846));
#11846 = ORIENTED_EDGE('',*,*,#11847,.T.);
#11847 = EDGE_CURVE('',#11848,#11848,#11850,.T.);
#11848 = VERTEX_POINT('',#11849);
#11849 = CARTESIAN_POINT('',(56.058318,49.007182,1.51));
#11850 = CIRCLE('',#11851,0.95);
#11851 = AXIS2_PLACEMENT_3D('',#11852,#11853,#11854);
#11852 = CARTESIAN_POINT('',(56.058318,49.957182,1.51));
#11853 = DIRECTION('',(-0.,0.,-1.));
#11854 = DIRECTION('',(-0.,-1.,0.));
#11855 = FACE_BOUND('',#11856,.T.);
#11856 = EDGE_LOOP('',(#11857));
#11857 = ORIENTED_EDGE('',*,*,#11858,.T.);
#11858 = EDGE_CURVE('',#11859,#11859,#11861,.T.);
#11859 = VERTEX_POINT('',#11860);
#11860 = CARTESIAN_POINT('',(59.665298,49.676003,1.51));
#11861 = CIRCLE('',#11862,0.4);
#11862 = AXIS2_PLACEMENT_3D('',#11863,#11864,#11865);
#11863 = CARTESIAN_POINT('',(59.665298,50.076003,1.51));
#11864 = DIRECTION('',(-0.,0.,-1.));
#11865 = DIRECTION('',(-0.,-1.,0.));
#11866 = FACE_BOUND('',#11867,.T.);
#11867 = EDGE_LOOP('',(#11868));
#11868 = ORIENTED_EDGE('',*,*,#11869,.T.);
#11869 = EDGE_CURVE('',#11870,#11870,#11872,.T.);
#11870 = VERTEX_POINT('',#11871);
#11871 = CARTESIAN_POINT('',(61.765652,42.351188,1.51));
#11872 = CIRCLE('',#11873,0.4);
#11873 = AXIS2_PLACEMENT_3D('',#11874,#11875,#11876);
#11874 = CARTESIAN_POINT('',(61.765652,42.751188,1.51));
#11875 = DIRECTION('',(-0.,0.,-1.));
#11876 = DIRECTION('',(-0.,-1.,0.));
#11877 = FACE_BOUND('',#11878,.T.);
#11878 = EDGE_LOOP('',(#11879));
#11879 = ORIENTED_EDGE('',*,*,#11880,.T.);
#11880 = EDGE_CURVE('',#11881,#11881,#11883,.T.);
#11881 = VERTEX_POINT('',#11882);
#11882 = CARTESIAN_POINT('',(78.308523,40.524046,1.51));
#11883 = CIRCLE('',#11884,0.95);
#11884 = AXIS2_PLACEMENT_3D('',#11885,#11886,#11887);
#11885 = CARTESIAN_POINT('',(78.308523,41.474046,1.51));
#11886 = DIRECTION('',(-0.,0.,-1.));
#11887 = DIRECTION('',(-1.495879443705E-14,-1.,0.));
#11888 = FACE_BOUND('',#11889,.T.);
#11889 = EDGE_LOOP('',(#11890));
#11890 = ORIENTED_EDGE('',*,*,#11891,.T.);
#11891 = EDGE_CURVE('',#11892,#11892,#11894,.T.);
#11892 = VERTEX_POINT('',#11893);
#11893 = CARTESIAN_POINT('',(76.780471,43.464022,1.51));
#11894 = CIRCLE('',#11895,1.525);
#11895 = AXIS2_PLACEMENT_3D('',#11896,#11897,#11898);
#11896 = CARTESIAN_POINT('',(76.780471,44.989022,1.51));
#11897 = DIRECTION('',(-0.,0.,-1.));
#11898 = DIRECTION('',(-0.,-1.,0.));
#11899 = FACE_BOUND('',#11900,.T.);
#11900 = EDGE_LOOP('',(#11901));
#11901 = ORIENTED_EDGE('',*,*,#11902,.T.);
#11902 = EDGE_CURVE('',#11903,#11903,#11905,.T.);
#11903 = VERTEX_POINT('',#11904);
#11904 = CARTESIAN_POINT('',(71.395324,44.104485,1.51));
#11905 = CIRCLE('',#11906,1.525);
#11906 = AXIS2_PLACEMENT_3D('',#11907,#11908,#11909);
#11907 = CARTESIAN_POINT('',(71.395324,45.629485,1.51));
#11908 = DIRECTION('',(-0.,0.,-1.));
#11909 = DIRECTION('',(9.31859325587E-15,-1.,-0.));
#11910 = FACE_BOUND('',#11911,.T.);
#11911 = EDGE_LOOP('',(#11912));
#11912 = ORIENTED_EDGE('',*,*,#11913,.T.);
#11913 = EDGE_CURVE('',#11914,#11914,#11916,.T.);
#11914 = VERTEX_POINT('',#11915);
#11915 = CARTESIAN_POINT('',(49.145119,52.587621,1.51));
#11916 = CIRCLE('',#11917,1.525);
#11917 = AXIS2_PLACEMENT_3D('',#11918,#11919,#11920);
#11918 = CARTESIAN_POINT('',(49.145119,54.112621,1.51));
#11919 = DIRECTION('',(-0.,0.,-1.));
#11920 = DIRECTION('',(-0.,-1.,0.));
#11921 = FACE_BOUND('',#11922,.T.);
#11922 = EDGE_LOOP('',(#11923));
#11923 = ORIENTED_EDGE('',*,*,#11924,.T.);
#11924 = EDGE_CURVE('',#11925,#11925,#11927,.T.);
#11925 = VERTEX_POINT('',#11926);
#11926 = CARTESIAN_POINT('',(54.530266,51.947158,1.51));
#11927 = CIRCLE('',#11928,1.525);
#11928 = AXIS2_PLACEMENT_3D('',#11929,#11930,#11931);
#11929 = CARTESIAN_POINT('',(54.530266,53.472158,1.51));
#11930 = DIRECTION('',(-0.,0.,-1.));
#11931 = DIRECTION('',(-0.,-1.,0.));
#11932 = FACE_BOUND('',#11933,.T.);
#11933 = EDGE_LOOP('',(#11934));
#11934 = ORIENTED_EDGE('',*,*,#11935,.T.);
#11935 = EDGE_CURVE('',#11936,#11936,#11938,.T.);
#11936 = VERTEX_POINT('',#11937);
#11937 = CARTESIAN_POINT('',(64.383916,51.141392,1.51));
#11938 = CIRCLE('',#11939,0.8);
#11939 = AXIS2_PLACEMENT_3D('',#11940,#11941,#11942);
#11940 = CARTESIAN_POINT('',(64.383916,51.941392,1.51));
#11941 = DIRECTION('',(-0.,0.,-1.));
#11942 = DIRECTION('',(-0.,-1.,0.));
#11943 = FACE_BOUND('',#11944,.T.);
#11944 = EDGE_LOOP('',(#11945));
#11945 = ORIENTED_EDGE('',*,*,#11946,.T.);
#11946 = EDGE_CURVE('',#11947,#11947,#11949,.T.);
#11947 = VERTEX_POINT('',#11948);
#11948 = CARTESIAN_POINT('',(78.764964,52.180088,1.51));
#11949 = CIRCLE('',#11950,0.4);
#11950 = AXIS2_PLACEMENT_3D('',#11951,#11952,#11953);
#11951 = CARTESIAN_POINT('',(78.764964,52.580088,1.51));
#11952 = DIRECTION('',(-0.,0.,-1.));
#11953 = DIRECTION('',(3.5527136788E-14,-1.,-0.));
#11954 = FACE_BOUND('',#11955,.T.);
#11955 = EDGE_LOOP('',(#11956));
#11956 = ORIENTED_EDGE('',*,*,#11957,.T.);
#11957 = EDGE_CURVE('',#11958,#11958,#11960,.T.);
#11958 = VERTEX_POINT('',#11959);
#11959 = CARTESIAN_POINT('',(62.483752,55.804071,1.51));
#11960 = CIRCLE('',#11961,0.95);
#11961 = AXIS2_PLACEMENT_3D('',#11962,#11963,#11964);
#11962 = CARTESIAN_POINT('',(62.483752,56.754071,1.51));
#11963 = DIRECTION('',(-0.,0.,-1.));
#11964 = DIRECTION('',(7.479397218527E-15,-1.,-0.));
#11965 = FACE_BOUND('',#11966,.T.);
#11966 = EDGE_LOOP('',(#11967));
#11967 = ORIENTED_EDGE('',*,*,#11968,.T.);
#11968 = EDGE_CURVE('',#11969,#11969,#11971,.T.);
#11969 = VERTEX_POINT('',#11970);
#11970 = CARTESIAN_POINT('',(67.770691,55.745076,1.51));
#11971 = CIRCLE('',#11972,2.525);
#11972 = AXIS2_PLACEMENT_3D('',#11973,#11974,#11975);
#11973 = CARTESIAN_POINT('',(67.770691,58.270076,1.51));
#11974 = DIRECTION('',(-0.,0.,-1.));
#11975 = DIRECTION('',(-0.,-1.,0.));
#11976 = FACE_BOUND('',#11977,.T.);
#11977 = EDGE_LOOP('',(#11978));
#11978 = ORIENTED_EDGE('',*,*,#11979,.T.);
#11979 = EDGE_CURVE('',#11980,#11980,#11982,.T.);
#11980 = VERTEX_POINT('',#11981);
#11981 = CARTESIAN_POINT('',(73.05763,58.836081,1.51));
#11982 = CIRCLE('',#11983,0.95);
#11983 = AXIS2_PLACEMENT_3D('',#11984,#11985,#11986);
#11984 = CARTESIAN_POINT('',(73.05763,59.786081,1.51));
#11985 = DIRECTION('',(-0.,0.,-1.));
#11986 = DIRECTION('',(-0.,-1.,0.));
#11987 = FACE_BOUND('',#11988,.T.);
#11988 = EDGE_LOOP('',(#11989));
#11989 = ORIENTED_EDGE('',*,*,#11990,.T.);
#11990 = EDGE_CURVE('',#11991,#11991,#11993,.T.);
#11991 = VERTEX_POINT('',#11992);
#11992 = CARTESIAN_POINT('',(76.66461,59.504903,1.51));
#11993 = CIRCLE('',#11994,0.4);
#11994 = AXIS2_PLACEMENT_3D('',#11995,#11996,#11997);
#11995 = CARTESIAN_POINT('',(76.66461,59.904903,1.51));
#11996 = DIRECTION('',(-0.,0.,-1.));
#11997 = DIRECTION('',(-3.552713678801E-14,-1.,0.));
#11998 = FACE_BOUND('',#11999,.T.);
#11999 = EDGE_LOOP('',(#12000));
#12000 = ORIENTED_EDGE('',*,*,#12001,.T.);
#12001 = EDGE_CURVE('',#12002,#12002,#12004,.T.);
#12002 = VERTEX_POINT('',#12003);
#12003 = CARTESIAN_POINT('',(8.89,60.442373,1.51));
#12004 = CIRCLE('',#12005,0.51);
#12005 = AXIS2_PLACEMENT_3D('',#12006,#12007,#12008);
#12006 = CARTESIAN_POINT('',(8.89,60.952373,1.51));
#12007 = DIRECTION('',(-0.,0.,-1.));
#12008 = DIRECTION('',(-0.,-1.,0.));
#12009 = FACE_BOUND('',#12010,.T.);
#12010 = EDGE_LOOP('',(#12011));
#12011 = ORIENTED_EDGE('',*,*,#12012,.T.);
#12012 = EDGE_CURVE('',#12013,#12013,#12015,.T.);
#12013 = VERTEX_POINT('',#12014);
#12014 = CARTESIAN_POINT('',(8.89,62.982373,1.51));
#12015 = CIRCLE('',#12016,0.51);
#12016 = AXIS2_PLACEMENT_3D('',#12017,#12018,#12019);
#12017 = CARTESIAN_POINT('',(8.89,63.492373,1.51));
#12018 = DIRECTION('',(-0.,0.,-1.));
#12019 = DIRECTION('',(-0.,-1.,0.));
#12020 = FACE_BOUND('',#12021,.T.);
#12021 = EDGE_LOOP('',(#12022));
#12022 = ORIENTED_EDGE('',*,*,#12023,.T.);
#12023 = EDGE_CURVE('',#12024,#12024,#12026,.T.);
#12024 = VERTEX_POINT('',#12025);
#12025 = CARTESIAN_POINT('',(8.89,65.522373,1.51));
#12026 = CIRCLE('',#12027,0.51);
#12027 = AXIS2_PLACEMENT_3D('',#12028,#12029,#12030);
#12028 = CARTESIAN_POINT('',(8.89,66.032373,1.51));
#12029 = DIRECTION('',(-0.,0.,-1.));
#12030 = DIRECTION('',(-0.,-1.,0.));
#12031 = FACE_BOUND('',#12032,.T.);
#12032 = EDGE_LOOP('',(#12033));
#12033 = ORIENTED_EDGE('',*,*,#12034,.T.);
#12034 = EDGE_CURVE('',#12035,#12035,#12037,.T.);
#12035 = VERTEX_POINT('',#12036);
#12036 = CARTESIAN_POINT('',(8.89,68.062373,1.51));
#12037 = CIRCLE('',#12038,0.51);
#12038 = AXIS2_PLACEMENT_3D('',#12039,#12040,#12041);
#12039 = CARTESIAN_POINT('',(8.89,68.572373,1.51));
#12040 = DIRECTION('',(-0.,0.,-1.));
#12041 = DIRECTION('',(-0.,-1.,0.));
#12042 = FACE_BOUND('',#12043,.T.);
#12043 = EDGE_LOOP('',(#12044));
#12044 = ORIENTED_EDGE('',*,*,#12045,.T.);
#12045 = EDGE_CURVE('',#12046,#12046,#12048,.T.);
#12046 = VERTEX_POINT('',#12047);
#12047 = CARTESIAN_POINT('',(19.05,67.067373,1.51));
#12048 = CIRCLE('',#12049,1.1);
#12049 = AXIS2_PLACEMENT_3D('',#12050,#12051,#12052);
#12050 = CARTESIAN_POINT('',(19.05,68.167373,1.51));
#12051 = DIRECTION('',(-0.,0.,-1.));
#12052 = DIRECTION('',(3.229739708E-15,-1.,-0.));
#12053 = FACE_BOUND('',#12054,.T.);
#12054 = EDGE_LOOP('',(#12055));
#12055 = ORIENTED_EDGE('',*,*,#12056,.T.);
#12056 = EDGE_CURVE('',#12057,#12057,#12059,.T.);
#12057 = VERTEX_POINT('',#12058);
#12058 = CARTESIAN_POINT('',(66.144431,62.41652,1.51));
#12059 = CIRCLE('',#12060,1.525);
#12060 = AXIS2_PLACEMENT_3D('',#12061,#12062,#12063);
#12061 = CARTESIAN_POINT('',(66.144431,63.94152,1.51));
#12062 = DIRECTION('',(-0.,0.,-1.));
#12063 = DIRECTION('',(-0.,-1.,0.));
#12064 = FACE_BOUND('',#12065,.T.);
#12065 = EDGE_LOOP('',(#12066));
#12066 = ORIENTED_EDGE('',*,*,#12067,.T.);
#12067 = EDGE_CURVE('',#12068,#12068,#12070,.T.);
#12068 = VERTEX_POINT('',#12069);
#12069 = CARTESIAN_POINT('',(71.529578,61.776057,1.51));
#12070 = CIRCLE('',#12071,1.525);
#12071 = AXIS2_PLACEMENT_3D('',#12072,#12073,#12074);
#12072 = CARTESIAN_POINT('',(71.529578,63.301057,1.51));
#12073 = DIRECTION('',(-0.,0.,-1.));
#12074 = DIRECTION('',(-0.,-1.,0.));
#12075 = FACE_BOUND('',#12076,.T.);
#12076 = EDGE_LOOP('',(#12077));
#12077 = ORIENTED_EDGE('',*,*,#12078,.T.);
#12078 = EDGE_CURVE('',#12079,#12079,#12081,.T.);
#12079 = VERTEX_POINT('',#12080);
#12080 = CARTESIAN_POINT('',(81.915501,41.192868,1.51));
#12081 = CIRCLE('',#12082,0.4);
#12082 = AXIS2_PLACEMENT_3D('',#12083,#12084,#12085);
#12083 = CARTESIAN_POINT('',(81.915501,41.592868,1.51));
#12084 = DIRECTION('',(-0.,0.,-1.));
#12085 = DIRECTION('',(-0.,-1.,0.));
#12086 = FACE_BOUND('',#12087,.T.);
#12087 = EDGE_LOOP('',(#12088));
#12088 = ORIENTED_EDGE('',*,*,#12089,.T.);
#12089 = EDGE_CURVE('',#12090,#12090,#12092,.T.);
#12090 = VERTEX_POINT('',#12091);
#12091 = CARTESIAN_POINT('',(92.646341,38.105924,1.51));
#12092 = CIRCLE('',#12093,2.525);
#12093 = AXIS2_PLACEMENT_3D('',#12094,#12095,#12096);
#12094 = CARTESIAN_POINT('',(92.646341,40.630924,1.51));
#12095 = DIRECTION('',(-0.,0.,-1.));
#12096 = DIRECTION('',(-0.,-1.,0.));
#12097 = FACE_BOUND('',#12098,.T.);
#12098 = EDGE_LOOP('',(#12099));
#12099 = ORIENTED_EDGE('',*,*,#12100,.T.);
#12100 = EDGE_CURVE('',#12101,#12101,#12103,.T.);
#12101 = VERTEX_POINT('',#12102);
#12102 = CARTESIAN_POINT('',(97.93328,41.196929,1.51));
#12103 = CIRCLE('',#12104,0.95);
#12104 = AXIS2_PLACEMENT_3D('',#12105,#12106,#12107);
#12105 = CARTESIAN_POINT('',(97.93328,42.146929,1.51));
#12106 = DIRECTION('',(-0.,0.,-1.));
#12107 = DIRECTION('',(-0.,-1.,0.));
#12108 = FACE_BOUND('',#12109,.T.);
#12109 = EDGE_LOOP('',(#12110));
#12110 = ORIENTED_EDGE('',*,*,#12111,.T.);
#12111 = EDGE_CURVE('',#12112,#12112,#12114,.T.);
#12112 = VERTEX_POINT('',#12113);
#12113 = CARTESIAN_POINT('',(91.020081,44.777368,1.51));
#12114 = CIRCLE('',#12115,1.525);
#12115 = AXIS2_PLACEMENT_3D('',#12116,#12117,#12118);
#12116 = CARTESIAN_POINT('',(91.020081,46.302368,1.51));
#12117 = DIRECTION('',(-0.,0.,-1.));
#12118 = DIRECTION('',(-0.,-1.,0.));
#12119 = FACE_BOUND('',#12120,.T.);
#12120 = EDGE_LOOP('',(#12121));
#12121 = ORIENTED_EDGE('',*,*,#12122,.T.);
#12122 = EDGE_CURVE('',#12123,#12123,#12125,.T.);
#12123 = VERTEX_POINT('',#12124);
#12124 = CARTESIAN_POINT('',(96.405228,44.136905,1.51));
#12125 = CIRCLE('',#12126,1.525);
#12126 = AXIS2_PLACEMENT_3D('',#12127,#12128,#12129);
#12127 = CARTESIAN_POINT('',(96.405228,45.661905,1.51));
#12128 = DIRECTION('',(-0.,0.,-1.));
#12129 = DIRECTION('',(-0.,-1.,0.));
#12130 = FACE_BOUND('',#12131,.T.);
#12131 = EDGE_LOOP('',(#12132));
#12132 = ORIENTED_EDGE('',*,*,#12133,.T.);
#12133 = EDGE_CURVE('',#12134,#12134,#12136,.T.);
#12134 = VERTEX_POINT('',#12135);
#12135 = CARTESIAN_POINT('',(101.540259,41.865751,1.51));
#12136 = CIRCLE('',#12137,0.4);
#12137 = AXIS2_PLACEMENT_3D('',#12138,#12139,#12140);
#12138 = CARTESIAN_POINT('',(101.540259,42.265751,1.51));
#12139 = DIRECTION('',(-0.,0.,-1.));
#12140 = DIRECTION('',(3.5527136788E-14,-1.,-0.));
#12141 = FACE_BOUND('',#12142,.T.);
#12142 = EDGE_LOOP('',(#12143));
#12143 = ORIENTED_EDGE('',*,*,#12144,.T.);
#12144 = EDGE_CURVE('',#12145,#12145,#12147,.T.);
#12145 = VERTEX_POINT('',#12146);
#12146 = CARTESIAN_POINT('',(115.274275,38.804629,1.51));
#12147 = CIRCLE('',#12148,2.525);
#12148 = AXIS2_PLACEMENT_3D('',#12149,#12150,#12151);
#12149 = CARTESIAN_POINT('',(115.274275,41.329629,1.51));
#12150 = DIRECTION('',(-0.,0.,-1.));
#12151 = DIRECTION('',(5.628061273347E-15,-1.,-0.));
#12152 = FACE_BOUND('',#12153,.T.);
#12153 = EDGE_LOOP('',(#12154));
#12154 = ORIENTED_EDGE('',*,*,#12155,.T.);
#12155 = EDGE_CURVE('',#12156,#12156,#12158,.T.);
#12156 = VERTEX_POINT('',#12157);
#12157 = CARTESIAN_POINT('',(114.047596,45.5757,1.51));
#12158 = CIRCLE('',#12159,1.525);
#12159 = AXIS2_PLACEMENT_3D('',#12160,#12161,#12162);
#12160 = CARTESIAN_POINT('',(114.047596,47.1007,1.51));
#12161 = DIRECTION('',(-0.,0.,-1.));
#12162 = DIRECTION('',(-0.,-1.,0.));
#12163 = FACE_BOUND('',#12164,.T.);
#12164 = EDGE_LOOP('',(#12165));
#12165 = ORIENTED_EDGE('',*,*,#12166,.T.);
#12166 = EDGE_CURVE('',#12167,#12167,#12169,.T.);
#12167 = VERTEX_POINT('',#12168);
#12168 = CARTESIAN_POINT('',(84.008675,51.814275,1.51));
#12169 = CIRCLE('',#12170,0.8);
#12170 = AXIS2_PLACEMENT_3D('',#12171,#12172,#12173);
#12171 = CARTESIAN_POINT('',(84.008675,52.614275,1.51));
#12172 = DIRECTION('',(-0.,0.,-1.));
#12173 = DIRECTION('',(-0.,-1.,0.));
#12174 = FACE_BOUND('',#12175,.T.);
#12175 = EDGE_LOOP('',(#12176));
#12176 = ORIENTED_EDGE('',*,*,#12177,.T.);
#12177 = EDGE_CURVE('',#12178,#12178,#12180,.T.);
#12178 = VERTEX_POINT('',#12179);
#12179 = CARTESIAN_POINT('',(98.389723,52.852972,1.51));
#12180 = CIRCLE('',#12181,0.4);
#12181 = AXIS2_PLACEMENT_3D('',#12182,#12183,#12184);
#12182 = CARTESIAN_POINT('',(98.389723,53.252972,1.51));
#12183 = DIRECTION('',(-0.,0.,-1.));
#12184 = DIRECTION('',(-0.,-1.,0.));
#12185 = FACE_BOUND('',#12186,.T.);
#12186 = EDGE_LOOP('',(#12187));
#12187 = ORIENTED_EDGE('',*,*,#12188,.T.);
#12188 = EDGE_CURVE('',#12189,#12189,#12191,.T.);
#12189 = VERTEX_POINT('',#12190);
#12190 = CARTESIAN_POINT('',(82.108511,56.476954,1.51));
#12191 = CIRCLE('',#12192,0.95);
#12192 = AXIS2_PLACEMENT_3D('',#12193,#12194,#12195);
#12193 = CARTESIAN_POINT('',(82.108511,57.426954,1.51));
#12194 = DIRECTION('',(-0.,0.,-1.));
#12195 = DIRECTION('',(-0.,-1.,0.));
#12196 = FACE_BOUND('',#12197,.T.);
#12197 = EDGE_LOOP('',(#12198));
#12198 = ORIENTED_EDGE('',*,*,#12199,.T.);
#12199 = EDGE_CURVE('',#12200,#12200,#12202,.T.);
#12200 = VERTEX_POINT('',#12201);
#12201 = CARTESIAN_POINT('',(87.39545,56.417959,1.51));
#12202 = CIRCLE('',#12203,2.525);
#12203 = AXIS2_PLACEMENT_3D('',#12204,#12205,#12206);
#12204 = CARTESIAN_POINT('',(87.39545,58.942959,1.51));
#12205 = DIRECTION('',(-0.,0.,-1.));
#12206 = DIRECTION('',(-5.628061273347E-15,-1.,0.));
#12207 = FACE_BOUND('',#12208,.T.);
#12208 = EDGE_LOOP('',(#12209));
#12209 = ORIENTED_EDGE('',*,*,#12210,.T.);
#12210 = EDGE_CURVE('',#12211,#12211,#12213,.T.);
#12211 = VERTEX_POINT('',#12212);
#12212 = CARTESIAN_POINT('',(92.682389,59.508964,1.51));
#12213 = CIRCLE('',#12214,0.95);
#12214 = AXIS2_PLACEMENT_3D('',#12215,#12216,#12217);
#12215 = CARTESIAN_POINT('',(92.682389,60.458964,1.51));
#12216 = DIRECTION('',(-0.,0.,-1.));
#12217 = DIRECTION('',(-0.,-1.,0.));
#12218 = FACE_BOUND('',#12219,.T.);
#12219 = EDGE_LOOP('',(#12220));
#12220 = ORIENTED_EDGE('',*,*,#12221,.T.);
#12221 = EDGE_CURVE('',#12222,#12222,#12224,.T.);
#12222 = VERTEX_POINT('',#12223);
#12223 = CARTESIAN_POINT('',(96.289369,60.177787,1.51));
#12224 = CIRCLE('',#12225,0.4);
#12225 = AXIS2_PLACEMENT_3D('',#12226,#12227,#12228);
#12226 = CARTESIAN_POINT('',(96.289369,60.577787,1.51));
#12227 = DIRECTION('',(-0.,0.,-1.));
#12228 = DIRECTION('',(-0.,-1.,0.));
#12229 = FACE_BOUND('',#12230,.T.);
#12230 = EDGE_LOOP('',(#12231));
#12231 = ORIENTED_EDGE('',*,*,#12232,.T.);
#12232 = EDGE_CURVE('',#12233,#12233,#12235,.T.);
#12233 = VERTEX_POINT('',#12234);
#12234 = CARTESIAN_POINT('',(107.493566,53.086322,1.51));
#12235 = CIRCLE('',#12236,0.8);
#12236 = AXIS2_PLACEMENT_3D('',#12237,#12238,#12239);
#12237 = CARTESIAN_POINT('',(107.493566,53.886322,1.51));
#12238 = DIRECTION('',(-0.,0.,-1.));
#12239 = DIRECTION('',(-0.,-1.,0.));
#12240 = FACE_BOUND('',#12241,.T.);
#12241 = EDGE_LOOP('',(#12242));
#12242 = ORIENTED_EDGE('',*,*,#12243,.T.);
#12243 = EDGE_CURVE('',#12244,#12244,#12246,.T.);
#12244 = VERTEX_POINT('',#12245);
#12245 = CARTESIAN_POINT('',(105.933747,57.869826,1.51));
#12246 = CIRCLE('',#12247,0.95);
#12247 = AXIS2_PLACEMENT_3D('',#12248,#12249,#12250);
#12248 = CARTESIAN_POINT('',(105.933747,58.819826,1.51));
#12249 = DIRECTION('',(-0.,0.,-1.));
#12250 = DIRECTION('',(-0.,-1.,0.));
#12251 = FACE_BOUND('',#12252,.T.);
#12252 = EDGE_LOOP('',(#12253));
#12253 = ORIENTED_EDGE('',*,*,#12254,.T.);
#12254 = EDGE_CURVE('',#12255,#12255,#12257,.T.);
#12255 = VERTEX_POINT('',#12256);
#12256 = CARTESIAN_POINT('',(111.313558,57.43834,1.51));
#12257 = CIRCLE('',#12258,2.525);
#12258 = AXIS2_PLACEMENT_3D('',#12259,#12260,#12261);
#12259 = CARTESIAN_POINT('',(111.313558,59.96334,1.51));
#12260 = DIRECTION('',(-0.,0.,-1.));
#12261 = DIRECTION('',(-0.,-1.,0.));
#12262 = FACE_BOUND('',#12263,.T.);
#12263 = EDGE_LOOP('',(#12264));
#12264 = ORIENTED_EDGE('',*,*,#12265,.T.);
#12265 = EDGE_CURVE('',#12266,#12266,#12268,.T.);
#12266 = VERTEX_POINT('',#12267);
#12267 = CARTESIAN_POINT('',(120.654086,41.523143,1.51));
#12268 = CIRCLE('',#12269,0.95);
#12269 = AXIS2_PLACEMENT_3D('',#12270,#12271,#12272);
#12270 = CARTESIAN_POINT('',(120.654086,42.473143,1.51));
#12271 = DIRECTION('',(-0.,0.,-1.));
#12272 = DIRECTION('',(-0.,-1.,0.));
#12273 = FACE_BOUND('',#12274,.T.);
#12274 = EDGE_LOOP('',(#12275));
#12275 = ORIENTED_EDGE('',*,*,#12276,.T.);
#12276 = EDGE_CURVE('',#12277,#12277,#12279,.T.);
#12277 = VERTEX_POINT('',#12278);
#12278 = CARTESIAN_POINT('',(124.260569,41.940063,1.51));
#12279 = CIRCLE('',#12280,0.4);
#12280 = AXIS2_PLACEMENT_3D('',#12281,#12282,#12283);
#12281 = CARTESIAN_POINT('',(124.260569,42.340063,1.51));
#12282 = DIRECTION('',(-0.,0.,-1.));
#12283 = DIRECTION('',(-0.,-1.,0.));
#12284 = FACE_BOUND('',#12285,.T.);
#12285 = EDGE_LOOP('',(#12286));
#12286 = ORIENTED_EDGE('',*,*,#12287,.T.);
#12287 = EDGE_CURVE('',#12288,#12288,#12290,.T.);
#12288 = VERTEX_POINT('',#12289);
#12289 = CARTESIAN_POINT('',(128.528176,43.196832,1.51));
#12290 = CIRCLE('',#12291,0.95);
#12291 = AXIS2_PLACEMENT_3D('',#12292,#12293,#12294);
#12292 = CARTESIAN_POINT('',(128.528176,44.146832,1.51));
#12293 = DIRECTION('',(-0.,0.,-1.));
#12294 = DIRECTION('',(-0.,-1.,0.));
#12295 = FACE_BOUND('',#12296,.T.);
#12296 = EDGE_LOOP('',(#12297));
#12297 = ORIENTED_EDGE('',*,*,#12298,.T.);
#12298 = EDGE_CURVE('',#12299,#12299,#12301,.T.);
#12299 = VERTEX_POINT('',#12300);
#12300 = CARTESIAN_POINT('',(133.907987,42.765346,1.51));
#12301 = CIRCLE('',#12302,2.525);
#12302 = AXIS2_PLACEMENT_3D('',#12303,#12304,#12305);
#12303 = CARTESIAN_POINT('',(133.907987,45.290346,1.51));
#12304 = DIRECTION('',(-0.,0.,-1.));
#12305 = DIRECTION('',(-0.,-1.,0.));
#12306 = FACE_BOUND('',#12307,.T.);
#12307 = EDGE_LOOP('',(#12308));
#12308 = ORIENTED_EDGE('',*,*,#12309,.T.);
#12309 = EDGE_CURVE('',#12310,#12310,#12312,.T.);
#12310 = VERTEX_POINT('',#12311);
#12311 = CARTESIAN_POINT('',(119.374949,44.561148,1.51));
#12312 = CIRCLE('',#12313,1.525);
#12313 = AXIS2_PLACEMENT_3D('',#12314,#12315,#12316);
#12314 = CARTESIAN_POINT('',(119.374949,46.086148,1.51));
#12315 = DIRECTION('',(-0.,0.,-1.));
#12316 = DIRECTION('',(-0.,-1.,0.));
#12317 = FACE_BOUND('',#12318,.T.);
#12318 = EDGE_LOOP('',(#12319));
#12319 = ORIENTED_EDGE('',*,*,#12320,.T.);
#12320 = EDGE_CURVE('',#12321,#12321,#12323,.T.);
#12321 = VERTEX_POINT('',#12322);
#12322 = CARTESIAN_POINT('',(138.008661,48.521865,1.51));
#12323 = CIRCLE('',#12324,1.525);
#12324 = AXIS2_PLACEMENT_3D('',#12325,#12326,#12327);
#12325 = CARTESIAN_POINT('',(138.008661,50.046865,1.51));
#12326 = DIRECTION('',(-0.,0.,-1.));
#12327 = DIRECTION('',(-1.863718651174E-14,-1.,0.));
#12328 = FACE_BOUND('',#12329,.T.);
#12329 = EDGE_LOOP('',(#12330));
#12330 = ORIENTED_EDGE('',*,*,#12331,.T.);
#12331 = EDGE_CURVE('',#12332,#12332,#12334,.T.);
#12332 = VERTEX_POINT('',#12333);
#12333 = CARTESIAN_POINT('',(139.287798,45.48386,1.51));
#12334 = CIRCLE('',#12335,0.95);
#12335 = AXIS2_PLACEMENT_3D('',#12336,#12337,#12338);
#12336 = CARTESIAN_POINT('',(139.287798,46.43386,1.51));
#12337 = DIRECTION('',(-0.,0.,-1.));
#12338 = DIRECTION('',(-0.,-1.,0.));
#12339 = FACE_BOUND('',#12340,.T.);
#12340 = EDGE_LOOP('',(#12341));
#12341 = ORIENTED_EDGE('',*,*,#12342,.T.);
#12342 = EDGE_CURVE('',#12343,#12343,#12345,.T.);
#12343 = VERTEX_POINT('',#12344);
#12344 = CARTESIAN_POINT('',(142.894281,45.900781,1.51));
#12345 = CIRCLE('',#12346,0.4);
#12346 = AXIS2_PLACEMENT_3D('',#12347,#12348,#12349);
#12347 = CARTESIAN_POINT('',(142.894281,46.300781,1.51));
#12348 = DIRECTION('',(-0.,0.,-1.));
#12349 = DIRECTION('',(-0.,-1.,0.));
#12350 = FACE_BOUND('',#12351,.T.);
#12351 = EDGE_LOOP('',(#12352));
#12352 = ORIENTED_EDGE('',*,*,#12353,.T.);
#12353 = EDGE_CURVE('',#12354,#12354,#12356,.T.);
#12354 = VERTEX_POINT('',#12355);
#12355 = CARTESIAN_POINT('',(121.884134,53.120291,1.51));
#12356 = CIRCLE('',#12357,0.4);
#12357 = AXIS2_PLACEMENT_3D('',#12358,#12359,#12360);
#12358 = CARTESIAN_POINT('',(121.884134,53.520291,1.51));
#12359 = DIRECTION('',(-0.,0.,-1.));
#12360 = DIRECTION('',(3.5527136788E-14,-1.,-0.));
#12361 = FACE_BOUND('',#12362,.T.);
#12362 = EDGE_LOOP('',(#12363));
#12363 = ORIENTED_EDGE('',*,*,#12364,.T.);
#12364 = EDGE_CURVE('',#12365,#12365,#12367,.T.);
#12365 = VERTEX_POINT('',#12366);
#12366 = CARTESIAN_POINT('',(132.681308,49.536417,1.51));
#12367 = CIRCLE('',#12368,1.525);
#12368 = AXIS2_PLACEMENT_3D('',#12369,#12370,#12371);
#12369 = CARTESIAN_POINT('',(132.681308,51.061417,1.51));
#12370 = DIRECTION('',(-0.,0.,-1.));
#12371 = DIRECTION('',(-0.,-1.,0.));
#12372 = FACE_BOUND('',#12373,.T.);
#12373 = EDGE_LOOP('',(#12374));
#12374 = ORIENTED_EDGE('',*,*,#12375,.T.);
#12375 = EDGE_CURVE('',#12376,#12376,#12378,.T.);
#12376 = VERTEX_POINT('',#12377);
#12377 = CARTESIAN_POINT('',(126.127277,57.04704,1.51));
#12378 = CIRCLE('',#12379,0.8);
#12379 = AXIS2_PLACEMENT_3D('',#12380,#12381,#12382);
#12380 = CARTESIAN_POINT('',(126.127277,57.84704,1.51));
#12381 = DIRECTION('',(-0.,0.,-1.));
#12382 = DIRECTION('',(1.7763568394E-14,-1.,-0.));
#12383 = FACE_BOUND('',#12384,.T.);
#12384 = EDGE_LOOP('',(#12385));
#12385 = ORIENTED_EDGE('',*,*,#12386,.T.);
#12386 = EDGE_CURVE('',#12387,#12387,#12389,.T.);
#12387 = VERTEX_POINT('',#12388);
#12388 = CARTESIAN_POINT('',(140.517848,57.081008,1.51));
#12389 = CIRCLE('',#12390,0.4);
#12390 = AXIS2_PLACEMENT_3D('',#12391,#12392,#12393);
#12391 = CARTESIAN_POINT('',(140.517848,57.481008,1.51));
#12392 = DIRECTION('',(-0.,0.,-1.));
#12393 = DIRECTION('',(-7.105427357601E-14,-1.,0.));
#12394 = FACE_BOUND('',#12395,.T.);
#12395 = EDGE_LOOP('',(#12396));
#12396 = ORIENTED_EDGE('',*,*,#12397,.T.);
#12397 = EDGE_CURVE('',#12398,#12398,#12400,.T.);
#12398 = VERTEX_POINT('',#12399);
#12399 = CARTESIAN_POINT('',(85.76919,63.089403,1.51));
#12400 = CIRCLE('',#12401,1.525);
#12401 = AXIS2_PLACEMENT_3D('',#12402,#12403,#12404);
#12402 = CARTESIAN_POINT('',(85.76919,64.614403,1.51));
#12403 = DIRECTION('',(-0.,0.,-1.));
#12404 = DIRECTION('',(-9.31859325587E-15,-1.,0.));
#12405 = FACE_BOUND('',#12406,.T.);
#12406 = EDGE_LOOP('',(#12407));
#12407 = ORIENTED_EDGE('',*,*,#12408,.T.);
#12408 = EDGE_CURVE('',#12409,#12409,#12411,.T.);
#12409 = VERTEX_POINT('',#12410);
#12410 = CARTESIAN_POINT('',(91.154337,62.44894,1.51));
#12411 = CIRCLE('',#12412,1.525);
#12412 = AXIS2_PLACEMENT_3D('',#12413,#12414,#12415);
#12413 = CARTESIAN_POINT('',(91.154337,63.97394,1.51));
#12414 = DIRECTION('',(-0.,0.,-1.));
#12415 = DIRECTION('',(-0.,-1.,0.));
#12416 = FACE_BOUND('',#12417,.T.);
#12417 = EDGE_LOOP('',(#12418));
#12418 = ORIENTED_EDGE('',*,*,#12419,.T.);
#12419 = EDGE_CURVE('',#12420,#12420,#12422,.T.);
#12420 = VERTEX_POINT('',#12421);
#12421 = CARTESIAN_POINT('',(116.693369,60.156854,1.51));
#12422 = CIRCLE('',#12423,0.95);
#12423 = AXIS2_PLACEMENT_3D('',#12424,#12425,#12426);
#12424 = CARTESIAN_POINT('',(116.693369,61.106854,1.51));
#12425 = DIRECTION('',(-0.,0.,-1.));
#12426 = DIRECTION('',(-0.,-1.,0.));
#12427 = FACE_BOUND('',#12428,.T.);
#12428 = EDGE_LOOP('',(#12429));
#12429 = ORIENTED_EDGE('',*,*,#12430,.T.);
#12430 = EDGE_CURVE('',#12431,#12431,#12433,.T.);
#12431 = VERTEX_POINT('',#12432);
#12432 = CARTESIAN_POINT('',(115.414232,63.194859,1.51));
#12433 = CIRCLE('',#12434,1.525);
#12434 = AXIS2_PLACEMENT_3D('',#12435,#12436,#12437);
#12435 = CARTESIAN_POINT('',(115.414232,64.719859,1.51));
#12436 = DIRECTION('',(-0.,0.,-1.));
#12437 = DIRECTION('',(-0.,-1.,0.));
#12438 = FACE_BOUND('',#12439,.T.);
#12439 = EDGE_LOOP('',(#12440));
#12440 = ORIENTED_EDGE('',*,*,#12441,.T.);
#12441 = EDGE_CURVE('',#12442,#12442,#12444,.T.);
#12442 = VERTEX_POINT('',#12443);
#12443 = CARTESIAN_POINT('',(110.086879,64.209411,1.51));
#12444 = CIRCLE('',#12445,1.525);
#12445 = AXIS2_PLACEMENT_3D('',#12446,#12447,#12448);
#12446 = CARTESIAN_POINT('',(110.086879,65.734411,1.51));
#12447 = DIRECTION('',(-0.,0.,-1.));
#12448 = DIRECTION('',(-9.31859325587E-15,-1.,0.));
#12449 = FACE_BOUND('',#12450,.T.);
#12450 = EDGE_LOOP('',(#12451));
#12451 = ORIENTED_EDGE('',*,*,#12452,.T.);
#12452 = EDGE_CURVE('',#12453,#12453,#12455,.T.);
#12453 = VERTEX_POINT('',#12454);
#12454 = CARTESIAN_POINT('',(96.969174,74.385153,1.51));
#12455 = CIRCLE('',#12456,1.1);
#12456 = AXIS2_PLACEMENT_3D('',#12457,#12458,#12459);
#12457 = CARTESIAN_POINT('',(96.969174,75.485153,1.51));
#12458 = DIRECTION('',(-0.,0.,-1.));
#12459 = DIRECTION('',(-1.2918958832E-14,-1.,0.));
#12460 = FACE_BOUND('',#12461,.T.);
#12461 = EDGE_LOOP('',(#12462));
#12462 = ORIENTED_EDGE('',*,*,#12463,.T.);
#12463 = EDGE_CURVE('',#12464,#12464,#12466,.T.);
#12464 = VERTEX_POINT('',#12465);
#12465 = CARTESIAN_POINT('',(120.29985,60.573776,1.51));
#12466 = CIRCLE('',#12467,0.4);
#12467 = AXIS2_PLACEMENT_3D('',#12468,#12469,#12470);
#12468 = CARTESIAN_POINT('',(120.29985,60.973776,1.51));
#12469 = DIRECTION('',(-0.,0.,-1.));
#12470 = DIRECTION('',(3.5527136788E-14,-1.,-0.));
#12471 = FACE_BOUND('',#12472,.T.);
#12472 = EDGE_LOOP('',(#12473));
#12473 = ORIENTED_EDGE('',*,*,#12474,.T.);
#12474 = EDGE_CURVE('',#12475,#12475,#12477,.T.);
#12475 = VERTEX_POINT('',#12476);
#12476 = CARTESIAN_POINT('',(124.567458,61.830544,1.51));
#12477 = CIRCLE('',#12478,0.95);
#12478 = AXIS2_PLACEMENT_3D('',#12479,#12480,#12481);
#12479 = CARTESIAN_POINT('',(124.567458,62.780544,1.51));
#12480 = DIRECTION('',(-0.,0.,-1.));
#12481 = DIRECTION('',(-0.,-1.,0.));
#12482 = FACE_BOUND('',#12483,.T.);
#12483 = EDGE_LOOP('',(#12484));
#12484 = ORIENTED_EDGE('',*,*,#12485,.T.);
#12485 = EDGE_CURVE('',#12486,#12486,#12488,.T.);
#12486 = VERTEX_POINT('',#12487);
#12487 = CARTESIAN_POINT('',(129.947269,61.399058,1.51));
#12488 = CIRCLE('',#12489,2.525);
#12489 = AXIS2_PLACEMENT_3D('',#12490,#12491,#12492);
#12490 = CARTESIAN_POINT('',(129.947269,63.924058,1.51));
#12491 = DIRECTION('',(-0.,0.,-1.));
#12492 = DIRECTION('',(-0.,-1.,0.));
#12493 = FACE_BOUND('',#12494,.T.);
#12494 = EDGE_LOOP('',(#12495));
#12495 = ORIENTED_EDGE('',*,*,#12496,.T.);
#12496 = EDGE_CURVE('',#12497,#12497,#12499,.T.);
#12497 = VERTEX_POINT('',#12498);
#12498 = CARTESIAN_POINT('',(135.32708,64.117572,1.51));
#12499 = CIRCLE('',#12500,0.95);
#12500 = AXIS2_PLACEMENT_3D('',#12501,#12502,#12503);
#12501 = CARTESIAN_POINT('',(135.32708,65.067572,1.51));
#12502 = DIRECTION('',(-0.,0.,-1.));
#12503 = DIRECTION('',(-2.991758887411E-14,-1.,0.));
#12504 = FACE_BOUND('',#12505,.T.);
#12505 = EDGE_LOOP('',(#12506));
#12506 = ORIENTED_EDGE('',*,*,#12507,.T.);
#12507 = EDGE_CURVE('',#12508,#12508,#12510,.T.);
#12508 = VERTEX_POINT('',#12509);
#12509 = CARTESIAN_POINT('',(138.933564,64.534493,1.51));
#12510 = CIRCLE('',#12511,0.4);
#12511 = AXIS2_PLACEMENT_3D('',#12512,#12513,#12514);
#12512 = CARTESIAN_POINT('',(138.933564,64.934493,1.51));
#12513 = DIRECTION('',(-0.,0.,-1.));
#12514 = DIRECTION('',(-0.,-1.,0.));
#12515 = FACE_BOUND('',#12516,.T.);
#12516 = EDGE_LOOP('',(#12517));
#12517 = ORIENTED_EDGE('',*,*,#12518,.T.);
#12518 = EDGE_CURVE('',#12519,#12519,#12521,.T.);
#12519 = VERTEX_POINT('',#12520);
#12520 = CARTESIAN_POINT('',(128.72059,68.170129,1.51));
#12521 = CIRCLE('',#12522,1.525);
#12522 = AXIS2_PLACEMENT_3D('',#12523,#12524,#12525);
#12523 = CARTESIAN_POINT('',(128.72059,69.695129,1.51));
#12524 = DIRECTION('',(-0.,0.,-1.));
#12525 = DIRECTION('',(-0.,-1.,0.));
#12526 = FACE_BOUND('',#12527,.T.);
#12527 = EDGE_LOOP('',(#12528));
#12528 = ORIENTED_EDGE('',*,*,#12529,.T.);
#12529 = EDGE_CURVE('',#12530,#12530,#12532,.T.);
#12530 = VERTEX_POINT('',#12531);
#12531 = CARTESIAN_POINT('',(134.047943,67.155577,1.51));
#12532 = CIRCLE('',#12533,1.525);
#12533 = AXIS2_PLACEMENT_3D('',#12534,#12535,#12536);
#12534 = CARTESIAN_POINT('',(134.047943,68.680577,1.51));
#12535 = DIRECTION('',(-0.,0.,-1.));
#12536 = DIRECTION('',(-0.,-1.,0.));
#12537 = FACE_BOUND('',#12538,.T.);
#12538 = EDGE_LOOP('',(#12539));
#12539 = ORIENTED_EDGE('',*,*,#12540,.T.);
#12540 = EDGE_CURVE('',#12541,#12541,#12543,.T.);
#12541 = VERTEX_POINT('',#12542);
#12542 = CARTESIAN_POINT('',(140.651596,78.658125,1.51));
#12543 = CIRCLE('',#12544,1.1);
#12544 = AXIS2_PLACEMENT_3D('',#12545,#12546,#12547);
#12545 = CARTESIAN_POINT('',(140.651596,79.758125,1.51));
#12546 = DIRECTION('',(-0.,0.,-1.));
#12547 = DIRECTION('',(2.5837917664E-14,-1.,-0.));
#12548 = PLANE('',#12549);
#12549 = AXIS2_PLACEMENT_3D('',#12550,#12551,#12552);
#12550 = CARTESIAN_POINT('',(0.,0.,1.51));
#12551 = DIRECTION('',(0.,0.,1.));
#12552 = DIRECTION('',(1.,0.,-0.));
#12553 = ADVANCED_FACE('',(#12554),#12565,.T.);
#12554 = FACE_BOUND('',#12555,.T.);
#12555 = EDGE_LOOP('',(#12556,#12562,#12563,#12564));
#12556 = ORIENTED_EDGE('',*,*,#12557,.T.);
#12557 = EDGE_CURVE('',#148,#6354,#12558,.T.);
#12558 = LINE('',#12559,#12560);
#12559 = CARTESIAN_POINT('',(101.709097,75.948886,0.));
#12560 = VECTOR('',#12561,1.);
#12561 = DIRECTION('',(0.,0.,1.));
#12562 = ORIENTED_EDGE('',*,*,#6353,.T.);
#12563 = ORIENTED_EDGE('',*,*,#81,.F.);
#12564 = ORIENTED_EDGE('',*,*,#147,.F.);
#12565 = PLANE('',#12566);
#12566 = AXIS2_PLACEMENT_3D('',#12567,#12568,#12569);
#12567 = CARTESIAN_POINT('',(101.709097,75.948886,0.));
#12568 = DIRECTION('',(-9.73521111596E-02,0.995250001986,0.));
#12569 = DIRECTION('',(0.995250001986,9.73521111596E-02,0.));
#12570 = ADVANCED_FACE('',(#12571),#12582,.T.);
#12571 = FACE_BOUND('',#12572,.T.);
#12572 = EDGE_LOOP('',(#12573,#12574,#12575,#12581));
#12573 = ORIENTED_EDGE('',*,*,#123,.T.);
#12574 = ORIENTED_EDGE('',*,*,#6612,.T.);
#12575 = ORIENTED_EDGE('',*,*,#12576,.F.);
#12576 = EDGE_CURVE('',#398,#6604,#12577,.T.);
#12577 = LINE('',#12578,#12579);
#12578 = CARTESIAN_POINT('',(162.81111,-2.088376,0.));
#12579 = VECTOR('',#12580,1.);
#12580 = DIRECTION('',(0.,0.,1.));
#12581 = ORIENTED_EDGE('',*,*,#406,.F.);
#12582 = CYLINDRICAL_SURFACE('',#12583,4.762502810866);
#12583 = AXIS2_PLACEMENT_3D('',#12584,#12585,#12586);
#12584 = CARTESIAN_POINT('',(158.04860718913,-2.088379085383,0.));
#12585 = DIRECTION('',(0.,0.,-1.));
#12586 = DIRECTION('',(-0.207911308079,0.978147682087,0.));
#12587 = ADVANCED_FACE('',(#12588),#12599,.T.);
#12588 = FACE_BOUND('',#12589,.T.);
#12589 = EDGE_LOOP('',(#12590,#12596,#12597,#12598));
#12590 = ORIENTED_EDGE('',*,*,#12591,.T.);
#12591 = EDGE_CURVE('',#156,#6362,#12592,.T.);
#12592 = LINE('',#12593,#12594);
#12593 = CARTESIAN_POINT('',(96.969174,80.247699,0.));
#12594 = VECTOR('',#12595,1.);
#12595 = DIRECTION('',(0.,0.,1.));
#12596 = ORIENTED_EDGE('',*,*,#6361,.T.);
#12597 = ORIENTED_EDGE('',*,*,#12557,.F.);
#12598 = ORIENTED_EDGE('',*,*,#155,.F.);
#12599 = CYLINDRICAL_SURFACE('',#12600,4.762560715433);
#12600 = AXIS2_PLACEMENT_3D('',#12601,#12602,#12603);
#12601 = CARTESIAN_POINT('',(96.969168453638,75.48513828457,0.));
#12602 = DIRECTION('',(0.,0.,-1.));
#12603 = DIRECTION('',(1.164575633164E-06,0.999999999999,0.));
#12604 = ADVANCED_FACE('',(#12605),#12616,.T.);
#12605 = FACE_BOUND('',#12606,.T.);
#12606 = EDGE_LOOP('',(#12607,#12608,#12609,#12615));
#12607 = ORIENTED_EDGE('',*,*,#12576,.T.);
#12608 = ORIENTED_EDGE('',*,*,#6603,.T.);
#12609 = ORIENTED_EDGE('',*,*,#12610,.F.);
#12610 = EDGE_CURVE('',#390,#6596,#12611,.T.);
#12611 = LINE('',#12612,#12613);
#12612 = CARTESIAN_POINT('',(153.912337,-4.44901,0.));
#12613 = VECTOR('',#12614,1.);
#12614 = DIRECTION('',(0.,0.,1.));
#12615 = ORIENTED_EDGE('',*,*,#397,.F.);
#12616 = CYLINDRICAL_SURFACE('',#12617,4.762495245626);
#12617 = AXIS2_PLACEMENT_3D('',#12618,#12619,#12620);
#12618 = CARTESIAN_POINT('',(158.04861475437,-2.088381417765,0.));
#12619 = DIRECTION('',(0.,0.,-1.));
#12620 = DIRECTION('',(0.999999999999,1.137589610908E-06,0.));
#12621 = ADVANCED_FACE('',(#12622),#12633,.T.);
#12622 = FACE_BOUND('',#12623,.T.);
#12623 = EDGE_LOOP('',(#12624,#12630,#12631,#12632));
#12624 = ORIENTED_EDGE('',*,*,#12625,.T.);
#12625 = EDGE_CURVE('',#165,#6371,#12626,.T.);
#12626 = LINE('',#12627,#12628);
#12627 = CARTESIAN_POINT('',(92.227539,75.039842,0.));
#12628 = VECTOR('',#12629,1.);
#12629 = DIRECTION('',(0.,0.,1.));
#12630 = ORIENTED_EDGE('',*,*,#6370,.T.);
#12631 = ORIENTED_EDGE('',*,*,#12591,.F.);
#12632 = ORIENTED_EDGE('',*,*,#164,.F.);
#12633 = CYLINDRICAL_SURFACE('',#12634,4.762570472531);
#12634 = AXIS2_PLACEMENT_3D('',#12635,#12636,#12637);
#12635 = CARTESIAN_POINT('',(96.969247280122,75.485128528032,0.));
#12636 = DIRECTION('',(0.,0.,-1.));
#12637 = DIRECTION('',(-0.995619551977,-9.349710006407E-02,-0.));
#12638 = ADVANCED_FACE('',(#12639),#12650,.T.);
#12639 = FACE_BOUND('',#12640,.T.);
#12640 = EDGE_LOOP('',(#12641,#12642,#12643,#12649));
#12641 = ORIENTED_EDGE('',*,*,#12610,.T.);
#12642 = ORIENTED_EDGE('',*,*,#6595,.T.);
#12643 = ORIENTED_EDGE('',*,*,#12644,.F.);
#12644 = EDGE_CURVE('',#381,#6587,#12645,.T.);
#12645 = LINE('',#12646,#12647);
#12646 = CARTESIAN_POINT('',(103.26497,-33.35417,0.));
#12647 = VECTOR('',#12648,1.);
#12648 = DIRECTION('',(0.,0.,1.));
#12649 = ORIENTED_EDGE('',*,*,#389,.F.);
#12650 = PLANE('',#12651);
#12651 = AXIS2_PLACEMENT_3D('',#12652,#12653,#12654);
#12652 = CARTESIAN_POINT('',(153.912337,-4.44901,0.));
#12653 = DIRECTION('',(0.495671001604,-0.868510367335,0.));
#12654 = DIRECTION('',(-0.868510367335,-0.495671001604,0.));
#12655 = ADVANCED_FACE('',(#12656),#12667,.T.);
#12656 = FACE_BOUND('',#12657,.T.);
#12657 = EDGE_LOOP('',(#12658,#12664,#12665,#12666));
#12658 = ORIENTED_EDGE('',*,*,#12659,.T.);
#12659 = EDGE_CURVE('',#174,#6380,#12660,.T.);
#12660 = LINE('',#12661,#12662);
#12661 = CARTESIAN_POINT('',(23.791635,68.612686,0.));
#12662 = VECTOR('',#12663,1.);
#12663 = DIRECTION('',(0.,0.,1.));
#12664 = ORIENTED_EDGE('',*,*,#6379,.T.);
#12665 = ORIENTED_EDGE('',*,*,#12625,.F.);
#12666 = ORIENTED_EDGE('',*,*,#173,.F.);
#12667 = PLANE('',#12668);
#12668 = AXIS2_PLACEMENT_3D('',#12669,#12670,#12671);
#12669 = CARTESIAN_POINT('',(23.791635,68.612686,0.));
#12670 = DIRECTION('',(-9.350352555983E-02,0.995618948548,0.));
#12671 = DIRECTION('',(0.995618948548,9.350352555983E-02,0.));
#12672 = ADVANCED_FACE('',(#12673),#12684,.T.);
#12673 = FACE_BOUND('',#12674,.T.);
#12674 = EDGE_LOOP('',(#12675,#12676,#12677,#12683));
#12675 = ORIENTED_EDGE('',*,*,#12644,.T.);
#12676 = ORIENTED_EDGE('',*,*,#6586,.T.);
#12677 = ORIENTED_EDGE('',*,*,#12678,.F.);
#12678 = EDGE_CURVE('',#372,#6578,#12679,.T.);
#12679 = LINE('',#12680,#12681);
#12680 = CARTESIAN_POINT('',(99.12869,-40.477303,0.));
#12681 = VECTOR('',#12682,1.);
#12682 = DIRECTION('',(0.,0.,1.));
#12683 = ORIENTED_EDGE('',*,*,#380,.F.);
#12684 = CYLINDRICAL_SURFACE('',#12685,4.762499587513);
#12685 = AXIS2_PLACEMENT_3D('',#12686,#12687,#12688);
#12686 = CARTESIAN_POINT('',(99.128690003081,-35.71480341248,0.));
#12687 = DIRECTION('',(0.,0.,-1.));
#12688 = DIRECTION('',(0.868510310796,0.495671100671,0.));
#12689 = ADVANCED_FACE('',(#12690),#12701,.T.);
#12690 = FACE_BOUND('',#12691,.T.);
#12691 = EDGE_LOOP('',(#12692,#12698,#12699,#12700));
#12692 = ORIENTED_EDGE('',*,*,#12693,.T.);
#12693 = EDGE_CURVE('',#182,#6388,#12694,.T.);
#12694 = LINE('',#12695,#12696);
#12695 = CARTESIAN_POINT('',(15.08736,70.809133,0.));
#12696 = VECTOR('',#12697,1.);
#12697 = DIRECTION('',(0.,0.,1.));
#12698 = ORIENTED_EDGE('',*,*,#6387,.T.);
#12699 = ORIENTED_EDGE('',*,*,#12659,.F.);
#12700 = ORIENTED_EDGE('',*,*,#181,.F.);
#12701 = CYLINDRICAL_SURFACE('',#12702,4.762500287917);
#12702 = AXIS2_PLACEMENT_3D('',#12703,#12704,#12705);
#12703 = CARTESIAN_POINT('',(19.049999694793,68.167373048441,0.));
#12704 = DIRECTION('',(0.,0.,-1.));
#12705 = DIRECTION('',(-0.832050279314,0.554700218761,0.));
#12706 = ADVANCED_FACE('',(#12707),#12718,.T.);
#12707 = FACE_BOUND('',#12708,.T.);
#12708 = EDGE_LOOP('',(#12709,#12710,#12711,#12717));
#12709 = ORIENTED_EDGE('',*,*,#12678,.T.);
#12710 = ORIENTED_EDGE('',*,*,#6577,.T.);
#12711 = ORIENTED_EDGE('',*,*,#12712,.F.);
#12712 = EDGE_CURVE('',#364,#6570,#12713,.T.);
#12713 = LINE('',#12714,#12715);
#12714 = CARTESIAN_POINT('',(95.16955,-38.36177,0.));
#12715 = VECTOR('',#12716,1.);
#12716 = DIRECTION('',(0.,0.,1.));
#12717 = ORIENTED_EDGE('',*,*,#371,.F.);
#12718 = CYLINDRICAL_SURFACE('',#12719,4.762415009189);
#12719 = AXIS2_PLACEMENT_3D('',#12720,#12721,#12722);
#12720 = CARTESIAN_POINT('',(99.128667622584,-35.71488799086,0.));
#12721 = DIRECTION('',(0.,0.,-1.));
#12722 = DIRECTION('',(4.698753811238E-06,-0.999999999989,0.));
#12723 = ADVANCED_FACE('',(#12724),#12735,.T.);
#12724 = FACE_BOUND('',#12725,.T.);
#12725 = EDGE_LOOP('',(#12726,#12732,#12733,#12734));
#12726 = ORIENTED_EDGE('',*,*,#12727,.T.);
#12727 = EDGE_CURVE('',#191,#6397,#12728,.T.);
#12728 = LINE('',#12729,#12730);
#12729 = CARTESIAN_POINT('',(-15.08736,70.809133,0.));
#12730 = VECTOR('',#12731,1.);
#12731 = DIRECTION('',(0.,0.,1.));
#12732 = ORIENTED_EDGE('',*,*,#6396,.T.);
#12733 = ORIENTED_EDGE('',*,*,#12693,.F.);
#12734 = ORIENTED_EDGE('',*,*,#190,.F.);
#12735 = PLANE('',#12736);
#12736 = AXIS2_PLACEMENT_3D('',#12737,#12738,#12739);
#12737 = CARTESIAN_POINT('',(-15.08736,70.809133,0.));
#12738 = DIRECTION('',(0.,1.,0.));
#12739 = DIRECTION('',(1.,0.,0.));
#12740 = ADVANCED_FACE('',(#12741),#12752,.T.);
#12741 = FACE_BOUND('',#12742,.T.);
#12742 = EDGE_LOOP('',(#12743,#12744,#12745,#12751));
#12743 = ORIENTED_EDGE('',*,*,#12712,.T.);
#12744 = ORIENTED_EDGE('',*,*,#6569,.T.);
#12745 = ORIENTED_EDGE('',*,*,#12746,.F.);
#12746 = EDGE_CURVE('',#355,#6561,#12747,.T.);
#12747 = LINE('',#12748,#12749);
#12748 = CARTESIAN_POINT('',(37.210695,-77.111159,0.));
#12749 = VECTOR('',#12750,1.);
#12750 = DIRECTION('',(0.,0.,1.));
#12751 = ORIENTED_EDGE('',*,*,#363,.F.);
#12752 = PLANE('',#12753);
#12753 = AXIS2_PLACEMENT_3D('',#12754,#12755,#12756);
#12754 = CARTESIAN_POINT('',(95.16955,-38.36177,0.));
#12755 = DIRECTION('',(0.555793525896,-0.831320369396,0.));
#12756 = DIRECTION('',(-0.831320369396,-0.555793525896,0.));
#12757 = ADVANCED_FACE('',(#12758),#12769,.T.);
#12758 = FACE_BOUND('',#12759,.T.);
#12759 = EDGE_LOOP('',(#12760,#12766,#12767,#12768));
#12760 = ORIENTED_EDGE('',*,*,#12761,.T.);
#12761 = EDGE_CURVE('',#199,#6405,#12762,.T.);
#12762 = LINE('',#12763,#12764);
#12763 = CARTESIAN_POINT('',(-23.791635,68.612684,0.));
#12764 = VECTOR('',#12765,1.);
#12765 = DIRECTION('',(0.,0.,1.));
#12766 = ORIENTED_EDGE('',*,*,#6404,.T.);
#12767 = ORIENTED_EDGE('',*,*,#12727,.F.);
#12768 = ORIENTED_EDGE('',*,*,#198,.F.);
#12769 = CYLINDRICAL_SURFACE('',#12770,4.762500511449);
#12770 = AXIS2_PLACEMENT_3D('',#12771,#12772,#12773);
#12771 = CARTESIAN_POINT('',(-19.04999936653,68.167372153077,0.));
#12772 = DIRECTION('',(0.,0.,-1.));
#12773 = DIRECTION('',(-0.995618923728,9.350378983749E-02,0.));
#12774 = ADVANCED_FACE('',(#12775),#12786,.T.);
#12775 = FACE_BOUND('',#12776,.T.);
#12776 = EDGE_LOOP('',(#12777,#12778,#12779,#12785));
#12777 = ORIENTED_EDGE('',*,*,#12746,.T.);
#12778 = ORIENTED_EDGE('',*,*,#6560,.T.);
#12779 = ORIENTED_EDGE('',*,*,#12780,.F.);
#12780 = EDGE_CURVE('',#346,#6552,#12781,.T.);
#12781 = LINE('',#12782,#12783);
#12782 = CARTESIAN_POINT('',(33.251532,-84.520626,0.));
#12783 = VECTOR('',#12784,1.);
#12784 = DIRECTION('',(0.,0.,1.));
#12785 = ORIENTED_EDGE('',*,*,#354,.F.);
#12786 = CYLINDRICAL_SURFACE('',#12787,4.762499511444);
#12787 = AXIS2_PLACEMENT_3D('',#12788,#12789,#12790);
#12788 = CARTESIAN_POINT('',(33.251532877653,-79.75812648855,0.));
#12789 = DIRECTION('',(0.,0.,-1.));
#12790 = DIRECTION('',(0.831320215957,0.5557937554,0.));
#12791 = ADVANCED_FACE('',(#12792),#12803,.T.);
#12792 = FACE_BOUND('',#12793,.T.);
#12793 = EDGE_LOOP('',(#12794,#12800,#12801,#12802));
#12794 = ORIENTED_EDGE('',*,*,#12795,.T.);
#12795 = EDGE_CURVE('',#208,#6414,#12796,.T.);
#12796 = LINE('',#12797,#12798);
#12797 = CARTESIAN_POINT('',(-92.227539,75.040351,0.));
#12798 = VECTOR('',#12799,1.);
#12799 = DIRECTION('',(0.,0.,1.));
#12800 = ORIENTED_EDGE('',*,*,#6413,.T.);
#12801 = ORIENTED_EDGE('',*,*,#12761,.F.);
#12802 = ORIENTED_EDGE('',*,*,#207,.F.);
#12803 = PLANE('',#12804);
#12804 = AXIS2_PLACEMENT_3D('',#12805,#12806,#12807);
#12805 = CARTESIAN_POINT('',(-92.227539,75.040351,0.));
#12806 = DIRECTION('',(9.351089468442E-02,0.995618256449,-0.));
#12807 = DIRECTION('',(0.995618256449,-9.351089468442E-02,0.));
#12808 = ADVANCED_FACE('',(#12809),#12820,.T.);
#12809 = FACE_BOUND('',#12810,.T.);
#12810 = EDGE_LOOP('',(#12811,#12812,#12813,#12819));
#12811 = ORIENTED_EDGE('',*,*,#12780,.T.);
#12812 = ORIENTED_EDGE('',*,*,#6551,.T.);
#12813 = ORIENTED_EDGE('',*,*,#12814,.F.);
#12814 = EDGE_CURVE('',#338,#6544,#12815,.T.);
#12815 = LINE('',#12816,#12817);
#12816 = CARTESIAN_POINT('',(28.489002,-79.758126,0.));
#12817 = VECTOR('',#12818,1.);
#12818 = DIRECTION('',(0.,0.,1.));
#12819 = ORIENTED_EDGE('',*,*,#345,.F.);
#12820 = CYLINDRICAL_SURFACE('',#12821,4.762551368653);
#12821 = AXIS2_PLACEMENT_3D('',#12822,#12823,#12824);
#12822 = CARTESIAN_POINT('',(33.251553368376,-79.75807463139,0.));
#12823 = DIRECTION('',(0.,0.,-1.));
#12824 = DIRECTION('',(-4.486749627116E-06,-0.99999999999,-0.));
#12825 = ADVANCED_FACE('',(#12826),#12837,.T.);
#12826 = FACE_BOUND('',#12827,.T.);
#12827 = EDGE_LOOP('',(#12828,#12834,#12835,#12836));
#12828 = ORIENTED_EDGE('',*,*,#12829,.T.);
#12829 = EDGE_CURVE('',#216,#6422,#12830,.T.);
#12830 = LINE('',#12831,#12832);
#12831 = CARTESIAN_POINT('',(-96.969174,80.247653,0.));
#12832 = VECTOR('',#12833,1.);
#12833 = DIRECTION('',(0.,0.,1.));
#12834 = ORIENTED_EDGE('',*,*,#6421,.T.);
#12835 = ORIENTED_EDGE('',*,*,#12795,.F.);
#12836 = ORIENTED_EDGE('',*,*,#215,.F.);
#12837 = CYLINDRICAL_SURFACE('',#12838,4.762425764948);
#12838 = AXIS2_PLACEMENT_3D('',#12839,#12840,#12841);
#12839 = CARTESIAN_POINT('',(-96.96914044909,75.48522723517,0.));
#12840 = DIRECTION('',(0.,0.,-1.));
#12841 = DIRECTION('',(-7.044920153459E-06,0.999999999975,0.));
#12842 = ADVANCED_FACE('',(#12843),#12854,.T.);
#12843 = FACE_BOUND('',#12844,.T.);
#12844 = EDGE_LOOP('',(#12845,#12846,#12847,#12853));
#12845 = ORIENTED_EDGE('',*,*,#12814,.T.);
#12846 = ORIENTED_EDGE('',*,*,#6543,.T.);
#12847 = ORIENTED_EDGE('',*,*,#12848,.F.);
#12848 = EDGE_CURVE('',#329,#6535,#12849,.T.);
#12849 = LINE('',#12850,#12851);
#12850 = CARTESIAN_POINT('',(-28.489032,-79.758126,0.));
#12851 = VECTOR('',#12852,1.);
#12852 = DIRECTION('',(0.,0.,1.));
#12853 = ORIENTED_EDGE('',*,*,#337,.F.);
#12854 = PLANE('',#12855);
#12855 = AXIS2_PLACEMENT_3D('',#12856,#12857,#12858);
#12856 = CARTESIAN_POINT('',(28.489002,-79.758126,0.));
#12857 = DIRECTION('',(0.,-1.,0.));
#12858 = DIRECTION('',(-1.,0.,0.));
#12859 = ADVANCED_FACE('',(#12860),#12871,.T.);
#12860 = FACE_BOUND('',#12861,.T.);
#12861 = EDGE_LOOP('',(#12862,#12868,#12869,#12870));
#12862 = ORIENTED_EDGE('',*,*,#12863,.T.);
#12863 = EDGE_CURVE('',#225,#6431,#12864,.T.);
#12864 = LINE('',#12865,#12866);
#12865 = CARTESIAN_POINT('',(-101.709051,75.948803,0.));
#12866 = VECTOR('',#12867,1.);
#12867 = DIRECTION('',(0.,0.,1.));
#12868 = ORIENTED_EDGE('',*,*,#6430,.T.);
#12869 = ORIENTED_EDGE('',*,*,#12829,.F.);
#12870 = ORIENTED_EDGE('',*,*,#224,.F.);
#12871 = CYLINDRICAL_SURFACE('',#12872,4.762501699071);
#12872 = AXIS2_PLACEMENT_3D('',#12873,#12874,#12875);
#12873 = CARTESIAN_POINT('',(-96.96917235855,75.485151300929,0.));
#12874 = DIRECTION('',(0.,0.,-1.));
#12875 = DIRECTION('',(-0.995249753374,9.735465273665E-02,0.));
#12876 = ADVANCED_FACE('',(#12877),#12888,.T.);
#12877 = FACE_BOUND('',#12878,.T.);
#12878 = EDGE_LOOP('',(#12879,#12880,#12881,#12887));
#12879 = ORIENTED_EDGE('',*,*,#12848,.T.);
#12880 = ORIENTED_EDGE('',*,*,#6534,.T.);
#12881 = ORIENTED_EDGE('',*,*,#12882,.F.);
#12882 = EDGE_CURVE('',#320,#6526,#12883,.T.);
#12883 = LINE('',#12884,#12885);
#12884 = CARTESIAN_POINT('',(-33.251532,-84.520626,0.));
#12885 = VECTOR('',#12886,1.);
#12886 = DIRECTION('',(0.,0.,1.));
#12887 = ORIENTED_EDGE('',*,*,#328,.F.);
#12888 = CYLINDRICAL_SURFACE('',#12889,4.762500155008);
#12889 = AXIS2_PLACEMENT_3D('',#12890,#12891,#12892);
#12890 = CARTESIAN_POINT('',(-33.251532155,-79.75812584499,0.));
#12891 = DIRECTION('',(0.,0.,-1.));
#12892 = DIRECTION('',(1.,-3.254771403824E-08,0.));
#12893 = ADVANCED_FACE('',(#12894),#12905,.T.);
#12894 = FACE_BOUND('',#12895,.T.);
#12895 = EDGE_LOOP('',(#12896,#12902,#12903,#12904));
#12896 = ORIENTED_EDGE('',*,*,#12897,.T.);
#12897 = EDGE_CURVE('',#234,#6440,#12898,.T.);
#12898 = LINE('',#12899,#12900);
#12899 = CARTESIAN_POINT('',(-135.911719,79.294554,0.));
#12900 = VECTOR('',#12901,1.);
#12901 = DIRECTION('',(0.,0.,1.));
#12902 = ORIENTED_EDGE('',*,*,#6439,.T.);
#12903 = ORIENTED_EDGE('',*,*,#12863,.F.);
#12904 = ORIENTED_EDGE('',*,*,#233,.F.);
#12905 = PLANE('',#12906);
#12906 = AXIS2_PLACEMENT_3D('',#12907,#12908,#12909);
#12907 = CARTESIAN_POINT('',(-135.911719,79.294554,0.));
#12908 = DIRECTION('',(9.735665076422E-02,0.995249557926,-0.));
#12909 = DIRECTION('',(0.995249557926,-9.735665076422E-02,0.));
#12910 = ADVANCED_FACE('',(#12911),#12922,.T.);
#12911 = FACE_BOUND('',#12912,.T.);
#12912 = EDGE_LOOP('',(#12913,#12914,#12915,#12921));
#12913 = ORIENTED_EDGE('',*,*,#12882,.T.);
#12914 = ORIENTED_EDGE('',*,*,#6525,.T.);
#12915 = ORIENTED_EDGE('',*,*,#12916,.F.);
#12916 = EDGE_CURVE('',#312,#6518,#12917,.T.);
#12917 = LINE('',#12918,#12919);
#12918 = CARTESIAN_POINT('',(-37.210691,-77.111159,0.));
#12919 = VECTOR('',#12920,1.);
#12920 = DIRECTION('',(0.,0.,1.));
#12921 = ORIENTED_EDGE('',*,*,#319,.F.);
#12922 = CYLINDRICAL_SURFACE('',#12923,4.762496366806);
#12923 = AXIS2_PLACEMENT_3D('',#12924,#12925,#12926);
#12924 = CARTESIAN_POINT('',(-33.25153476276,-79.75812963319,0.));
#12925 = DIRECTION('',(0.,0.,-1.));
#12926 = DIRECTION('',(5.801082149727E-07,-1.,0.));
#12927 = ADVANCED_FACE('',(#12928),#12939,.T.);
#12928 = FACE_BOUND('',#12929,.T.);
#12929 = EDGE_LOOP('',(#12930,#12936,#12937,#12938));
#12930 = ORIENTED_EDGE('',*,*,#12931,.T.);
#12931 = EDGE_CURVE('',#242,#6448,#12932,.T.);
#12932 = LINE('',#12933,#12934);
#12933 = CARTESIAN_POINT('',(-145.414096,79.758125,0.));
#12934 = VECTOR('',#12935,1.);
#12935 = DIRECTION('',(0.,0.,1.));
#12936 = ORIENTED_EDGE('',*,*,#6447,.T.);
#12937 = ORIENTED_EDGE('',*,*,#12897,.F.);
#12938 = ORIENTED_EDGE('',*,*,#241,.F.);
#12939 = CYLINDRICAL_SURFACE('',#12940,4.762496290323);
#12940 = AXIS2_PLACEMENT_3D('',#12941,#12942,#12943);
#12941 = CARTESIAN_POINT('',(-140.6515997096,79.758128992167,0.));
#12942 = DIRECTION('',(0.,0.,-1.));
#12943 = DIRECTION('',(-1.,-8.382509645209E-07,-0.));
#12944 = ADVANCED_FACE('',(#12945),#12956,.T.);
#12945 = FACE_BOUND('',#12946,.T.);
#12946 = EDGE_LOOP('',(#12947,#12948,#12949,#12955));
#12947 = ORIENTED_EDGE('',*,*,#12916,.T.);
#12948 = ORIENTED_EDGE('',*,*,#6517,.T.);
#12949 = ORIENTED_EDGE('',*,*,#12950,.F.);
#12950 = EDGE_CURVE('',#303,#6509,#12951,.T.);
#12951 = LINE('',#12952,#12953);
#12952 = CARTESIAN_POINT('',(-95.169527,-38.36177,0.));
#12953 = VECTOR('',#12954,1.);
#12954 = DIRECTION('',(0.,0.,1.));
#12955 = ORIENTED_EDGE('',*,*,#311,.F.);
#12956 = PLANE('',#12957);
#12957 = AXIS2_PLACEMENT_3D('',#12958,#12959,#12960);
#12958 = CARTESIAN_POINT('',(-37.210691,-77.111159,0.));
#12959 = DIRECTION('',(-0.555793651813,-0.831320285212,0.));
#12960 = DIRECTION('',(-0.831320285212,0.555793651813,0.));
#12961 = ADVANCED_FACE('',(#12962),#12973,.T.);
#12962 = FACE_BOUND('',#12963,.T.);
#12963 = EDGE_LOOP('',(#12964,#12970,#12971,#12972));
#12964 = ORIENTED_EDGE('',*,*,#12965,.T.);
#12965 = EDGE_CURVE('',#251,#6457,#12966,.T.);
#12966 = LINE('',#12967,#12968);
#12967 = CARTESIAN_POINT('',(-141.641775,75.099697,0.));
#12968 = VECTOR('',#12969,1.);
#12969 = DIRECTION('',(0.,0.,1.));
#12970 = ORIENTED_EDGE('',*,*,#6456,.T.);
#12971 = ORIENTED_EDGE('',*,*,#12931,.F.);
#12972 = ORIENTED_EDGE('',*,*,#250,.F.);
#12973 = CYLINDRICAL_SURFACE('',#12974,4.762500252639);
#12974 = AXIS2_PLACEMENT_3D('',#12975,#12976,#12977);
#12975 = CARTESIAN_POINT('',(-140.6515957473,79.75812524395,0.));
#12976 = DIRECTION('',(0.,0.,-1.));
#12977 = DIRECTION('',(-0.207911643068,-0.978147610883,-0.));
#12978 = ADVANCED_FACE('',(#12979),#12990,.T.);
#12979 = FACE_BOUND('',#12980,.T.);
#12980 = EDGE_LOOP('',(#12981,#12982,#12983,#12989));
#12981 = ORIENTED_EDGE('',*,*,#12950,.T.);
#12982 = ORIENTED_EDGE('',*,*,#6508,.T.);
#12983 = ORIENTED_EDGE('',*,*,#12984,.F.);
#12984 = EDGE_CURVE('',#294,#6500,#12985,.T.);
#12985 = LINE('',#12986,#12987);
#12986 = CARTESIAN_POINT('',(-99.12869,-40.477303,0.));
#12987 = VECTOR('',#12988,1.);
#12988 = DIRECTION('',(0.,0.,1.));
#12989 = ORIENTED_EDGE('',*,*,#302,.F.);
#12990 = CYLINDRICAL_SURFACE('',#12991,4.762496016297);
#12991 = AXIS2_PLACEMENT_3D('',#12992,#12993,#12994);
#12992 = CARTESIAN_POINT('',(-99.12868790802,-35.7148069837,0.));
#12993 = DIRECTION('',(0.,0.,-1.));
#12994 = DIRECTION('',(0.831320571077,-0.555793224233,0.));
#12995 = ADVANCED_FACE('',(#12996),#13007,.T.);
#12996 = FACE_BOUND('',#12997,.T.);
#12997 = EDGE_LOOP('',(#12998,#13004,#13005,#13006));
#12998 = ORIENTED_EDGE('',*,*,#12999,.T.);
#12999 = EDGE_CURVE('',#260,#6466,#13000,.T.);
#13000 = LINE('',#13001,#13002);
#13001 = CARTESIAN_POINT('',(-157.058441,2.570052,0.));
#13002 = VECTOR('',#13003,1.);
#13003 = DIRECTION('',(0.,0.,1.));
#13004 = ORIENTED_EDGE('',*,*,#6465,.T.);
#13005 = ORIENTED_EDGE('',*,*,#12965,.F.);
#13006 = ORIENTED_EDGE('',*,*,#259,.F.);
#13007 = PLANE('',#13008);
#13008 = AXIS2_PLACEMENT_3D('',#13009,#13010,#13011);
#13009 = CARTESIAN_POINT('',(-157.058441,2.570052,0.));
#13010 = DIRECTION('',(-0.978147562228,0.207911871974,0.));
#13011 = DIRECTION('',(0.207911871974,0.978147562228,0.));
#13012 = ADVANCED_FACE('',(#13013),#13024,.T.);
#13013 = FACE_BOUND('',#13014,.T.);
#13014 = EDGE_LOOP('',(#13015,#13016,#13017,#13023));
#13015 = ORIENTED_EDGE('',*,*,#12984,.T.);
#13016 = ORIENTED_EDGE('',*,*,#6499,.T.);
#13017 = ORIENTED_EDGE('',*,*,#13018,.F.);
#13018 = EDGE_CURVE('',#286,#6492,#13019,.T.);
#13019 = LINE('',#13020,#13021);
#13020 = CARTESIAN_POINT('',(-103.26497,-33.35417,0.));
#13021 = VECTOR('',#13022,1.);
#13022 = DIRECTION('',(0.,0.,1.));
#13023 = ORIENTED_EDGE('',*,*,#293,.F.);
#13024 = CYLINDRICAL_SURFACE('',#13025,4.762499587513);
#13025 = AXIS2_PLACEMENT_3D('',#13026,#13027,#13028);
#13026 = CARTESIAN_POINT('',(-99.12869000308,-35.71480341248,0.));
#13027 = DIRECTION('',(0.,0.,-1.));
#13028 = DIRECTION('',(6.469766315861E-10,-1.,0.));
#13029 = ADVANCED_FACE('',(#13030),#13041,.T.);
#13030 = FACE_BOUND('',#13031,.T.);
#13031 = EDGE_LOOP('',(#13032,#13038,#13039,#13040));
#13032 = ORIENTED_EDGE('',*,*,#13033,.T.);
#13033 = EDGE_CURVE('',#268,#6474,#13034,.T.);
#13034 = LINE('',#13035,#13036);
#13035 = CARTESIAN_POINT('',(-158.048608,-6.850876,0.));
#13036 = VECTOR('',#13037,1.);
#13037 = DIRECTION('',(0.,0.,1.));
#13038 = ORIENTED_EDGE('',*,*,#6473,.T.);
#13039 = ORIENTED_EDGE('',*,*,#12999,.F.);
#13040 = ORIENTED_EDGE('',*,*,#267,.F.);
#13041 = CYLINDRICAL_SURFACE('',#13042,4.762498899623);
#13042 = AXIS2_PLACEMENT_3D('',#13043,#13044,#13045);
#13043 = CARTESIAN_POINT('',(-158.0486097157,-2.088377100377,0.));
#13044 = DIRECTION('',(0.,0.,-1.));
#13045 = DIRECTION('',(3.602643920298E-07,-1.,0.));
#13046 = ADVANCED_FACE('',(#13047),#13058,.T.);
#13047 = FACE_BOUND('',#13048,.T.);
#13048 = EDGE_LOOP('',(#13049,#13050,#13051,#13057));
#13049 = ORIENTED_EDGE('',*,*,#13018,.T.);
#13050 = ORIENTED_EDGE('',*,*,#6491,.T.);
#13051 = ORIENTED_EDGE('',*,*,#13052,.F.);
#13052 = EDGE_CURVE('',#277,#6483,#13053,.T.);
#13053 = LINE('',#13054,#13055);
#13054 = CARTESIAN_POINT('',(-153.912328,-4.449009,0.));
#13055 = VECTOR('',#13056,1.);
#13056 = DIRECTION('',(0.,0.,1.));
#13057 = ORIENTED_EDGE('',*,*,#285,.F.);
#13058 = PLANE('',#13059);
#13059 = AXIS2_PLACEMENT_3D('',#13060,#13061,#13062);
#13060 = CARTESIAN_POINT('',(-103.26497,-33.35417,0.));
#13061 = DIRECTION('',(-0.495671080979,-0.868510322035,0.));
#13062 = DIRECTION('',(-0.868510322035,0.495671080979,0.));
#13063 = ADVANCED_FACE('',(#13064),#13070,.T.);
#13064 = FACE_BOUND('',#13065,.T.);
#13065 = EDGE_LOOP('',(#13066,#13067,#13068,#13069));
#13066 = ORIENTED_EDGE('',*,*,#13052,.T.);
#13067 = ORIENTED_EDGE('',*,*,#6482,.T.);
#13068 = ORIENTED_EDGE('',*,*,#13033,.F.);
#13069 = ORIENTED_EDGE('',*,*,#276,.F.);
#13070 = CYLINDRICAL_SURFACE('',#13071,4.762499024924);
#13071 = AXIS2_PLACEMENT_3D('',#13072,#13073,#13074);
#13072 = CARTESIAN_POINT('',(-158.048608141,-2.088376975076,0.));
#13073 = DIRECTION('',(0.,0.,-1.));
#13074 = DIRECTION('',(0.868510443658,-0.495670867872,0.));
#13075 = ADVANCED_FACE('',(#13076),#13087,.F.);
#13076 = FACE_BOUND('',#13077,.T.);
#13077 = EDGE_LOOP('',(#13078,#13079,#13085,#13086));
#13078 = ORIENTED_EDGE('',*,*,#416,.T.);
#13079 = ORIENTED_EDGE('',*,*,#13080,.T.);
#13080 = EDGE_CURVE('',#417,#6623,#13081,.T.);
#13081 = LINE('',#13082,#13083);
#13082 = CARTESIAN_POINT('',(-33.251532,-80.858126,-4.6E-02));
#13083 = VECTOR('',#13084,1.);
#13084 = DIRECTION('',(0.,0.,1.));
#13085 = ORIENTED_EDGE('',*,*,#6622,.F.);
#13086 = ORIENTED_EDGE('',*,*,#13080,.F.);
#13087 = CYLINDRICAL_SURFACE('',#13088,1.1);
#13088 = AXIS2_PLACEMENT_3D('',#13089,#13090,#13091);
#13089 = CARTESIAN_POINT('',(-33.251532,-79.758126,-4.6E-02));
#13090 = DIRECTION('',(-0.,-0.,-1.));
#13091 = DIRECTION('',(-0.,-1.,0.));
#13092 = ADVANCED_FACE('',(#13093),#13104,.F.);
#13093 = FACE_BOUND('',#13094,.T.);
#13094 = EDGE_LOOP('',(#13095,#13096,#13102,#13103));
#13095 = ORIENTED_EDGE('',*,*,#427,.T.);
#13096 = ORIENTED_EDGE('',*,*,#13097,.T.);
#13097 = EDGE_CURVE('',#428,#6634,#13098,.T.);
#13098 = LINE('',#13099,#13100);
#13099 = CARTESIAN_POINT('',(-32.430719,-73.473139,-4.6E-02));
#13100 = VECTOR('',#13101,1.);
#13101 = DIRECTION('',(0.,0.,1.));
#13102 = ORIENTED_EDGE('',*,*,#6633,.F.);
#13103 = ORIENTED_EDGE('',*,*,#13097,.F.);
#13104 = CYLINDRICAL_SURFACE('',#13105,0.4);
#13105 = AXIS2_PLACEMENT_3D('',#13106,#13107,#13108);
#13106 = CARTESIAN_POINT('',(-32.430719,-73.073139,-4.6E-02));
#13107 = DIRECTION('',(-0.,-0.,-1.));
#13108 = DIRECTION('',(-1.7763568394E-14,-1.,0.));
#13109 = ADVANCED_FACE('',(#13110),#13121,.F.);
#13110 = FACE_BOUND('',#13111,.T.);
#13111 = EDGE_LOOP('',(#13112,#13113,#13119,#13120));
#13112 = ORIENTED_EDGE('',*,*,#438,.T.);
#13113 = ORIENTED_EDGE('',*,*,#13114,.T.);
#13114 = EDGE_CURVE('',#439,#6645,#13115,.T.);
#13115 = LINE('',#13116,#13117);
#13116 = CARTESIAN_POINT('',(-26.426074,-68.781802,-4.6E-02));
#13117 = VECTOR('',#13118,1.);
#13118 = DIRECTION('',(0.,0.,1.));
#13119 = ORIENTED_EDGE('',*,*,#6644,.F.);
#13120 = ORIENTED_EDGE('',*,*,#13114,.F.);
#13121 = CYLINDRICAL_SURFACE('',#13122,0.4);
#13122 = AXIS2_PLACEMENT_3D('',#13123,#13124,#13125);
#13123 = CARTESIAN_POINT('',(-26.426074,-68.381802,-4.6E-02));
#13124 = DIRECTION('',(-0.,-0.,-1.));
#13125 = DIRECTION('',(-0.,-1.,0.));
#13126 = ADVANCED_FACE('',(#13127),#13138,.F.);
#13127 = FACE_BOUND('',#13128,.T.);
#13128 = EDGE_LOOP('',(#13129,#13130,#13136,#13137));
#13129 = ORIENTED_EDGE('',*,*,#449,.T.);
#13130 = ORIENTED_EDGE('',*,*,#13131,.T.);
#13131 = EDGE_CURVE('',#450,#6656,#13132,.T.);
#13132 = LINE('',#13133,#13134);
#13133 = CARTESIAN_POINT('',(-31.273581,-63.272918,-4.6E-02));
#13134 = VECTOR('',#13135,1.);
#13135 = DIRECTION('',(0.,0.,1.));
#13136 = ORIENTED_EDGE('',*,*,#6655,.F.);
#13137 = ORIENTED_EDGE('',*,*,#13131,.F.);
#13138 = CYLINDRICAL_SURFACE('',#13139,2.525);
#13139 = AXIS2_PLACEMENT_3D('',#13140,#13141,#13142);
#13140 = CARTESIAN_POINT('',(-31.273581,-60.747918,-4.6E-02));
#13141 = DIRECTION('',(-0.,-0.,-1.));
#13142 = DIRECTION('',(-0.,-1.,0.));
#13143 = ADVANCED_FACE('',(#13144),#13155,.F.);
#13144 = FACE_BOUND('',#13145,.T.);
#13145 = EDGE_LOOP('',(#13146,#13147,#13153,#13154));
#13146 = ORIENTED_EDGE('',*,*,#460,.T.);
#13147 = ORIENTED_EDGE('',*,*,#13148,.T.);
#13148 = EDGE_CURVE('',#461,#6667,#13149,.T.);
#13149 = LINE('',#13150,#13151);
#13150 = CARTESIAN_POINT('',(-27.887441,-66.031977,-4.6E-02));
#13151 = VECTOR('',#13152,1.);
#13152 = DIRECTION('',(0.,0.,1.));
#13153 = ORIENTED_EDGE('',*,*,#6666,.F.);
#13154 = ORIENTED_EDGE('',*,*,#13148,.F.);
#13155 = CYLINDRICAL_SURFACE('',#13156,0.95);
#13156 = AXIS2_PLACEMENT_3D('',#13157,#13158,#13159);
#13157 = CARTESIAN_POINT('',(-27.887441,-65.081977,-4.6E-02));
#13158 = DIRECTION('',(-0.,-0.,-1.));
#13159 = DIRECTION('',(-0.,-1.,0.));
#13160 = ADVANCED_FACE('',(#13161),#13172,.F.);
#13161 = FACE_BOUND('',#13162,.T.);
#13162 = EDGE_LOOP('',(#13163,#13164,#13170,#13171));
#13163 = ORIENTED_EDGE('',*,*,#471,.T.);
#13164 = ORIENTED_EDGE('',*,*,#13165,.T.);
#13165 = EDGE_CURVE('',#472,#6678,#13166,.T.);
#13166 = LINE('',#13167,#13168);
#13167 = CARTESIAN_POINT('',(-25.200833,-63.873457,-4.6E-02));
#13168 = VECTOR('',#13169,1.);
#13169 = DIRECTION('',(0.,0.,1.));
#13170 = ORIENTED_EDGE('',*,*,#6677,.F.);
#13171 = ORIENTED_EDGE('',*,*,#13165,.F.);
#13172 = CYLINDRICAL_SURFACE('',#13173,1.525);
#13173 = AXIS2_PLACEMENT_3D('',#13174,#13175,#13176);
#13174 = CARTESIAN_POINT('',(-25.200833,-62.348457,-4.6E-02));
#13175 = DIRECTION('',(-0.,0.,-1.));
#13176 = DIRECTION('',(2.329648313968E-15,-1.,-0.));
#13177 = ADVANCED_FACE('',(#13178),#13189,.F.);
#13178 = FACE_BOUND('',#13179,.T.);
#13179 = EDGE_LOOP('',(#13180,#13181,#13187,#13188));
#13180 = ORIENTED_EDGE('',*,*,#482,.T.);
#13181 = ORIENTED_EDGE('',*,*,#13182,.T.);
#13182 = EDGE_CURVE('',#483,#6689,#13183,.T.);
#13183 = LINE('',#13184,#13185);
#13184 = CARTESIAN_POINT('',(-17.419115,-61.744789,-4.6E-02));
#13185 = VECTOR('',#13186,1.);
#13186 = DIRECTION('',(0.,0.,1.));
#13187 = ORIENTED_EDGE('',*,*,#6688,.F.);
#13188 = ORIENTED_EDGE('',*,*,#13182,.F.);
#13189 = CYLINDRICAL_SURFACE('',#13190,0.4);
#13190 = AXIS2_PLACEMENT_3D('',#13191,#13192,#13193);
#13191 = CARTESIAN_POINT('',(-17.419115,-61.344789,-4.6E-02));
#13192 = DIRECTION('',(-0.,-0.,-1.));
#13193 = DIRECTION('',(-8.881784197001E-15,-1.,0.));
#13194 = ADVANCED_FACE('',(#13195),#13206,.F.);
#13195 = FACE_BOUND('',#13196,.T.);
#13196 = EDGE_LOOP('',(#13197,#13198,#13204,#13205));
#13197 = ORIENTED_EDGE('',*,*,#493,.T.);
#13198 = ORIENTED_EDGE('',*,*,#13199,.T.);
#13199 = EDGE_CURVE('',#494,#6700,#13200,.T.);
#13200 = LINE('',#13201,#13202);
#13201 = CARTESIAN_POINT('',(-44.316971,-58.614018,-4.6E-02));
#13202 = VECTOR('',#13203,1.);
#13203 = DIRECTION('',(0.,0.,1.));
#13204 = ORIENTED_EDGE('',*,*,#6699,.F.);
#13205 = ORIENTED_EDGE('',*,*,#13199,.F.);
#13206 = CYLINDRICAL_SURFACE('',#13207,0.4);
#13207 = AXIS2_PLACEMENT_3D('',#13208,#13209,#13210);
#13208 = CARTESIAN_POINT('',(-44.316971,-58.214018,-4.6E-02));
#13209 = DIRECTION('',(-0.,-0.,-1.));
#13210 = DIRECTION('',(-1.7763568394E-14,-1.,0.));
#13211 = ADVANCED_FACE('',(#13212),#13223,.F.);
#13212 = FACE_BOUND('',#13213,.T.);
#13213 = EDGE_LOOP('',(#13214,#13215,#13221,#13222));
#13214 = ORIENTED_EDGE('',*,*,#504,.T.);
#13215 = ORIENTED_EDGE('',*,*,#13216,.T.);
#13216 = EDGE_CURVE('',#505,#6711,#13217,.T.);
#13217 = LINE('',#13218,#13219);
#13218 = CARTESIAN_POINT('',(-59.032865,-46.550896,-4.6E-02));
#13219 = VECTOR('',#13220,1.);
#13220 = DIRECTION('',(0.,0.,1.));
#13221 = ORIENTED_EDGE('',*,*,#6710,.F.);
#13222 = ORIENTED_EDGE('',*,*,#13216,.F.);
#13223 = CYLINDRICAL_SURFACE('',#13224,0.4);
#13224 = AXIS2_PLACEMENT_3D('',#13225,#13226,#13227);
#13225 = CARTESIAN_POINT('',(-59.032865,-46.150896,-4.6E-02));
#13226 = DIRECTION('',(-0.,-0.,-1.));
#13227 = DIRECTION('',(-0.,-1.,0.));
#13228 = ADVANCED_FACE('',(#13229),#13240,.F.);
#13229 = FACE_BOUND('',#13230,.T.);
#13230 = EDGE_LOOP('',(#13231,#13232,#13238,#13239));
#13231 = ORIENTED_EDGE('',*,*,#515,.T.);
#13232 = ORIENTED_EDGE('',*,*,#13233,.T.);
#13233 = EDGE_CURVE('',#516,#6722,#13234,.T.);
#13234 = LINE('',#13235,#13236);
#13235 = CARTESIAN_POINT('',(-52.888256,-47.448741,-4.6E-02));
#13236 = VECTOR('',#13237,1.);
#13237 = DIRECTION('',(0.,0.,1.));
#13238 = ORIENTED_EDGE('',*,*,#6721,.F.);
#13239 = ORIENTED_EDGE('',*,*,#13233,.F.);
#13240 = CYLINDRICAL_SURFACE('',#13241,0.8);
#13241 = AXIS2_PLACEMENT_3D('',#13242,#13243,#13244);
#13242 = CARTESIAN_POINT('',(-52.888256,-46.648741,-4.6E-02));
#13243 = DIRECTION('',(-0.,-0.,-1.));
#13244 = DIRECTION('',(-0.,-1.,0.));
#13245 = ADVANCED_FACE('',(#13246),#13257,.F.);
#13246 = FACE_BOUND('',#13247,.T.);
#13247 = EDGE_LOOP('',(#13248,#13249,#13255,#13256));
#13248 = ORIENTED_EDGE('',*,*,#526,.T.);
#13249 = ORIENTED_EDGE('',*,*,#13250,.T.);
#13250 = EDGE_CURVE('',#527,#6733,#13251,.T.);
#13251 = LINE('',#13252,#13253);
#13252 = CARTESIAN_POINT('',(-41.534433,-50.402881,-4.6E-02));
#13253 = VECTOR('',#13254,1.);
#13254 = DIRECTION('',(0.,0.,1.));
#13255 = ORIENTED_EDGE('',*,*,#6732,.F.);
#13256 = ORIENTED_EDGE('',*,*,#13250,.F.);
#13257 = CYLINDRICAL_SURFACE('',#13258,0.95);
#13258 = AXIS2_PLACEMENT_3D('',#13259,#13260,#13261);
#13259 = CARTESIAN_POINT('',(-41.534433,-49.452881,-4.6E-02));
#13260 = DIRECTION('',(-0.,-0.,-1.));
#13261 = DIRECTION('',(-0.,-1.,0.));
#13262 = ADVANCED_FACE('',(#13263),#13274,.F.);
#13263 = FACE_BOUND('',#13264,.T.);
#13264 = EDGE_LOOP('',(#13265,#13266,#13272,#13273));
#13265 = ORIENTED_EDGE('',*,*,#537,.T.);
#13266 = ORIENTED_EDGE('',*,*,#13267,.T.);
#13267 = EDGE_CURVE('',#538,#6744,#13268,.T.);
#13268 = LINE('',#13269,#13270);
#13269 = CARTESIAN_POINT('',(-45.747678,-48.44255,-4.6E-02));
#13270 = VECTOR('',#13271,1.);
#13271 = DIRECTION('',(0.,0.,1.));
#13272 = ORIENTED_EDGE('',*,*,#6743,.F.);
#13273 = ORIENTED_EDGE('',*,*,#13267,.F.);
#13274 = CYLINDRICAL_SURFACE('',#13275,2.525);
#13275 = AXIS2_PLACEMENT_3D('',#13276,#13277,#13278);
#13276 = CARTESIAN_POINT('',(-45.747678,-45.91755,-4.6E-02));
#13277 = DIRECTION('',(-0.,-0.,-1.));
#13278 = DIRECTION('',(-0.,-1.,0.));
#13279 = ADVANCED_FACE('',(#13280),#13291,.F.);
#13280 = FACE_BOUND('',#13281,.T.);
#13281 = EDGE_LOOP('',(#13282,#13283,#13289,#13290));
#13282 = ORIENTED_EDGE('',*,*,#548,.T.);
#13283 = ORIENTED_EDGE('',*,*,#13284,.T.);
#13284 = EDGE_CURVE('',#549,#6755,#13285,.T.);
#13285 = LINE('',#13286,#13287);
#13286 = CARTESIAN_POINT('',(-49.960923,-43.332219,-4.6E-02));
#13287 = VECTOR('',#13288,1.);
#13288 = DIRECTION('',(0.,0.,1.));
#13289 = ORIENTED_EDGE('',*,*,#6754,.F.);
#13290 = ORIENTED_EDGE('',*,*,#13284,.F.);
#13291 = CYLINDRICAL_SURFACE('',#13292,0.95);
#13292 = AXIS2_PLACEMENT_3D('',#13293,#13294,#13295);
#13293 = CARTESIAN_POINT('',(-49.960923,-42.382219,-4.6E-02));
#13294 = DIRECTION('',(-0.,-0.,-1.));
#13295 = DIRECTION('',(-7.479397218527E-15,-1.,0.));
#13296 = ADVANCED_FACE('',(#13297),#13308,.F.);
#13297 = FACE_BOUND('',#13298,.T.);
#13298 = EDGE_LOOP('',(#13299,#13300,#13306,#13307));
#13299 = ORIENTED_EDGE('',*,*,#559,.T.);
#13300 = ORIENTED_EDGE('',*,*,#13301,.T.);
#13301 = EDGE_CURVE('',#560,#6766,#13302,.T.);
#13302 = LINE('',#13303,#13304);
#13303 = CARTESIAN_POINT('',(-41.955233,-42.922887,-4.6E-02));
#13304 = VECTOR('',#13305,1.);
#13305 = DIRECTION('',(0.,0.,1.));
#13306 = ORIENTED_EDGE('',*,*,#6765,.F.);
#13307 = ORIENTED_EDGE('',*,*,#13301,.F.);
#13308 = CYLINDRICAL_SURFACE('',#13309,1.525);
#13309 = AXIS2_PLACEMENT_3D('',#13310,#13311,#13312);
#13310 = CARTESIAN_POINT('',(-41.955233,-41.397887,-4.6E-02));
#13311 = DIRECTION('',(-0.,-0.,-1.));
#13312 = DIRECTION('',(-0.,-1.,0.));
#13313 = ADVANCED_FACE('',(#13314),#13325,.F.);
#13314 = FACE_BOUND('',#13315,.T.);
#13315 = EDGE_LOOP('',(#13316,#13317,#13323,#13324));
#13316 = ORIENTED_EDGE('',*,*,#570,.T.);
#13317 = ORIENTED_EDGE('',*,*,#13318,.T.);
#13318 = EDGE_CURVE('',#571,#6777,#13319,.T.);
#13319 = LINE('',#13320,#13321);
#13320 = CARTESIAN_POINT('',(-38.410143,-60.77852,-4.6E-02));
#13321 = VECTOR('',#13322,1.);
#13322 = DIRECTION('',(0.,0.,1.));
#13323 = ORIENTED_EDGE('',*,*,#6776,.F.);
#13324 = ORIENTED_EDGE('',*,*,#13318,.F.);
#13325 = CYLINDRICAL_SURFACE('',#13326,0.8);
#13326 = AXIS2_PLACEMENT_3D('',#13327,#13328,#13329);
#13327 = CARTESIAN_POINT('',(-38.410143,-59.97852,-4.6E-02));
#13328 = DIRECTION('',(-0.,0.,-1.));
#13329 = DIRECTION('',(8.881784197001E-15,-1.,-0.));
#13330 = ADVANCED_FACE('',(#13331),#13342,.F.);
#13331 = FACE_BOUND('',#13332,.T.);
#13332 = EDGE_LOOP('',(#13333,#13334,#13340,#13341));
#13333 = ORIENTED_EDGE('',*,*,#581,.T.);
#13334 = ORIENTED_EDGE('',*,*,#13335,.T.);
#13335 = EDGE_CURVE('',#582,#6788,#13336,.T.);
#13336 = LINE('',#13337,#13338);
#13337 = CARTESIAN_POINT('',(-34.659721,-57.363859,-4.6E-02));
#13338 = VECTOR('',#13339,1.);
#13339 = DIRECTION('',(0.,0.,1.));
#13340 = ORIENTED_EDGE('',*,*,#6787,.F.);
#13341 = ORIENTED_EDGE('',*,*,#13335,.F.);
#13342 = CYLINDRICAL_SURFACE('',#13343,0.95);
#13343 = AXIS2_PLACEMENT_3D('',#13344,#13345,#13346);
#13344 = CARTESIAN_POINT('',(-34.659721,-56.413859,-4.6E-02));
#13345 = DIRECTION('',(-0.,0.,-1.));
#13346 = DIRECTION('',(7.479397218527E-15,-1.,-0.));
#13347 = ADVANCED_FACE('',(#13348),#13359,.F.);
#13348 = FACE_BOUND('',#13349,.T.);
#13349 = EDGE_LOOP('',(#13350,#13351,#13357,#13358));
#13350 = ORIENTED_EDGE('',*,*,#592,.T.);
#13351 = ORIENTED_EDGE('',*,*,#13352,.T.);
#13352 = EDGE_CURVE('',#593,#6799,#13353,.T.);
#13353 = LINE('',#13354,#13355);
#13354 = CARTESIAN_POINT('',(-26.624319,-58.640514,-4.6E-02));
#13355 = VECTOR('',#13356,1.);
#13356 = DIRECTION('',(0.,0.,1.));
#13357 = ORIENTED_EDGE('',*,*,#6798,.F.);
#13358 = ORIENTED_EDGE('',*,*,#13352,.F.);
#13359 = CYLINDRICAL_SURFACE('',#13360,1.525);
#13360 = AXIS2_PLACEMENT_3D('',#13361,#13362,#13363);
#13361 = CARTESIAN_POINT('',(-26.624319,-57.115514,-4.6E-02));
#13362 = DIRECTION('',(-0.,-0.,-1.));
#13363 = DIRECTION('',(-0.,-1.,0.));
#13364 = ADVANCED_FACE('',(#13365),#13376,.F.);
#13365 = FACE_BOUND('',#13366,.T.);
#13366 = EDGE_LOOP('',(#13367,#13368,#13374,#13375));
#13367 = ORIENTED_EDGE('',*,*,#603,.T.);
#13368 = ORIENTED_EDGE('',*,*,#13369,.T.);
#13369 = EDGE_CURVE('',#604,#6810,#13370,.T.);
#13370 = LINE('',#13371,#13372);
#13371 = CARTESIAN_POINT('',(-39.418926,-52.776762,-4.6E-02));
#13372 = VECTOR('',#13373,1.);
#13373 = DIRECTION('',(0.,0.,1.));
#13374 = ORIENTED_EDGE('',*,*,#6809,.F.);
#13375 = ORIENTED_EDGE('',*,*,#13369,.F.);
#13376 = CYLINDRICAL_SURFACE('',#13377,0.4);
#13377 = AXIS2_PLACEMENT_3D('',#13378,#13379,#13380);
#13378 = CARTESIAN_POINT('',(-39.418926,-52.376762,-4.6E-02));
#13379 = DIRECTION('',(-0.,-0.,-1.));
#13380 = DIRECTION('',(-0.,-1.,0.));
#13381 = ADVANCED_FACE('',(#13382),#13393,.F.);
#13382 = FACE_BOUND('',#13383,.T.);
#13383 = EDGE_LOOP('',(#13384,#13385,#13391,#13392));
#13384 = ORIENTED_EDGE('',*,*,#614,.T.);
#13385 = ORIENTED_EDGE('',*,*,#13386,.T.);
#13386 = EDGE_CURVE('',#615,#6821,#13387,.T.);
#13387 = LINE('',#13388,#13389);
#13388 = CARTESIAN_POINT('',(-11.41447,-57.053452,-4.6E-02));
#13389 = VECTOR('',#13390,1.);
#13390 = DIRECTION('',(0.,0.,1.));
#13391 = ORIENTED_EDGE('',*,*,#6820,.F.);
#13392 = ORIENTED_EDGE('',*,*,#13386,.F.);
#13393 = CYLINDRICAL_SURFACE('',#13394,0.4);
#13394 = AXIS2_PLACEMENT_3D('',#13395,#13396,#13397);
#13395 = CARTESIAN_POINT('',(-11.41447,-56.653452,-4.6E-02));
#13396 = DIRECTION('',(-0.,-0.,-1.));
#13397 = DIRECTION('',(-0.,-1.,0.));
#13398 = ADVANCED_FACE('',(#13399),#13410,.F.);
#13399 = FACE_BOUND('',#13400,.T.);
#13400 = EDGE_LOOP('',(#13401,#13402,#13408,#13409));
#13401 = ORIENTED_EDGE('',*,*,#625,.T.);
#13402 = ORIENTED_EDGE('',*,*,#13403,.T.);
#13403 = EDGE_CURVE('',#626,#6832,#13404,.T.);
#13404 = LINE('',#13405,#13406);
#13405 = CARTESIAN_POINT('',(-12.875836,-54.303626,-4.6E-02));
#13406 = VECTOR('',#13407,1.);
#13407 = DIRECTION('',(0.,0.,1.));
#13408 = ORIENTED_EDGE('',*,*,#6831,.F.);
#13409 = ORIENTED_EDGE('',*,*,#13403,.F.);
#13410 = CYLINDRICAL_SURFACE('',#13411,0.95);
#13411 = AXIS2_PLACEMENT_3D('',#13412,#13413,#13414);
#13412 = CARTESIAN_POINT('',(-12.875836,-53.353626,-4.6E-02));
#13413 = DIRECTION('',(-0.,-0.,-1.));
#13414 = DIRECTION('',(-0.,-1.,0.));
#13415 = ADVANCED_FACE('',(#13416),#13427,.F.);
#13416 = FACE_BOUND('',#13417,.T.);
#13417 = EDGE_LOOP('',(#13418,#13419,#13425,#13426));
#13418 = ORIENTED_EDGE('',*,*,#636,.T.);
#13419 = ORIENTED_EDGE('',*,*,#13420,.T.);
#13420 = EDGE_CURVE('',#637,#6843,#13421,.T.);
#13421 = LINE('',#13422,#13423);
#13422 = CARTESIAN_POINT('',(-10.189228,-52.145106,-4.6E-02));
#13423 = VECTOR('',#13424,1.);
#13424 = DIRECTION('',(0.,0.,1.));
#13425 = ORIENTED_EDGE('',*,*,#6842,.F.);
#13426 = ORIENTED_EDGE('',*,*,#13420,.F.);
#13427 = CYLINDRICAL_SURFACE('',#13428,1.525);
#13428 = AXIS2_PLACEMENT_3D('',#13429,#13430,#13431);
#13429 = CARTESIAN_POINT('',(-10.189228,-50.620106,-4.6E-02));
#13430 = DIRECTION('',(-0.,-0.,-1.));
#13431 = DIRECTION('',(-0.,-1.,0.));
#13432 = ADVANCED_FACE('',(#13433),#13444,.F.);
#13433 = FACE_BOUND('',#13434,.T.);
#13434 = EDGE_LOOP('',(#13435,#13436,#13442,#13443));
#13435 = ORIENTED_EDGE('',*,*,#647,.T.);
#13436 = ORIENTED_EDGE('',*,*,#13437,.T.);
#13437 = EDGE_CURVE('',#648,#6854,#13438,.T.);
#13438 = LINE('',#13439,#13440);
#13439 = CARTESIAN_POINT('',(-39.474864,-47.745519,-4.6E-02));
#13440 = VECTOR('',#13441,1.);
#13441 = DIRECTION('',(0.,0.,1.));
#13442 = ORIENTED_EDGE('',*,*,#6853,.F.);
#13443 = ORIENTED_EDGE('',*,*,#13437,.F.);
#13444 = CYLINDRICAL_SURFACE('',#13445,1.525);
#13445 = AXIS2_PLACEMENT_3D('',#13446,#13447,#13448);
#13446 = CARTESIAN_POINT('',(-39.474864,-46.220519,-4.6E-02));
#13447 = DIRECTION('',(-0.,-0.,-1.));
#13448 = DIRECTION('',(-0.,-1.,0.));
#13449 = ADVANCED_FACE('',(#13450),#13461,.F.);
#13450 = FACE_BOUND('',#13451,.T.);
#13451 = EDGE_LOOP('',(#13452,#13453,#13459,#13460));
#13452 = ORIENTED_EDGE('',*,*,#658,.T.);
#13453 = ORIENTED_EDGE('',*,*,#13454,.T.);
#13454 = EDGE_CURVE('',#659,#6865,#13455,.T.);
#13455 = LINE('',#13456,#13457);
#13456 = CARTESIAN_POINT('',(-23.398538,-49.050169,-4.6E-02));
#13457 = VECTOR('',#13458,1.);
#13458 = DIRECTION('',(0.,0.,1.));
#13459 = ORIENTED_EDGE('',*,*,#6864,.F.);
#13460 = ORIENTED_EDGE('',*,*,#13454,.F.);
#13461 = CYLINDRICAL_SURFACE('',#13462,0.8);
#13462 = AXIS2_PLACEMENT_3D('',#13463,#13464,#13465);
#13463 = CARTESIAN_POINT('',(-23.398538,-48.250169,-4.6E-02));
#13464 = DIRECTION('',(-0.,0.,-1.));
#13465 = DIRECTION('',(4.440892098501E-15,-1.,-0.));
#13466 = ADVANCED_FACE('',(#13467),#13478,.F.);
#13467 = FACE_BOUND('',#13468,.T.);
#13468 = EDGE_LOOP('',(#13469,#13470,#13476,#13477));
#13469 = ORIENTED_EDGE('',*,*,#669,.T.);
#13470 = ORIENTED_EDGE('',*,*,#13471,.T.);
#13471 = EDGE_CURVE('',#670,#6876,#13472,.T.);
#13472 = LINE('',#13473,#13474);
#13473 = CARTESIAN_POINT('',(-32.071866,-44.020872,-4.6E-02));
#13474 = VECTOR('',#13475,1.);
#13475 = DIRECTION('',(0.,0.,1.));
#13476 = ORIENTED_EDGE('',*,*,#6875,.F.);
#13477 = ORIENTED_EDGE('',*,*,#13471,.F.);
#13478 = CYLINDRICAL_SURFACE('',#13479,0.4);
#13479 = AXIS2_PLACEMENT_3D('',#13480,#13481,#13482);
#13480 = CARTESIAN_POINT('',(-32.071866,-43.620872,-4.6E-02));
#13481 = DIRECTION('',(-0.,-0.,-1.));
#13482 = DIRECTION('',(-0.,-1.,0.));
#13483 = ADVANCED_FACE('',(#13484),#13495,.F.);
#13484 = FACE_BOUND('',#13485,.T.);
#13485 = EDGE_LOOP('',(#13486,#13487,#13493,#13494));
#13486 = ORIENTED_EDGE('',*,*,#680,.T.);
#13487 = ORIENTED_EDGE('',*,*,#13488,.T.);
#13488 = EDGE_CURVE('',#681,#6887,#13489,.T.);
#13489 = LINE('',#13490,#13491);
#13490 = CARTESIAN_POINT('',(-16.261976,-51.544567,-4.6E-02));
#13491 = VECTOR('',#13492,1.);
#13492 = DIRECTION('',(0.,0.,1.));
#13493 = ORIENTED_EDGE('',*,*,#6886,.F.);
#13494 = ORIENTED_EDGE('',*,*,#13488,.F.);
#13495 = CYLINDRICAL_SURFACE('',#13496,2.525);
#13496 = AXIS2_PLACEMENT_3D('',#13497,#13498,#13499);
#13497 = CARTESIAN_POINT('',(-16.261976,-49.019567,-4.6E-02));
#13498 = DIRECTION('',(-0.,-0.,-1.));
#13499 = DIRECTION('',(-0.,-1.,0.));
#13500 = ADVANCED_FACE('',(#13501),#13512,.F.);
#13501 = FACE_BOUND('',#13502,.T.);
#13502 = EDGE_LOOP('',(#13503,#13504,#13510,#13511));
#13503 = ORIENTED_EDGE('',*,*,#691,.T.);
#13504 = ORIENTED_EDGE('',*,*,#13505,.T.);
#13505 = EDGE_CURVE('',#692,#6898,#13506,.T.);
#13506 = LINE('',#13507,#13508);
#13507 = CARTESIAN_POINT('',(-19.648116,-45.635508,-4.6E-02));
#13508 = VECTOR('',#13509,1.);
#13509 = DIRECTION('',(0.,0.,1.));
#13510 = ORIENTED_EDGE('',*,*,#6897,.F.);
#13511 = ORIENTED_EDGE('',*,*,#13505,.F.);
#13512 = CYLINDRICAL_SURFACE('',#13513,0.95);
#13513 = AXIS2_PLACEMENT_3D('',#13514,#13515,#13516);
#13514 = CARTESIAN_POINT('',(-19.648116,-44.685508,-4.6E-02));
#13515 = DIRECTION('',(-0.,-0.,-1.));
#13516 = DIRECTION('',(-0.,-1.,0.));
#13517 = ADVANCED_FACE('',(#13518),#13529,.F.);
#13518 = FACE_BOUND('',#13519,.T.);
#13519 = EDGE_LOOP('',(#13520,#13521,#13527,#13528));
#13520 = ORIENTED_EDGE('',*,*,#702,.T.);
#13521 = ORIENTED_EDGE('',*,*,#13522,.T.);
#13522 = EDGE_CURVE('',#703,#6909,#13523,.T.);
#13523 = LINE('',#13524,#13525);
#13524 = CARTESIAN_POINT('',(-11.612714,-46.912163,-4.6E-02));
#13525 = VECTOR('',#13526,1.);
#13526 = DIRECTION('',(0.,0.,1.));
#13527 = ORIENTED_EDGE('',*,*,#6908,.F.);
#13528 = ORIENTED_EDGE('',*,*,#13522,.F.);
#13529 = CYLINDRICAL_SURFACE('',#13530,1.525);
#13530 = AXIS2_PLACEMENT_3D('',#13531,#13532,#13533);
#13531 = CARTESIAN_POINT('',(-11.612714,-45.387163,-4.6E-02));
#13532 = DIRECTION('',(-0.,-0.,-1.));
#13533 = DIRECTION('',(-0.,-1.,0.));
#13534 = ADVANCED_FACE('',(#13535),#13546,.F.);
#13535 = FACE_BOUND('',#13536,.T.);
#13536 = EDGE_LOOP('',(#13537,#13538,#13544,#13545));
#13537 = ORIENTED_EDGE('',*,*,#713,.T.);
#13538 = ORIENTED_EDGE('',*,*,#13539,.T.);
#13539 = EDGE_CURVE('',#714,#6920,#13540,.T.);
#13540 = LINE('',#13541,#13542);
#13541 = CARTESIAN_POINT('',(-99.12869,-36.814803,-4.6E-02));
#13542 = VECTOR('',#13543,1.);
#13543 = DIRECTION('',(0.,0.,1.));
#13544 = ORIENTED_EDGE('',*,*,#6919,.F.);
#13545 = ORIENTED_EDGE('',*,*,#13539,.F.);
#13546 = CYLINDRICAL_SURFACE('',#13547,1.1);
#13547 = AXIS2_PLACEMENT_3D('',#13548,#13549,#13550);
#13548 = CARTESIAN_POINT('',(-99.12869,-35.714803,-4.6E-02));
#13549 = DIRECTION('',(-0.,-0.,-1.));
#13550 = DIRECTION('',(-0.,-1.,0.));
#13551 = ADVANCED_FACE('',(#13552),#13563,.F.);
#13552 = FACE_BOUND('',#13553,.T.);
#13553 = EDGE_LOOP('',(#13554,#13555,#13561,#13562));
#13554 = ORIENTED_EDGE('',*,*,#724,.T.);
#13555 = ORIENTED_EDGE('',*,*,#13556,.T.);
#13556 = EDGE_CURVE('',#725,#6931,#13557,.T.);
#13557 = LINE('',#13558,#13559);
#13558 = CARTESIAN_POINT('',(-88.469526,-31.131838,-4.6E-02));
#13559 = VECTOR('',#13560,1.);
#13560 = DIRECTION('',(0.,0.,1.));
#13561 = ORIENTED_EDGE('',*,*,#6930,.F.);
#13562 = ORIENTED_EDGE('',*,*,#13556,.F.);
#13563 = CYLINDRICAL_SURFACE('',#13564,0.8);
#13564 = AXIS2_PLACEMENT_3D('',#13565,#13566,#13567);
#13565 = CARTESIAN_POINT('',(-88.469526,-30.331838,-4.6E-02));
#13566 = DIRECTION('',(-0.,-0.,-1.));
#13567 = DIRECTION('',(-0.,-1.,0.));
#13568 = ADVANCED_FACE('',(#13569),#13580,.F.);
#13569 = FACE_BOUND('',#13570,.T.);
#13570 = EDGE_LOOP('',(#13571,#13572,#13578,#13579));
#13571 = ORIENTED_EDGE('',*,*,#735,.T.);
#13572 = ORIENTED_EDGE('',*,*,#13573,.T.);
#13573 = EDGE_CURVE('',#736,#6942,#13574,.T.);
#13574 = LINE('',#13575,#13576);
#13575 = CARTESIAN_POINT('',(-82.243685,-29.284527,-4.6E-02));
#13576 = VECTOR('',#13577,1.);
#13577 = DIRECTION('',(0.,0.,1.));
#13578 = ORIENTED_EDGE('',*,*,#6941,.F.);
#13579 = ORIENTED_EDGE('',*,*,#13573,.F.);
#13580 = CYLINDRICAL_SURFACE('',#13581,2.525);
#13581 = AXIS2_PLACEMENT_3D('',#13582,#13583,#13584);
#13582 = CARTESIAN_POINT('',(-82.243685,-26.759527,-4.6E-02));
#13583 = DIRECTION('',(-0.,-0.,-1.));
#13584 = DIRECTION('',(-0.,-1.,0.));
#13585 = ADVANCED_FACE('',(#13586),#13597,.F.);
#13586 = FACE_BOUND('',#13587,.T.);
#13587 = EDGE_LOOP('',(#13588,#13589,#13595,#13596));
#13588 = ORIENTED_EDGE('',*,*,#746,.T.);
#13589 = ORIENTED_EDGE('',*,*,#13590,.T.);
#13590 = EDGE_CURVE('',#747,#6953,#13591,.T.);
#13591 = LINE('',#13592,#13593);
#13592 = CARTESIAN_POINT('',(-87.530624,-26.193522,-4.6E-02));
#13593 = VECTOR('',#13594,1.);
#13594 = DIRECTION('',(0.,0.,1.));
#13595 = ORIENTED_EDGE('',*,*,#6952,.F.);
#13596 = ORIENTED_EDGE('',*,*,#13590,.F.);
#13597 = CYLINDRICAL_SURFACE('',#13598,0.95);
#13598 = AXIS2_PLACEMENT_3D('',#13599,#13600,#13601);
#13599 = CARTESIAN_POINT('',(-87.530624,-25.243522,-4.6E-02));
#13600 = DIRECTION('',(-0.,-0.,-1.));
#13601 = DIRECTION('',(-0.,-1.,0.));
#13602 = ADVANCED_FACE('',(#13603),#13614,.F.);
#13603 = FACE_BOUND('',#13604,.T.);
#13604 = EDGE_LOOP('',(#13605,#13606,#13612,#13613));
#13605 = ORIENTED_EDGE('',*,*,#757,.T.);
#13606 = ORIENTED_EDGE('',*,*,#13607,.T.);
#13607 = EDGE_CURVE('',#758,#6964,#13608,.T.);
#13608 = LINE('',#13609,#13610);
#13609 = CARTESIAN_POINT('',(-80.617425,-22.613083,-4.6E-02));
#13610 = VECTOR('',#13611,1.);
#13611 = DIRECTION('',(0.,0.,1.));
#13612 = ORIENTED_EDGE('',*,*,#6963,.F.);
#13613 = ORIENTED_EDGE('',*,*,#13607,.F.);
#13614 = CYLINDRICAL_SURFACE('',#13615,1.525);
#13615 = AXIS2_PLACEMENT_3D('',#13616,#13617,#13618);
#13616 = CARTESIAN_POINT('',(-80.617425,-21.088083,-4.6E-02));
#13617 = DIRECTION('',(-0.,-0.,-1.));
#13618 = DIRECTION('',(-0.,-1.,0.));
#13619 = ADVANCED_FACE('',(#13620),#13631,.F.);
#13620 = FACE_BOUND('',#13621,.T.);
#13621 = EDGE_LOOP('',(#13622,#13623,#13629,#13630));
#13622 = ORIENTED_EDGE('',*,*,#768,.T.);
#13623 = ORIENTED_EDGE('',*,*,#13624,.T.);
#13624 = EDGE_CURVE('',#769,#6975,#13625,.T.);
#13625 = LINE('',#13626,#13627);
#13626 = CARTESIAN_POINT('',(-158.048608,-3.188376,-4.6E-02));
#13627 = VECTOR('',#13628,1.);
#13628 = DIRECTION('',(0.,0.,1.));
#13629 = ORIENTED_EDGE('',*,*,#6974,.F.);
#13630 = ORIENTED_EDGE('',*,*,#13624,.F.);
#13631 = CYLINDRICAL_SURFACE('',#13632,1.1);
#13632 = AXIS2_PLACEMENT_3D('',#13633,#13634,#13635);
#13633 = CARTESIAN_POINT('',(-158.048608,-2.088376,-4.6E-02));
#13634 = DIRECTION('',(-0.,-0.,-1.));
#13635 = DIRECTION('',(-0.,-1.,0.));
#13636 = ADVANCED_FACE('',(#13637),#13648,.F.);
#13637 = FACE_BOUND('',#13638,.T.);
#13638 = EDGE_LOOP('',(#13639,#13640,#13646,#13647));
#13639 = ORIENTED_EDGE('',*,*,#779,.T.);
#13640 = ORIENTED_EDGE('',*,*,#13641,.T.);
#13641 = EDGE_CURVE('',#780,#6986,#13642,.T.);
#13642 = LINE('',#13643,#13644);
#13643 = CARTESIAN_POINT('',(-134.793343,-2.562538,-4.6E-02));
#13644 = VECTOR('',#13645,1.);
#13645 = DIRECTION('',(0.,0.,1.));
#13646 = ORIENTED_EDGE('',*,*,#6985,.F.);
#13647 = ORIENTED_EDGE('',*,*,#13641,.F.);
#13648 = CYLINDRICAL_SURFACE('',#13649,0.4);
#13649 = AXIS2_PLACEMENT_3D('',#13650,#13651,#13652);
#13650 = CARTESIAN_POINT('',(-134.793343,-2.162538,-4.6E-02));
#13651 = DIRECTION('',(-0.,-0.,-1.));
#13652 = DIRECTION('',(-0.,-1.,0.));
#13653 = ADVANCED_FACE('',(#13654),#13665,.F.);
#13654 = FACE_BOUND('',#13655,.T.);
#13655 = EDGE_LOOP('',(#13656,#13657,#13663,#13664));
#13656 = ORIENTED_EDGE('',*,*,#790,.T.);
#13657 = ORIENTED_EDGE('',*,*,#13658,.T.);
#13658 = EDGE_CURVE('',#791,#6997,#13659,.T.);
#13659 = LINE('',#13660,#13661);
#13660 = CARTESIAN_POINT('',(-116.159631,-6.523255,-4.6E-02));
#13661 = VECTOR('',#13662,1.);
#13662 = DIRECTION('',(0.,0.,1.));
#13663 = ORIENTED_EDGE('',*,*,#6996,.F.);
#13664 = ORIENTED_EDGE('',*,*,#13658,.F.);
#13665 = CYLINDRICAL_SURFACE('',#13666,0.4);
#13666 = AXIS2_PLACEMENT_3D('',#13667,#13668,#13669);
#13667 = CARTESIAN_POINT('',(-116.159631,-6.123255,-4.6E-02));
#13668 = DIRECTION('',(-0.,-0.,-1.));
#13669 = DIRECTION('',(-3.552713678801E-14,-1.,0.));
#13670 = ADVANCED_FACE('',(#13671),#13682,.F.);
#13671 = FACE_BOUND('',#13672,.T.);
#13672 = EDGE_LOOP('',(#13673,#13674,#13680,#13681));
#13673 = ORIENTED_EDGE('',*,*,#801,.T.);
#13674 = ORIENTED_EDGE('',*,*,#13675,.T.);
#13675 = EDGE_CURVE('',#802,#7008,#13676,.T.);
#13676 = LINE('',#13677,#13678);
#13677 = CARTESIAN_POINT('',(-96.839687,-7.044607,-4.6E-02));
#13678 = VECTOR('',#13679,1.);
#13679 = DIRECTION('',(0.,0.,1.));
#13680 = ORIENTED_EDGE('',*,*,#7007,.F.);
#13681 = ORIENTED_EDGE('',*,*,#13675,.F.);
#13682 = CYLINDRICAL_SURFACE('',#13683,0.4);
#13683 = AXIS2_PLACEMENT_3D('',#13684,#13685,#13686);
#13684 = CARTESIAN_POINT('',(-96.839687,-6.644607,-4.6E-02));
#13685 = DIRECTION('',(-0.,-0.,-1.));
#13686 = DIRECTION('',(-0.,-1.,0.));
#13687 = ADVANCED_FACE('',(#13688),#13699,.F.);
#13688 = FACE_BOUND('',#13689,.T.);
#13689 = EDGE_LOOP('',(#13690,#13691,#13697,#13698));
#13690 = ORIENTED_EDGE('',*,*,#812,.T.);
#13691 = ORIENTED_EDGE('',*,*,#13692,.T.);
#13692 = EDGE_CURVE('',#813,#7019,#13693,.T.);
#13693 = LINE('',#13694,#13695);
#13694 = CARTESIAN_POINT('',(-89.749207,-1.03834,-4.6E-02));
#13695 = VECTOR('',#13696,1.);
#13696 = DIRECTION('',(0.,0.,1.));
#13697 = ORIENTED_EDGE('',*,*,#7018,.F.);
#13698 = ORIENTED_EDGE('',*,*,#13692,.F.);
#13699 = CYLINDRICAL_SURFACE('',#13700,0.8);
#13700 = AXIS2_PLACEMENT_3D('',#13701,#13702,#13703);
#13701 = CARTESIAN_POINT('',(-89.749207,-0.23834,-4.6E-02));
#13702 = DIRECTION('',(-0.,-0.,-1.));
#13703 = DIRECTION('',(-0.,-1.,0.));
#13704 = ADVANCED_FACE('',(#13705),#13716,.F.);
#13705 = FACE_BOUND('',#13706,.T.);
#13706 = EDGE_LOOP('',(#13707,#13708,#13714,#13715));
#13707 = ORIENTED_EDGE('',*,*,#823,.T.);
#13708 = ORIENTED_EDGE('',*,*,#13709,.T.);
#13709 = EDGE_CURVE('',#824,#7030,#13710,.T.);
#13710 = LINE('',#13711,#13712);
#13711 = CARTESIAN_POINT('',(-75.935248,-37.810989,-4.6E-02));
#13712 = VECTOR('',#13713,1.);
#13713 = DIRECTION('',(0.,0.,1.));
#13714 = ORIENTED_EDGE('',*,*,#7029,.F.);
#13715 = ORIENTED_EDGE('',*,*,#13709,.F.);
#13716 = CYLINDRICAL_SURFACE('',#13717,0.4);
#13717 = AXIS2_PLACEMENT_3D('',#13718,#13719,#13720);
#13718 = CARTESIAN_POINT('',(-75.935248,-37.410989,-4.6E-02));
#13719 = DIRECTION('',(-0.,-0.,-1.));
#13720 = DIRECTION('',(-0.,-1.,0.));
#13721 = ADVANCED_FACE('',(#13722),#13733,.F.);
#13722 = FACE_BOUND('',#13723,.T.);
#13723 = EDGE_LOOP('',(#13724,#13725,#13731,#13732));
#13724 = ORIENTED_EDGE('',*,*,#834,.T.);
#13725 = ORIENTED_EDGE('',*,*,#13726,.T.);
#13726 = EDGE_CURVE('',#835,#7041,#13727,.T.);
#13727 = LINE('',#13728,#13729);
#13728 = CARTESIAN_POINT('',(-69.821404,-37.420418,-4.6E-02));
#13729 = VECTOR('',#13730,1.);
#13730 = DIRECTION('',(0.,0.,1.));
#13731 = ORIENTED_EDGE('',*,*,#7040,.F.);
#13732 = ORIENTED_EDGE('',*,*,#13726,.F.);
#13733 = CYLINDRICAL_SURFACE('',#13734,0.8);
#13734 = AXIS2_PLACEMENT_3D('',#13735,#13736,#13737);
#13735 = CARTESIAN_POINT('',(-69.821404,-36.620418,-4.6E-02));
#13736 = DIRECTION('',(-0.,-0.,-1.));
#13737 = DIRECTION('',(-0.,-1.,0.));
#13738 = ADVANCED_FACE('',(#13739),#13750,.F.);
#13739 = FACE_BOUND('',#13740,.T.);
#13740 = EDGE_LOOP('',(#13741,#13742,#13748,#13749));
#13741 = ORIENTED_EDGE('',*,*,#845,.T.);
#13742 = ORIENTED_EDGE('',*,*,#13743,.T.);
#13743 = EDGE_CURVE('',#846,#7052,#13744,.T.);
#13744 = LINE('',#13745,#13746);
#13745 = CARTESIAN_POINT('',(-62.988887,-36.945596,-4.6E-02));
#13746 = VECTOR('',#13747,1.);
#13747 = DIRECTION('',(0.,0.,1.));
#13748 = ORIENTED_EDGE('',*,*,#7051,.F.);
#13749 = ORIENTED_EDGE('',*,*,#13743,.F.);
#13750 = CYLINDRICAL_SURFACE('',#13751,2.525);
#13751 = AXIS2_PLACEMENT_3D('',#13752,#13753,#13754);
#13752 = CARTESIAN_POINT('',(-62.988887,-34.420596,-4.6E-02));
#13753 = DIRECTION('',(-0.,-0.,-1.));
#13754 = DIRECTION('',(-0.,-1.,0.));
#13755 = ADVANCED_FACE('',(#13756),#13767,.F.);
#13756 = FACE_BOUND('',#13757,.T.);
#13757 = EDGE_LOOP('',(#13758,#13759,#13765,#13766));
#13758 = ORIENTED_EDGE('',*,*,#856,.T.);
#13759 = ORIENTED_EDGE('',*,*,#13760,.T.);
#13760 = EDGE_CURVE('',#857,#7063,#13761,.T.);
#13761 = LINE('',#13762,#13763);
#13762 = CARTESIAN_POINT('',(-67.845099,-32.788503,-4.6E-02));
#13763 = VECTOR('',#13764,1.);
#13764 = DIRECTION('',(0.,0.,1.));
#13765 = ORIENTED_EDGE('',*,*,#7062,.F.);
#13766 = ORIENTED_EDGE('',*,*,#13760,.F.);
#13767 = CYLINDRICAL_SURFACE('',#13768,0.95);
#13768 = AXIS2_PLACEMENT_3D('',#13769,#13770,#13771);
#13769 = CARTESIAN_POINT('',(-67.845099,-31.838503,-4.6E-02));
#13770 = DIRECTION('',(-0.,-0.,-1.));
#13771 = DIRECTION('',(-0.,-1.,0.));
#13772 = ADVANCED_FACE('',(#13773),#13784,.F.);
#13773 = FACE_BOUND('',#13774,.T.);
#13774 = EDGE_LOOP('',(#13775,#13776,#13782,#13783));
#13775 = ORIENTED_EDGE('',*,*,#867,.T.);
#13776 = ORIENTED_EDGE('',*,*,#13777,.T.);
#13777 = EDGE_CURVE('',#868,#7074,#13778,.T.);
#13778 = LINE('',#13779,#13780);
#13779 = CARTESIAN_POINT('',(-55.455488,-39.822839,-4.6E-02));
#13780 = VECTOR('',#13781,1.);
#13781 = DIRECTION('',(0.,0.,1.));
#13782 = ORIENTED_EDGE('',*,*,#7073,.F.);
#13783 = ORIENTED_EDGE('',*,*,#13777,.F.);
#13784 = CYLINDRICAL_SURFACE('',#13785,0.4);
#13785 = AXIS2_PLACEMENT_3D('',#13786,#13787,#13788);
#13786 = CARTESIAN_POINT('',(-55.455488,-39.422839,-4.6E-02));
#13787 = DIRECTION('',(-0.,-0.,-1.));
#13788 = DIRECTION('',(-0.,-1.,0.));
#13789 = ADVANCED_FACE('',(#13790),#13801,.F.);
#13790 = FACE_BOUND('',#13791,.T.);
#13791 = EDGE_LOOP('',(#13792,#13793,#13799,#13800));
#13792 = ORIENTED_EDGE('',*,*,#878,.T.);
#13793 = ORIENTED_EDGE('',*,*,#13794,.T.);
#13794 = EDGE_CURVE('',#879,#7085,#13795,.T.);
#13795 = LINE('',#13796,#13797);
#13796 = CARTESIAN_POINT('',(-58.132675,-37.952689,-4.6E-02));
#13797 = VECTOR('',#13798,1.);
#13798 = DIRECTION('',(0.,0.,1.));
#13799 = ORIENTED_EDGE('',*,*,#7084,.F.);
#13800 = ORIENTED_EDGE('',*,*,#13794,.F.);
#13801 = CYLINDRICAL_SURFACE('',#13802,0.95);
#13802 = AXIS2_PLACEMENT_3D('',#13803,#13804,#13805);
#13803 = CARTESIAN_POINT('',(-58.132675,-37.002689,-4.6E-02));
#13804 = DIRECTION('',(-0.,0.,-1.));
#13805 = DIRECTION('',(7.479397218527E-15,-1.,-0.));
#13806 = ADVANCED_FACE('',(#13807),#13818,.F.);
#13807 = FACE_BOUND('',#13808,.T.);
#13808 = EDGE_LOOP('',(#13809,#13810,#13816,#13817));
#13809 = ORIENTED_EDGE('',*,*,#889,.T.);
#13810 = ORIENTED_EDGE('',*,*,#13811,.T.);
#13811 = EDGE_CURVE('',#890,#7096,#13812,.T.);
#13812 = LINE('',#13813,#13814);
#13813 = CARTESIAN_POINT('',(-56.790158,-34.937752,-4.6E-02));
#13814 = VECTOR('',#13815,1.);
#13815 = DIRECTION('',(0.,0.,1.));
#13816 = ORIENTED_EDGE('',*,*,#7095,.F.);
#13817 = ORIENTED_EDGE('',*,*,#13811,.F.);
#13818 = CYLINDRICAL_SURFACE('',#13819,1.525);
#13819 = AXIS2_PLACEMENT_3D('',#13820,#13821,#13822);
#13820 = CARTESIAN_POINT('',(-56.790158,-33.412752,-4.6E-02));
#13821 = DIRECTION('',(-0.,-0.,-1.));
#13822 = DIRECTION('',(-0.,-1.,0.));
#13823 = ADVANCED_FACE('',(#13824),#13835,.F.);
#13824 = FACE_BOUND('',#13825,.T.);
#13825 = EDGE_LOOP('',(#13826,#13827,#13833,#13834));
#13826 = ORIENTED_EDGE('',*,*,#900,.T.);
#13827 = ORIENTED_EDGE('',*,*,#13828,.T.);
#13828 = EDGE_CURVE('',#901,#7107,#13829,.T.);
#13829 = LINE('',#13830,#13831);
#13830 = CARTESIAN_POINT('',(-40.643151,-32.855595,-4.6E-02));
#13831 = VECTOR('',#13832,1.);
#13832 = DIRECTION('',(0.,0.,1.));
#13833 = ORIENTED_EDGE('',*,*,#7106,.F.);
#13834 = ORIENTED_EDGE('',*,*,#13828,.F.);
#13835 = CYLINDRICAL_SURFACE('',#13836,0.8);
#13836 = AXIS2_PLACEMENT_3D('',#13837,#13838,#13839);
#13837 = CARTESIAN_POINT('',(-40.643151,-32.055595,-4.6E-02));
#13838 = DIRECTION('',(-0.,-0.,-1.));
#13839 = DIRECTION('',(-0.,-1.,0.));
#13840 = ADVANCED_FACE('',(#13841),#13852,.F.);
#13841 = FACE_BOUND('',#13842,.T.);
#13842 = EDGE_LOOP('',(#13843,#13844,#13850,#13851));
#13843 = ORIENTED_EDGE('',*,*,#911,.T.);
#13844 = ORIENTED_EDGE('',*,*,#13845,.T.);
#13845 = EDGE_CURVE('',#912,#7118,#13846,.T.);
#13846 = LINE('',#13847,#13848);
#13847 = CARTESIAN_POINT('',(-76.956746,-29.225532,-4.6E-02));
#13848 = VECTOR('',#13849,1.);
#13849 = DIRECTION('',(0.,0.,1.));
#13850 = ORIENTED_EDGE('',*,*,#7117,.F.);
#13851 = ORIENTED_EDGE('',*,*,#13845,.F.);
#13852 = CYLINDRICAL_SURFACE('',#13853,0.95);
#13853 = AXIS2_PLACEMENT_3D('',#13854,#13855,#13856);
#13854 = CARTESIAN_POINT('',(-76.956746,-28.275532,-4.6E-02));
#13855 = DIRECTION('',(-0.,0.,-1.));
#13856 = DIRECTION('',(1.495879443705E-14,-1.,-0.));
#13857 = ADVANCED_FACE('',(#13858),#13869,.F.);
#13858 = FACE_BOUND('',#13859,.T.);
#13859 = EDGE_LOOP('',(#13860,#13861,#13867,#13868));
#13860 = ORIENTED_EDGE('',*,*,#922,.T.);
#13861 = ORIENTED_EDGE('',*,*,#13862,.T.);
#13862 = EDGE_CURVE('',#923,#7129,#13863,.T.);
#13863 = LINE('',#13864,#13865);
#13864 = CARTESIAN_POINT('',(-73.834888,-30.486176,-4.6E-02));
#13865 = VECTOR('',#13866,1.);
#13866 = DIRECTION('',(0.,0.,1.));
#13867 = ORIENTED_EDGE('',*,*,#7128,.F.);
#13868 = ORIENTED_EDGE('',*,*,#13862,.F.);
#13869 = CYLINDRICAL_SURFACE('',#13870,0.4);
#13870 = AXIS2_PLACEMENT_3D('',#13871,#13872,#13873);
#13871 = CARTESIAN_POINT('',(-73.834888,-30.086176,-4.6E-02));
#13872 = DIRECTION('',(-0.,-0.,-1.));
#13873 = DIRECTION('',(-0.,-1.,0.));
#13874 = ADVANCED_FACE('',(#13875),#13886,.F.);
#13875 = FACE_BOUND('',#13876,.T.);
#13876 = EDGE_LOOP('',(#13877,#13878,#13884,#13885));
#13877 = ORIENTED_EDGE('',*,*,#933,.T.);
#13878 = ORIENTED_EDGE('',*,*,#13879,.T.);
#13879 = EDGE_CURVE('',#934,#7140,#13880,.T.);
#13880 = LINE('',#13881,#13882);
#13881 = CARTESIAN_POINT('',(-60.219006,-30.736205,-4.6E-02));
#13882 = VECTOR('',#13883,1.);
#13883 = DIRECTION('',(0.,0.,1.));
#13884 = ORIENTED_EDGE('',*,*,#7139,.F.);
#13885 = ORIENTED_EDGE('',*,*,#13879,.F.);
#13886 = CYLINDRICAL_SURFACE('',#13887,1.525);
#13887 = AXIS2_PLACEMENT_3D('',#13888,#13889,#13890);
#13888 = CARTESIAN_POINT('',(-60.219006,-29.211205,-4.6E-02));
#13889 = DIRECTION('',(-0.,-0.,-1.));
#13890 = DIRECTION('',(-0.,-1.,0.));
#13891 = ADVANCED_FACE('',(#13892),#13903,.F.);
#13892 = FACE_BOUND('',#13893,.T.);
#13893 = EDGE_LOOP('',(#13894,#13895,#13901,#13902));
#13894 = ORIENTED_EDGE('',*,*,#944,.T.);
#13895 = ORIENTED_EDGE('',*,*,#13896,.T.);
#13896 = EDGE_CURVE('',#945,#7151,#13897,.T.);
#13897 = LINE('',#13898,#13899);
#13898 = CARTESIAN_POINT('',(-76.389955,-26.00992,-4.6E-02));
#13899 = VECTOR('',#13900,1.);
#13900 = DIRECTION('',(0.,0.,1.));
#13901 = ORIENTED_EDGE('',*,*,#7150,.F.);
#13902 = ORIENTED_EDGE('',*,*,#13896,.F.);
#13903 = CYLINDRICAL_SURFACE('',#13904,1.525);
#13904 = AXIS2_PLACEMENT_3D('',#13905,#13906,#13907);
#13905 = CARTESIAN_POINT('',(-76.389955,-24.48492,-4.6E-02));
#13906 = DIRECTION('',(-0.,-0.,-1.));
#13907 = DIRECTION('',(-0.,-1.,0.));
#13908 = ADVANCED_FACE('',(#13909),#13920,.F.);
#13909 = FACE_BOUND('',#13910,.T.);
#13910 = EDGE_LOOP('',(#13911,#13912,#13918,#13919));
#13911 = ORIENTED_EDGE('',*,*,#955,.T.);
#13912 = ORIENTED_EDGE('',*,*,#13913,.T.);
#13913 = EDGE_CURVE('',#956,#7162,#13914,.T.);
#13914 = LINE('',#13915,#13916);
#13915 = CARTESIAN_POINT('',(-43.216304,-27.375291,-4.6E-02));
#13916 = VECTOR('',#13917,1.);
#13917 = DIRECTION('',(0.,0.,1.));
#13918 = ORIENTED_EDGE('',*,*,#7161,.F.);
#13919 = ORIENTED_EDGE('',*,*,#13913,.F.);
#13920 = CYLINDRICAL_SURFACE('',#13921,0.4);
#13921 = AXIS2_PLACEMENT_3D('',#13922,#13923,#13924);
#13922 = CARTESIAN_POINT('',(-43.216304,-26.975291,-4.6E-02));
#13923 = DIRECTION('',(-0.,-0.,-1.));
#13924 = DIRECTION('',(-0.,-1.,0.));
#13925 = ADVANCED_FACE('',(#13926),#13937,.F.);
#13926 = FACE_BOUND('',#13927,.T.);
#13927 = EDGE_LOOP('',(#13928,#13929,#13935,#13936));
#13928 = ORIENTED_EDGE('',*,*,#966,.T.);
#13929 = ORIENTED_EDGE('',*,*,#13930,.T.);
#13930 = EDGE_CURVE('',#967,#7173,#13931,.T.);
#13931 = LINE('',#13932,#13933);
#13932 = CARTESIAN_POINT('',(-27.173821,-38.183616,-4.6E-02));
#13933 = VECTOR('',#13934,1.);
#13934 = DIRECTION('',(0.,0.,1.));
#13935 = ORIENTED_EDGE('',*,*,#7172,.F.);
#13936 = ORIENTED_EDGE('',*,*,#13930,.F.);
#13937 = CYLINDRICAL_SURFACE('',#13938,0.4);
#13938 = AXIS2_PLACEMENT_3D('',#13939,#13940,#13941);
#13939 = CARTESIAN_POINT('',(-27.173821,-37.783616,-4.6E-02));
#13940 = DIRECTION('',(-0.,-0.,-1.));
#13941 = DIRECTION('',(-0.,-1.,0.));
#13942 = ADVANCED_FACE('',(#13943),#13954,.F.);
#13943 = FACE_BOUND('',#13944,.T.);
#13944 = EDGE_LOOP('',(#13945,#13946,#13952,#13953));
#13945 = ORIENTED_EDGE('',*,*,#977,.T.);
#13946 = ORIENTED_EDGE('',*,*,#13947,.T.);
#13947 = EDGE_CURVE('',#978,#7184,#13948,.T.);
#13948 = LINE('',#13949,#13950);
#13949 = CARTESIAN_POINT('',(-33.502573,-33.849404,-4.6E-02));
#13950 = VECTOR('',#13951,1.);
#13951 = DIRECTION('',(0.,0.,1.));
#13952 = ORIENTED_EDGE('',*,*,#7183,.F.);
#13953 = ORIENTED_EDGE('',*,*,#13947,.F.);
#13954 = CYLINDRICAL_SURFACE('',#13955,2.525);
#13955 = AXIS2_PLACEMENT_3D('',#13956,#13957,#13958);
#13956 = CARTESIAN_POINT('',(-33.502573,-31.324404,-4.6E-02));
#13957 = DIRECTION('',(-0.,-0.,-1.));
#13958 = DIRECTION('',(-0.,-1.,0.));
#13959 = ADVANCED_FACE('',(#13960),#13971,.F.);
#13960 = FACE_BOUND('',#13961,.T.);
#13961 = EDGE_LOOP('',(#13962,#13963,#13969,#13970));
#13962 = ORIENTED_EDGE('',*,*,#988,.T.);
#13963 = ORIENTED_EDGE('',*,*,#13964,.T.);
#13964 = EDGE_CURVE('',#989,#7195,#13965,.T.);
#13965 = LINE('',#13966,#13967);
#13966 = CARTESIAN_POINT('',(-29.289328,-35.809735,-4.6E-02));
#13967 = VECTOR('',#13968,1.);
#13968 = DIRECTION('',(0.,0.,1.));
#13969 = ORIENTED_EDGE('',*,*,#7194,.F.);
#13970 = ORIENTED_EDGE('',*,*,#13964,.F.);
#13971 = CYLINDRICAL_SURFACE('',#13972,0.95);
#13972 = AXIS2_PLACEMENT_3D('',#13973,#13974,#13975);
#13973 = CARTESIAN_POINT('',(-29.289328,-34.859735,-4.6E-02));
#13974 = DIRECTION('',(-0.,-0.,-1.));
#13975 = DIRECTION('',(-3.739698609264E-15,-1.,0.));
#13976 = ADVANCED_FACE('',(#13977),#13988,.F.);
#13977 = FACE_BOUND('',#13978,.T.);
#13978 = EDGE_LOOP('',(#13979,#13980,#13986,#13987));
#13979 = ORIENTED_EDGE('',*,*,#999,.T.);
#13980 = ORIENTED_EDGE('',*,*,#13981,.T.);
#13981 = EDGE_CURVE('',#1000,#7206,#13982,.T.);
#13982 = LINE('',#13983,#13984);
#13983 = CARTESIAN_POINT('',(-27.229759,-33.152373,-4.6E-02));
#13984 = VECTOR('',#13985,1.);
#13985 = DIRECTION('',(0.,0.,1.));
#13986 = ORIENTED_EDGE('',*,*,#7205,.F.);
#13987 = ORIENTED_EDGE('',*,*,#13981,.F.);
#13988 = CYLINDRICAL_SURFACE('',#13989,1.525);
#13989 = AXIS2_PLACEMENT_3D('',#13990,#13991,#13992);
#13990 = CARTESIAN_POINT('',(-27.229759,-31.627373,-4.6E-02));
#13991 = DIRECTION('',(-0.,-0.,-1.));
#13992 = DIRECTION('',(-0.,-1.,0.));
#13993 = ADVANCED_FACE('',(#13994),#14005,.F.);
#13994 = FACE_BOUND('',#13995,.T.);
#13995 = EDGE_LOOP('',(#13996,#13997,#14003,#14004));
#13996 = ORIENTED_EDGE('',*,*,#1010,.T.);
#13997 = ORIENTED_EDGE('',*,*,#13998,.T.);
#13998 = EDGE_CURVE('',#1011,#7217,#13999,.T.);
#13999 = LINE('',#14000,#14001);
#14000 = CARTESIAN_POINT('',(-37.715818,-28.739073,-4.6E-02));
#14001 = VECTOR('',#14002,1.);
#14002 = DIRECTION('',(0.,0.,1.));
#14003 = ORIENTED_EDGE('',*,*,#7216,.F.);
#14004 = ORIENTED_EDGE('',*,*,#13998,.F.);
#14005 = CYLINDRICAL_SURFACE('',#14006,0.95);
#14006 = AXIS2_PLACEMENT_3D('',#14007,#14008,#14009);
#14007 = CARTESIAN_POINT('',(-37.715818,-27.789073,-4.6E-02));
#14008 = DIRECTION('',(-0.,-0.,-1.));
#14009 = DIRECTION('',(-0.,-1.,0.));
#14010 = ADVANCED_FACE('',(#14011),#14022,.F.);
#14011 = FACE_BOUND('',#14012,.T.);
#14012 = EDGE_LOOP('',(#14013,#14014,#14020,#14021));
#14013 = ORIENTED_EDGE('',*,*,#1021,.T.);
#14014 = ORIENTED_EDGE('',*,*,#14015,.T.);
#14015 = EDGE_CURVE('',#1022,#7228,#14016,.T.);
#14016 = LINE('',#14017,#14018);
#14017 = CARTESIAN_POINT('',(-29.710128,-28.329741,-4.6E-02));
#14018 = VECTOR('',#14019,1.);
#14019 = DIRECTION('',(0.,0.,1.));
#14020 = ORIENTED_EDGE('',*,*,#7227,.F.);
#14021 = ORIENTED_EDGE('',*,*,#14015,.F.);
#14022 = CYLINDRICAL_SURFACE('',#14023,1.525);
#14023 = AXIS2_PLACEMENT_3D('',#14024,#14025,#14026);
#14024 = CARTESIAN_POINT('',(-29.710128,-26.804741,-4.6E-02));
#14025 = DIRECTION('',(-0.,-0.,-1.));
#14026 = DIRECTION('',(-2.329648313968E-15,-1.,0.));
#14027 = ADVANCED_FACE('',(#14028),#14039,.F.);
#14028 = FACE_BOUND('',#14029,.T.);
#14029 = EDGE_LOOP('',(#14030,#14031,#14037,#14038));
#14030 = ORIENTED_EDGE('',*,*,#1032,.T.);
#14031 = ORIENTED_EDGE('',*,*,#14032,.T.);
#14032 = EDGE_CURVE('',#1033,#7239,#14033,.T.);
#14033 = LINE('',#14034,#14035);
#14034 = CARTESIAN_POINT('',(-60.215616,-17.54639,-4.6E-02));
#14035 = VECTOR('',#14036,1.);
#14036 = DIRECTION('',(0.,0.,1.));
#14037 = ORIENTED_EDGE('',*,*,#7238,.F.);
#14038 = ORIENTED_EDGE('',*,*,#14032,.F.);
#14039 = CYLINDRICAL_SURFACE('',#14040,0.4);
#14040 = AXIS2_PLACEMENT_3D('',#14041,#14042,#14043);
#14041 = CARTESIAN_POINT('',(-60.215616,-17.14639,-4.6E-02));
#14042 = DIRECTION('',(-0.,-0.,-1.));
#14043 = DIRECTION('',(-0.,-1.,0.));
#14044 = ADVANCED_FACE('',(#14045),#14056,.F.);
#14045 = FACE_BOUND('',#14046,.T.);
#14046 = EDGE_LOOP('',(#14047,#14048,#14054,#14055));
#14047 = ORIENTED_EDGE('',*,*,#1043,.T.);
#14048 = ORIENTED_EDGE('',*,*,#14049,.T.);
#14049 = EDGE_CURVE('',#1044,#7250,#14050,.T.);
#14050 = LINE('',#14051,#14052);
#14051 = CARTESIAN_POINT('',(-55.750582,-20.696141,-4.6E-02));
#14052 = VECTOR('',#14053,1.);
#14053 = DIRECTION('',(0.,0.,1.));
#14054 = ORIENTED_EDGE('',*,*,#7249,.F.);
#14055 = ORIENTED_EDGE('',*,*,#14049,.F.);
#14056 = CYLINDRICAL_SURFACE('',#14057,0.8);
#14057 = AXIS2_PLACEMENT_3D('',#14058,#14059,#14060);
#14058 = CARTESIAN_POINT('',(-55.750582,-19.896141,-4.6E-02));
#14059 = DIRECTION('',(-0.,-0.,-1.));
#14060 = DIRECTION('',(-8.881784197001E-15,-1.,0.));
#14061 = ADVANCED_FACE('',(#14062),#14073,.F.);
#14062 = FACE_BOUND('',#14063,.T.);
#14063 = EDGE_LOOP('',(#14064,#14065,#14071,#14072));
#14064 = ORIENTED_EDGE('',*,*,#1054,.T.);
#14065 = ORIENTED_EDGE('',*,*,#14066,.T.);
#14066 = EDGE_CURVE('',#1055,#7261,#14067,.T.);
#14067 = LINE('',#14068,#14069);
#14068 = CARTESIAN_POINT('',(-41.115944,-20.050478,-4.6E-02));
#14069 = VECTOR('',#14070,1.);
#14070 = DIRECTION('',(0.,0.,1.));
#14071 = ORIENTED_EDGE('',*,*,#7260,.F.);
#14072 = ORIENTED_EDGE('',*,*,#14066,.F.);
#14073 = CYLINDRICAL_SURFACE('',#14074,0.4);
#14074 = AXIS2_PLACEMENT_3D('',#14075,#14076,#14077);
#14075 = CARTESIAN_POINT('',(-41.115944,-19.650478,-4.6E-02));
#14076 = DIRECTION('',(-0.,-0.,-1.));
#14077 = DIRECTION('',(-0.,-1.,0.));
#14078 = ADVANCED_FACE('',(#14079),#14090,.F.);
#14079 = FACE_BOUND('',#14080,.T.);
#14080 = EDGE_LOOP('',(#14081,#14082,#14088,#14089));
#14081 = ORIENTED_EDGE('',*,*,#1065,.T.);
#14082 = ORIENTED_EDGE('',*,*,#14083,.T.);
#14083 = EDGE_CURVE('',#1066,#7272,#14084,.T.);
#14084 = LINE('',#14085,#14086);
#14085 = CARTESIAN_POINT('',(-44.237802,-18.789835,-4.6E-02));
#14086 = VECTOR('',#14087,1.);
#14087 = DIRECTION('',(0.,0.,1.));
#14088 = ORIENTED_EDGE('',*,*,#7271,.F.);
#14089 = ORIENTED_EDGE('',*,*,#14083,.F.);
#14090 = CYLINDRICAL_SURFACE('',#14091,0.95);
#14091 = AXIS2_PLACEMENT_3D('',#14092,#14093,#14094);
#14092 = CARTESIAN_POINT('',(-44.237802,-17.839835,-4.6E-02));
#14093 = DIRECTION('',(-0.,-0.,-1.));
#14094 = DIRECTION('',(-0.,-1.,0.));
#14095 = ADVANCED_FACE('',(#14096),#14107,.F.);
#14096 = FACE_BOUND('',#14097,.T.);
#14097 = EDGE_LOOP('',(#14098,#14099,#14105,#14106));
#14098 = ORIENTED_EDGE('',*,*,#1076,.T.);
#14099 = ORIENTED_EDGE('',*,*,#14100,.T.);
#14100 = EDGE_CURVE('',#1077,#7283,#14101,.T.);
#14101 = LINE('',#14102,#14103);
#14102 = CARTESIAN_POINT('',(-49.524741,-18.84883,-4.6E-02));
#14103 = VECTOR('',#14104,1.);
#14104 = DIRECTION('',(0.,0.,1.));
#14105 = ORIENTED_EDGE('',*,*,#7282,.F.);
#14106 = ORIENTED_EDGE('',*,*,#14100,.F.);
#14107 = CYLINDRICAL_SURFACE('',#14108,2.525);
#14108 = AXIS2_PLACEMENT_3D('',#14109,#14110,#14111);
#14109 = CARTESIAN_POINT('',(-49.524741,-16.32383,-4.6E-02));
#14110 = DIRECTION('',(-0.,-0.,-1.));
#14111 = DIRECTION('',(-0.,-1.,0.));
#14112 = ADVANCED_FACE('',(#14113),#14124,.F.);
#14113 = FACE_BOUND('',#14114,.T.);
#14114 = EDGE_LOOP('',(#14115,#14116,#14122,#14123));
#14115 = ORIENTED_EDGE('',*,*,#1087,.T.);
#14116 = ORIENTED_EDGE('',*,*,#14117,.T.);
#14117 = EDGE_CURVE('',#1088,#7294,#14118,.T.);
#14118 = LINE('',#14119,#14120);
#14119 = CARTESIAN_POINT('',(-54.81168,-15.757825,-4.6E-02));
#14120 = VECTOR('',#14121,1.);
#14121 = DIRECTION('',(0.,0.,1.));
#14122 = ORIENTED_EDGE('',*,*,#7293,.F.);
#14123 = ORIENTED_EDGE('',*,*,#14117,.F.);
#14124 = CYLINDRICAL_SURFACE('',#14125,0.95);
#14125 = AXIS2_PLACEMENT_3D('',#14126,#14127,#14128);
#14126 = CARTESIAN_POINT('',(-54.81168,-14.807825,-4.6E-02));
#14127 = DIRECTION('',(-0.,-0.,-1.));
#14128 = DIRECTION('',(-7.479397218527E-15,-1.,0.));
#14129 = ADVANCED_FACE('',(#14130),#14141,.F.);
#14130 = FACE_BOUND('',#14131,.T.);
#14131 = EDGE_LOOP('',(#14132,#14133,#14139,#14140));
#14132 = ORIENTED_EDGE('',*,*,#1098,.T.);
#14133 = ORIENTED_EDGE('',*,*,#14134,.T.);
#14134 = EDGE_CURVE('',#1099,#7305,#14135,.T.);
#14135 = LINE('',#14136,#14137);
#14136 = CARTESIAN_POINT('',(-43.671011,-15.574223,-4.6E-02));
#14137 = VECTOR('',#14138,1.);
#14138 = DIRECTION('',(0.,0.,1.));
#14139 = ORIENTED_EDGE('',*,*,#7304,.F.);
#14140 = ORIENTED_EDGE('',*,*,#14134,.F.);
#14141 = CYLINDRICAL_SURFACE('',#14142,1.525);
#14142 = AXIS2_PLACEMENT_3D('',#14143,#14144,#14145);
#14143 = CARTESIAN_POINT('',(-43.671011,-14.049223,-4.6E-02));
#14144 = DIRECTION('',(-0.,-0.,-1.));
#14145 = DIRECTION('',(-0.,-1.,0.));
#14146 = ADVANCED_FACE('',(#14147),#14158,.F.);
#14147 = FACE_BOUND('',#14148,.T.);
#14148 = EDGE_LOOP('',(#14149,#14150,#14156,#14157));
#14149 = ORIENTED_EDGE('',*,*,#1109,.T.);
#14150 = ORIENTED_EDGE('',*,*,#14151,.T.);
#14151 = EDGE_CURVE('',#1110,#7316,#14152,.T.);
#14152 = LINE('',#14153,#14154);
#14153 = CARTESIAN_POINT('',(-47.898481,-12.177386,-4.6E-02));
#14154 = VECTOR('',#14155,1.);
#14155 = DIRECTION('',(0.,0.,1.));
#14156 = ORIENTED_EDGE('',*,*,#7315,.F.);
#14157 = ORIENTED_EDGE('',*,*,#14151,.F.);
#14158 = CYLINDRICAL_SURFACE('',#14159,1.525);
#14159 = AXIS2_PLACEMENT_3D('',#14160,#14161,#14162);
#14160 = CARTESIAN_POINT('',(-47.898481,-10.652386,-4.6E-02));
#14161 = DIRECTION('',(-0.,0.,-1.));
#14162 = DIRECTION('',(4.659296627935E-15,-1.,-0.));
#14163 = ADVANCED_FACE('',(#14164),#14175,.F.);
#14164 = FACE_BOUND('',#14165,.T.);
#14165 = EDGE_LOOP('',(#14166,#14167,#14173,#14174));
#14166 = ORIENTED_EDGE('',*,*,#1120,.T.);
#14167 = ORIENTED_EDGE('',*,*,#14168,.T.);
#14168 = EDGE_CURVE('',#1121,#7327,#14169,.T.);
#14169 = LINE('',#14170,#14171);
#14170 = CARTESIAN_POINT('',(-72.749894,-10.86724,-4.6E-02));
#14171 = VECTOR('',#14172,1.);
#14172 = DIRECTION('',(0.,0.,1.));
#14173 = ORIENTED_EDGE('',*,*,#7326,.F.);
#14174 = ORIENTED_EDGE('',*,*,#14168,.F.);
#14175 = CYLINDRICAL_SURFACE('',#14176,0.8);
#14176 = AXIS2_PLACEMENT_3D('',#14177,#14178,#14179);
#14177 = CARTESIAN_POINT('',(-72.749894,-10.06724,-4.6E-02));
#14178 = DIRECTION('',(-0.,-0.,-1.));
#14179 = DIRECTION('',(-0.,-1.,0.));
#14180 = ADVANCED_FACE('',(#14181),#14192,.F.);
#14181 = FACE_BOUND('',#14182,.T.);
#14182 = EDGE_LOOP('',(#14183,#14184,#14190,#14191));
#14183 = ORIENTED_EDGE('',*,*,#1131,.T.);
#14184 = ORIENTED_EDGE('',*,*,#14185,.T.);
#14185 = EDGE_CURVE('',#1132,#7338,#14186,.T.);
#14186 = LINE('',#14187,#14188);
#14187 = CARTESIAN_POINT('',(-77.214929,-7.71749,-4.6E-02));
#14188 = VECTOR('',#14189,1.);
#14189 = DIRECTION('',(0.,0.,1.));
#14190 = ORIENTED_EDGE('',*,*,#7337,.F.);
#14191 = ORIENTED_EDGE('',*,*,#14185,.F.);
#14192 = CYLINDRICAL_SURFACE('',#14193,0.4);
#14193 = AXIS2_PLACEMENT_3D('',#14194,#14195,#14196);
#14194 = CARTESIAN_POINT('',(-77.214929,-7.31749,-4.6E-02));
#14195 = DIRECTION('',(-0.,0.,-1.));
#14196 = DIRECTION('',(3.5527136788E-14,-1.,-0.));
#14197 = ADVANCED_FACE('',(#14198),#14209,.F.);
#14198 = FACE_BOUND('',#14199,.T.);
#14199 = EDGE_LOOP('',(#14200,#14201,#14207,#14208));
#14200 = ORIENTED_EDGE('',*,*,#1142,.T.);
#14201 = ORIENTED_EDGE('',*,*,#14202,.T.);
#14202 = EDGE_CURVE('',#1143,#7349,#14203,.T.);
#14203 = LINE('',#14204,#14205);
#14204 = CARTESIAN_POINT('',(-61.237114,-8.960934,-4.6E-02));
#14205 = VECTOR('',#14206,1.);
#14206 = DIRECTION('',(0.,0.,1.));
#14207 = ORIENTED_EDGE('',*,*,#7348,.F.);
#14208 = ORIENTED_EDGE('',*,*,#14202,.F.);
#14209 = CYLINDRICAL_SURFACE('',#14210,0.95);
#14210 = AXIS2_PLACEMENT_3D('',#14211,#14212,#14213);
#14211 = CARTESIAN_POINT('',(-61.237114,-8.010934,-4.6E-02));
#14212 = DIRECTION('',(-0.,0.,-1.));
#14213 = DIRECTION('',(7.479397218527E-15,-1.,-0.));
#14214 = ADVANCED_FACE('',(#14215),#14226,.F.);
#14215 = FACE_BOUND('',#14216,.T.);
#14216 = EDGE_LOOP('',(#14217,#14218,#14224,#14225));
#14217 = ORIENTED_EDGE('',*,*,#1153,.T.);
#14218 = ORIENTED_EDGE('',*,*,#14219,.T.);
#14219 = EDGE_CURVE('',#1154,#7360,#14220,.T.);
#14220 = LINE('',#14221,#14222);
#14221 = CARTESIAN_POINT('',(-66.524053,-9.019929,-4.6E-02));
#14222 = VECTOR('',#14223,1.);
#14223 = DIRECTION('',(0.,0.,1.));
#14224 = ORIENTED_EDGE('',*,*,#7359,.F.);
#14225 = ORIENTED_EDGE('',*,*,#14219,.F.);
#14226 = CYLINDRICAL_SURFACE('',#14227,2.525);
#14227 = AXIS2_PLACEMENT_3D('',#14228,#14229,#14230);
#14228 = CARTESIAN_POINT('',(-66.524053,-6.494929,-4.6E-02));
#14229 = DIRECTION('',(-0.,0.,-1.));
#14230 = DIRECTION('',(5.628061273347E-15,-1.,-0.));
#14231 = ADVANCED_FACE('',(#14232),#14243,.F.);
#14232 = FACE_BOUND('',#14233,.T.);
#14233 = EDGE_LOOP('',(#14234,#14235,#14241,#14242));
#14234 = ORIENTED_EDGE('',*,*,#1164,.T.);
#14235 = ORIENTED_EDGE('',*,*,#14236,.T.);
#14236 = EDGE_CURVE('',#1165,#7371,#14237,.T.);
#14237 = LINE('',#14238,#14239);
#14238 = CARTESIAN_POINT('',(-71.810992,-5.928924,-4.6E-02));
#14239 = VECTOR('',#14240,1.);
#14240 = DIRECTION('',(0.,0.,1.));
#14241 = ORIENTED_EDGE('',*,*,#7370,.F.);
#14242 = ORIENTED_EDGE('',*,*,#14236,.F.);
#14243 = CYLINDRICAL_SURFACE('',#14244,0.95);
#14244 = AXIS2_PLACEMENT_3D('',#14245,#14246,#14247);
#14245 = CARTESIAN_POINT('',(-71.810992,-4.978924,-4.6E-02));
#14246 = DIRECTION('',(-0.,-0.,-1.));
#14247 = DIRECTION('',(-0.,-1.,0.));
#14248 = ADVANCED_FACE('',(#14249),#14260,.F.);
#14249 = FACE_BOUND('',#14250,.T.);
#14250 = EDGE_LOOP('',(#14251,#14252,#14258,#14259));
#14251 = ORIENTED_EDGE('',*,*,#1175,.T.);
#14252 = ORIENTED_EDGE('',*,*,#14253,.T.);
#14253 = EDGE_CURVE('',#1176,#7382,#14254,.T.);
#14254 = LINE('',#14255,#14256);
#14255 = CARTESIAN_POINT('',(-60.670323,-5.745322,-4.6E-02));
#14256 = VECTOR('',#14257,1.);
#14257 = DIRECTION('',(0.,0.,1.));
#14258 = ORIENTED_EDGE('',*,*,#7381,.F.);
#14259 = ORIENTED_EDGE('',*,*,#14253,.F.);
#14260 = CYLINDRICAL_SURFACE('',#14261,1.525);
#14261 = AXIS2_PLACEMENT_3D('',#14262,#14263,#14264);
#14262 = CARTESIAN_POINT('',(-60.670323,-4.220322,-4.6E-02));
#14263 = DIRECTION('',(-0.,-0.,-1.));
#14264 = DIRECTION('',(-4.659296627935E-15,-1.,0.));
#14265 = ADVANCED_FACE('',(#14266),#14277,.F.);
#14266 = FACE_BOUND('',#14267,.T.);
#14267 = EDGE_LOOP('',(#14268,#14269,#14275,#14276));
#14268 = ORIENTED_EDGE('',*,*,#1186,.T.);
#14269 = ORIENTED_EDGE('',*,*,#14270,.T.);
#14270 = EDGE_CURVE('',#1187,#7393,#14271,.T.);
#14271 = LINE('',#14272,#14273);
#14272 = CARTESIAN_POINT('',(-64.897793,-2.348485,-4.6E-02));
#14273 = VECTOR('',#14274,1.);
#14274 = DIRECTION('',(0.,0.,1.));
#14275 = ORIENTED_EDGE('',*,*,#7392,.F.);
#14276 = ORIENTED_EDGE('',*,*,#14270,.F.);
#14277 = CYLINDRICAL_SURFACE('',#14278,1.525);
#14278 = AXIS2_PLACEMENT_3D('',#14279,#14280,#14281);
#14279 = CARTESIAN_POINT('',(-64.897793,-0.823485,-4.6E-02));
#14280 = DIRECTION('',(-0.,0.,-1.));
#14281 = DIRECTION('',(9.31859325587E-15,-1.,-0.));
#14282 = ADVANCED_FACE('',(#14283),#14294,.F.);
#14283 = FACE_BOUND('',#14284,.T.);
#14284 = EDGE_LOOP('',(#14285,#14286,#14292,#14293));
#14285 = ORIENTED_EDGE('',*,*,#1197,.T.);
#14286 = ORIENTED_EDGE('',*,*,#14287,.T.);
#14287 = EDGE_CURVE('',#1198,#7404,#14288,.T.);
#14288 = LINE('',#14289,#14290);
#14289 = CARTESIAN_POINT('',(-58.115256,-10.221577,-4.6E-02));
#14290 = VECTOR('',#14291,1.);
#14291 = DIRECTION('',(0.,0.,1.));
#14292 = ORIENTED_EDGE('',*,*,#7403,.F.);
#14293 = ORIENTED_EDGE('',*,*,#14287,.F.);
#14294 = CYLINDRICAL_SURFACE('',#14295,0.4);
#14295 = AXIS2_PLACEMENT_3D('',#14296,#14297,#14298);
#14296 = CARTESIAN_POINT('',(-58.115256,-9.821577,-4.6E-02));
#14297 = DIRECTION('',(-0.,-0.,-1.));
#14298 = DIRECTION('',(-0.,-1.,0.));
#14299 = ADVANCED_FACE('',(#14300),#14311,.F.);
#14300 = FACE_BOUND('',#14301,.T.);
#14301 = EDGE_LOOP('',(#14302,#14303,#14309,#14310));
#14302 = ORIENTED_EDGE('',*,*,#1208,.T.);
#14303 = ORIENTED_EDGE('',*,*,#14304,.T.);
#14304 = EDGE_CURVE('',#1209,#7415,#14305,.T.);
#14305 = LINE('',#14306,#14307);
#14306 = CARTESIAN_POINT('',(-50.49969,-2.384106,-4.6E-02));
#14307 = VECTOR('',#14308,1.);
#14308 = DIRECTION('',(0.,0.,1.));
#14309 = ORIENTED_EDGE('',*,*,#7414,.F.);
#14310 = ORIENTED_EDGE('',*,*,#14304,.F.);
#14311 = CYLINDRICAL_SURFACE('',#14312,0.8);
#14312 = AXIS2_PLACEMENT_3D('',#14313,#14314,#14315);
#14313 = CARTESIAN_POINT('',(-50.49969,-1.584106,-4.6E-02));
#14314 = DIRECTION('',(-0.,-0.,-1.));
#14315 = DIRECTION('',(-0.,-1.,0.));
#14316 = ADVANCED_FACE('',(#14317),#14328,.F.);
#14317 = FACE_BOUND('',#14318,.T.);
#14318 = EDGE_LOOP('',(#14319,#14320,#14326,#14327));
#14319 = ORIENTED_EDGE('',*,*,#1219,.T.);
#14320 = ORIENTED_EDGE('',*,*,#14321,.T.);
#14321 = EDGE_CURVE('',#1220,#7426,#14322,.T.);
#14322 = LINE('',#14323,#14324);
#14323 = CARTESIAN_POINT('',(-37.965412,-9.063256,-4.6E-02));
#14324 = VECTOR('',#14325,1.);
#14325 = DIRECTION('',(0.,0.,1.));
#14326 = ORIENTED_EDGE('',*,*,#7425,.F.);
#14327 = ORIENTED_EDGE('',*,*,#14321,.F.);
#14328 = CYLINDRICAL_SURFACE('',#14329,0.4);
#14329 = AXIS2_PLACEMENT_3D('',#14330,#14331,#14332);
#14330 = CARTESIAN_POINT('',(-37.965412,-8.663256,-4.6E-02));
#14331 = DIRECTION('',(-0.,-0.,-1.));
#14332 = DIRECTION('',(-0.,-1.,0.));
#14333 = ADVANCED_FACE('',(#14334),#14345,.F.);
#14334 = FACE_BOUND('',#14335,.T.);
#14335 = EDGE_LOOP('',(#14336,#14337,#14343,#14344));
#14336 = ORIENTED_EDGE('',*,*,#1230,.T.);
#14337 = ORIENTED_EDGE('',*,*,#14338,.T.);
#14338 = EDGE_CURVE('',#1231,#7437,#14339,.T.);
#14339 = LINE('',#14340,#14341);
#14340 = CARTESIAN_POINT('',(-35.865052,-1.738443,-4.6E-02));
#14341 = VECTOR('',#14342,1.);
#14342 = DIRECTION('',(0.,0.,1.));
#14343 = ORIENTED_EDGE('',*,*,#7436,.F.);
#14344 = ORIENTED_EDGE('',*,*,#14338,.F.);
#14345 = CYLINDRICAL_SURFACE('',#14346,0.4);
#14346 = AXIS2_PLACEMENT_3D('',#14347,#14348,#14349);
#14347 = CARTESIAN_POINT('',(-35.865052,-1.338443,-4.6E-02));
#14348 = DIRECTION('',(-0.,-0.,-1.));
#14349 = DIRECTION('',(-0.,-1.,0.));
#14350 = ADVANCED_FACE('',(#14351),#14362,.F.);
#14351 = FACE_BOUND('',#14352,.T.);
#14352 = EDGE_LOOP('',(#14353,#14354,#14360,#14361));
#14353 = ORIENTED_EDGE('',*,*,#1241,.T.);
#14354 = ORIENTED_EDGE('',*,*,#14355,.T.);
#14355 = EDGE_CURVE('',#1242,#7448,#14356,.T.);
#14356 = LINE('',#14357,#14358);
#14357 = CARTESIAN_POINT('',(-19.05,-4.370127,-4.6E-02));
#14358 = VECTOR('',#14359,1.);
#14359 = DIRECTION('',(0.,0.,1.));
#14360 = ORIENTED_EDGE('',*,*,#7447,.F.);
#14361 = ORIENTED_EDGE('',*,*,#14355,.F.);
#14362 = CYLINDRICAL_SURFACE('',#14363,1.1);
#14363 = AXIS2_PLACEMENT_3D('',#14364,#14365,#14366);
#14364 = CARTESIAN_POINT('',(-19.05,-3.270127,-4.6E-02));
#14365 = DIRECTION('',(-0.,-0.,-1.));
#14366 = DIRECTION('',(-3.229739708E-15,-1.,0.));
#14367 = ADVANCED_FACE('',(#14368),#14379,.F.);
#14368 = FACE_BOUND('',#14369,.T.);
#14369 = EDGE_LOOP('',(#14370,#14371,#14377,#14378));
#14370 = ORIENTED_EDGE('',*,*,#1252,.T.);
#14371 = ORIENTED_EDGE('',*,*,#14372,.T.);
#14372 = EDGE_CURVE('',#1253,#7459,#14373,.T.);
#14373 = LINE('',#14374,#14375);
#14374 = CARTESIAN_POINT('',(33.251532,-80.858126,-4.6E-02));
#14375 = VECTOR('',#14376,1.);
#14376 = DIRECTION('',(0.,0.,1.));
#14377 = ORIENTED_EDGE('',*,*,#7458,.F.);
#14378 = ORIENTED_EDGE('',*,*,#14372,.F.);
#14379 = CYLINDRICAL_SURFACE('',#14380,1.1);
#14380 = AXIS2_PLACEMENT_3D('',#14381,#14382,#14383);
#14381 = CARTESIAN_POINT('',(33.251532,-79.758126,-4.6E-02));
#14382 = DIRECTION('',(-0.,-0.,-1.));
#14383 = DIRECTION('',(-0.,-1.,0.));
#14384 = ADVANCED_FACE('',(#14385),#14396,.F.);
#14385 = FACE_BOUND('',#14386,.T.);
#14386 = EDGE_LOOP('',(#14387,#14388,#14394,#14395));
#14387 = ORIENTED_EDGE('',*,*,#1263,.T.);
#14388 = ORIENTED_EDGE('',*,*,#14389,.T.);
#14389 = EDGE_CURVE('',#1264,#7470,#14390,.T.);
#14390 = LINE('',#14391,#14392);
#14391 = CARTESIAN_POINT('',(32.253529,-68.658628,-4.6E-02));
#14392 = VECTOR('',#14393,1.);
#14393 = DIRECTION('',(0.,0.,1.));
#14394 = ORIENTED_EDGE('',*,*,#7469,.F.);
#14395 = ORIENTED_EDGE('',*,*,#14389,.F.);
#14396 = CYLINDRICAL_SURFACE('',#14397,0.8);
#14397 = AXIS2_PLACEMENT_3D('',#14398,#14399,#14400);
#14398 = CARTESIAN_POINT('',(32.253529,-67.858628,-4.6E-02));
#14399 = DIRECTION('',(-0.,-0.,-1.));
#14400 = DIRECTION('',(-0.,-1.,0.));
#14401 = ADVANCED_FACE('',(#14402),#14413,.F.);
#14402 = FACE_BOUND('',#14403,.T.);
#14403 = EDGE_LOOP('',(#14404,#14405,#14411,#14412));
#14404 = ORIENTED_EDGE('',*,*,#1274,.T.);
#14405 = ORIENTED_EDGE('',*,*,#14406,.T.);
#14406 = EDGE_CURVE('',#1275,#7481,#14407,.T.);
#14407 = LINE('',#14408,#14409);
#14408 = CARTESIAN_POINT('',(27.88744,-66.031977,-4.6E-02));
#14409 = VECTOR('',#14410,1.);
#14410 = DIRECTION('',(0.,0.,1.));
#14411 = ORIENTED_EDGE('',*,*,#7480,.F.);
#14412 = ORIENTED_EDGE('',*,*,#14406,.F.);
#14413 = CYLINDRICAL_SURFACE('',#14414,0.95);
#14414 = AXIS2_PLACEMENT_3D('',#14415,#14416,#14417);
#14415 = CARTESIAN_POINT('',(27.88744,-65.081977,-4.6E-02));
#14416 = DIRECTION('',(-0.,0.,-1.));
#14417 = DIRECTION('',(3.739698609264E-15,-1.,-0.));
#14418 = ADVANCED_FACE('',(#14419),#14430,.F.);
#14419 = FACE_BOUND('',#14420,.T.);
#14420 = EDGE_LOOP('',(#14421,#14422,#14428,#14429));
#14421 = ORIENTED_EDGE('',*,*,#1285,.T.);
#14422 = ORIENTED_EDGE('',*,*,#14423,.T.);
#14423 = EDGE_CURVE('',#1286,#7492,#14424,.T.);
#14424 = LINE('',#14425,#14426);
#14425 = CARTESIAN_POINT('',(31.27358,-63.272918,-4.6E-02));
#14426 = VECTOR('',#14427,1.);
#14427 = DIRECTION('',(0.,0.,1.));
#14428 = ORIENTED_EDGE('',*,*,#7491,.F.);
#14429 = ORIENTED_EDGE('',*,*,#14423,.F.);
#14430 = CYLINDRICAL_SURFACE('',#14431,2.525);
#14431 = AXIS2_PLACEMENT_3D('',#14432,#14433,#14434);
#14432 = CARTESIAN_POINT('',(31.27358,-60.747918,-4.6E-02));
#14433 = DIRECTION('',(-0.,-0.,-1.));
#14434 = DIRECTION('',(-1.407015318337E-15,-1.,0.));
#14435 = ADVANCED_FACE('',(#14436),#14447,.F.);
#14436 = FACE_BOUND('',#14437,.T.);
#14437 = EDGE_LOOP('',(#14438,#14439,#14445,#14446));
#14438 = ORIENTED_EDGE('',*,*,#1296,.T.);
#14439 = ORIENTED_EDGE('',*,*,#14440,.T.);
#14440 = EDGE_CURVE('',#1297,#7503,#14441,.T.);
#14441 = LINE('',#14442,#14443);
#14442 = CARTESIAN_POINT('',(17.241925,-56.930277,-4.6E-02));
#14443 = VECTOR('',#14444,1.);
#14444 = DIRECTION('',(0.,0.,1.));
#14445 = ORIENTED_EDGE('',*,*,#7502,.F.);
#14446 = ORIENTED_EDGE('',*,*,#14440,.F.);
#14447 = CYLINDRICAL_SURFACE('',#14448,0.8);
#14448 = AXIS2_PLACEMENT_3D('',#14449,#14450,#14451);
#14449 = CARTESIAN_POINT('',(17.241925,-56.130277,-4.6E-02));
#14450 = DIRECTION('',(-0.,-0.,-1.));
#14451 = DIRECTION('',(-4.440892098501E-15,-1.,0.));
#14452 = ADVANCED_FACE('',(#14453),#14464,.F.);
#14453 = FACE_BOUND('',#14454,.T.);
#14454 = EDGE_LOOP('',(#14455,#14456,#14462,#14463));
#14455 = ORIENTED_EDGE('',*,*,#1307,.T.);
#14456 = ORIENTED_EDGE('',*,*,#14457,.T.);
#14457 = EDGE_CURVE('',#1308,#7514,#14458,.T.);
#14458 = LINE('',#14459,#14460);
#14459 = CARTESIAN_POINT('',(12.875836,-54.303626,-4.6E-02));
#14460 = VECTOR('',#14461,1.);
#14461 = DIRECTION('',(0.,0.,1.));
#14462 = ORIENTED_EDGE('',*,*,#7513,.F.);
#14463 = ORIENTED_EDGE('',*,*,#14457,.F.);
#14464 = CYLINDRICAL_SURFACE('',#14465,0.95);
#14465 = AXIS2_PLACEMENT_3D('',#14466,#14467,#14468);
#14466 = CARTESIAN_POINT('',(12.875836,-53.353626,-4.6E-02));
#14467 = DIRECTION('',(-0.,-0.,-1.));
#14468 = DIRECTION('',(-0.,-1.,0.));
#14469 = ADVANCED_FACE('',(#14470),#14481,.F.);
#14470 = FACE_BOUND('',#14471,.T.);
#14471 = EDGE_LOOP('',(#14472,#14473,#14479,#14480));
#14472 = ORIENTED_EDGE('',*,*,#1318,.T.);
#14473 = ORIENTED_EDGE('',*,*,#14474,.T.);
#14474 = EDGE_CURVE('',#1319,#7525,#14475,.T.);
#14475 = LINE('',#14476,#14477);
#14476 = CARTESIAN_POINT('',(26.624318,-58.640514,-4.6E-02));
#14477 = VECTOR('',#14478,1.);
#14478 = DIRECTION('',(0.,0.,1.));
#14479 = ORIENTED_EDGE('',*,*,#7524,.F.);
#14480 = ORIENTED_EDGE('',*,*,#14474,.F.);
#14481 = CYLINDRICAL_SURFACE('',#14482,1.525);
#14482 = AXIS2_PLACEMENT_3D('',#14483,#14484,#14485);
#14483 = CARTESIAN_POINT('',(26.624318,-57.115514,-4.6E-02));
#14484 = DIRECTION('',(-0.,-0.,-1.));
#14485 = DIRECTION('',(-2.329648313968E-15,-1.,0.));
#14486 = ADVANCED_FACE('',(#14487),#14498,.F.);
#14487 = FACE_BOUND('',#14488,.T.);
#14488 = EDGE_LOOP('',(#14489,#14490,#14496,#14497));
#14489 = ORIENTED_EDGE('',*,*,#1329,.T.);
#14490 = ORIENTED_EDGE('',*,*,#14491,.T.);
#14491 = EDGE_CURVE('',#1330,#7536,#14492,.T.);
#14492 = LINE('',#14493,#14494);
#14493 = CARTESIAN_POINT('',(34.65972,-57.363859,-4.6E-02));
#14494 = VECTOR('',#14495,1.);
#14495 = DIRECTION('',(0.,0.,1.));
#14496 = ORIENTED_EDGE('',*,*,#7535,.F.);
#14497 = ORIENTED_EDGE('',*,*,#14491,.F.);
#14498 = CYLINDRICAL_SURFACE('',#14499,0.95);
#14499 = AXIS2_PLACEMENT_3D('',#14500,#14501,#14502);
#14500 = CARTESIAN_POINT('',(34.65972,-56.413859,-4.6E-02));
#14501 = DIRECTION('',(-0.,-0.,-1.));
#14502 = DIRECTION('',(-0.,-1.,0.));
#14503 = ADVANCED_FACE('',(#14504),#14515,.F.);
#14504 = FACE_BOUND('',#14505,.T.);
#14505 = EDGE_LOOP('',(#14506,#14507,#14513,#14514));
#14506 = ORIENTED_EDGE('',*,*,#1340,.T.);
#14507 = ORIENTED_EDGE('',*,*,#14508,.T.);
#14508 = EDGE_CURVE('',#1341,#7547,#14509,.T.);
#14509 = LINE('',#14510,#14511);
#14510 = CARTESIAN_POINT('',(31.357448,-55.993352,-4.6E-02));
#14511 = VECTOR('',#14512,1.);
#14512 = DIRECTION('',(0.,0.,1.));
#14513 = ORIENTED_EDGE('',*,*,#7546,.F.);
#14514 = ORIENTED_EDGE('',*,*,#14508,.F.);
#14515 = CYLINDRICAL_SURFACE('',#14516,1.525);
#14516 = AXIS2_PLACEMENT_3D('',#14517,#14518,#14519);
#14517 = CARTESIAN_POINT('',(31.357448,-54.468352,-4.6E-02));
#14518 = DIRECTION('',(-0.,0.,-1.));
#14519 = DIRECTION('',(2.329648313968E-15,-1.,-0.));
#14520 = ADVANCED_FACE('',(#14521),#14532,.F.);
#14521 = FACE_BOUND('',#14522,.T.);
#14522 = EDGE_LOOP('',(#14523,#14524,#14530,#14531));
#14523 = ORIENTED_EDGE('',*,*,#1351,.T.);
#14524 = ORIENTED_EDGE('',*,*,#14525,.T.);
#14525 = EDGE_CURVE('',#1352,#7558,#14526,.T.);
#14526 = LINE('',#14527,#14528);
#14527 = CARTESIAN_POINT('',(37.507982,-54.597604,-4.6E-02));
#14528 = VECTOR('',#14529,1.);
#14529 = DIRECTION('',(0.,0.,1.));
#14530 = ORIENTED_EDGE('',*,*,#7557,.F.);
#14531 = ORIENTED_EDGE('',*,*,#14525,.F.);
#14532 = CYLINDRICAL_SURFACE('',#14533,0.4);
#14533 = AXIS2_PLACEMENT_3D('',#14534,#14535,#14536);
#14534 = CARTESIAN_POINT('',(37.507982,-54.197604,-4.6E-02));
#14535 = DIRECTION('',(-0.,-0.,-1.));
#14536 = DIRECTION('',(-0.,-1.,0.));
#14537 = ADVANCED_FACE('',(#14538),#14549,.F.);
#14538 = FACE_BOUND('',#14539,.T.);
#14539 = EDGE_LOOP('',(#14540,#14541,#14547,#14548));
#14540 = ORIENTED_EDGE('',*,*,#1362,.T.);
#14541 = ORIENTED_EDGE('',*,*,#14542,.T.);
#14542 = EDGE_CURVE('',#1363,#7569,#14543,.T.);
#14543 = LINE('',#14544,#14545);
#14544 = CARTESIAN_POINT('',(16.261976,-51.544567,-4.6E-02));
#14545 = VECTOR('',#14546,1.);
#14546 = DIRECTION('',(0.,0.,1.));
#14547 = ORIENTED_EDGE('',*,*,#7568,.F.);
#14548 = ORIENTED_EDGE('',*,*,#14542,.F.);
#14549 = CYLINDRICAL_SURFACE('',#14550,2.525);
#14550 = AXIS2_PLACEMENT_3D('',#14551,#14552,#14553);
#14551 = CARTESIAN_POINT('',(16.261976,-49.019567,-4.6E-02));
#14552 = DIRECTION('',(-0.,-0.,-1.));
#14553 = DIRECTION('',(-0.,-1.,0.));
#14554 = ADVANCED_FACE('',(#14555),#14566,.F.);
#14555 = FACE_BOUND('',#14556,.T.);
#14556 = EDGE_LOOP('',(#14557,#14558,#14564,#14565));
#14557 = ORIENTED_EDGE('',*,*,#1373,.T.);
#14558 = ORIENTED_EDGE('',*,*,#14559,.T.);
#14559 = EDGE_CURVE('',#1374,#7580,#14560,.T.);
#14560 = LINE('',#14561,#14562);
#14561 = CARTESIAN_POINT('',(11.612714,-46.912163,-4.6E-02));
#14562 = VECTOR('',#14563,1.);
#14563 = DIRECTION('',(0.,0.,1.));
#14564 = ORIENTED_EDGE('',*,*,#7579,.F.);
#14565 = ORIENTED_EDGE('',*,*,#14559,.F.);
#14566 = CYLINDRICAL_SURFACE('',#14567,1.525);
#14567 = AXIS2_PLACEMENT_3D('',#14568,#14569,#14570);
#14568 = CARTESIAN_POINT('',(11.612714,-45.387163,-4.6E-02));
#14569 = DIRECTION('',(-0.,-0.,-1.));
#14570 = DIRECTION('',(-0.,-1.,0.));
#14571 = ADVANCED_FACE('',(#14572),#14583,.F.);
#14572 = FACE_BOUND('',#14573,.T.);
#14573 = EDGE_LOOP('',(#14574,#14575,#14581,#14582));
#14574 = ORIENTED_EDGE('',*,*,#1384,.T.);
#14575 = ORIENTED_EDGE('',*,*,#14576,.T.);
#14576 = EDGE_CURVE('',#1385,#7591,#14577,.T.);
#14577 = LINE('',#14578,#14579);
#14578 = CARTESIAN_POINT('',(19.648116,-45.635508,-4.6E-02));
#14579 = VECTOR('',#14580,1.);
#14580 = DIRECTION('',(0.,0.,1.));
#14581 = ORIENTED_EDGE('',*,*,#7590,.F.);
#14582 = ORIENTED_EDGE('',*,*,#14576,.F.);
#14583 = CYLINDRICAL_SURFACE('',#14584,0.95);
#14584 = AXIS2_PLACEMENT_3D('',#14585,#14586,#14587);
#14585 = CARTESIAN_POINT('',(19.648116,-44.685508,-4.6E-02));
#14586 = DIRECTION('',(-0.,-0.,-1.));
#14587 = DIRECTION('',(-0.,-1.,0.));
#14588 = ADVANCED_FACE('',(#14589),#14600,.F.);
#14589 = FACE_BOUND('',#14590,.T.);
#14590 = EDGE_LOOP('',(#14591,#14592,#14598,#14599));
#14591 = ORIENTED_EDGE('',*,*,#1395,.T.);
#14592 = ORIENTED_EDGE('',*,*,#14593,.T.);
#14593 = EDGE_CURVE('',#1396,#7602,#14594,.T.);
#14594 = LINE('',#14595,#14596);
#14595 = CARTESIAN_POINT('',(16.345844,-44.265001,-4.6E-02));
#14596 = VECTOR('',#14597,1.);
#14597 = DIRECTION('',(0.,0.,1.));
#14598 = ORIENTED_EDGE('',*,*,#7601,.F.);
#14599 = ORIENTED_EDGE('',*,*,#14593,.F.);
#14600 = CYLINDRICAL_SURFACE('',#14601,1.525);
#14601 = AXIS2_PLACEMENT_3D('',#14602,#14603,#14604);
#14602 = CARTESIAN_POINT('',(16.345844,-42.740001,-4.6E-02));
#14603 = DIRECTION('',(-0.,-0.,-1.));
#14604 = DIRECTION('',(-0.,-1.,0.));
#14605 = ADVANCED_FACE('',(#14606),#14617,.F.);
#14606 = FACE_BOUND('',#14607,.T.);
#14607 = EDGE_LOOP('',(#14608,#14609,#14615,#14616));
#14608 = ORIENTED_EDGE('',*,*,#1406,.T.);
#14609 = ORIENTED_EDGE('',*,*,#14610,.T.);
#14610 = EDGE_CURVE('',#1407,#7613,#14611,.T.);
#14611 = LINE('',#14612,#14613);
#14612 = CARTESIAN_POINT('',(28.501019,-47.560593,-4.6E-02));
#14613 = VECTOR('',#14614,1.);
#14614 = DIRECTION('',(0.,0.,1.));
#14615 = ORIENTED_EDGE('',*,*,#7612,.F.);
#14616 = ORIENTED_EDGE('',*,*,#14610,.F.);
#14617 = CYLINDRICAL_SURFACE('',#14618,0.4);
#14618 = AXIS2_PLACEMENT_3D('',#14619,#14620,#14621);
#14619 = CARTESIAN_POINT('',(28.501019,-47.160593,-4.6E-02));
#14620 = DIRECTION('',(-0.,-0.,-1.));
#14621 = DIRECTION('',(-0.,-1.,0.));
#14622 = ADVANCED_FACE('',(#14623),#14634,.F.);
#14623 = FACE_BOUND('',#14624,.T.);
#14624 = EDGE_LOOP('',(#14625,#14626,#14632,#14633));
#14625 = ORIENTED_EDGE('',*,*,#1417,.T.);
#14626 = ORIENTED_EDGE('',*,*,#14627,.T.);
#14627 = EDGE_CURVE('',#1418,#7624,#14628,.T.);
#14628 = LINE('',#14629,#14630);
#14629 = CARTESIAN_POINT('',(22.496378,-42.869251,-4.6E-02));
#14630 = VECTOR('',#14631,1.);
#14631 = DIRECTION('',(0.,0.,1.));
#14632 = ORIENTED_EDGE('',*,*,#7623,.F.);
#14633 = ORIENTED_EDGE('',*,*,#14627,.F.);
#14634 = CYLINDRICAL_SURFACE('',#14635,0.4);
#14635 = AXIS2_PLACEMENT_3D('',#14636,#14637,#14638);
#14636 = CARTESIAN_POINT('',(22.496378,-42.469251,-4.6E-02));
#14637 = DIRECTION('',(-0.,-0.,-1.));
#14638 = DIRECTION('',(-0.,-1.,0.));
#14639 = ADVANCED_FACE('',(#14640),#14651,.F.);
#14640 = FACE_BOUND('',#14641,.T.);
#14641 = EDGE_LOOP('',(#14642,#14643,#14649,#14650));
#14642 = ORIENTED_EDGE('',*,*,#1428,.T.);
#14643 = ORIENTED_EDGE('',*,*,#14644,.T.);
#14644 = EDGE_CURVE('',#1429,#7635,#14645,.T.);
#14645 = LINE('',#14646,#14647);
#14646 = CARTESIAN_POINT('',(43.512623,-59.288946,-4.6E-02));
#14647 = VECTOR('',#14648,1.);
#14648 = DIRECTION('',(0.,0.,1.));
#14649 = ORIENTED_EDGE('',*,*,#7634,.F.);
#14650 = ORIENTED_EDGE('',*,*,#14644,.F.);
#14651 = CYLINDRICAL_SURFACE('',#14652,0.4);
#14652 = AXIS2_PLACEMENT_3D('',#14653,#14654,#14655);
#14653 = CARTESIAN_POINT('',(43.512623,-58.888946,-4.6E-02));
#14654 = DIRECTION('',(-0.,-0.,-1.));
#14655 = DIRECTION('',(-1.7763568394E-14,-1.,0.));
#14656 = ADVANCED_FACE('',(#14657),#14668,.F.);
#14657 = FACE_BOUND('',#14658,.T.);
#14658 = EDGE_LOOP('',(#14659,#14660,#14666,#14667));
#14659 = ORIENTED_EDGE('',*,*,#1439,.T.);
#14660 = ORIENTED_EDGE('',*,*,#14661,.T.);
#14661 = EDGE_CURVE('',#1440,#7646,#14662,.T.);
#14662 = LINE('',#14663,#14664);
#14663 = CARTESIAN_POINT('',(45.227813,-53.876616,-4.6E-02));
#14664 = VECTOR('',#14665,1.);
#14665 = DIRECTION('',(0.,0.,1.));
#14666 = ORIENTED_EDGE('',*,*,#7645,.F.);
#14667 = ORIENTED_EDGE('',*,*,#14661,.F.);
#14668 = CYLINDRICAL_SURFACE('',#14669,0.8);
#14669 = AXIS2_PLACEMENT_3D('',#14670,#14671,#14672);
#14670 = CARTESIAN_POINT('',(45.227813,-53.076616,-4.6E-02));
#14671 = DIRECTION('',(-0.,-0.,-1.));
#14672 = DIRECTION('',(-0.,-1.,0.));
#14673 = ADVANCED_FACE('',(#14674),#14685,.F.);
#14674 = FACE_BOUND('',#14675,.T.);
#14675 = EDGE_LOOP('',(#14676,#14677,#14683,#14684));
#14676 = ORIENTED_EDGE('',*,*,#1450,.T.);
#14677 = ORIENTED_EDGE('',*,*,#14678,.T.);
#14678 = EDGE_CURVE('',#1451,#7657,#14679,.T.);
#14679 = LINE('',#14680,#14681);
#14680 = CARTESIAN_POINT('',(41.534433,-50.402881,-4.6E-02));
#14681 = VECTOR('',#14682,1.);
#14682 = DIRECTION('',(0.,0.,1.));
#14683 = ORIENTED_EDGE('',*,*,#7656,.F.);
#14684 = ORIENTED_EDGE('',*,*,#14678,.F.);
#14685 = CYLINDRICAL_SURFACE('',#14686,0.95);
#14686 = AXIS2_PLACEMENT_3D('',#14687,#14688,#14689);
#14687 = CARTESIAN_POINT('',(41.534433,-49.452881,-4.6E-02));
#14688 = DIRECTION('',(-0.,-0.,-1.));
#14689 = DIRECTION('',(-0.,-1.,0.));
#14690 = ADVANCED_FACE('',(#14691),#14702,.F.);
#14691 = FACE_BOUND('',#14692,.T.);
#14692 = EDGE_LOOP('',(#14693,#14694,#14700,#14701));
#14693 = ORIENTED_EDGE('',*,*,#1461,.T.);
#14694 = ORIENTED_EDGE('',*,*,#14695,.T.);
#14695 = EDGE_CURVE('',#1462,#7668,#14696,.T.);
#14696 = LINE('',#14697,#14698);
#14697 = CARTESIAN_POINT('',(45.747678,-48.44255,-4.6E-02));
#14698 = VECTOR('',#14699,1.);
#14699 = DIRECTION('',(0.,0.,1.));
#14700 = ORIENTED_EDGE('',*,*,#7667,.F.);
#14701 = ORIENTED_EDGE('',*,*,#14695,.F.);
#14702 = CYLINDRICAL_SURFACE('',#14703,2.525);
#14703 = AXIS2_PLACEMENT_3D('',#14704,#14705,#14706);
#14704 = CARTESIAN_POINT('',(45.747678,-45.91755,-4.6E-02));
#14705 = DIRECTION('',(-0.,-0.,-1.));
#14706 = DIRECTION('',(-0.,-1.,0.));
#14707 = ADVANCED_FACE('',(#14708),#14719,.F.);
#14708 = FACE_BOUND('',#14709,.T.);
#14709 = EDGE_LOOP('',(#14710,#14711,#14717,#14718));
#14710 = ORIENTED_EDGE('',*,*,#1472,.T.);
#14711 = ORIENTED_EDGE('',*,*,#14712,.T.);
#14712 = EDGE_CURVE('',#1473,#7679,#14713,.T.);
#14713 = LINE('',#14714,#14715);
#14714 = CARTESIAN_POINT('',(58.105772,-47.043841,-4.6E-02));
#14715 = VECTOR('',#14716,1.);
#14716 = DIRECTION('',(0.,0.,1.));
#14717 = ORIENTED_EDGE('',*,*,#7678,.F.);
#14718 = ORIENTED_EDGE('',*,*,#14712,.F.);
#14719 = CYLINDRICAL_SURFACE('',#14720,0.4);
#14720 = AXIS2_PLACEMENT_3D('',#14721,#14722,#14723);
#14721 = CARTESIAN_POINT('',(58.105772,-46.643841,-4.6E-02));
#14722 = DIRECTION('',(-0.,-0.,-1.));
#14723 = DIRECTION('',(-0.,-1.,0.));
#14724 = ADVANCED_FACE('',(#14725),#14736,.F.);
#14725 = FACE_BOUND('',#14726,.T.);
#14726 = EDGE_LOOP('',(#14727,#14728,#14734,#14735));
#14727 = ORIENTED_EDGE('',*,*,#1483,.T.);
#14728 = ORIENTED_EDGE('',*,*,#14729,.T.);
#14729 = EDGE_CURVE('',#1484,#7690,#14730,.T.);
#14730 = LINE('',#14731,#14732);
#14731 = CARTESIAN_POINT('',(41.955233,-42.922887,-4.6E-02));
#14732 = VECTOR('',#14733,1.);
#14733 = DIRECTION('',(0.,0.,1.));
#14734 = ORIENTED_EDGE('',*,*,#7689,.F.);
#14735 = ORIENTED_EDGE('',*,*,#14729,.F.);
#14736 = CYLINDRICAL_SURFACE('',#14737,1.525);
#14737 = AXIS2_PLACEMENT_3D('',#14738,#14739,#14740);
#14738 = CARTESIAN_POINT('',(41.955233,-41.397887,-4.6E-02));
#14739 = DIRECTION('',(-0.,-0.,-1.));
#14740 = DIRECTION('',(-0.,-1.,0.));
#14741 = ADVANCED_FACE('',(#14742),#14753,.F.);
#14742 = FACE_BOUND('',#14743,.T.);
#14743 = EDGE_LOOP('',(#14744,#14745,#14751,#14752));
#14744 = ORIENTED_EDGE('',*,*,#1494,.T.);
#14745 = ORIENTED_EDGE('',*,*,#14746,.T.);
#14746 = EDGE_CURVE('',#1495,#7701,#14747,.T.);
#14747 = LINE('',#14748,#14749);
#14748 = CARTESIAN_POINT('',(49.960923,-43.332219,-4.6E-02));
#14749 = VECTOR('',#14750,1.);
#14750 = DIRECTION('',(0.,0.,1.));
#14751 = ORIENTED_EDGE('',*,*,#7700,.F.);
#14752 = ORIENTED_EDGE('',*,*,#14746,.F.);
#14753 = CYLINDRICAL_SURFACE('',#14754,0.95);
#14754 = AXIS2_PLACEMENT_3D('',#14755,#14756,#14757);
#14755 = CARTESIAN_POINT('',(49.960923,-42.382219,-4.6E-02));
#14756 = DIRECTION('',(-0.,0.,-1.));
#14757 = DIRECTION('',(7.479397218527E-15,-1.,-0.));
#14758 = ADVANCED_FACE('',(#14759),#14770,.F.);
#14759 = FACE_BOUND('',#14760,.T.);
#14760 = EDGE_LOOP('',(#14761,#14762,#14768,#14769));
#14761 = ORIENTED_EDGE('',*,*,#1505,.T.);
#14762 = ORIENTED_EDGE('',*,*,#14763,.T.);
#14763 = EDGE_CURVE('',#1506,#7712,#14764,.T.);
#14764 = LINE('',#14765,#14766);
#14765 = CARTESIAN_POINT('',(53.207732,-41.206581,-4.6E-02));
#14766 = VECTOR('',#14767,1.);
#14767 = DIRECTION('',(0.,0.,1.));
#14768 = ORIENTED_EDGE('',*,*,#7711,.F.);
#14769 = ORIENTED_EDGE('',*,*,#14763,.F.);
#14770 = CYLINDRICAL_SURFACE('',#14771,0.4);
#14771 = AXIS2_PLACEMENT_3D('',#14772,#14773,#14774);
#14772 = CARTESIAN_POINT('',(53.207732,-40.806581,-4.6E-02));
#14773 = DIRECTION('',(-0.,-0.,-1.));
#14774 = DIRECTION('',(-0.,-1.,0.));
#14775 = ADVANCED_FACE('',(#14776),#14787,.F.);
#14776 = FACE_BOUND('',#14777,.T.);
#14777 = EDGE_LOOP('',(#14778,#14779,#14785,#14786));
#14778 = ORIENTED_EDGE('',*,*,#1516,.T.);
#14779 = ORIENTED_EDGE('',*,*,#14780,.T.);
#14780 = EDGE_CURVE('',#1517,#7723,#14781,.T.);
#14781 = LINE('',#14782,#14783);
#14782 = CARTESIAN_POINT('',(60.991929,-42.115133,-4.6E-02));
#14783 = VECTOR('',#14784,1.);
#14784 = DIRECTION('',(0.,0.,1.));
#14785 = ORIENTED_EDGE('',*,*,#7722,.F.);
#14786 = ORIENTED_EDGE('',*,*,#14780,.F.);
#14787 = CYLINDRICAL_SURFACE('',#14788,0.8);
#14788 = AXIS2_PLACEMENT_3D('',#14789,#14790,#14791);
#14789 = CARTESIAN_POINT('',(60.991929,-41.315133,-4.6E-02));
#14790 = DIRECTION('',(-0.,-0.,-1.));
#14791 = DIRECTION('',(-0.,-1.,0.));
#14792 = ADVANCED_FACE('',(#14793),#14804,.F.);
#14793 = FACE_BOUND('',#14794,.T.);
#14794 = EDGE_LOOP('',(#14795,#14796,#14802,#14803));
#14795 = ORIENTED_EDGE('',*,*,#1527,.T.);
#14796 = ORIENTED_EDGE('',*,*,#14797,.T.);
#14797 = EDGE_CURVE('',#1528,#7734,#14798,.T.);
#14798 = LINE('',#14799,#14800);
#14799 = CARTESIAN_POINT('',(32.982708,-39.28347,-4.6E-02));
#14800 = VECTOR('',#14801,1.);
#14801 = DIRECTION('',(0.,0.,1.));
#14802 = ORIENTED_EDGE('',*,*,#7733,.F.);
#14803 = ORIENTED_EDGE('',*,*,#14797,.F.);
#14804 = CYLINDRICAL_SURFACE('',#14805,0.8);
#14805 = AXIS2_PLACEMENT_3D('',#14806,#14807,#14808);
#14806 = CARTESIAN_POINT('',(32.982708,-38.48347,-4.6E-02));
#14807 = DIRECTION('',(-0.,-0.,-1.));
#14808 = DIRECTION('',(-0.,-1.,0.));
#14809 = ADVANCED_FACE('',(#14810),#14821,.F.);
#14810 = FACE_BOUND('',#14811,.T.);
#14811 = EDGE_LOOP('',(#14812,#14813,#14819,#14820));
#14812 = ORIENTED_EDGE('',*,*,#1538,.T.);
#14813 = ORIENTED_EDGE('',*,*,#14814,.T.);
#14814 = EDGE_CURVE('',#1539,#7745,#14815,.T.);
#14815 = LINE('',#14816,#14817);
#14816 = CARTESIAN_POINT('',(29.289328,-35.809735,-4.6E-02));
#14817 = VECTOR('',#14818,1.);
#14818 = DIRECTION('',(0.,0.,1.));
#14819 = ORIENTED_EDGE('',*,*,#7744,.F.);
#14820 = ORIENTED_EDGE('',*,*,#14814,.F.);
#14821 = CYLINDRICAL_SURFACE('',#14822,0.95);
#14822 = AXIS2_PLACEMENT_3D('',#14823,#14824,#14825);
#14823 = CARTESIAN_POINT('',(29.289328,-34.859735,-4.6E-02));
#14824 = DIRECTION('',(-0.,0.,-1.));
#14825 = DIRECTION('',(3.739698609264E-15,-1.,-0.));
#14826 = ADVANCED_FACE('',(#14827),#14838,.F.);
#14827 = FACE_BOUND('',#14828,.T.);
#14828 = EDGE_LOOP('',(#14829,#14830,#14836,#14837));
#14829 = ORIENTED_EDGE('',*,*,#1549,.T.);
#14830 = ORIENTED_EDGE('',*,*,#14831,.T.);
#14831 = EDGE_CURVE('',#1550,#7756,#14832,.T.);
#14832 = LINE('',#14833,#14834);
#14833 = CARTESIAN_POINT('',(33.502573,-33.849404,-4.6E-02));
#14834 = VECTOR('',#14835,1.);
#14835 = DIRECTION('',(0.,0.,1.));
#14836 = ORIENTED_EDGE('',*,*,#7755,.F.);
#14837 = ORIENTED_EDGE('',*,*,#14831,.F.);
#14838 = CYLINDRICAL_SURFACE('',#14839,2.525);
#14839 = AXIS2_PLACEMENT_3D('',#14840,#14841,#14842);
#14840 = CARTESIAN_POINT('',(33.502573,-31.324404,-4.6E-02));
#14841 = DIRECTION('',(-0.,-0.,-1.));
#14842 = DIRECTION('',(-0.,-1.,0.));
#14843 = ADVANCED_FACE('',(#14844),#14855,.F.);
#14844 = FACE_BOUND('',#14845,.T.);
#14845 = EDGE_LOOP('',(#14846,#14847,#14853,#14854));
#14846 = ORIENTED_EDGE('',*,*,#1560,.T.);
#14847 = ORIENTED_EDGE('',*,*,#14848,.T.);
#14848 = EDGE_CURVE('',#1561,#7767,#14849,.T.);
#14849 = LINE('',#14850,#14851);
#14850 = CARTESIAN_POINT('',(29.710128,-28.329741,-4.6E-02));
#14851 = VECTOR('',#14852,1.);
#14852 = DIRECTION('',(0.,0.,1.));
#14853 = ORIENTED_EDGE('',*,*,#7766,.F.);
#14854 = ORIENTED_EDGE('',*,*,#14848,.F.);
#14855 = CYLINDRICAL_SURFACE('',#14856,1.525);
#14856 = AXIS2_PLACEMENT_3D('',#14857,#14858,#14859);
#14857 = CARTESIAN_POINT('',(29.710128,-26.804741,-4.6E-02));
#14858 = DIRECTION('',(-0.,0.,-1.));
#14859 = DIRECTION('',(2.329648313968E-15,-1.,-0.));
#14860 = ADVANCED_FACE('',(#14861),#14872,.F.);
#14861 = FACE_BOUND('',#14862,.T.);
#14862 = EDGE_LOOP('',(#14863,#14864,#14870,#14871));
#14863 = ORIENTED_EDGE('',*,*,#1571,.T.);
#14864 = ORIENTED_EDGE('',*,*,#14865,.T.);
#14865 = EDGE_CURVE('',#1572,#7778,#14866,.T.);
#14866 = LINE('',#14867,#14868);
#14867 = CARTESIAN_POINT('',(37.715818,-28.739073,-4.6E-02));
#14868 = VECTOR('',#14869,1.);
#14869 = DIRECTION('',(0.,0.,1.));
#14870 = ORIENTED_EDGE('',*,*,#7777,.F.);
#14871 = ORIENTED_EDGE('',*,*,#14865,.F.);
#14872 = CYLINDRICAL_SURFACE('',#14873,0.95);
#14873 = AXIS2_PLACEMENT_3D('',#14874,#14875,#14876);
#14874 = CARTESIAN_POINT('',(37.715818,-27.789073,-4.6E-02));
#14875 = DIRECTION('',(-0.,-0.,-1.));
#14876 = DIRECTION('',(-0.,-1.,0.));
#14877 = ADVANCED_FACE('',(#14878),#14889,.F.);
#14878 = FACE_BOUND('',#14879,.T.);
#14879 = EDGE_LOOP('',(#14880,#14881,#14887,#14888));
#14880 = ORIENTED_EDGE('',*,*,#1582,.T.);
#14881 = ORIENTED_EDGE('',*,*,#14882,.T.);
#14882 = EDGE_CURVE('',#1583,#7789,#14883,.T.);
#14883 = LINE('',#14884,#14885);
#14884 = CARTESIAN_POINT('',(34.890203,-26.724498,-4.6E-02));
#14885 = VECTOR('',#14886,1.);
#14886 = DIRECTION('',(0.,0.,1.));
#14887 = ORIENTED_EDGE('',*,*,#7788,.F.);
#14888 = ORIENTED_EDGE('',*,*,#14882,.F.);
#14889 = CYLINDRICAL_SURFACE('',#14890,1.525);
#14890 = AXIS2_PLACEMENT_3D('',#14891,#14892,#14893);
#14891 = CARTESIAN_POINT('',(34.890203,-25.199498,-4.6E-02));
#14892 = DIRECTION('',(-0.,-0.,-1.));
#14893 = DIRECTION('',(-0.,-1.,0.));
#14894 = ADVANCED_FACE('',(#14895),#14906,.F.);
#14895 = FACE_BOUND('',#14896,.T.);
#14896 = EDGE_LOOP('',(#14897,#14898,#14904,#14905));
#14897 = ORIENTED_EDGE('',*,*,#1593,.T.);
#14898 = ORIENTED_EDGE('',*,*,#14899,.T.);
#14899 = EDGE_CURVE('',#1594,#7800,#14900,.T.);
#14900 = LINE('',#14901,#14902);
#14901 = CARTESIAN_POINT('',(47.135308,-41.317644,-4.6E-02));
#14902 = VECTOR('',#14903,1.);
#14903 = DIRECTION('',(0.,0.,1.));
#14904 = ORIENTED_EDGE('',*,*,#7799,.F.);
#14905 = ORIENTED_EDGE('',*,*,#14899,.F.);
#14906 = CYLINDRICAL_SURFACE('',#14907,1.525);
#14907 = AXIS2_PLACEMENT_3D('',#14908,#14909,#14910);
#14908 = CARTESIAN_POINT('',(47.135308,-39.792644,-4.6E-02));
#14909 = DIRECTION('',(-0.,-0.,-1.));
#14910 = DIRECTION('',(-0.,-1.,0.));
#14911 = ADVANCED_FACE('',(#14912),#14923,.F.);
#14912 = FACE_BOUND('',#14913,.T.);
#14913 = EDGE_LOOP('',(#14914,#14915,#14921,#14922));
#14914 = ORIENTED_EDGE('',*,*,#1604,.T.);
#14915 = ORIENTED_EDGE('',*,*,#14916,.T.);
#14916 = EDGE_CURVE('',#1605,#7811,#14917,.T.);
#14917 = LINE('',#14918,#14919);
#14918 = CARTESIAN_POINT('',(58.132675,-37.952689,-4.6E-02));
#14919 = VECTOR('',#14920,1.);
#14920 = DIRECTION('',(0.,0.,1.));
#14921 = ORIENTED_EDGE('',*,*,#7810,.F.);
#14922 = ORIENTED_EDGE('',*,*,#14916,.F.);
#14923 = CYLINDRICAL_SURFACE('',#14924,0.95);
#14924 = AXIS2_PLACEMENT_3D('',#14925,#14926,#14927);
#14925 = CARTESIAN_POINT('',(58.132675,-37.002689,-4.6E-02));
#14926 = DIRECTION('',(-0.,-0.,-1.));
#14927 = DIRECTION('',(-7.479397218527E-15,-1.,0.));
#14928 = ADVANCED_FACE('',(#14929),#14940,.F.);
#14929 = FACE_BOUND('',#14930,.T.);
#14930 = EDGE_LOOP('',(#14931,#14932,#14938,#14939));
#14931 = ORIENTED_EDGE('',*,*,#1615,.T.);
#14932 = ORIENTED_EDGE('',*,*,#14933,.T.);
#14933 = EDGE_CURVE('',#1616,#7822,#14934,.T.);
#14934 = LINE('',#14935,#14936);
#14935 = CARTESIAN_POINT('',(45.860667,-32.450695,-4.6E-02));
#14936 = VECTOR('',#14937,1.);
#14937 = DIRECTION('',(0.,0.,1.));
#14938 = ORIENTED_EDGE('',*,*,#7821,.F.);
#14939 = ORIENTED_EDGE('',*,*,#14933,.F.);
#14940 = CYLINDRICAL_SURFACE('',#14941,0.4);
#14941 = AXIS2_PLACEMENT_3D('',#14942,#14943,#14944);
#14942 = CARTESIAN_POINT('',(45.860667,-32.050695,-4.6E-02));
#14943 = DIRECTION('',(-0.,-0.,-1.));
#14944 = DIRECTION('',(-0.,-1.,0.));
#14945 = ADVANCED_FACE('',(#14946),#14957,.F.);
#14946 = FACE_BOUND('',#14947,.T.);
#14947 = EDGE_LOOP('',(#14948,#14949,#14955,#14956));
#14948 = ORIENTED_EDGE('',*,*,#1626,.T.);
#14949 = ORIENTED_EDGE('',*,*,#14950,.T.);
#14950 = EDGE_CURVE('',#1627,#7833,#14951,.T.);
#14951 = LINE('',#14952,#14953);
#14952 = CARTESIAN_POINT('',(74.925923,-38.100407,-4.6E-02));
#14953 = VECTOR('',#14954,1.);
#14954 = DIRECTION('',(0.,0.,1.));
#14955 = ORIENTED_EDGE('',*,*,#7832,.F.);
#14956 = ORIENTED_EDGE('',*,*,#14950,.F.);
#14957 = CYLINDRICAL_SURFACE('',#14958,0.4);
#14958 = AXIS2_PLACEMENT_3D('',#14959,#14960,#14961);
#14959 = CARTESIAN_POINT('',(74.925923,-37.700407,-4.6E-02));
#14960 = DIRECTION('',(-0.,-0.,-1.));
#14961 = DIRECTION('',(-3.552713678801E-14,-1.,0.));
#14962 = ADVANCED_FACE('',(#14963),#14974,.F.);
#14963 = FACE_BOUND('',#14964,.T.);
#14964 = EDGE_LOOP('',(#14965,#14966,#14972,#14973));
#14965 = ORIENTED_EDGE('',*,*,#1637,.T.);
#14966 = ORIENTED_EDGE('',*,*,#14967,.T.);
#14967 = EDGE_CURVE('',#1638,#7844,#14968,.T.);
#14968 = LINE('',#14969,#14970);
#14969 = CARTESIAN_POINT('',(62.988887,-36.945596,-4.6E-02));
#14970 = VECTOR('',#14971,1.);
#14971 = DIRECTION('',(0.,0.,1.));
#14972 = ORIENTED_EDGE('',*,*,#7843,.F.);
#14973 = ORIENTED_EDGE('',*,*,#14967,.F.);
#14974 = CYLINDRICAL_SURFACE('',#14975,2.525);
#14975 = AXIS2_PLACEMENT_3D('',#14976,#14977,#14978);
#14976 = CARTESIAN_POINT('',(62.988887,-34.420596,-4.6E-02));
#14977 = DIRECTION('',(-0.,-0.,-1.));
#14978 = DIRECTION('',(-0.,-1.,0.));
#14979 = ADVANCED_FACE('',(#14980),#14991,.F.);
#14980 = FACE_BOUND('',#14981,.T.);
#14981 = EDGE_LOOP('',(#14982,#14983,#14989,#14990));
#14982 = ORIENTED_EDGE('',*,*,#1648,.T.);
#14983 = ORIENTED_EDGE('',*,*,#14984,.T.);
#14984 = EDGE_CURVE('',#1649,#7855,#14985,.T.);
#14985 = LINE('',#14986,#14987);
#14986 = CARTESIAN_POINT('',(67.845099,-32.788503,-4.6E-02));
#14987 = VECTOR('',#14988,1.);
#14988 = DIRECTION('',(0.,0.,1.));
#14989 = ORIENTED_EDGE('',*,*,#7854,.F.);
#14990 = ORIENTED_EDGE('',*,*,#14984,.F.);
#14991 = CYLINDRICAL_SURFACE('',#14992,0.95);
#14992 = AXIS2_PLACEMENT_3D('',#14993,#14994,#14995);
#14993 = CARTESIAN_POINT('',(67.845099,-31.838503,-4.6E-02));
#14994 = DIRECTION('',(-0.,-0.,-1.));
#14995 = DIRECTION('',(-0.,-1.,0.));
#14996 = ADVANCED_FACE('',(#14997),#15008,.F.);
#14997 = FACE_BOUND('',#14998,.T.);
#14998 = EDGE_LOOP('',(#14999,#15000,#15006,#15007));
#14999 = ORIENTED_EDGE('',*,*,#1659,.T.);
#15000 = ORIENTED_EDGE('',*,*,#15001,.T.);
#15001 = EDGE_CURVE('',#1660,#7866,#15002,.T.);
#15002 = LINE('',#15003,#15004);
#15003 = CARTESIAN_POINT('',(78.85691,-33.888211,-4.6E-02));
#15004 = VECTOR('',#15005,1.);
#15005 = DIRECTION('',(0.,0.,1.));
#15006 = ORIENTED_EDGE('',*,*,#7865,.F.);
#15007 = ORIENTED_EDGE('',*,*,#15001,.F.);
#15008 = CYLINDRICAL_SURFACE('',#15009,0.8);
#15009 = AXIS2_PLACEMENT_3D('',#15010,#15011,#15012);
#15010 = CARTESIAN_POINT('',(78.85691,-33.088211,-4.6E-02));
#15011 = DIRECTION('',(-0.,-0.,-1.));
#15012 = DIRECTION('',(-0.,-1.,0.));
#15013 = ADVANCED_FACE('',(#15014),#15025,.F.);
#15014 = FACE_BOUND('',#15015,.T.);
#15015 = EDGE_LOOP('',(#15016,#15017,#15023,#15024));
#15016 = ORIENTED_EDGE('',*,*,#1670,.T.);
#15017 = ORIENTED_EDGE('',*,*,#15018,.T.);
#15018 = EDGE_CURVE('',#1671,#7877,#15019,.T.);
#15019 = LINE('',#15020,#15021);
#15020 = CARTESIAN_POINT('',(71.348552,-31.372345,-4.6E-02));
#15021 = VECTOR('',#15022,1.);
#15022 = DIRECTION('',(0.,0.,1.));
#15023 = ORIENTED_EDGE('',*,*,#7876,.F.);
#15024 = ORIENTED_EDGE('',*,*,#15018,.F.);
#15025 = CYLINDRICAL_SURFACE('',#15026,0.4);
#15026 = AXIS2_PLACEMENT_3D('',#15027,#15028,#15029);
#15027 = CARTESIAN_POINT('',(71.348552,-30.972345,-4.6E-02));
#15028 = DIRECTION('',(-0.,-0.,-1.));
#15029 = DIRECTION('',(-3.552713678801E-14,-1.,0.));
#15030 = ADVANCED_FACE('',(#15031),#15042,.F.);
#15031 = FACE_BOUND('',#15032,.T.);
#15032 = EDGE_LOOP('',(#15033,#15034,#15040,#15041));
#15033 = ORIENTED_EDGE('',*,*,#1681,.T.);
#15034 = ORIENTED_EDGE('',*,*,#15035,.T.);
#15035 = EDGE_CURVE('',#1682,#7888,#15036,.T.);
#15036 = LINE('',#15037,#15038);
#15037 = CARTESIAN_POINT('',(40.962627,-26.613435,-4.6E-02));
#15038 = VECTOR('',#15039,1.);
#15039 = DIRECTION('',(0.,0.,1.));
#15040 = ORIENTED_EDGE('',*,*,#7887,.F.);
#15041 = ORIENTED_EDGE('',*,*,#15035,.F.);
#15042 = CYLINDRICAL_SURFACE('',#15043,0.4);
#15043 = AXIS2_PLACEMENT_3D('',#15044,#15045,#15046);
#15044 = CARTESIAN_POINT('',(40.962627,-26.213435,-4.6E-02));
#15045 = DIRECTION('',(-0.,-0.,-1.));
#15046 = DIRECTION('',(-0.,-1.,0.));
#15047 = ADVANCED_FACE('',(#15048),#15059,.F.);
#15048 = FACE_BOUND('',#15049,.T.);
#15049 = EDGE_LOOP('',(#15050,#15051,#15057,#15058));
#15050 = ORIENTED_EDGE('',*,*,#1692,.T.);
#15051 = ORIENTED_EDGE('',*,*,#15052,.T.);
#15052 = EDGE_CURVE('',#1693,#7899,#15053,.T.);
#15053 = LINE('',#15054,#15055);
#15054 = CARTESIAN_POINT('',(46.137966,-23.452514,-4.6E-02));
#15055 = VECTOR('',#15056,1.);
#15056 = DIRECTION('',(0.,0.,1.));
#15057 = ORIENTED_EDGE('',*,*,#7898,.F.);
#15058 = ORIENTED_EDGE('',*,*,#15052,.F.);
#15059 = CYLINDRICAL_SURFACE('',#15060,0.8);
#15060 = AXIS2_PLACEMENT_3D('',#15061,#15062,#15063);
#15061 = CARTESIAN_POINT('',(46.137966,-22.652514,-4.6E-02));
#15062 = DIRECTION('',(-0.,-0.,-1.));
#15063 = DIRECTION('',(-8.881784197001E-15,-1.,0.));
#15064 = ADVANCED_FACE('',(#15065),#15076,.F.);
#15065 = FACE_BOUND('',#15066,.T.);
#15066 = EDGE_LOOP('',(#15067,#15068,#15074,#15075));
#15067 = ORIENTED_EDGE('',*,*,#1703,.T.);
#15068 = ORIENTED_EDGE('',*,*,#15069,.T.);
#15069 = EDGE_CURVE('',#1704,#7910,#15070,.T.);
#15070 = LINE('',#15071,#15072);
#15071 = CARTESIAN_POINT('',(60.219006,-30.736205,-4.6E-02));
#15072 = VECTOR('',#15073,1.);
#15073 = DIRECTION('',(0.,0.,1.));
#15074 = ORIENTED_EDGE('',*,*,#7909,.F.);
#15075 = ORIENTED_EDGE('',*,*,#15069,.F.);
#15076 = CYLINDRICAL_SURFACE('',#15077,1.525);
#15077 = AXIS2_PLACEMENT_3D('',#15078,#15079,#15080);
#15078 = CARTESIAN_POINT('',(60.219006,-29.211205,-4.6E-02));
#15079 = DIRECTION('',(-0.,-0.,-1.));
#15080 = DIRECTION('',(-0.,-1.,0.));
#15081 = ADVANCED_FACE('',(#15082),#15093,.F.);
#15082 = FACE_BOUND('',#15083,.T.);
#15083 = EDGE_LOOP('',(#15084,#15085,#15091,#15092));
#15084 = ORIENTED_EDGE('',*,*,#1714,.T.);
#15085 = ORIENTED_EDGE('',*,*,#15086,.T.);
#15086 = EDGE_CURVE('',#1715,#7921,#15087,.T.);
#15087 = LINE('',#15088,#15089);
#15088 = CARTESIAN_POINT('',(65.619634,-30.243038,-4.6E-02));
#15089 = VECTOR('',#15090,1.);
#15090 = DIRECTION('',(0.,0.,1.));
#15091 = ORIENTED_EDGE('',*,*,#7920,.F.);
#15092 = ORIENTED_EDGE('',*,*,#15086,.F.);
#15093 = CYLINDRICAL_SURFACE('',#15094,1.525);
#15094 = AXIS2_PLACEMENT_3D('',#15095,#15096,#15097);
#15095 = CARTESIAN_POINT('',(65.619634,-28.718038,-4.6E-02));
#15096 = DIRECTION('',(-0.,0.,-1.));
#15097 = DIRECTION('',(9.31859325587E-15,-1.,-0.));
#15098 = ADVANCED_FACE('',(#15099),#15110,.F.);
#15099 = FACE_BOUND('',#15100,.T.);
#15100 = EDGE_LOOP('',(#15101,#15102,#15108,#15109));
#15101 = ORIENTED_EDGE('',*,*,#1725,.T.);
#15102 = ORIENTED_EDGE('',*,*,#15103,.T.);
#15103 = EDGE_CURVE('',#1726,#7932,#15104,.T.);
#15104 = LINE('',#15105,#15106);
#15105 = CARTESIAN_POINT('',(76.956746,-29.225532,-4.6E-02));
#15106 = VECTOR('',#15107,1.);
#15107 = DIRECTION('',(0.,0.,1.));
#15108 = ORIENTED_EDGE('',*,*,#7931,.F.);
#15109 = ORIENTED_EDGE('',*,*,#15103,.F.);
#15110 = CYLINDRICAL_SURFACE('',#15111,0.95);
#15111 = AXIS2_PLACEMENT_3D('',#15112,#15113,#15114);
#15112 = CARTESIAN_POINT('',(76.956746,-28.275532,-4.6E-02));
#15113 = DIRECTION('',(-0.,-0.,-1.));
#15114 = DIRECTION('',(-1.495879443705E-14,-1.,0.));
#15115 = ADVANCED_FACE('',(#15116),#15127,.F.);
#15116 = FACE_BOUND('',#15117,.T.);
#15117 = EDGE_LOOP('',(#15118,#15119,#15125,#15126));
#15118 = ORIENTED_EDGE('',*,*,#1736,.T.);
#15119 = ORIENTED_EDGE('',*,*,#15120,.T.);
#15120 = EDGE_CURVE('',#1737,#7943,#15121,.T.);
#15121 = LINE('',#15122,#15123);
#15122 = CARTESIAN_POINT('',(60.519013,-22.413818,-4.6E-02));
#15123 = VECTOR('',#15124,1.);
#15124 = DIRECTION('',(0.,0.,1.));
#15125 = ORIENTED_EDGE('',*,*,#7942,.F.);
#15126 = ORIENTED_EDGE('',*,*,#15120,.F.);
#15127 = CYLINDRICAL_SURFACE('',#15128,0.4);
#15128 = AXIS2_PLACEMENT_3D('',#15129,#15130,#15131);
#15129 = CARTESIAN_POINT('',(60.519013,-22.013818,-4.6E-02));
#15130 = DIRECTION('',(-0.,-0.,-1.));
#15131 = DIRECTION('',(-0.,-1.,0.));
#15132 = ADVANCED_FACE('',(#15133),#15144,.F.);
#15133 = FACE_BOUND('',#15134,.T.);
#15134 = EDGE_LOOP('',(#15135,#15136,#15142,#15143));
#15135 = ORIENTED_EDGE('',*,*,#1747,.T.);
#15136 = ORIENTED_EDGE('',*,*,#15137,.T.);
#15137 = EDGE_CURVE('',#1748,#7954,#15138,.T.);
#15138 = LINE('',#15139,#15140);
#15139 = CARTESIAN_POINT('',(19.050001,-4.370127,-4.6E-02));
#15140 = VECTOR('',#15141,1.);
#15141 = DIRECTION('',(0.,0.,1.));
#15142 = ORIENTED_EDGE('',*,*,#7953,.F.);
#15143 = ORIENTED_EDGE('',*,*,#15137,.F.);
#15144 = CYLINDRICAL_SURFACE('',#15145,1.1);
#15145 = AXIS2_PLACEMENT_3D('',#15146,#15147,#15148);
#15146 = CARTESIAN_POINT('',(19.050001,-3.270127,-4.6E-02));
#15147 = DIRECTION('',(-0.,-0.,-1.));
#15148 = DIRECTION('',(-0.,-1.,0.));
#15149 = ADVANCED_FACE('',(#15150),#15161,.F.);
#15150 = FACE_BOUND('',#15151,.T.);
#15151 = EDGE_LOOP('',(#15152,#15153,#15159,#15160));
#15152 = ORIENTED_EDGE('',*,*,#1758,.T.);
#15153 = ORIENTED_EDGE('',*,*,#15154,.T.);
#15154 = EDGE_CURVE('',#1759,#7965,#15155,.T.);
#15155 = LINE('',#15156,#15157);
#15156 = CARTESIAN_POINT('',(44.237802,-18.789835,-4.6E-02));
#15157 = VECTOR('',#15158,1.);
#15158 = DIRECTION('',(0.,0.,1.));
#15159 = ORIENTED_EDGE('',*,*,#7964,.F.);
#15160 = ORIENTED_EDGE('',*,*,#15154,.F.);
#15161 = CYLINDRICAL_SURFACE('',#15162,0.95);
#15162 = AXIS2_PLACEMENT_3D('',#15163,#15164,#15165);
#15163 = CARTESIAN_POINT('',(44.237802,-17.839835,-4.6E-02));
#15164 = DIRECTION('',(-0.,-0.,-1.));
#15165 = DIRECTION('',(-0.,-1.,0.));
#15166 = ADVANCED_FACE('',(#15167),#15178,.F.);
#15167 = FACE_BOUND('',#15168,.T.);
#15168 = EDGE_LOOP('',(#15169,#15170,#15176,#15177));
#15169 = ORIENTED_EDGE('',*,*,#1769,.T.);
#15170 = ORIENTED_EDGE('',*,*,#15171,.T.);
#15171 = EDGE_CURVE('',#1770,#7976,#15172,.T.);
#15172 = LINE('',#15173,#15174);
#15173 = CARTESIAN_POINT('',(49.524741,-18.84883,-4.6E-02));
#15174 = VECTOR('',#15175,1.);
#15175 = DIRECTION('',(0.,0.,1.));
#15176 = ORIENTED_EDGE('',*,*,#7975,.F.);
#15177 = ORIENTED_EDGE('',*,*,#15171,.F.);
#15178 = CYLINDRICAL_SURFACE('',#15179,2.525);
#15179 = AXIS2_PLACEMENT_3D('',#15180,#15181,#15182);
#15180 = CARTESIAN_POINT('',(49.524741,-16.32383,-4.6E-02));
#15181 = DIRECTION('',(-0.,-0.,-1.));
#15182 = DIRECTION('',(-0.,-1.,0.));
#15183 = ADVANCED_FACE('',(#15184),#15195,.F.);
#15184 = FACE_BOUND('',#15185,.T.);
#15185 = EDGE_LOOP('',(#15186,#15187,#15193,#15194));
#15186 = ORIENTED_EDGE('',*,*,#1780,.T.);
#15187 = ORIENTED_EDGE('',*,*,#15188,.T.);
#15188 = EDGE_CURVE('',#1781,#7987,#15189,.T.);
#15189 = LINE('',#15190,#15191);
#15190 = CARTESIAN_POINT('',(47.898481,-12.177386,-4.6E-02));
#15191 = VECTOR('',#15192,1.);
#15192 = DIRECTION('',(0.,0.,1.));
#15193 = ORIENTED_EDGE('',*,*,#7986,.F.);
#15194 = ORIENTED_EDGE('',*,*,#15188,.F.);
#15195 = CYLINDRICAL_SURFACE('',#15196,1.525);
#15196 = AXIS2_PLACEMENT_3D('',#15197,#15198,#15199);
#15197 = CARTESIAN_POINT('',(47.898481,-10.652386,-4.6E-02));
#15198 = DIRECTION('',(-0.,-0.,-1.));
#15199 = DIRECTION('',(-4.659296627935E-15,-1.,0.));
#15200 = ADVANCED_FACE('',(#15201),#15212,.F.);
#15201 = FACE_BOUND('',#15202,.T.);
#15202 = EDGE_LOOP('',(#15203,#15204,#15210,#15211));
#15203 = ORIENTED_EDGE('',*,*,#1791,.T.);
#15204 = ORIENTED_EDGE('',*,*,#15205,.T.);
#15205 = EDGE_CURVE('',#1792,#7998,#15206,.T.);
#15206 = LINE('',#15207,#15208);
#15207 = CARTESIAN_POINT('',(54.81168,-15.757825,-4.6E-02));
#15208 = VECTOR('',#15209,1.);
#15209 = DIRECTION('',(0.,0.,1.));
#15210 = ORIENTED_EDGE('',*,*,#7997,.F.);
#15211 = ORIENTED_EDGE('',*,*,#15205,.F.);
#15212 = CYLINDRICAL_SURFACE('',#15213,0.95);
#15213 = AXIS2_PLACEMENT_3D('',#15214,#15215,#15216);
#15214 = CARTESIAN_POINT('',(54.81168,-14.807825,-4.6E-02));
#15215 = DIRECTION('',(-0.,0.,-1.));
#15216 = DIRECTION('',(7.479397218527E-15,-1.,-0.));
#15217 = ADVANCED_FACE('',(#15218),#15229,.F.);
#15218 = FACE_BOUND('',#15219,.T.);
#15219 = EDGE_LOOP('',(#15220,#15221,#15227,#15228));
#15220 = ORIENTED_EDGE('',*,*,#1802,.T.);
#15221 = ORIENTED_EDGE('',*,*,#15222,.T.);
#15222 = EDGE_CURVE('',#1803,#8009,#15223,.T.);
#15223 = LINE('',#15224,#15225);
#15224 = CARTESIAN_POINT('',(58.418659,-15.089003,-4.6E-02));
#15225 = VECTOR('',#15226,1.);
#15226 = DIRECTION('',(0.,0.,1.));
#15227 = ORIENTED_EDGE('',*,*,#8008,.F.);
#15228 = ORIENTED_EDGE('',*,*,#15222,.F.);
#15229 = CYLINDRICAL_SURFACE('',#15230,0.4);
#15230 = AXIS2_PLACEMENT_3D('',#15231,#15232,#15233);
#15231 = CARTESIAN_POINT('',(58.418659,-14.689003,-4.6E-02));
#15232 = DIRECTION('',(-0.,-0.,-1.));
#15233 = DIRECTION('',(-0.,-1.,0.));
#15234 = ADVANCED_FACE('',(#15235),#15246,.F.);
#15235 = FACE_BOUND('',#15236,.T.);
#15236 = EDGE_LOOP('',(#15237,#15238,#15244,#15245));
#15237 = ORIENTED_EDGE('',*,*,#1813,.T.);
#15238 = ORIENTED_EDGE('',*,*,#15239,.T.);
#15239 = EDGE_CURVE('',#1814,#8020,#15240,.T.);
#15240 = LINE('',#15241,#15242);
#15241 = CARTESIAN_POINT('',(53.283628,-12.817849,-4.6E-02));
#15242 = VECTOR('',#15243,1.);
#15243 = DIRECTION('',(0.,0.,1.));
#15244 = ORIENTED_EDGE('',*,*,#8019,.F.);
#15245 = ORIENTED_EDGE('',*,*,#15239,.F.);
#15246 = CYLINDRICAL_SURFACE('',#15247,1.525);
#15247 = AXIS2_PLACEMENT_3D('',#15248,#15249,#15250);
#15248 = CARTESIAN_POINT('',(53.283628,-11.292849,-4.6E-02));
#15249 = DIRECTION('',(-0.,-0.,-1.));
#15250 = DIRECTION('',(-0.,-1.,0.));
#15251 = ADVANCED_FACE('',(#15252),#15263,.F.);
#15252 = FACE_BOUND('',#15253,.T.);
#15253 = EDGE_LOOP('',(#15254,#15255,#15261,#15262));
#15254 = ORIENTED_EDGE('',*,*,#1824,.T.);
#15255 = ORIENTED_EDGE('',*,*,#15256,.T.);
#15256 = EDGE_CURVE('',#1825,#8031,#15257,.T.);
#15257 = LINE('',#15258,#15259);
#15258 = CARTESIAN_POINT('',(63.137278,-13.623613,-4.6E-02));
#15259 = VECTOR('',#15260,1.);
#15260 = DIRECTION('',(0.,0.,1.));
#15261 = ORIENTED_EDGE('',*,*,#8030,.F.);
#15262 = ORIENTED_EDGE('',*,*,#15256,.F.);
#15263 = CYLINDRICAL_SURFACE('',#15264,0.8);
#15264 = AXIS2_PLACEMENT_3D('',#15265,#15266,#15267);
#15265 = CARTESIAN_POINT('',(63.137278,-12.823613,-4.6E-02));
#15266 = DIRECTION('',(-0.,0.,-1.));
#15267 = DIRECTION('',(8.881784197001E-15,-1.,-0.));
#15268 = ADVANCED_FACE('',(#15269),#15280,.F.);
#15269 = FACE_BOUND('',#15270,.T.);
#15270 = EDGE_LOOP('',(#15271,#15272,#15278,#15279));
#15271 = ORIENTED_EDGE('',*,*,#1835,.T.);
#15272 = ORIENTED_EDGE('',*,*,#15273,.T.);
#15273 = EDGE_CURVE('',#1836,#8042,#15274,.T.);
#15274 = LINE('',#15275,#15276);
#15275 = CARTESIAN_POINT('',(77.518326,-12.584918,-4.6E-02));
#15276 = VECTOR('',#15277,1.);
#15277 = DIRECTION('',(0.,0.,1.));
#15278 = ORIENTED_EDGE('',*,*,#8041,.F.);
#15279 = ORIENTED_EDGE('',*,*,#15273,.F.);
#15280 = CYLINDRICAL_SURFACE('',#15281,0.4);
#15281 = AXIS2_PLACEMENT_3D('',#15282,#15283,#15284);
#15282 = CARTESIAN_POINT('',(77.518326,-12.184918,-4.6E-02));
#15283 = DIRECTION('',(-0.,-0.,-1.));
#15284 = DIRECTION('',(-0.,-1.,0.));
#15285 = ADVANCED_FACE('',(#15286),#15297,.F.);
#15286 = FACE_BOUND('',#15287,.T.);
#15287 = EDGE_LOOP('',(#15288,#15289,#15295,#15296));
#15288 = ORIENTED_EDGE('',*,*,#1846,.T.);
#15289 = ORIENTED_EDGE('',*,*,#15290,.T.);
#15290 = EDGE_CURVE('',#1847,#8053,#15291,.T.);
#15291 = LINE('',#15292,#15293);
#15292 = CARTESIAN_POINT('',(40.887074,-5.140479,-4.6E-02));
#15293 = VECTOR('',#15294,1.);
#15294 = DIRECTION('',(0.,0.,1.));
#15295 = ORIENTED_EDGE('',*,*,#8052,.F.);
#15296 = ORIENTED_EDGE('',*,*,#15290,.F.);
#15297 = CYLINDRICAL_SURFACE('',#15298,0.8);
#15298 = AXIS2_PLACEMENT_3D('',#15299,#15300,#15301);
#15299 = CARTESIAN_POINT('',(40.887074,-4.340479,-4.6E-02));
#15300 = DIRECTION('',(-0.,-0.,-1.));
#15301 = DIRECTION('',(-0.,-1.,0.));
#15302 = ADVANCED_FACE('',(#15303),#15314,.F.);
#15303 = FACE_BOUND('',#15304,.T.);
#15304 = EDGE_LOOP('',(#15305,#15306,#15312,#15313));
#15305 = ORIENTED_EDGE('',*,*,#1857,.T.);
#15306 = ORIENTED_EDGE('',*,*,#15307,.T.);
#15307 = EDGE_CURVE('',#1858,#8064,#15308,.T.);
#15308 = LINE('',#15309,#15310);
#15309 = CARTESIAN_POINT('',(55.268122,-4.101782,-4.6E-02));
#15310 = VECTOR('',#15311,1.);
#15311 = DIRECTION('',(0.,0.,1.));
#15312 = ORIENTED_EDGE('',*,*,#8063,.F.);
#15313 = ORIENTED_EDGE('',*,*,#15307,.F.);
#15314 = CYLINDRICAL_SURFACE('',#15315,0.4);
#15315 = AXIS2_PLACEMENT_3D('',#15316,#15317,#15318);
#15316 = CARTESIAN_POINT('',(55.268122,-3.701782,-4.6E-02));
#15317 = DIRECTION('',(-0.,-0.,-1.));
#15318 = DIRECTION('',(-0.,-1.,0.));
#15319 = ADVANCED_FACE('',(#15320),#15331,.F.);
#15320 = FACE_BOUND('',#15321,.T.);
#15321 = EDGE_LOOP('',(#15322,#15323,#15329,#15330));
#15322 = ORIENTED_EDGE('',*,*,#1868,.T.);
#15323 = ORIENTED_EDGE('',*,*,#15324,.T.);
#15324 = EDGE_CURVE('',#1869,#8075,#15325,.T.);
#15325 = LINE('',#15326,#15327);
#15326 = CARTESIAN_POINT('',(61.237114,-8.960934,-4.6E-02));
#15327 = VECTOR('',#15328,1.);
#15328 = DIRECTION('',(0.,0.,1.));
#15329 = ORIENTED_EDGE('',*,*,#8074,.F.);
#15330 = ORIENTED_EDGE('',*,*,#15324,.F.);
#15331 = CYLINDRICAL_SURFACE('',#15332,0.95);
#15332 = AXIS2_PLACEMENT_3D('',#15333,#15334,#15335);
#15333 = CARTESIAN_POINT('',(61.237114,-8.010934,-4.6E-02));
#15334 = DIRECTION('',(-0.,-0.,-1.));
#15335 = DIRECTION('',(-7.479397218527E-15,-1.,0.));
#15336 = ADVANCED_FACE('',(#15337),#15348,.F.);
#15337 = FACE_BOUND('',#15338,.T.);
#15338 = EDGE_LOOP('',(#15339,#15340,#15346,#15347));
#15339 = ORIENTED_EDGE('',*,*,#1879,.T.);
#15340 = ORIENTED_EDGE('',*,*,#15341,.T.);
#15341 = EDGE_CURVE('',#1880,#8086,#15342,.T.);
#15342 = LINE('',#15343,#15344);
#15343 = CARTESIAN_POINT('',(66.524053,-9.019929,-4.6E-02));
#15344 = VECTOR('',#15345,1.);
#15345 = DIRECTION('',(0.,0.,1.));
#15346 = ORIENTED_EDGE('',*,*,#8085,.F.);
#15347 = ORIENTED_EDGE('',*,*,#15341,.F.);
#15348 = CYLINDRICAL_SURFACE('',#15349,2.525);
#15349 = AXIS2_PLACEMENT_3D('',#15350,#15351,#15352);
#15350 = CARTESIAN_POINT('',(66.524053,-6.494929,-4.6E-02));
#15351 = DIRECTION('',(-0.,-0.,-1.));
#15352 = DIRECTION('',(-5.628061273347E-15,-1.,0.));
#15353 = ADVANCED_FACE('',(#15354),#15365,.F.);
#15354 = FACE_BOUND('',#15355,.T.);
#15355 = EDGE_LOOP('',(#15356,#15357,#15363,#15364));
#15356 = ORIENTED_EDGE('',*,*,#1890,.T.);
#15357 = ORIENTED_EDGE('',*,*,#15358,.T.);
#15358 = EDGE_CURVE('',#1891,#8097,#15359,.T.);
#15359 = LINE('',#15360,#15361);
#15360 = CARTESIAN_POINT('',(64.897793,-2.348485,-4.6E-02));
#15361 = VECTOR('',#15362,1.);
#15362 = DIRECTION('',(0.,0.,1.));
#15363 = ORIENTED_EDGE('',*,*,#8096,.F.);
#15364 = ORIENTED_EDGE('',*,*,#15358,.F.);
#15365 = CYLINDRICAL_SURFACE('',#15366,1.525);
#15366 = AXIS2_PLACEMENT_3D('',#15367,#15368,#15369);
#15367 = CARTESIAN_POINT('',(64.897793,-0.823485,-4.6E-02));
#15368 = DIRECTION('',(-0.,-0.,-1.));
#15369 = DIRECTION('',(-9.31859325587E-15,-1.,0.));
#15370 = ADVANCED_FACE('',(#15371),#15382,.F.);
#15371 = FACE_BOUND('',#15372,.T.);
#15372 = EDGE_LOOP('',(#15373,#15374,#15380,#15381));
#15373 = ORIENTED_EDGE('',*,*,#1901,.T.);
#15374 = ORIENTED_EDGE('',*,*,#15375,.T.);
#15375 = EDGE_CURVE('',#1902,#8108,#15376,.T.);
#15376 = LINE('',#15377,#15378);
#15377 = CARTESIAN_POINT('',(71.810992,-5.928924,-4.6E-02));
#15378 = VECTOR('',#15379,1.);
#15379 = DIRECTION('',(0.,0.,1.));
#15380 = ORIENTED_EDGE('',*,*,#8107,.F.);
#15381 = ORIENTED_EDGE('',*,*,#15375,.F.);
#15382 = CYLINDRICAL_SURFACE('',#15383,0.95);
#15383 = AXIS2_PLACEMENT_3D('',#15384,#15385,#15386);
#15384 = CARTESIAN_POINT('',(71.810992,-4.978924,-4.6E-02));
#15385 = DIRECTION('',(-0.,-0.,-1.));
#15386 = DIRECTION('',(-0.,-1.,0.));
#15387 = ADVANCED_FACE('',(#15388),#15399,.F.);
#15388 = FACE_BOUND('',#15389,.T.);
#15389 = EDGE_LOOP('',(#15390,#15391,#15397,#15398));
#15390 = ORIENTED_EDGE('',*,*,#1912,.T.);
#15391 = ORIENTED_EDGE('',*,*,#15392,.T.);
#15392 = EDGE_CURVE('',#1913,#8119,#15393,.T.);
#15393 = LINE('',#15394,#15395);
#15394 = CARTESIAN_POINT('',(75.417972,-5.260103,-4.6E-02));
#15395 = VECTOR('',#15396,1.);
#15396 = DIRECTION('',(0.,0.,1.));
#15397 = ORIENTED_EDGE('',*,*,#8118,.F.);
#15398 = ORIENTED_EDGE('',*,*,#15392,.F.);
#15399 = CYLINDRICAL_SURFACE('',#15400,0.4);
#15400 = AXIS2_PLACEMENT_3D('',#15401,#15402,#15403);
#15401 = CARTESIAN_POINT('',(75.417972,-4.860103,-4.6E-02));
#15402 = DIRECTION('',(-0.,0.,-1.));
#15403 = DIRECTION('',(3.5527136788E-14,-1.,-0.));
#15404 = ADVANCED_FACE('',(#15405),#15416,.F.);
#15405 = FACE_BOUND('',#15406,.T.);
#15406 = EDGE_LOOP('',(#15407,#15408,#15414,#15415));
#15407 = ORIENTED_EDGE('',*,*,#1923,.T.);
#15408 = ORIENTED_EDGE('',*,*,#15409,.T.);
#15409 = EDGE_CURVE('',#1924,#8130,#15410,.T.);
#15410 = LINE('',#15411,#15412);
#15411 = CARTESIAN_POINT('',(70.28294,-2.988948,-4.6E-02));
#15412 = VECTOR('',#15413,1.);
#15413 = DIRECTION('',(0.,0.,1.));
#15414 = ORIENTED_EDGE('',*,*,#8129,.F.);
#15415 = ORIENTED_EDGE('',*,*,#15409,.F.);
#15416 = CYLINDRICAL_SURFACE('',#15417,1.525);
#15417 = AXIS2_PLACEMENT_3D('',#15418,#15419,#15420);
#15418 = CARTESIAN_POINT('',(70.28294,-1.463948,-4.6E-02));
#15419 = DIRECTION('',(-0.,-0.,-1.));
#15420 = DIRECTION('',(-0.,-1.,0.));
#15421 = ADVANCED_FACE('',(#15422),#15433,.F.);
#15422 = FACE_BOUND('',#15423,.T.);
#15423 = EDGE_LOOP('',(#15424,#15425,#15431,#15432));
#15424 = ORIENTED_EDGE('',*,*,#1934,.T.);
#15425 = ORIENTED_EDGE('',*,*,#15426,.T.);
#15426 = EDGE_CURVE('',#1935,#8141,#15427,.T.);
#15427 = LINE('',#15428,#15429);
#15428 = CARTESIAN_POINT('',(99.12869,-36.814803,-4.6E-02));
#15429 = VECTOR('',#15430,1.);
#15430 = DIRECTION('',(0.,0.,1.));
#15431 = ORIENTED_EDGE('',*,*,#8140,.F.);
#15432 = ORIENTED_EDGE('',*,*,#15426,.F.);
#15433 = CYLINDRICAL_SURFACE('',#15434,1.1);
#15434 = AXIS2_PLACEMENT_3D('',#15435,#15436,#15437);
#15435 = CARTESIAN_POINT('',(99.12869,-35.714803,-4.6E-02));
#15436 = DIRECTION('',(-0.,-0.,-1.));
#15437 = DIRECTION('',(-0.,-1.,0.));
#15438 = ADVANCED_FACE('',(#15439),#15450,.F.);
#15439 = FACE_BOUND('',#15440,.T.);
#15440 = EDGE_LOOP('',(#15441,#15442,#15448,#15449));
#15441 = ORIENTED_EDGE('',*,*,#1945,.T.);
#15442 = ORIENTED_EDGE('',*,*,#15443,.T.);
#15443 = EDGE_CURVE('',#1946,#8152,#15444,.T.);
#15444 = LINE('',#15445,#15446);
#15445 = CARTESIAN_POINT('',(93.237958,-32.849515,-4.6E-02));
#15446 = VECTOR('',#15447,1.);
#15447 = DIRECTION('',(0.,0.,1.));
#15448 = ORIENTED_EDGE('',*,*,#8151,.F.);
#15449 = ORIENTED_EDGE('',*,*,#15443,.F.);
#15450 = CYLINDRICAL_SURFACE('',#15451,0.4);
#15451 = AXIS2_PLACEMENT_3D('',#15452,#15453,#15454);
#15452 = CARTESIAN_POINT('',(93.237958,-32.449515,-4.6E-02));
#15453 = DIRECTION('',(-0.,0.,-1.));
#15454 = DIRECTION('',(3.5527136788E-14,-1.,-0.));
#15455 = ADVANCED_FACE('',(#15456),#15467,.F.);
#15456 = FACE_BOUND('',#15457,.T.);
#15457 = EDGE_LOOP('',(#15458,#15459,#15465,#15466));
#15458 = ORIENTED_EDGE('',*,*,#1956,.T.);
#15459 = ORIENTED_EDGE('',*,*,#15460,.T.);
#15460 = EDGE_CURVE('',#1957,#8163,#15461,.T.);
#15461 = LINE('',#15462,#15463);
#15462 = CARTESIAN_POINT('',(82.243685,-29.284527,-4.6E-02));
#15463 = VECTOR('',#15464,1.);
#15464 = DIRECTION('',(0.,0.,1.));
#15465 = ORIENTED_EDGE('',*,*,#8162,.F.);
#15466 = ORIENTED_EDGE('',*,*,#15460,.F.);
#15467 = CYLINDRICAL_SURFACE('',#15468,2.525);
#15468 = AXIS2_PLACEMENT_3D('',#15469,#15470,#15471);
#15469 = CARTESIAN_POINT('',(82.243685,-26.759527,-4.6E-02));
#15470 = DIRECTION('',(-0.,-0.,-1.));
#15471 = DIRECTION('',(-0.,-1.,0.));
#15472 = ADVANCED_FACE('',(#15473),#15484,.F.);
#15473 = FACE_BOUND('',#15474,.T.);
#15474 = EDGE_LOOP('',(#15475,#15476,#15482,#15483));
#15475 = ORIENTED_EDGE('',*,*,#1967,.T.);
#15476 = ORIENTED_EDGE('',*,*,#15477,.T.);
#15477 = EDGE_CURVE('',#1968,#8174,#15478,.T.);
#15478 = LINE('',#15479,#15480);
#15479 = CARTESIAN_POINT('',(87.530624,-26.193522,-4.6E-02));
#15480 = VECTOR('',#15481,1.);
#15481 = DIRECTION('',(0.,0.,1.));
#15482 = ORIENTED_EDGE('',*,*,#8173,.F.);
#15483 = ORIENTED_EDGE('',*,*,#15477,.F.);
#15484 = CYLINDRICAL_SURFACE('',#15485,0.95);
#15485 = AXIS2_PLACEMENT_3D('',#15486,#15487,#15488);
#15486 = CARTESIAN_POINT('',(87.530624,-25.243522,-4.6E-02));
#15487 = DIRECTION('',(-0.,-0.,-1.));
#15488 = DIRECTION('',(-0.,-1.,0.));
#15489 = ADVANCED_FACE('',(#15490),#15501,.F.);
#15490 = FACE_BOUND('',#15491,.T.);
#15491 = EDGE_LOOP('',(#15492,#15493,#15499,#15500));
#15492 = ORIENTED_EDGE('',*,*,#1978,.T.);
#15493 = ORIENTED_EDGE('',*,*,#15494,.T.);
#15494 = EDGE_CURVE('',#1979,#8185,#15495,.T.);
#15495 = LINE('',#15496,#15497);
#15496 = CARTESIAN_POINT('',(80.617425,-22.613083,-4.6E-02));
#15497 = VECTOR('',#15498,1.);
#15498 = DIRECTION('',(0.,0.,1.));
#15499 = ORIENTED_EDGE('',*,*,#8184,.F.);
#15500 = ORIENTED_EDGE('',*,*,#15494,.F.);
#15501 = CYLINDRICAL_SURFACE('',#15502,1.525);
#15502 = AXIS2_PLACEMENT_3D('',#15503,#15504,#15505);
#15503 = CARTESIAN_POINT('',(80.617425,-21.088083,-4.6E-02));
#15504 = DIRECTION('',(-0.,-0.,-1.));
#15505 = DIRECTION('',(-0.,-1.,0.));
#15506 = ADVANCED_FACE('',(#15507),#15518,.F.);
#15507 = FACE_BOUND('',#15508,.T.);
#15508 = EDGE_LOOP('',(#15509,#15510,#15516,#15517));
#15509 = ORIENTED_EDGE('',*,*,#1989,.T.);
#15510 = ORIENTED_EDGE('',*,*,#15511,.T.);
#15511 = EDGE_CURVE('',#1990,#8196,#15512,.T.);
#15512 = LINE('',#15513,#15514);
#15513 = CARTESIAN_POINT('',(86.002572,-23.253546,-4.6E-02));
#15514 = VECTOR('',#15515,1.);
#15515 = DIRECTION('',(0.,0.,1.));
#15516 = ORIENTED_EDGE('',*,*,#8195,.F.);
#15517 = ORIENTED_EDGE('',*,*,#15511,.F.);
#15518 = CYLINDRICAL_SURFACE('',#15519,1.525);
#15519 = AXIS2_PLACEMENT_3D('',#15520,#15521,#15522);
#15520 = CARTESIAN_POINT('',(86.002572,-21.728546,-4.6E-02));
#15521 = DIRECTION('',(-0.,-0.,-1.));
#15522 = DIRECTION('',(-0.,-1.,0.));
#15523 = ADVANCED_FACE('',(#15524),#15535,.F.);
#15524 = FACE_BOUND('',#15525,.T.);
#15525 = EDGE_LOOP('',(#15526,#15527,#15533,#15534));
#15526 = ORIENTED_EDGE('',*,*,#2000,.T.);
#15527 = ORIENTED_EDGE('',*,*,#15528,.T.);
#15528 = EDGE_CURVE('',#2001,#8207,#15529,.T.);
#15529 = LINE('',#15530,#15531);
#15530 = CARTESIAN_POINT('',(91.137604,-25.5247,-4.6E-02));
#15531 = VECTOR('',#15532,1.);
#15532 = DIRECTION('',(0.,0.,1.));
#15533 = ORIENTED_EDGE('',*,*,#8206,.F.);
#15534 = ORIENTED_EDGE('',*,*,#15528,.F.);
#15535 = CYLINDRICAL_SURFACE('',#15536,0.4);
#15536 = AXIS2_PLACEMENT_3D('',#15537,#15538,#15539);
#15537 = CARTESIAN_POINT('',(91.137604,-25.1247,-4.6E-02));
#15538 = DIRECTION('',(-0.,-0.,-1.));
#15539 = DIRECTION('',(-3.552713678801E-14,-1.,0.));
#15540 = ADVANCED_FACE('',(#15541),#15552,.F.);
#15541 = FACE_BOUND('',#15542,.T.);
#15542 = EDGE_LOOP('',(#15543,#15544,#15550,#15551));
#15543 = ORIENTED_EDGE('',*,*,#2011,.T.);
#15544 = ORIENTED_EDGE('',*,*,#15545,.T.);
#15545 = EDGE_CURVE('',#2012,#8218,#15546,.T.);
#15546 = LINE('',#15547,#15548);
#15547 = CARTESIAN_POINT('',(80.136591,-3.794713,-4.6E-02));
#15548 = VECTOR('',#15549,1.);
#15549 = DIRECTION('',(0.,0.,1.));
#15550 = ORIENTED_EDGE('',*,*,#8217,.F.);
#15551 = ORIENTED_EDGE('',*,*,#15545,.F.);
#15552 = CYLINDRICAL_SURFACE('',#15553,0.8);
#15553 = AXIS2_PLACEMENT_3D('',#15554,#15555,#15556);
#15554 = CARTESIAN_POINT('',(80.136591,-2.994713,-4.6E-02));
#15555 = DIRECTION('',(-0.,-0.,-1.));
#15556 = DIRECTION('',(-1.7763568394E-14,-1.,0.));
#15557 = ADVANCED_FACE('',(#15558),#15569,.F.);
#15558 = FACE_BOUND('',#15559,.T.);
#15559 = EDGE_LOOP('',(#15560,#15561,#15567,#15568));
#15560 = ORIENTED_EDGE('',*,*,#2022,.T.);
#15561 = ORIENTED_EDGE('',*,*,#15562,.T.);
#15562 = EDGE_CURVE('',#2023,#8229,#15563,.T.);
#15563 = LINE('',#15564,#15565);
#15564 = CARTESIAN_POINT('',(94.517639,-2.756017,-4.6E-02));
#15565 = VECTOR('',#15566,1.);
#15566 = DIRECTION('',(0.,0.,1.));
#15567 = ORIENTED_EDGE('',*,*,#8228,.F.);
#15568 = ORIENTED_EDGE('',*,*,#15562,.F.);
#15569 = CYLINDRICAL_SURFACE('',#15570,0.4);
#15570 = AXIS2_PLACEMENT_3D('',#15571,#15572,#15573);
#15571 = CARTESIAN_POINT('',(94.517639,-2.356017,-4.6E-02));
#15572 = DIRECTION('',(-0.,-0.,-1.));
#15573 = DIRECTION('',(-0.,-1.,0.));
#15574 = ADVANCED_FACE('',(#15575),#15586,.F.);
#15575 = FACE_BOUND('',#15576,.T.);
#15576 = EDGE_LOOP('',(#15577,#15578,#15584,#15585));
#15577 = ORIENTED_EDGE('',*,*,#2033,.T.);
#15578 = ORIENTED_EDGE('',*,*,#15579,.T.);
#15579 = EDGE_CURVE('',#2034,#8240,#15580,.T.);
#15580 = LINE('',#15581,#15582);
#15581 = CARTESIAN_POINT('',(99.761349,-3.12183,-4.6E-02));
#15582 = VECTOR('',#15583,1.);
#15583 = DIRECTION('',(0.,0.,1.));
#15584 = ORIENTED_EDGE('',*,*,#8239,.F.);
#15585 = ORIENTED_EDGE('',*,*,#15579,.F.);
#15586 = CYLINDRICAL_SURFACE('',#15587,0.8);
#15587 = AXIS2_PLACEMENT_3D('',#15588,#15589,#15590);
#15588 = CARTESIAN_POINT('',(99.761349,-2.32183,-4.6E-02));
#15589 = DIRECTION('',(-0.,-0.,-1.));
#15590 = DIRECTION('',(-0.,-1.,0.));
#15591 = ADVANCED_FACE('',(#15592),#15603,.F.);
#15592 = FACE_BOUND('',#15593,.T.);
#15593 = EDGE_LOOP('',(#15594,#15595,#15601,#15602));
#15594 = ORIENTED_EDGE('',*,*,#2044,.T.);
#15595 = ORIENTED_EDGE('',*,*,#15596,.T.);
#15596 = EDGE_CURVE('',#2045,#8251,#15597,.T.);
#15597 = LINE('',#15598,#15599);
#15598 = CARTESIAN_POINT('',(114.142396,-2.083135,-4.6E-02));
#15599 = VECTOR('',#15600,1.);
#15600 = DIRECTION('',(0.,0.,1.));
#15601 = ORIENTED_EDGE('',*,*,#8250,.F.);
#15602 = ORIENTED_EDGE('',*,*,#15596,.F.);
#15603 = CYLINDRICAL_SURFACE('',#15604,0.4);
#15604 = AXIS2_PLACEMENT_3D('',#15605,#15606,#15607);
#15605 = CARTESIAN_POINT('',(114.142396,-1.683135,-4.6E-02));
#15606 = DIRECTION('',(-0.,0.,-1.));
#15607 = DIRECTION('',(3.5527136788E-14,-1.,-0.));
#15608 = ADVANCED_FACE('',(#15609),#15620,.F.);
#15609 = FACE_BOUND('',#15610,.T.);
#15610 = EDGE_LOOP('',(#15611,#15612,#15618,#15619));
#15611 = ORIENTED_EDGE('',*,*,#2055,.T.);
#15612 = ORIENTED_EDGE('',*,*,#15613,.T.);
#15613 = EDGE_CURVE('',#2056,#8262,#15614,.T.);
#15614 = LINE('',#15615,#15616);
#15615 = CARTESIAN_POINT('',(119.375718,-2.814813,-4.6E-02));
#15616 = VECTOR('',#15617,1.);
#15617 = DIRECTION('',(0.,0.,1.));
#15618 = ORIENTED_EDGE('',*,*,#8261,.F.);
#15619 = ORIENTED_EDGE('',*,*,#15613,.F.);
#15620 = CYLINDRICAL_SURFACE('',#15621,0.8);
#15621 = AXIS2_PLACEMENT_3D('',#15622,#15623,#15624);
#15622 = CARTESIAN_POINT('',(119.375718,-2.014813,-4.6E-02));
#15623 = DIRECTION('',(-0.,-0.,-1.));
#15624 = DIRECTION('',(-0.,-1.,0.));
#15625 = ADVANCED_FACE('',(#15626),#15637,.F.);
#15626 = FACE_BOUND('',#15627,.T.);
#15627 = EDGE_LOOP('',(#15628,#15629,#15635,#15636));
#15628 = ORIENTED_EDGE('',*,*,#2066,.T.);
#15629 = ORIENTED_EDGE('',*,*,#15630,.T.);
#15630 = EDGE_CURVE('',#2067,#8273,#15631,.T.);
#15631 = LINE('',#15632,#15633);
#15632 = CARTESIAN_POINT('',(133.766288,-2.780845,-4.6E-02));
#15633 = VECTOR('',#15634,1.);
#15634 = DIRECTION('',(0.,0.,1.));
#15635 = ORIENTED_EDGE('',*,*,#8272,.F.);
#15636 = ORIENTED_EDGE('',*,*,#15630,.F.);
#15637 = CYLINDRICAL_SURFACE('',#15638,0.4);
#15638 = AXIS2_PLACEMENT_3D('',#15639,#15640,#15641);
#15639 = CARTESIAN_POINT('',(133.766288,-2.380845,-4.6E-02));
#15640 = DIRECTION('',(-0.,-0.,-1.));
#15641 = DIRECTION('',(-0.,-1.,0.));
#15642 = ADVANCED_FACE('',(#15643),#15654,.F.);
#15643 = FACE_BOUND('',#15644,.T.);
#15644 = EDGE_LOOP('',(#15645,#15646,#15652,#15653));
#15645 = ORIENTED_EDGE('',*,*,#2077,.T.);
#15646 = ORIENTED_EDGE('',*,*,#15647,.T.);
#15647 = EDGE_CURVE('',#2078,#8284,#15648,.T.);
#15648 = LINE('',#15649,#15650);
#15649 = CARTESIAN_POINT('',(158.048608,-3.188376,-4.6E-02));
#15650 = VECTOR('',#15651,1.);
#15651 = DIRECTION('',(0.,0.,1.));
#15652 = ORIENTED_EDGE('',*,*,#8283,.F.);
#15653 = ORIENTED_EDGE('',*,*,#15647,.F.);
#15654 = CYLINDRICAL_SURFACE('',#15655,1.1);
#15655 = AXIS2_PLACEMENT_3D('',#15656,#15657,#15658);
#15656 = CARTESIAN_POINT('',(158.048608,-2.088376,-4.6E-02));
#15657 = DIRECTION('',(-0.,-0.,-1.));
#15658 = DIRECTION('',(-0.,-1.,0.));
#15659 = ADVANCED_FACE('',(#15660),#15671,.F.);
#15660 = FACE_BOUND('',#15661,.T.);
#15661 = EDGE_LOOP('',(#15662,#15663,#15669,#15670));
#15662 = ORIENTED_EDGE('',*,*,#2088,.T.);
#15663 = ORIENTED_EDGE('',*,*,#15664,.T.);
#15664 = EDGE_CURVE('',#2089,#8295,#15665,.T.);
#15665 = LINE('',#15666,#15667);
#15666 = CARTESIAN_POINT('',(-147.790906,3.225021,-4.6E-02));
#15667 = VECTOR('',#15668,1.);
#15668 = DIRECTION('',(0.,0.,1.));
#15669 = ORIENTED_EDGE('',*,*,#8294,.F.);
#15670 = ORIENTED_EDGE('',*,*,#15664,.F.);
#15671 = CYLINDRICAL_SURFACE('',#15672,0.8);
#15672 = AXIS2_PLACEMENT_3D('',#15673,#15674,#15675);
#15673 = CARTESIAN_POINT('',(-147.790906,4.025021,-4.6E-02));
#15674 = DIRECTION('',(-0.,-0.,-1.));
#15675 = DIRECTION('',(-0.,-1.,0.));
#15676 = ADVANCED_FACE('',(#15677),#15688,.F.);
#15677 = FACE_BOUND('',#15678,.T.);
#15678 = EDGE_LOOP('',(#15679,#15680,#15686,#15687));
#15679 = ORIENTED_EDGE('',*,*,#2099,.T.);
#15680 = ORIENTED_EDGE('',*,*,#15681,.T.);
#15681 = EDGE_CURVE('',#2100,#8306,#15682,.T.);
#15682 = LINE('',#15683,#15684);
#15683 = CARTESIAN_POINT('',(-147.209234,8.216437,-4.6E-02));
#15684 = VECTOR('',#15685,1.);
#15685 = DIRECTION('',(0.,0.,1.));
#15686 = ORIENTED_EDGE('',*,*,#8305,.F.);
#15687 = ORIENTED_EDGE('',*,*,#15681,.F.);
#15688 = CYLINDRICAL_SURFACE('',#15689,0.95);
#15689 = AXIS2_PLACEMENT_3D('',#15690,#15691,#15692);
#15690 = CARTESIAN_POINT('',(-147.209234,9.166437,-4.6E-02));
#15691 = DIRECTION('',(-0.,-0.,-1.));
#15692 = DIRECTION('',(-2.991758887411E-14,-1.,0.));
#15693 = ADVANCED_FACE('',(#15694),#15705,.F.);
#15694 = FACE_BOUND('',#15695,.T.);
#15695 = EDGE_LOOP('',(#15696,#15697,#15703,#15704));
#15696 = ORIENTED_EDGE('',*,*,#2110,.T.);
#15697 = ORIENTED_EDGE('',*,*,#15698,.T.);
#15698 = EDGE_CURVE('',#2111,#8317,#15699,.T.);
#15699 = LINE('',#15700,#15701);
#15700 = CARTESIAN_POINT('',(-141.829423,5.497923,-4.6E-02));
#15701 = VECTOR('',#15702,1.);
#15702 = DIRECTION('',(0.,0.,1.));
#15703 = ORIENTED_EDGE('',*,*,#8316,.F.);
#15704 = ORIENTED_EDGE('',*,*,#15698,.F.);
#15705 = CYLINDRICAL_SURFACE('',#15706,2.525);
#15706 = AXIS2_PLACEMENT_3D('',#15707,#15708,#15709);
#15707 = CARTESIAN_POINT('',(-141.829423,8.022923,-4.6E-02));
#15708 = DIRECTION('',(-0.,0.,-1.));
#15709 = DIRECTION('',(1.125612254669E-14,-1.,-0.));
#15710 = ADVANCED_FACE('',(#15711),#15722,.F.);
#15711 = FACE_BOUND('',#15712,.T.);
#15712 = EDGE_LOOP('',(#15713,#15714,#15720,#15721));
#15713 = ORIENTED_EDGE('',*,*,#2121,.T.);
#15714 = ORIENTED_EDGE('',*,*,#15715,.T.);
#15715 = EDGE_CURVE('',#2122,#8328,#15716,.T.);
#15716 = LINE('',#15717,#15718);
#15717 = CARTESIAN_POINT('',(-129.157193,-0.735697,-4.6E-02));
#15718 = VECTOR('',#15719,1.);
#15719 = DIRECTION('',(0.,0.,1.));
#15720 = ORIENTED_EDGE('',*,*,#8327,.F.);
#15721 = ORIENTED_EDGE('',*,*,#15715,.F.);
#15722 = CYLINDRICAL_SURFACE('',#15723,0.8);
#15723 = AXIS2_PLACEMENT_3D('',#15724,#15725,#15726);
#15724 = CARTESIAN_POINT('',(-129.157193,6.430300000001E-02,-4.6E-02));
#15725 = DIRECTION('',(-0.,-0.,-1.));
#15726 = DIRECTION('',(-0.,-1.,0.));
#15727 = ADVANCED_FACE('',(#15728),#15739,.F.);
#15728 = FACE_BOUND('',#15729,.T.);
#15729 = EDGE_LOOP('',(#15730,#15731,#15737,#15738));
#15730 = ORIENTED_EDGE('',*,*,#2132,.T.);
#15731 = ORIENTED_EDGE('',*,*,#15732,.T.);
#15732 = EDGE_CURVE('',#2133,#8339,#15733,.T.);
#15733 = LINE('',#15734,#15735);
#15734 = CARTESIAN_POINT('',(-123.19571,1.537205,-4.6E-02));
#15735 = VECTOR('',#15736,1.);
#15736 = DIRECTION('',(0.,0.,1.));
#15737 = ORIENTED_EDGE('',*,*,#8338,.F.);
#15738 = ORIENTED_EDGE('',*,*,#15732,.F.);
#15739 = CYLINDRICAL_SURFACE('',#15740,2.525);
#15740 = AXIS2_PLACEMENT_3D('',#15741,#15742,#15743);
#15741 = CARTESIAN_POINT('',(-123.19571,4.062205,-4.6E-02));
#15742 = DIRECTION('',(-0.,-0.,-1.));
#15743 = DIRECTION('',(-5.628061273347E-15,-1.,0.));
#15744 = ADVANCED_FACE('',(#15745),#15756,.F.);
#15745 = FACE_BOUND('',#15746,.T.);
#15746 = EDGE_LOOP('',(#15747,#15748,#15754,#15755));
#15747 = ORIENTED_EDGE('',*,*,#2143,.T.);
#15748 = ORIENTED_EDGE('',*,*,#15749,.T.);
#15749 = EDGE_CURVE('',#2144,#8350,#15750,.T.);
#15750 = LINE('',#15751,#15752);
#15751 = CARTESIAN_POINT('',(-136.449612,5.929409,-4.6E-02));
#15752 = VECTOR('',#15753,1.);
#15753 = DIRECTION('',(0.,0.,1.));
#15754 = ORIENTED_EDGE('',*,*,#8349,.F.);
#15755 = ORIENTED_EDGE('',*,*,#15749,.F.);
#15756 = CYLINDRICAL_SURFACE('',#15757,0.95);
#15757 = AXIS2_PLACEMENT_3D('',#15758,#15759,#15760);
#15758 = CARTESIAN_POINT('',(-136.449612,6.879409,-4.6E-02));
#15759 = DIRECTION('',(-0.,-0.,-1.));
#15760 = DIRECTION('',(-0.,-1.,0.));
#15761 = ADVANCED_FACE('',(#15762),#15773,.F.);
#15762 = FACE_BOUND('',#15763,.T.);
#15763 = EDGE_LOOP('',(#15764,#15765,#15771,#15772));
#15764 = ORIENTED_EDGE('',*,*,#2154,.T.);
#15765 = ORIENTED_EDGE('',*,*,#15766,.T.);
#15766 = EDGE_CURVE('',#2155,#8361,#15767,.T.);
#15767 = LINE('',#15768,#15769);
#15768 = CARTESIAN_POINT('',(-133.209053,4.890946,-4.6E-02));
#15769 = VECTOR('',#15770,1.);
#15770 = DIRECTION('',(0.,0.,1.));
#15771 = ORIENTED_EDGE('',*,*,#8360,.F.);
#15772 = ORIENTED_EDGE('',*,*,#15766,.F.);
#15773 = CYLINDRICAL_SURFACE('',#15774,0.4);
#15774 = AXIS2_PLACEMENT_3D('',#15775,#15776,#15777);
#15775 = CARTESIAN_POINT('',(-133.209053,5.290946,-4.6E-02));
#15776 = DIRECTION('',(-0.,-0.,-1.));
#15777 = DIRECTION('',(-7.105427357601E-14,-1.,0.));
#15778 = ADVANCED_FACE('',(#15779),#15790,.F.);
#15779 = FACE_BOUND('',#15780,.T.);
#15780 = EDGE_LOOP('',(#15781,#15782,#15788,#15789));
#15781 = ORIENTED_EDGE('',*,*,#2165,.T.);
#15782 = ORIENTED_EDGE('',*,*,#15783,.T.);
#15783 = EDGE_CURVE('',#2166,#8372,#15784,.T.);
#15784 = LINE('',#15785,#15786);
#15785 = CARTESIAN_POINT('',(-128.575521,4.255719,-4.6E-02));
#15786 = VECTOR('',#15787,1.);
#15787 = DIRECTION('',(0.,0.,1.));
#15788 = ORIENTED_EDGE('',*,*,#8371,.F.);
#15789 = ORIENTED_EDGE('',*,*,#15783,.F.);
#15790 = CYLINDRICAL_SURFACE('',#15791,0.95);
#15791 = AXIS2_PLACEMENT_3D('',#15792,#15793,#15794);
#15792 = CARTESIAN_POINT('',(-128.575521,5.205719,-4.6E-02));
#15793 = DIRECTION('',(-0.,-0.,-1.));
#15794 = DIRECTION('',(-0.,-1.,0.));
#15795 = ADVANCED_FACE('',(#15796),#15807,.F.);
#15796 = FACE_BOUND('',#15797,.T.);
#15797 = EDGE_LOOP('',(#15798,#15799,#15805,#15806));
#15798 = ORIENTED_EDGE('',*,*,#2176,.T.);
#15799 = ORIENTED_EDGE('',*,*,#15800,.T.);
#15800 = EDGE_CURVE('',#2177,#8383,#15801,.T.);
#15801 = LINE('',#15802,#15803);
#15802 = CARTESIAN_POINT('',(-121.969031,8.308276,-4.6E-02));
#15803 = VECTOR('',#15804,1.);
#15804 = DIRECTION('',(0.,0.,1.));
#15805 = ORIENTED_EDGE('',*,*,#8382,.F.);
#15806 = ORIENTED_EDGE('',*,*,#15800,.F.);
#15807 = CYLINDRICAL_SURFACE('',#15808,1.525);
#15808 = AXIS2_PLACEMENT_3D('',#15809,#15810,#15811);
#15809 = CARTESIAN_POINT('',(-121.969031,9.833276,-4.6E-02));
#15810 = DIRECTION('',(-0.,-0.,-1.));
#15811 = DIRECTION('',(-0.,-1.,0.));
#15812 = ADVANCED_FACE('',(#15813),#15824,.F.);
#15813 = FACE_BOUND('',#15814,.T.);
#15814 = EDGE_LOOP('',(#15815,#15816,#15822,#15823));
#15815 = ORIENTED_EDGE('',*,*,#2187,.T.);
#15816 = ORIENTED_EDGE('',*,*,#15817,.T.);
#15817 = EDGE_CURVE('',#2188,#8394,#15818,.T.);
#15818 = LINE('',#15819,#15820);
#15819 = CARTESIAN_POINT('',(-140.602744,12.268994,-4.6E-02));
#15820 = VECTOR('',#15821,1.);
#15821 = DIRECTION('',(0.,0.,1.));
#15822 = ORIENTED_EDGE('',*,*,#8393,.F.);
#15823 = ORIENTED_EDGE('',*,*,#15817,.F.);
#15824 = CYLINDRICAL_SURFACE('',#15825,1.525);
#15825 = AXIS2_PLACEMENT_3D('',#15826,#15827,#15828);
#15826 = CARTESIAN_POINT('',(-140.602744,13.793994,-4.6E-02));
#15827 = DIRECTION('',(-0.,-0.,-1.));
#15828 = DIRECTION('',(-0.,-1.,0.));
#15829 = ADVANCED_FACE('',(#15830),#15841,.F.);
#15830 = FACE_BOUND('',#15831,.T.);
#15831 = EDGE_LOOP('',(#15832,#15833,#15839,#15840));
#15832 = ORIENTED_EDGE('',*,*,#2198,.T.);
#15833 = ORIENTED_EDGE('',*,*,#15834,.T.);
#15834 = EDGE_CURVE('',#2199,#8405,#15835,.T.);
#15835 = LINE('',#15836,#15837);
#15836 = CARTESIAN_POINT('',(-136.148621,9.175324,-4.6E-02));
#15837 = VECTOR('',#15838,1.);
#15838 = DIRECTION('',(0.,0.,1.));
#15839 = ORIENTED_EDGE('',*,*,#8404,.F.);
#15840 = ORIENTED_EDGE('',*,*,#15834,.F.);
#15841 = CYLINDRICAL_SURFACE('',#15842,1.525);
#15842 = AXIS2_PLACEMENT_3D('',#15843,#15844,#15845);
#15843 = CARTESIAN_POINT('',(-136.148621,10.700324,-4.6E-02));
#15844 = DIRECTION('',(-0.,-0.,-1.));
#15845 = DIRECTION('',(-0.,-1.,0.));
#15846 = ADVANCED_FACE('',(#15847),#15858,.F.);
#15847 = FACE_BOUND('',#15848,.T.);
#15848 = EDGE_LOOP('',(#15849,#15850,#15856,#15857));
#15849 = ORIENTED_EDGE('',*,*,#2209,.T.);
#15850 = ORIENTED_EDGE('',*,*,#15851,.T.);
#15851 = EDGE_CURVE('',#2210,#8416,#15852,.T.);
#15852 = LINE('',#15853,#15854);
#15853 = CARTESIAN_POINT('',(-130.832625,16.071174,-4.6E-02));
#15854 = VECTOR('',#15855,1.);
#15855 = DIRECTION('',(0.,0.,1.));
#15856 = ORIENTED_EDGE('',*,*,#8415,.F.);
#15857 = ORIENTED_EDGE('',*,*,#15851,.F.);
#15858 = CYLINDRICAL_SURFACE('',#15859,0.4);
#15859 = AXIS2_PLACEMENT_3D('',#15860,#15861,#15862);
#15860 = CARTESIAN_POINT('',(-130.832625,16.471174,-4.6E-02));
#15861 = DIRECTION('',(-0.,-0.,-1.));
#15862 = DIRECTION('',(-0.,-1.,0.));
#15863 = ADVANCED_FACE('',(#15864),#15875,.F.);
#15864 = FACE_BOUND('',#15865,.T.);
#15865 = EDGE_LOOP('',(#15866,#15867,#15873,#15874));
#15866 = ORIENTED_EDGE('',*,*,#2220,.T.);
#15867 = ORIENTED_EDGE('',*,*,#15868,.T.);
#15868 = EDGE_CURVE('',#2221,#8427,#15869,.T.);
#15869 = LINE('',#15870,#15871);
#15870 = CARTESIAN_POINT('',(-125.196476,17.898014,-4.6E-02));
#15871 = VECTOR('',#15872,1.);
#15872 = DIRECTION('',(0.,0.,1.));
#15873 = ORIENTED_EDGE('',*,*,#8426,.F.);
#15874 = ORIENTED_EDGE('',*,*,#15868,.F.);
#15875 = CYLINDRICAL_SURFACE('',#15876,0.8);
#15876 = AXIS2_PLACEMENT_3D('',#15877,#15878,#15879);
#15877 = CARTESIAN_POINT('',(-125.196476,18.698014,-4.6E-02));
#15878 = DIRECTION('',(-0.,-0.,-1.));
#15879 = DIRECTION('',(-0.,-1.,0.));
#15880 = ADVANCED_FACE('',(#15881),#15892,.F.);
#15881 = FACE_BOUND('',#15882,.T.);
#15882 = EDGE_LOOP('',(#15883,#15884,#15890,#15891));
#15883 = ORIENTED_EDGE('',*,*,#2231,.T.);
#15884 = ORIENTED_EDGE('',*,*,#15885,.T.);
#15885 = EDGE_CURVE('',#2232,#8438,#15886,.T.);
#15886 = LINE('',#15887,#15888);
#15887 = CARTESIAN_POINT('',(-114.575341,0.930229,-4.6E-02));
#15888 = VECTOR('',#15889,1.);
#15889 = DIRECTION('',(0.,0.,1.));
#15890 = ORIENTED_EDGE('',*,*,#8437,.F.);
#15891 = ORIENTED_EDGE('',*,*,#15885,.F.);
#15892 = CYLINDRICAL_SURFACE('',#15893,0.4);
#15893 = AXIS2_PLACEMENT_3D('',#15894,#15895,#15896);
#15894 = CARTESIAN_POINT('',(-114.575341,1.330229,-4.6E-02));
#15895 = DIRECTION('',(-0.,0.,-1.));
#15896 = DIRECTION('',(3.5527136788E-14,-1.,-0.));
#15897 = ADVANCED_FACE('',(#15898),#15909,.F.);
#15898 = FACE_BOUND('',#15899,.T.);
#15899 = EDGE_LOOP('',(#15900,#15901,#15907,#15908));
#15900 = ORIENTED_EDGE('',*,*,#2242,.T.);
#15901 = ORIENTED_EDGE('',*,*,#15902,.T.);
#15902 = EDGE_CURVE('',#2243,#8449,#15903,.T.);
#15903 = LINE('',#15904,#15905);
#15904 = CARTESIAN_POINT('',(-117.815899,1.968691,-4.6E-02));
#15905 = VECTOR('',#15906,1.);
#15906 = DIRECTION('',(0.,0.,1.));
#15907 = ORIENTED_EDGE('',*,*,#8448,.F.);
#15908 = ORIENTED_EDGE('',*,*,#15902,.F.);
#15909 = CYLINDRICAL_SURFACE('',#15910,0.95);
#15910 = AXIS2_PLACEMENT_3D('',#15911,#15912,#15913);
#15911 = CARTESIAN_POINT('',(-117.815899,2.918691,-4.6E-02));
#15912 = DIRECTION('',(-0.,-0.,-1.));
#15913 = DIRECTION('',(-0.,-1.,0.));
#15914 = ADVANCED_FACE('',(#15915),#15926,.F.);
#15915 = FACE_BOUND('',#15916,.T.);
#15916 = EDGE_LOOP('',(#15917,#15918,#15924,#15925));
#15917 = ORIENTED_EDGE('',*,*,#2253,.T.);
#15918 = ORIENTED_EDGE('',*,*,#15919,.T.);
#15919 = EDGE_CURVE('',#2254,#8460,#15920,.T.);
#15920 = LINE('',#15921,#15922);
#15921 = CARTESIAN_POINT('',(-109.373965,-0.365457,-4.6E-02));
#15922 = VECTOR('',#15923,1.);
#15923 = DIRECTION('',(0.,0.,1.));
#15924 = ORIENTED_EDGE('',*,*,#8459,.F.);
#15925 = ORIENTED_EDGE('',*,*,#15919,.F.);
#15926 = CYLINDRICAL_SURFACE('',#15927,0.8);
#15927 = AXIS2_PLACEMENT_3D('',#15928,#15929,#15930);
#15928 = CARTESIAN_POINT('',(-109.373965,0.434543,-4.6E-02));
#15929 = DIRECTION('',(-0.,-0.,-1.));
#15930 = DIRECTION('',(-0.,-1.,0.));
#15931 = ADVANCED_FACE('',(#15932),#15943,.F.);
#15932 = FACE_BOUND('',#15933,.T.);
#15933 = EDGE_LOOP('',(#15934,#15935,#15941,#15942));
#15934 = ORIENTED_EDGE('',*,*,#2264,.T.);
#15935 = ORIENTED_EDGE('',*,*,#15936,.T.);
#15936 = EDGE_CURVE('',#2265,#8471,#15937,.T.);
#15937 = LINE('',#15938,#15939);
#15938 = CARTESIAN_POINT('',(-103.148124,1.481854,-4.6E-02));
#15939 = VECTOR('',#15940,1.);
#15940 = DIRECTION('',(0.,0.,1.));
#15941 = ORIENTED_EDGE('',*,*,#8470,.F.);
#15942 = ORIENTED_EDGE('',*,*,#15936,.F.);
#15943 = CYLINDRICAL_SURFACE('',#15944,2.525);
#15944 = AXIS2_PLACEMENT_3D('',#15945,#15946,#15947);
#15945 = CARTESIAN_POINT('',(-103.148124,4.006854,-4.6E-02));
#15946 = DIRECTION('',(-0.,-0.,-1.));
#15947 = DIRECTION('',(-0.,-1.,0.));
#15948 = ADVANCED_FACE('',(#15949),#15960,.F.);
#15949 = FACE_BOUND('',#15950,.T.);
#15950 = EDGE_LOOP('',(#15951,#15952,#15958,#15959));
#15951 = ORIENTED_EDGE('',*,*,#2275,.T.);
#15952 = ORIENTED_EDGE('',*,*,#15953,.T.);
#15953 = EDGE_CURVE('',#2276,#8482,#15954,.T.);
#15954 = LINE('',#15955,#15956);
#15955 = CARTESIAN_POINT('',(-117.514908,5.214606,-4.6E-02));
#15956 = VECTOR('',#15957,1.);
#15957 = DIRECTION('',(0.,0.,1.));
#15958 = ORIENTED_EDGE('',*,*,#8481,.F.);
#15959 = ORIENTED_EDGE('',*,*,#15953,.F.);
#15960 = CYLINDRICAL_SURFACE('',#15961,1.525);
#15961 = AXIS2_PLACEMENT_3D('',#15962,#15963,#15964);
#15962 = CARTESIAN_POINT('',(-117.514908,6.739606,-4.6E-02));
#15963 = DIRECTION('',(-0.,-0.,-1.));
#15964 = DIRECTION('',(-9.31859325587E-15,-1.,0.));
#15965 = ADVANCED_FACE('',(#15966),#15977,.F.);
#15966 = FACE_BOUND('',#15967,.T.);
#15967 = EDGE_LOOP('',(#15968,#15969,#15975,#15976));
#15968 = ORIENTED_EDGE('',*,*,#2286,.T.);
#15969 = ORIENTED_EDGE('',*,*,#15970,.T.);
#15970 = EDGE_CURVE('',#2287,#8493,#15971,.T.);
#15971 = LINE('',#15972,#15973);
#15972 = CARTESIAN_POINT('',(-108.435063,4.572859,-4.6E-02));
#15973 = VECTOR('',#15974,1.);
#15974 = DIRECTION('',(0.,0.,1.));
#15975 = ORIENTED_EDGE('',*,*,#8492,.F.);
#15976 = ORIENTED_EDGE('',*,*,#15970,.F.);
#15977 = CYLINDRICAL_SURFACE('',#15978,0.95);
#15978 = AXIS2_PLACEMENT_3D('',#15979,#15980,#15981);
#15979 = CARTESIAN_POINT('',(-108.435063,5.522859,-4.6E-02));
#15980 = DIRECTION('',(-0.,-0.,-1.));
#15981 = DIRECTION('',(-0.,-1.,0.));
#15982 = ADVANCED_FACE('',(#15983),#15994,.F.);
#15983 = FACE_BOUND('',#15984,.T.);
#15984 = EDGE_LOOP('',(#15985,#15986,#15992,#15993));
#15985 = ORIENTED_EDGE('',*,*,#2297,.T.);
#15986 = ORIENTED_EDGE('',*,*,#15987,.T.);
#15987 = EDGE_CURVE('',#2298,#8504,#15988,.T.);
#15988 = LINE('',#15989,#15990);
#15989 = CARTESIAN_POINT('',(-101.521864,8.153298,-4.6E-02));
#15990 = VECTOR('',#15991,1.);
#15991 = DIRECTION('',(0.,0.,1.));
#15992 = ORIENTED_EDGE('',*,*,#8503,.F.);
#15993 = ORIENTED_EDGE('',*,*,#15987,.F.);
#15994 = CYLINDRICAL_SURFACE('',#15995,1.525);
#15995 = AXIS2_PLACEMENT_3D('',#15996,#15997,#15998);
#15996 = CARTESIAN_POINT('',(-101.521864,9.678298,-4.6E-02));
#15997 = DIRECTION('',(-0.,-0.,-1.));
#15998 = DIRECTION('',(-0.,-1.,0.));
#15999 = ADVANCED_FACE('',(#16000),#16011,.F.);
#16000 = FACE_BOUND('',#16001,.T.);
#16001 = EDGE_LOOP('',(#16002,#16003,#16009,#16010));
#16002 = ORIENTED_EDGE('',*,*,#2308,.T.);
#16003 = ORIENTED_EDGE('',*,*,#16004,.T.);
#16004 = EDGE_CURVE('',#2309,#8515,#16005,.T.);
#16005 = LINE('',#16006,#16007);
#16006 = CARTESIAN_POINT('',(-94.739327,0.280206,-4.6E-02));
#16007 = VECTOR('',#16008,1.);
#16008 = DIRECTION('',(0.,0.,1.));
#16009 = ORIENTED_EDGE('',*,*,#8514,.F.);
#16010 = ORIENTED_EDGE('',*,*,#16004,.F.);
#16011 = CYLINDRICAL_SURFACE('',#16012,0.4);
#16012 = AXIS2_PLACEMENT_3D('',#16013,#16014,#16015);
#16013 = CARTESIAN_POINT('',(-94.739327,0.680206,-4.6E-02));
#16014 = DIRECTION('',(-0.,-0.,-1.));
#16015 = DIRECTION('',(-0.,-1.,0.));
#16016 = ADVANCED_FACE('',(#16017),#16028,.F.);
#16017 = FACE_BOUND('',#16018,.T.);
#16018 = EDGE_LOOP('',(#16019,#16020,#16026,#16027));
#16019 = ORIENTED_EDGE('',*,*,#2319,.T.);
#16020 = ORIENTED_EDGE('',*,*,#16021,.T.);
#16021 = EDGE_CURVE('',#2320,#8526,#16022,.T.);
#16022 = LINE('',#16023,#16024);
#16023 = CARTESIAN_POINT('',(-97.861185,1.540849,-4.6E-02));
#16024 = VECTOR('',#16025,1.);
#16025 = DIRECTION('',(0.,0.,1.));
#16026 = ORIENTED_EDGE('',*,*,#8525,.F.);
#16027 = ORIENTED_EDGE('',*,*,#16021,.F.);
#16028 = CYLINDRICAL_SURFACE('',#16029,0.95);
#16029 = AXIS2_PLACEMENT_3D('',#16030,#16031,#16032);
#16030 = CARTESIAN_POINT('',(-97.861185,2.490849,-4.6E-02));
#16031 = DIRECTION('',(-0.,-0.,-1.));
#16032 = DIRECTION('',(-0.,-1.,0.));
#16033 = ADVANCED_FACE('',(#16034),#16045,.F.);
#16034 = FACE_BOUND('',#16035,.T.);
#16035 = EDGE_LOOP('',(#16036,#16037,#16043,#16044));
#16036 = ORIENTED_EDGE('',*,*,#2330,.T.);
#16037 = ORIENTED_EDGE('',*,*,#16038,.T.);
#16038 = EDGE_CURVE('',#2331,#8537,#16039,.T.);
#16039 = LINE('',#16040,#16041);
#16040 = CARTESIAN_POINT('',(-88.810305,3.899976,-4.6E-02));
#16041 = VECTOR('',#16042,1.);
#16042 = DIRECTION('',(0.,0.,1.));
#16043 = ORIENTED_EDGE('',*,*,#8536,.F.);
#16044 = ORIENTED_EDGE('',*,*,#16038,.F.);
#16045 = CYLINDRICAL_SURFACE('',#16046,0.95);
#16046 = AXIS2_PLACEMENT_3D('',#16047,#16048,#16049);
#16047 = CARTESIAN_POINT('',(-88.810305,4.849976,-4.6E-02));
#16048 = DIRECTION('',(-0.,-0.,-1.));
#16049 = DIRECTION('',(-0.,-1.,0.));
#16050 = ADVANCED_FACE('',(#16051),#16062,.F.);
#16051 = FACE_BOUND('',#16052,.T.);
#16052 = EDGE_LOOP('',(#16053,#16054,#16060,#16061));
#16053 = ORIENTED_EDGE('',*,*,#2341,.T.);
#16054 = ORIENTED_EDGE('',*,*,#16055,.T.);
#16055 = EDGE_CURVE('',#2342,#8548,#16056,.T.);
#16056 = LINE('',#16057,#16058);
#16057 = CARTESIAN_POINT('',(-83.523366,0.808971,-4.6E-02));
#16058 = VECTOR('',#16059,1.);
#16059 = DIRECTION('',(0.,0.,1.));
#16060 = ORIENTED_EDGE('',*,*,#8547,.F.);
#16061 = ORIENTED_EDGE('',*,*,#16055,.F.);
#16062 = CYLINDRICAL_SURFACE('',#16063,2.525);
#16063 = AXIS2_PLACEMENT_3D('',#16064,#16065,#16066);
#16064 = CARTESIAN_POINT('',(-83.523366,3.333971,-4.6E-02));
#16065 = DIRECTION('',(-0.,0.,-1.));
#16066 = DIRECTION('',(5.628061273347E-15,-1.,-0.));
#16067 = ADVANCED_FACE('',(#16068),#16079,.F.);
#16068 = FACE_BOUND('',#16069,.T.);
#16069 = EDGE_LOOP('',(#16070,#16071,#16077,#16078));
#16070 = ORIENTED_EDGE('',*,*,#2352,.T.);
#16071 = ORIENTED_EDGE('',*,*,#16072,.T.);
#16072 = EDGE_CURVE('',#2353,#8559,#16073,.T.);
#16073 = LINE('',#16074,#16075);
#16074 = CARTESIAN_POINT('',(-97.294394,4.756461,-4.6E-02));
#16075 = VECTOR('',#16076,1.);
#16076 = DIRECTION('',(0.,0.,1.));
#16077 = ORIENTED_EDGE('',*,*,#8558,.F.);
#16078 = ORIENTED_EDGE('',*,*,#16072,.F.);
#16079 = CYLINDRICAL_SURFACE('',#16080,1.525);
#16080 = AXIS2_PLACEMENT_3D('',#16081,#16082,#16083);
#16081 = CARTESIAN_POINT('',(-97.294394,6.281461,-4.6E-02));
#16082 = DIRECTION('',(-0.,0.,-1.));
#16083 = DIRECTION('',(9.31859325587E-15,-1.,-0.));
#16084 = ADVANCED_FACE('',(#16085),#16096,.F.);
#16085 = FACE_BOUND('',#16086,.T.);
#16086 = EDGE_LOOP('',(#16087,#16088,#16094,#16095));
#16087 = ORIENTED_EDGE('',*,*,#2363,.T.);
#16088 = ORIENTED_EDGE('',*,*,#16089,.T.);
#16089 = EDGE_CURVE('',#2364,#8570,#16090,.T.);
#16090 = LINE('',#16091,#16092);
#16091 = CARTESIAN_POINT('',(-81.897106,7.480415,-4.6E-02));
#16092 = VECTOR('',#16093,1.);
#16093 = DIRECTION('',(0.,0.,1.));
#16094 = ORIENTED_EDGE('',*,*,#8569,.F.);
#16095 = ORIENTED_EDGE('',*,*,#16089,.F.);
#16096 = CYLINDRICAL_SURFACE('',#16097,1.525);
#16097 = AXIS2_PLACEMENT_3D('',#16098,#16099,#16100);
#16098 = CARTESIAN_POINT('',(-81.897106,9.005415,-4.6E-02));
#16099 = DIRECTION('',(-0.,0.,-1.));
#16100 = DIRECTION('',(9.31859325587E-15,-1.,-0.));
#16101 = ADVANCED_FACE('',(#16102),#16113,.F.);
#16102 = FACE_BOUND('',#16103,.T.);
#16103 = EDGE_LOOP('',(#16104,#16105,#16111,#16112));
#16104 = ORIENTED_EDGE('',*,*,#2374,.T.);
#16105 = ORIENTED_EDGE('',*,*,#16106,.T.);
#16106 = EDGE_CURVE('',#2375,#8581,#16107,.T.);
#16107 = LINE('',#16108,#16109);
#16108 = CARTESIAN_POINT('',(-112.198913,12.110457,-4.6E-02));
#16109 = VECTOR('',#16110,1.);
#16110 = DIRECTION('',(0.,0.,1.));
#16111 = ORIENTED_EDGE('',*,*,#8580,.F.);
#16112 = ORIENTED_EDGE('',*,*,#16106,.F.);
#16113 = CYLINDRICAL_SURFACE('',#16114,0.4);
#16114 = AXIS2_PLACEMENT_3D('',#16115,#16116,#16117);
#16115 = CARTESIAN_POINT('',(-112.198913,12.510457,-4.6E-02));
#16116 = DIRECTION('',(-0.,-0.,-1.));
#16117 = DIRECTION('',(-0.,-1.,0.));
#16118 = ADVANCED_FACE('',(#16119),#16130,.F.);
#16119 = FACE_BOUND('',#16120,.T.);
#16120 = EDGE_LOOP('',(#16121,#16122,#16128,#16129));
#16121 = ORIENTED_EDGE('',*,*,#2385,.T.);
#16122 = ORIENTED_EDGE('',*,*,#16123,.T.);
#16123 = EDGE_CURVE('',#2386,#8592,#16124,.T.);
#16124 = LINE('',#16125,#16126);
#16125 = CARTESIAN_POINT('',(-110.614623,19.563941,-4.6E-02));
#16126 = VECTOR('',#16127,1.);
#16127 = DIRECTION('',(0.,0.,1.));
#16128 = ORIENTED_EDGE('',*,*,#8591,.F.);
#16129 = ORIENTED_EDGE('',*,*,#16123,.F.);
#16130 = CYLINDRICAL_SURFACE('',#16131,0.4);
#16131 = AXIS2_PLACEMENT_3D('',#16132,#16133,#16134);
#16132 = CARTESIAN_POINT('',(-110.614623,19.963941,-4.6E-02));
#16133 = DIRECTION('',(-0.,-0.,-1.));
#16134 = DIRECTION('',(-0.,-1.,0.));
#16135 = ADVANCED_FACE('',(#16136),#16147,.F.);
#16136 = FACE_BOUND('',#16137,.T.);
#16137 = EDGE_LOOP('',(#16138,#16139,#16145,#16146));
#16138 = ORIENTED_EDGE('',*,*,#2396,.T.);
#16139 = ORIENTED_EDGE('',*,*,#16140,.T.);
#16140 = EDGE_CURVE('',#2397,#8603,#16141,.T.);
#16141 = LINE('',#16142,#16143);
#16142 = CARTESIAN_POINT('',(-104.123073,17.946577,-4.6E-02));
#16143 = VECTOR('',#16144,1.);
#16144 = DIRECTION('',(0.,0.,1.));
#16145 = ORIENTED_EDGE('',*,*,#8602,.F.);
#16146 = ORIENTED_EDGE('',*,*,#16140,.F.);
#16147 = CYLINDRICAL_SURFACE('',#16148,0.8);
#16148 = AXIS2_PLACEMENT_3D('',#16149,#16150,#16151);
#16149 = CARTESIAN_POINT('',(-104.123073,18.746577,-4.6E-02));
#16150 = DIRECTION('',(-0.,-0.,-1.));
#16151 = DIRECTION('',(-0.,-1.,0.));
#16152 = ADVANCED_FACE('',(#16153),#16164,.F.);
#16153 = FACE_BOUND('',#16154,.T.);
#16154 = EDGE_LOOP('',(#16155,#16156,#16162,#16163));
#16155 = ORIENTED_EDGE('',*,*,#2407,.T.);
#16156 = ORIENTED_EDGE('',*,*,#16157,.T.);
#16157 = EDGE_CURVE('',#2408,#8614,#16158,.T.);
#16158 = LINE('',#16159,#16160);
#16159 = CARTESIAN_POINT('',(-91.588794,11.267428,-4.6E-02));
#16160 = VECTOR('',#16161,1.);
#16161 = DIRECTION('',(0.,0.,1.));
#16162 = ORIENTED_EDGE('',*,*,#8613,.F.);
#16163 = ORIENTED_EDGE('',*,*,#16157,.F.);
#16164 = CYLINDRICAL_SURFACE('',#16165,0.4);
#16165 = AXIS2_PLACEMENT_3D('',#16166,#16167,#16168);
#16166 = CARTESIAN_POINT('',(-91.588794,11.667428,-4.6E-02));
#16167 = DIRECTION('',(-0.,0.,-1.));
#16168 = DIRECTION('',(3.5527136788E-14,-1.,-0.));
#16169 = ADVANCED_FACE('',(#16170),#16181,.F.);
#16170 = FACE_BOUND('',#16171,.T.);
#16171 = EDGE_LOOP('',(#16172,#16173,#16179,#16180));
#16172 = ORIENTED_EDGE('',*,*,#2418,.T.);
#16173 = ORIENTED_EDGE('',*,*,#16174,.T.);
#16174 = EDGE_CURVE('',#2419,#8625,#16175,.T.);
#16175 = LINE('',#16176,#16177);
#16176 = CARTESIAN_POINT('',(-89.488434,18.592241,-4.6E-02));
#16177 = VECTOR('',#16178,1.);
#16178 = DIRECTION('',(0.,0.,1.));
#16179 = ORIENTED_EDGE('',*,*,#8624,.F.);
#16180 = ORIENTED_EDGE('',*,*,#16174,.F.);
#16181 = CYLINDRICAL_SURFACE('',#16182,0.4);
#16182 = AXIS2_PLACEMENT_3D('',#16183,#16184,#16185);
#16183 = CARTESIAN_POINT('',(-89.488434,18.992241,-4.6E-02));
#16184 = DIRECTION('',(-0.,0.,-1.));
#16185 = DIRECTION('',(3.5527136788E-14,-1.,-0.));
#16186 = ADVANCED_FACE('',(#16187),#16198,.F.);
#16187 = FACE_BOUND('',#16188,.T.);
#16188 = EDGE_LOOP('',(#16189,#16190,#16196,#16197));
#16189 = ORIENTED_EDGE('',*,*,#2429,.T.);
#16190 = ORIENTED_EDGE('',*,*,#16191,.T.);
#16191 = EDGE_CURVE('',#2430,#8636,#16192,.T.);
#16192 = LINE('',#16193,#16194);
#16193 = CARTESIAN_POINT('',(-84.498315,17.273694,-4.6E-02));
#16194 = VECTOR('',#16195,1.);
#16195 = DIRECTION('',(0.,0.,1.));
#16196 = ORIENTED_EDGE('',*,*,#8635,.F.);
#16197 = ORIENTED_EDGE('',*,*,#16191,.F.);
#16198 = CYLINDRICAL_SURFACE('',#16199,0.8);
#16199 = AXIS2_PLACEMENT_3D('',#16200,#16201,#16202);
#16200 = CARTESIAN_POINT('',(-84.498315,18.073694,-4.6E-02));
#16201 = DIRECTION('',(-0.,-0.,-1.));
#16202 = DIRECTION('',(-1.7763568394E-14,-1.,0.));
#16203 = ADVANCED_FACE('',(#16204),#16215,.F.);
#16204 = FACE_BOUND('',#16205,.T.);
#16205 = EDGE_LOOP('',(#16206,#16207,#16213,#16214));
#16206 = ORIENTED_EDGE('',*,*,#2440,.T.);
#16207 = ORIENTED_EDGE('',*,*,#16208,.T.);
#16208 = EDGE_CURVE('',#2441,#8647,#16209,.T.);
#16209 = LINE('',#16210,#16211);
#16210 = CARTESIAN_POINT('',(-143.830188,21.858732,-4.6E-02));
#16211 = VECTOR('',#16212,1.);
#16212 = DIRECTION('',(0.,0.,1.));
#16213 = ORIENTED_EDGE('',*,*,#8646,.F.);
#16214 = ORIENTED_EDGE('',*,*,#16208,.F.);
#16215 = CYLINDRICAL_SURFACE('',#16216,0.8);
#16216 = AXIS2_PLACEMENT_3D('',#16217,#16218,#16219);
#16217 = CARTESIAN_POINT('',(-143.830188,22.658732,-4.6E-02));
#16218 = DIRECTION('',(-0.,0.,-1.));
#16219 = DIRECTION('',(3.5527136788E-14,-1.,-0.));
#16220 = ADVANCED_FACE('',(#16221),#16232,.F.);
#16221 = FACE_BOUND('',#16222,.T.);
#16222 = EDGE_LOOP('',(#16223,#16224,#16230,#16231));
#16223 = ORIENTED_EDGE('',*,*,#2451,.T.);
#16224 = ORIENTED_EDGE('',*,*,#16225,.T.);
#16225 = EDGE_CURVE('',#2452,#8658,#16226,.T.);
#16226 = LINE('',#16227,#16228);
#16227 = CARTESIAN_POINT('',(-143.248516,26.850148,-4.6E-02));
#16228 = VECTOR('',#16229,1.);
#16229 = DIRECTION('',(0.,0.,1.));
#16230 = ORIENTED_EDGE('',*,*,#8657,.F.);
#16231 = ORIENTED_EDGE('',*,*,#16225,.F.);
#16232 = CYLINDRICAL_SURFACE('',#16233,0.95);
#16233 = AXIS2_PLACEMENT_3D('',#16234,#16235,#16236);
#16234 = CARTESIAN_POINT('',(-143.248516,27.800148,-4.6E-02));
#16235 = DIRECTION('',(-0.,-0.,-1.));
#16236 = DIRECTION('',(-0.,-1.,0.));
#16237 = ADVANCED_FACE('',(#16238),#16249,.F.);
#16238 = FACE_BOUND('',#16239,.T.);
#16239 = EDGE_LOOP('',(#16240,#16241,#16247,#16248));
#16240 = ORIENTED_EDGE('',*,*,#2462,.T.);
#16241 = ORIENTED_EDGE('',*,*,#16242,.T.);
#16242 = EDGE_CURVE('',#2463,#8669,#16243,.T.);
#16243 = LINE('',#16244,#16245);
#16244 = CARTESIAN_POINT('',(-129.248335,23.524658,-4.6E-02));
#16245 = VECTOR('',#16246,1.);
#16246 = DIRECTION('',(0.,0.,1.));
#16247 = ORIENTED_EDGE('',*,*,#8668,.F.);
#16248 = ORIENTED_EDGE('',*,*,#16242,.F.);
#16249 = CYLINDRICAL_SURFACE('',#16250,0.4);
#16250 = AXIS2_PLACEMENT_3D('',#16251,#16252,#16253);
#16251 = CARTESIAN_POINT('',(-129.248335,23.924658,-4.6E-02));
#16252 = DIRECTION('',(-0.,-0.,-1.));
#16253 = DIRECTION('',(-0.,-1.,0.));
#16254 = ADVANCED_FACE('',(#16255),#16266,.F.);
#16255 = FACE_BOUND('',#16256,.T.);
#16256 = EDGE_LOOP('',(#16257,#16258,#16264,#16265));
#16257 = ORIENTED_EDGE('',*,*,#2473,.T.);
#16258 = ORIENTED_EDGE('',*,*,#16259,.T.);
#16259 = EDGE_CURVE('',#2474,#8680,#16260,.T.);
#16260 = LINE('',#16261,#16262);
#16261 = CARTESIAN_POINT('',(-124.614804,22.88943,-4.6E-02));
#16262 = VECTOR('',#16263,1.);
#16263 = DIRECTION('',(0.,0.,1.));
#16264 = ORIENTED_EDGE('',*,*,#8679,.F.);
#16265 = ORIENTED_EDGE('',*,*,#16259,.F.);
#16266 = CYLINDRICAL_SURFACE('',#16267,0.95);
#16267 = AXIS2_PLACEMENT_3D('',#16268,#16269,#16270);
#16268 = CARTESIAN_POINT('',(-124.614804,23.83943,-4.6E-02));
#16269 = DIRECTION('',(-0.,-0.,-1.));
#16270 = DIRECTION('',(-1.495879443705E-14,-1.,0.));
#16271 = ADVANCED_FACE('',(#16272),#16283,.F.);
#16272 = FACE_BOUND('',#16273,.T.);
#16273 = EDGE_LOOP('',(#16274,#16275,#16281,#16282));
#16274 = ORIENTED_EDGE('',*,*,#2484,.T.);
#16275 = ORIENTED_EDGE('',*,*,#16276,.T.);
#16276 = EDGE_CURVE('',#2485,#8691,#16277,.T.);
#16277 = LINE('',#16278,#16279);
#16278 = CARTESIAN_POINT('',(-137.868705,24.131634,-4.6E-02));
#16279 = VECTOR('',#16280,1.);
#16280 = DIRECTION('',(0.,0.,1.));
#16281 = ORIENTED_EDGE('',*,*,#8690,.F.);
#16282 = ORIENTED_EDGE('',*,*,#16276,.F.);
#16283 = CYLINDRICAL_SURFACE('',#16284,2.525);
#16284 = AXIS2_PLACEMENT_3D('',#16285,#16286,#16287);
#16285 = CARTESIAN_POINT('',(-137.868705,26.656634,-4.6E-02));
#16286 = DIRECTION('',(-0.,-0.,-1.));
#16287 = DIRECTION('',(-0.,-1.,0.));
#16288 = ADVANCED_FACE('',(#16289),#16300,.F.);
#16289 = FACE_BOUND('',#16290,.T.);
#16290 = EDGE_LOOP('',(#16291,#16292,#16298,#16299));
#16291 = ORIENTED_EDGE('',*,*,#2495,.T.);
#16292 = ORIENTED_EDGE('',*,*,#16293,.T.);
#16293 = EDGE_CURVE('',#2496,#8702,#16294,.T.);
#16294 = LINE('',#16295,#16296);
#16295 = CARTESIAN_POINT('',(-132.488894,24.56312,-4.6E-02));
#16296 = VECTOR('',#16297,1.);
#16297 = DIRECTION('',(0.,0.,1.));
#16298 = ORIENTED_EDGE('',*,*,#8701,.F.);
#16299 = ORIENTED_EDGE('',*,*,#16293,.F.);
#16300 = CYLINDRICAL_SURFACE('',#16301,0.95);
#16301 = AXIS2_PLACEMENT_3D('',#16302,#16303,#16304);
#16302 = CARTESIAN_POINT('',(-132.488894,25.51312,-4.6E-02));
#16303 = DIRECTION('',(-0.,0.,-1.));
#16304 = DIRECTION('',(2.991758887411E-14,-1.,-0.));
#16305 = ADVANCED_FACE('',(#16306),#16317,.F.);
#16306 = FACE_BOUND('',#16307,.T.);
#16307 = EDGE_LOOP('',(#16308,#16309,#16315,#16316));
#16308 = ORIENTED_EDGE('',*,*,#2506,.T.);
#16309 = ORIENTED_EDGE('',*,*,#16310,.T.);
#16310 = EDGE_CURVE('',#2507,#8713,#16311,.T.);
#16311 = LINE('',#16312,#16313);
#16312 = CARTESIAN_POINT('',(-132.187903,27.809035,-4.6E-02));
#16313 = VECTOR('',#16314,1.);
#16314 = DIRECTION('',(0.,0.,1.));
#16315 = ORIENTED_EDGE('',*,*,#8712,.F.);
#16316 = ORIENTED_EDGE('',*,*,#16310,.F.);
#16317 = CYLINDRICAL_SURFACE('',#16318,1.525);
#16318 = AXIS2_PLACEMENT_3D('',#16319,#16320,#16321);
#16319 = CARTESIAN_POINT('',(-132.187903,29.334035,-4.6E-02));
#16320 = DIRECTION('',(-0.,-0.,-1.));
#16321 = DIRECTION('',(-0.,-1.,0.));
#16322 = ADVANCED_FACE('',(#16323),#16334,.F.);
#16323 = FACE_BOUND('',#16324,.T.);
#16324 = EDGE_LOOP('',(#16325,#16326,#16332,#16333));
#16325 = ORIENTED_EDGE('',*,*,#2517,.T.);
#16326 = ORIENTED_EDGE('',*,*,#16327,.T.);
#16327 = EDGE_CURVE('',#2518,#8724,#16328,.T.);
#16328 = LINE('',#16329,#16330);
#16329 = CARTESIAN_POINT('',(-136.642026,30.902705,-4.6E-02));
#16330 = VECTOR('',#16331,1.);
#16331 = DIRECTION('',(0.,0.,1.));
#16332 = ORIENTED_EDGE('',*,*,#8723,.F.);
#16333 = ORIENTED_EDGE('',*,*,#16327,.F.);
#16334 = CYLINDRICAL_SURFACE('',#16335,1.525);
#16335 = AXIS2_PLACEMENT_3D('',#16336,#16337,#16338);
#16336 = CARTESIAN_POINT('',(-136.642026,32.427705,-4.6E-02));
#16337 = DIRECTION('',(-0.,-0.,-1.));
#16338 = DIRECTION('',(-0.,-1.,0.));
#16339 = ADVANCED_FACE('',(#16340),#16351,.F.);
#16340 = FACE_BOUND('',#16341,.T.);
#16341 = EDGE_LOOP('',(#16342,#16343,#16349,#16350));
#16342 = ORIENTED_EDGE('',*,*,#2528,.T.);
#16343 = ORIENTED_EDGE('',*,*,#16344,.T.);
#16344 = EDGE_CURVE('',#2529,#8735,#16345,.T.);
#16345 = LINE('',#16346,#16347);
#16346 = CARTESIAN_POINT('',(-126.871907,34.704887,-4.6E-02));
#16347 = VECTOR('',#16348,1.);
#16348 = DIRECTION('',(0.,0.,1.));
#16349 = ORIENTED_EDGE('',*,*,#8734,.F.);
#16350 = ORIENTED_EDGE('',*,*,#16344,.F.);
#16351 = CYLINDRICAL_SURFACE('',#16352,0.4);
#16352 = AXIS2_PLACEMENT_3D('',#16353,#16354,#16355);
#16353 = CARTESIAN_POINT('',(-126.871907,35.104887,-4.6E-02));
#16354 = DIRECTION('',(-0.,-0.,-1.));
#16355 = DIRECTION('',(-0.,-1.,0.));
#16356 = ADVANCED_FACE('',(#16357),#16368,.F.);
#16357 = FACE_BOUND('',#16358,.T.);
#16358 = EDGE_LOOP('',(#16359,#16360,#16366,#16367));
#16359 = ORIENTED_EDGE('',*,*,#2539,.T.);
#16360 = ORIENTED_EDGE('',*,*,#16361,.T.);
#16361 = EDGE_CURVE('',#2540,#8746,#16362,.T.);
#16362 = LINE('',#16363,#16364);
#16363 = CARTESIAN_POINT('',(-121.235758,36.531727,-4.6E-02));
#16364 = VECTOR('',#16365,1.);
#16365 = DIRECTION('',(0.,0.,1.));
#16366 = ORIENTED_EDGE('',*,*,#8745,.F.);
#16367 = ORIENTED_EDGE('',*,*,#16361,.F.);
#16368 = CYLINDRICAL_SURFACE('',#16369,0.8);
#16369 = AXIS2_PLACEMENT_3D('',#16370,#16371,#16372);
#16370 = CARTESIAN_POINT('',(-121.235758,37.331727,-4.6E-02));
#16371 = DIRECTION('',(-0.,-0.,-1.));
#16372 = DIRECTION('',(-0.,-1.,0.));
#16373 = ADVANCED_FACE('',(#16374),#16385,.F.);
#16374 = FACE_BOUND('',#16375,.T.);
#16375 = EDGE_LOOP('',(#16376,#16377,#16383,#16384));
#16376 = ORIENTED_EDGE('',*,*,#2550,.T.);
#16377 = ORIENTED_EDGE('',*,*,#16378,.T.);
#16378 = EDGE_CURVE('',#2551,#8757,#16379,.T.);
#16379 = LINE('',#16380,#16381);
#16380 = CARTESIAN_POINT('',(-119.234993,20.170916,-4.6E-02));
#16381 = VECTOR('',#16382,1.);
#16382 = DIRECTION('',(0.,0.,1.));
#16383 = ORIENTED_EDGE('',*,*,#8756,.F.);
#16384 = ORIENTED_EDGE('',*,*,#16378,.F.);
#16385 = CYLINDRICAL_SURFACE('',#16386,2.525);
#16386 = AXIS2_PLACEMENT_3D('',#16387,#16388,#16389);
#16387 = CARTESIAN_POINT('',(-119.234993,22.695916,-4.6E-02));
#16388 = DIRECTION('',(-0.,-0.,-1.));
#16389 = DIRECTION('',(-0.,-1.,0.));
#16390 = ADVANCED_FACE('',(#16391),#16402,.F.);
#16391 = FACE_BOUND('',#16392,.T.);
#16392 = EDGE_LOOP('',(#16393,#16394,#16400,#16401));
#16393 = ORIENTED_EDGE('',*,*,#2561,.T.);
#16394 = ORIENTED_EDGE('',*,*,#16395,.T.);
#16395 = EDGE_CURVE('',#2562,#8768,#16396,.T.);
#16396 = LINE('',#16397,#16398);
#16397 = CARTESIAN_POINT('',(-113.855182,20.602402,-4.6E-02));
#16398 = VECTOR('',#16399,1.);
#16399 = DIRECTION('',(0.,0.,1.));
#16400 = ORIENTED_EDGE('',*,*,#8767,.F.);
#16401 = ORIENTED_EDGE('',*,*,#16395,.F.);
#16402 = CYLINDRICAL_SURFACE('',#16403,0.95);
#16403 = AXIS2_PLACEMENT_3D('',#16404,#16405,#16406);
#16404 = CARTESIAN_POINT('',(-113.855182,21.552402,-4.6E-02));
#16405 = DIRECTION('',(-0.,-0.,-1.));
#16406 = DIRECTION('',(-0.,-1.,0.));
#16407 = ADVANCED_FACE('',(#16408),#16419,.F.);
#16408 = FACE_BOUND('',#16409,.T.);
#16409 = EDGE_LOOP('',(#16410,#16411,#16417,#16418));
#16410 = ORIENTED_EDGE('',*,*,#2572,.T.);
#16411 = ORIENTED_EDGE('',*,*,#16412,.T.);
#16412 = EDGE_CURVE('',#2573,#8779,#16413,.T.);
#16413 = LINE('',#16414,#16415);
#16414 = CARTESIAN_POINT('',(-103.184171,22.884893,-4.6E-02));
#16415 = VECTOR('',#16416,1.);
#16416 = DIRECTION('',(0.,0.,1.));
#16417 = ORIENTED_EDGE('',*,*,#8778,.F.);
#16418 = ORIENTED_EDGE('',*,*,#16412,.F.);
#16419 = CYLINDRICAL_SURFACE('',#16420,0.95);
#16420 = AXIS2_PLACEMENT_3D('',#16421,#16422,#16423);
#16421 = CARTESIAN_POINT('',(-103.184171,23.834893,-4.6E-02));
#16422 = DIRECTION('',(-0.,-0.,-1.));
#16423 = DIRECTION('',(-1.495879443705E-14,-1.,0.));
#16424 = ADVANCED_FACE('',(#16425),#16436,.F.);
#16425 = FACE_BOUND('',#16426,.T.);
#16426 = EDGE_LOOP('',(#16427,#16428,#16434,#16435));
#16427 = ORIENTED_EDGE('',*,*,#2583,.T.);
#16428 = ORIENTED_EDGE('',*,*,#16429,.T.);
#16429 = EDGE_CURVE('',#2584,#8790,#16430,.T.);
#16430 = LINE('',#16431,#16432);
#16431 = CARTESIAN_POINT('',(-113.554191,23.848317,-4.6E-02));
#16432 = VECTOR('',#16433,1.);
#16433 = DIRECTION('',(0.,0.,1.));
#16434 = ORIENTED_EDGE('',*,*,#8789,.F.);
#16435 = ORIENTED_EDGE('',*,*,#16429,.F.);
#16436 = CYLINDRICAL_SURFACE('',#16437,1.525);
#16437 = AXIS2_PLACEMENT_3D('',#16438,#16439,#16440);
#16438 = CARTESIAN_POINT('',(-113.554191,25.373317,-4.6E-02));
#16439 = DIRECTION('',(-0.,-0.,-1.));
#16440 = DIRECTION('',(-0.,-1.,0.));
#16441 = ADVANCED_FACE('',(#16442),#16453,.F.);
#16442 = FACE_BOUND('',#16443,.T.);
#16443 = EDGE_LOOP('',(#16444,#16445,#16451,#16452));
#16444 = ORIENTED_EDGE('',*,*,#2594,.T.);
#16445 = ORIENTED_EDGE('',*,*,#16446,.T.);
#16446 = EDGE_CURVE('',#2595,#8801,#16447,.T.);
#16447 = LINE('',#16448,#16449);
#16448 = CARTESIAN_POINT('',(-118.008314,26.941987,-4.6E-02));
#16449 = VECTOR('',#16450,1.);
#16450 = DIRECTION('',(0.,0.,1.));
#16451 = ORIENTED_EDGE('',*,*,#8800,.F.);
#16452 = ORIENTED_EDGE('',*,*,#16446,.F.);
#16453 = CYLINDRICAL_SURFACE('',#16454,1.525);
#16454 = AXIS2_PLACEMENT_3D('',#16455,#16456,#16457);
#16455 = CARTESIAN_POINT('',(-118.008314,28.466987,-4.6E-02));
#16456 = DIRECTION('',(-0.,-0.,-1.));
#16457 = DIRECTION('',(-0.,-1.,0.));
#16458 = ADVANCED_FACE('',(#16459),#16470,.F.);
#16459 = FACE_BOUND('',#16460,.T.);
#16460 = EDGE_LOOP('',(#16461,#16462,#16468,#16469));
#16461 = ORIENTED_EDGE('',*,*,#2605,.T.);
#16462 = ORIENTED_EDGE('',*,*,#16463,.T.);
#16463 = EDGE_CURVE('',#2606,#8812,#16464,.T.);
#16464 = LINE('',#16465,#16466);
#16465 = CARTESIAN_POINT('',(-97.897232,19.793888,-4.6E-02));
#16466 = VECTOR('',#16467,1.);
#16467 = DIRECTION('',(0.,0.,1.));
#16468 = ORIENTED_EDGE('',*,*,#8811,.F.);
#16469 = ORIENTED_EDGE('',*,*,#16463,.F.);
#16470 = CYLINDRICAL_SURFACE('',#16471,2.525);
#16471 = AXIS2_PLACEMENT_3D('',#16472,#16473,#16474);
#16472 = CARTESIAN_POINT('',(-97.897232,22.318888,-4.6E-02));
#16473 = DIRECTION('',(-0.,-0.,-1.));
#16474 = DIRECTION('',(-0.,-1.,0.));
#16475 = ADVANCED_FACE('',(#16476),#16487,.F.);
#16476 = FACE_BOUND('',#16477,.T.);
#16477 = EDGE_LOOP('',(#16478,#16479,#16485,#16486));
#16478 = ORIENTED_EDGE('',*,*,#2616,.T.);
#16479 = ORIENTED_EDGE('',*,*,#16480,.T.);
#16480 = EDGE_CURVE('',#2617,#8823,#16481,.T.);
#16481 = LINE('',#16482,#16483);
#16482 = CARTESIAN_POINT('',(-92.610293,19.852883,-4.6E-02));
#16483 = VECTOR('',#16484,1.);
#16484 = DIRECTION('',(0.,0.,1.));
#16485 = ORIENTED_EDGE('',*,*,#8822,.F.);
#16486 = ORIENTED_EDGE('',*,*,#16480,.F.);
#16487 = CYLINDRICAL_SURFACE('',#16488,0.95);
#16488 = AXIS2_PLACEMENT_3D('',#16489,#16490,#16491);
#16489 = CARTESIAN_POINT('',(-92.610293,20.802883,-4.6E-02));
#16490 = DIRECTION('',(-0.,-0.,-1.));
#16491 = DIRECTION('',(-0.,-1.,0.));
#16492 = ADVANCED_FACE('',(#16493),#16504,.F.);
#16493 = FACE_BOUND('',#16494,.T.);
#16494 = EDGE_LOOP('',(#16495,#16496,#16502,#16503));
#16495 = ORIENTED_EDGE('',*,*,#2627,.T.);
#16496 = ORIENTED_EDGE('',*,*,#16497,.T.);
#16497 = EDGE_CURVE('',#2628,#8834,#16498,.T.);
#16498 = LINE('',#16499,#16500);
#16499 = CARTESIAN_POINT('',(-92.043502,23.068495,-4.6E-02));
#16500 = VECTOR('',#16501,1.);
#16501 = DIRECTION('',(0.,0.,1.));
#16502 = ORIENTED_EDGE('',*,*,#8833,.F.);
#16503 = ORIENTED_EDGE('',*,*,#16497,.F.);
#16504 = CYLINDRICAL_SURFACE('',#16505,1.525);
#16505 = AXIS2_PLACEMENT_3D('',#16506,#16507,#16508);
#16506 = CARTESIAN_POINT('',(-92.043502,24.593495,-4.6E-02));
#16507 = DIRECTION('',(-0.,-0.,-1.));
#16508 = DIRECTION('',(-9.31859325587E-15,-1.,0.));
#16509 = ADVANCED_FACE('',(#16510),#16521,.F.);
#16510 = FACE_BOUND('',#16511,.T.);
#16511 = EDGE_LOOP('',(#16512,#16513,#16519,#16520));
#16512 = ORIENTED_EDGE('',*,*,#2638,.T.);
#16513 = ORIENTED_EDGE('',*,*,#16514,.T.);
#16514 = EDGE_CURVE('',#2639,#8845,#16515,.T.);
#16515 = LINE('',#16516,#16517);
#16516 = CARTESIAN_POINT('',(-83.559413,22.21201,-4.6E-02));
#16517 = VECTOR('',#16518,1.);
#16518 = DIRECTION('',(0.,0.,1.));
#16519 = ORIENTED_EDGE('',*,*,#8844,.F.);
#16520 = ORIENTED_EDGE('',*,*,#16514,.F.);
#16521 = CYLINDRICAL_SURFACE('',#16522,0.95);
#16522 = AXIS2_PLACEMENT_3D('',#16523,#16524,#16525);
#16523 = CARTESIAN_POINT('',(-83.559413,23.16201,-4.6E-02));
#16524 = DIRECTION('',(-0.,-0.,-1.));
#16525 = DIRECTION('',(-0.,-1.,0.));
#16526 = ADVANCED_FACE('',(#16527),#16538,.F.);
#16527 = FACE_BOUND('',#16528,.T.);
#16528 = EDGE_LOOP('',(#16529,#16530,#16536,#16537));
#16529 = ORIENTED_EDGE('',*,*,#2649,.T.);
#16530 = ORIENTED_EDGE('',*,*,#16531,.T.);
#16531 = EDGE_CURVE('',#2650,#8856,#16532,.T.);
#16532 = LINE('',#16533,#16534);
#16533 = CARTESIAN_POINT('',(-96.270972,26.465332,-4.6E-02));
#16534 = VECTOR('',#16535,1.);
#16535 = DIRECTION('',(0.,0.,1.));
#16536 = ORIENTED_EDGE('',*,*,#8855,.F.);
#16537 = ORIENTED_EDGE('',*,*,#16531,.F.);
#16538 = CYLINDRICAL_SURFACE('',#16539,1.525);
#16539 = AXIS2_PLACEMENT_3D('',#16540,#16541,#16542);
#16540 = CARTESIAN_POINT('',(-96.270972,27.990332,-4.6E-02));
#16541 = DIRECTION('',(-0.,-0.,-1.));
#16542 = DIRECTION('',(-0.,-1.,0.));
#16543 = ADVANCED_FACE('',(#16544),#16555,.F.);
#16544 = FACE_BOUND('',#16545,.T.);
#16545 = EDGE_LOOP('',(#16546,#16547,#16553,#16554));
#16546 = ORIENTED_EDGE('',*,*,#2660,.T.);
#16547 = ORIENTED_EDGE('',*,*,#16548,.T.);
#16548 = EDGE_CURVE('',#2661,#8867,#16549,.T.);
#16549 = LINE('',#16550,#16551);
#16550 = CARTESIAN_POINT('',(-86.337903,29.579464,-4.6E-02));
#16551 = VECTOR('',#16552,1.);
#16552 = DIRECTION('',(0.,0.,1.));
#16553 = ORIENTED_EDGE('',*,*,#8866,.F.);
#16554 = ORIENTED_EDGE('',*,*,#16548,.F.);
#16555 = CYLINDRICAL_SURFACE('',#16556,0.4);
#16556 = AXIS2_PLACEMENT_3D('',#16557,#16558,#16559);
#16557 = CARTESIAN_POINT('',(-86.337903,29.979464,-4.6E-02));
#16558 = DIRECTION('',(-0.,0.,-1.));
#16559 = DIRECTION('',(3.5527136788E-14,-1.,-0.));
#16560 = ADVANCED_FACE('',(#16561),#16572,.F.);
#16561 = FACE_BOUND('',#16562,.T.);
#16562 = EDGE_LOOP('',(#16563,#16564,#16570,#16571));
#16563 = ORIENTED_EDGE('',*,*,#2671,.T.);
#16564 = ORIENTED_EDGE('',*,*,#16565,.T.);
#16565 = EDGE_CURVE('',#2672,#8878,#16566,.T.);
#16566 = LINE('',#16567,#16568);
#16567 = CARTESIAN_POINT('',(-108.238196,30.744168,-4.6E-02));
#16568 = VECTOR('',#16569,1.);
#16569 = DIRECTION('',(0.,0.,1.));
#16570 = ORIENTED_EDGE('',*,*,#8877,.F.);
#16571 = ORIENTED_EDGE('',*,*,#16565,.F.);
#16572 = CYLINDRICAL_SURFACE('',#16573,0.4);
#16573 = AXIS2_PLACEMENT_3D('',#16574,#16575,#16576);
#16574 = CARTESIAN_POINT('',(-108.238196,31.144168,-4.6E-02));
#16575 = DIRECTION('',(-0.,-0.,-1.));
#16576 = DIRECTION('',(-3.552713678801E-14,-1.,0.));
#16577 = ADVANCED_FACE('',(#16578),#16589,.F.);
#16578 = FACE_BOUND('',#16579,.T.);
#16579 = EDGE_LOOP('',(#16580,#16581,#16587,#16588));
#16580 = ORIENTED_EDGE('',*,*,#2682,.T.);
#16581 = ORIENTED_EDGE('',*,*,#16582,.T.);
#16582 = EDGE_CURVE('',#2683,#8889,#16583,.T.);
#16583 = LINE('',#16584,#16585);
#16584 = CARTESIAN_POINT('',(-109.894464,39.236115,-4.6E-02));
#16585 = VECTOR('',#16586,1.);
#16586 = DIRECTION('',(0.,0.,1.));
#16587 = ORIENTED_EDGE('',*,*,#8888,.F.);
#16588 = ORIENTED_EDGE('',*,*,#16582,.F.);
#16589 = CYLINDRICAL_SURFACE('',#16590,0.95);
#16590 = AXIS2_PLACEMENT_3D('',#16591,#16592,#16593);
#16591 = CARTESIAN_POINT('',(-109.894464,40.186115,-4.6E-02));
#16592 = DIRECTION('',(-0.,-0.,-1.));
#16593 = DIRECTION('',(-0.,-1.,0.));
#16594 = ADVANCED_FACE('',(#16595),#16606,.F.);
#16595 = FACE_BOUND('',#16596,.T.);
#16596 = EDGE_LOOP('',(#16597,#16598,#16604,#16605));
#16597 = ORIENTED_EDGE('',*,*,#2693,.T.);
#16598 = ORIENTED_EDGE('',*,*,#16599,.T.);
#16599 = EDGE_CURVE('',#2694,#8900,#16600,.T.);
#16600 = LINE('',#16601,#16602);
#16601 = CARTESIAN_POINT('',(-106.653906,38.197652,-4.6E-02));
#16602 = VECTOR('',#16603,1.);
#16603 = DIRECTION('',(0.,0.,1.));
#16604 = ORIENTED_EDGE('',*,*,#8899,.F.);
#16605 = ORIENTED_EDGE('',*,*,#16599,.F.);
#16606 = CYLINDRICAL_SURFACE('',#16607,0.4);
#16607 = AXIS2_PLACEMENT_3D('',#16608,#16609,#16610);
#16608 = CARTESIAN_POINT('',(-106.653906,38.597652,-4.6E-02));
#16609 = DIRECTION('',(-0.,-0.,-1.));
#16610 = DIRECTION('',(-0.,-1.,0.));
#16611 = ADVANCED_FACE('',(#16612),#16623,.F.);
#16612 = FACE_BOUND('',#16613,.T.);
#16613 = EDGE_LOOP('',(#16614,#16615,#16621,#16622));
#16614 = ORIENTED_EDGE('',*,*,#2704,.T.);
#16615 = ORIENTED_EDGE('',*,*,#16616,.T.);
#16616 = EDGE_CURVE('',#2705,#8911,#16617,.T.);
#16617 = LINE('',#16618,#16619);
#16618 = CARTESIAN_POINT('',(-98.872182,36.258613,-4.6E-02));
#16619 = VECTOR('',#16620,1.);
#16620 = DIRECTION('',(0.,0.,1.));
#16621 = ORIENTED_EDGE('',*,*,#8910,.F.);
#16622 = ORIENTED_EDGE('',*,*,#16616,.F.);
#16623 = CYLINDRICAL_SURFACE('',#16624,0.8);
#16624 = AXIS2_PLACEMENT_3D('',#16625,#16626,#16627);
#16625 = CARTESIAN_POINT('',(-98.872182,37.058613,-4.6E-02));
#16626 = DIRECTION('',(-0.,0.,-1.));
#16627 = DIRECTION('',(1.7763568394E-14,-1.,-0.));
#16628 = ADVANCED_FACE('',(#16629),#16640,.F.);
#16629 = FACE_BOUND('',#16630,.T.);
#16630 = EDGE_LOOP('',(#16631,#16632,#16638,#16639));
#16631 = ORIENTED_EDGE('',*,*,#2715,.T.);
#16632 = ORIENTED_EDGE('',*,*,#16633,.T.);
#16633 = EDGE_CURVE('',#2716,#8922,#16634,.T.);
#16634 = LINE('',#16635,#16636);
#16635 = CARTESIAN_POINT('',(-84.237543,36.904277,-4.6E-02));
#16636 = VECTOR('',#16637,1.);
#16637 = DIRECTION('',(0.,0.,1.));
#16638 = ORIENTED_EDGE('',*,*,#8921,.F.);
#16639 = ORIENTED_EDGE('',*,*,#16633,.F.);
#16640 = CYLINDRICAL_SURFACE('',#16641,0.4);
#16641 = AXIS2_PLACEMENT_3D('',#16642,#16643,#16644);
#16642 = CARTESIAN_POINT('',(-84.237543,37.304277,-4.6E-02));
#16643 = DIRECTION('',(-0.,-0.,-1.));
#16644 = DIRECTION('',(-3.552713678801E-14,-1.,0.));
#16645 = ADVANCED_FACE('',(#16646),#16657,.F.);
#16646 = FACE_BOUND('',#16647,.T.);
#16647 = EDGE_LOOP('',(#16648,#16649,#16655,#16656));
#16648 = ORIENTED_EDGE('',*,*,#2726,.T.);
#16649 = ORIENTED_EDGE('',*,*,#16650,.T.);
#16650 = EDGE_CURVE('',#2727,#8933,#16651,.T.);
#16651 = LINE('',#16652,#16653);
#16652 = CARTESIAN_POINT('',(-87.359402,38.164919,-4.6E-02));
#16653 = VECTOR('',#16654,1.);
#16654 = DIRECTION('',(0.,0.,1.));
#16655 = ORIENTED_EDGE('',*,*,#8932,.F.);
#16656 = ORIENTED_EDGE('',*,*,#16650,.F.);
#16657 = CYLINDRICAL_SURFACE('',#16658,0.95);
#16658 = AXIS2_PLACEMENT_3D('',#16659,#16660,#16661);
#16659 = CARTESIAN_POINT('',(-87.359402,39.114919,-4.6E-02));
#16660 = DIRECTION('',(-0.,-0.,-1.));
#16661 = DIRECTION('',(-0.,-1.,0.));
#16662 = ADVANCED_FACE('',(#16663),#16674,.F.);
#16663 = FACE_BOUND('',#16664,.T.);
#16664 = EDGE_LOOP('',(#16665,#16666,#16672,#16673));
#16665 = ORIENTED_EDGE('',*,*,#2737,.T.);
#16666 = ORIENTED_EDGE('',*,*,#16667,.T.);
#16667 = EDGE_CURVE('',#2738,#8944,#16668,.T.);
#16668 = LINE('',#16669,#16670);
#16669 = CARTESIAN_POINT('',(-75.114569,-0.392677,-4.6E-02));
#16670 = VECTOR('',#16671,1.);
#16671 = DIRECTION('',(0.,0.,1.));
#16672 = ORIENTED_EDGE('',*,*,#8943,.F.);
#16673 = ORIENTED_EDGE('',*,*,#16667,.F.);
#16674 = CYLINDRICAL_SURFACE('',#16675,0.4);
#16675 = AXIS2_PLACEMENT_3D('',#16676,#16677,#16678);
#16676 = CARTESIAN_POINT('',(-75.114569,7.322999999992E-03,-4.6E-02));
#16677 = DIRECTION('',(-0.,-0.,-1.));
#16678 = DIRECTION('',(-3.552713678801E-14,-1.,0.));
#16679 = ADVANCED_FACE('',(#16680),#16691,.F.);
#16680 = FACE_BOUND('',#16681,.T.);
#16681 = EDGE_LOOP('',(#16682,#16683,#16689,#16690));
#16682 = ORIENTED_EDGE('',*,*,#2748,.T.);
#16683 = ORIENTED_EDGE('',*,*,#16684,.T.);
#16684 = EDGE_CURVE('',#2749,#8955,#16685,.T.);
#16685 = LINE('',#16686,#16687);
#16686 = CARTESIAN_POINT('',(-78.236427,0.867966,-4.6E-02));
#16687 = VECTOR('',#16688,1.);
#16688 = DIRECTION('',(0.,0.,1.));
#16689 = ORIENTED_EDGE('',*,*,#8954,.F.);
#16690 = ORIENTED_EDGE('',*,*,#16684,.F.);
#16691 = CYLINDRICAL_SURFACE('',#16692,0.95);
#16692 = AXIS2_PLACEMENT_3D('',#16693,#16694,#16695);
#16693 = CARTESIAN_POINT('',(-78.236427,1.817966,-4.6E-02));
#16694 = DIRECTION('',(-0.,-0.,-1.));
#16695 = DIRECTION('',(-1.495879443705E-14,-1.,0.));
#16696 = ADVANCED_FACE('',(#16697),#16708,.F.);
#16697 = FACE_BOUND('',#16698,.T.);
#16698 = EDGE_LOOP('',(#16699,#16700,#16706,#16707));
#16699 = ORIENTED_EDGE('',*,*,#2759,.T.);
#16700 = ORIENTED_EDGE('',*,*,#16701,.T.);
#16701 = EDGE_CURVE('',#2760,#8966,#16702,.T.);
#16702 = LINE('',#16703,#16704);
#16703 = CARTESIAN_POINT('',(-77.669636,4.083578,-4.6E-02));
#16704 = VECTOR('',#16705,1.);
#16705 = DIRECTION('',(0.,0.,1.));
#16706 = ORIENTED_EDGE('',*,*,#8965,.F.);
#16707 = ORIENTED_EDGE('',*,*,#16701,.F.);
#16708 = CYLINDRICAL_SURFACE('',#16709,1.525);
#16709 = AXIS2_PLACEMENT_3D('',#16710,#16711,#16712);
#16710 = CARTESIAN_POINT('',(-77.669636,5.608578,-4.6E-02));
#16711 = DIRECTION('',(-0.,-0.,-1.));
#16712 = DIRECTION('',(-0.,-1.,0.));
#16713 = ADVANCED_FACE('',(#16714),#16725,.F.);
#16714 = FACE_BOUND('',#16715,.T.);
#16715 = EDGE_LOOP('',(#16716,#16717,#16723,#16724));
#16716 = ORIENTED_EDGE('',*,*,#2770,.T.);
#16717 = ORIENTED_EDGE('',*,*,#16718,.T.);
#16718 = EDGE_CURVE('',#2771,#8977,#16719,.T.);
#16719 = LINE('',#16720,#16721);
#16720 = CARTESIAN_POINT('',(-67.499002,7.444794,-4.6E-02));
#16721 = VECTOR('',#16722,1.);
#16722 = DIRECTION('',(0.,0.,1.));
#16723 = ORIENTED_EDGE('',*,*,#8976,.F.);
#16724 = ORIENTED_EDGE('',*,*,#16718,.F.);
#16725 = CYLINDRICAL_SURFACE('',#16726,0.8);
#16726 = AXIS2_PLACEMENT_3D('',#16727,#16728,#16729);
#16727 = CARTESIAN_POINT('',(-67.499002,8.244794,-4.6E-02));
#16728 = DIRECTION('',(-0.,-0.,-1.));
#16729 = DIRECTION('',(-1.7763568394E-14,-1.,0.));
#16730 = ADVANCED_FACE('',(#16731),#16742,.F.);
#16731 = FACE_BOUND('',#16732,.T.);
#16732 = EDGE_LOOP('',(#16733,#16734,#16740,#16741));
#16733 = ORIENTED_EDGE('',*,*,#2781,.T.);
#16734 = ORIENTED_EDGE('',*,*,#16735,.T.);
#16735 = EDGE_CURVE('',#2782,#8988,#16736,.T.);
#16736 = LINE('',#16737,#16738);
#16737 = CARTESIAN_POINT('',(-54.964724,0.765646,-4.6E-02));
#16738 = VECTOR('',#16739,1.);
#16739 = DIRECTION('',(0.,0.,1.));
#16740 = ORIENTED_EDGE('',*,*,#8987,.F.);
#16741 = ORIENTED_EDGE('',*,*,#16735,.F.);
#16742 = CYLINDRICAL_SURFACE('',#16743,0.4);
#16743 = AXIS2_PLACEMENT_3D('',#16744,#16745,#16746);
#16744 = CARTESIAN_POINT('',(-54.964724,1.165646,-4.6E-02));
#16745 = DIRECTION('',(-0.,0.,-1.));
#16746 = DIRECTION('',(1.7763568394E-14,-1.,-0.));
#16747 = ADVANCED_FACE('',(#16748),#16759,.F.);
#16748 = FACE_BOUND('',#16749,.T.);
#16749 = EDGE_LOOP('',(#16750,#16751,#16757,#16758));
#16750 = ORIENTED_EDGE('',*,*,#2792,.T.);
#16751 = ORIENTED_EDGE('',*,*,#16752,.T.);
#16752 = EDGE_CURVE('',#2793,#8999,#16753,.T.);
#16753 = LINE('',#16754,#16755);
#16754 = CARTESIAN_POINT('',(-44.273849,-0.536795,-4.6E-02));
#16755 = VECTOR('',#16756,1.);
#16756 = DIRECTION('',(0.,0.,1.));
#16757 = ORIENTED_EDGE('',*,*,#8998,.F.);
#16758 = ORIENTED_EDGE('',*,*,#16752,.F.);
#16759 = CYLINDRICAL_SURFACE('',#16760,2.525);
#16760 = AXIS2_PLACEMENT_3D('',#16761,#16762,#16763);
#16761 = CARTESIAN_POINT('',(-44.273849,1.988205,-4.6E-02));
#16762 = DIRECTION('',(-0.,-0.,-1.));
#16763 = DIRECTION('',(-0.,-1.,0.));
#16764 = ADVANCED_FACE('',(#16765),#16776,.F.);
#16765 = FACE_BOUND('',#16766,.T.);
#16766 = EDGE_LOOP('',(#16767,#16768,#16774,#16775));
#16767 = ORIENTED_EDGE('',*,*,#2803,.T.);
#16768 = ORIENTED_EDGE('',*,*,#16769,.T.);
#16769 = EDGE_CURVE('',#2804,#9010,#16770,.T.);
#16770 = LINE('',#16771,#16772);
#16771 = CARTESIAN_POINT('',(-49.560788,2.55421,-4.6E-02));
#16772 = VECTOR('',#16773,1.);
#16773 = DIRECTION('',(0.,0.,1.));
#16774 = ORIENTED_EDGE('',*,*,#9009,.F.);
#16775 = ORIENTED_EDGE('',*,*,#16769,.F.);
#16776 = CYLINDRICAL_SURFACE('',#16777,0.95);
#16777 = AXIS2_PLACEMENT_3D('',#16778,#16779,#16780);
#16778 = CARTESIAN_POINT('',(-49.560788,3.50421,-4.6E-02));
#16779 = DIRECTION('',(-0.,-0.,-1.));
#16780 = DIRECTION('',(-0.,-1.,0.));
#16781 = ADVANCED_FACE('',(#16782),#16793,.F.);
#16782 = FACE_BOUND('',#16783,.T.);
#16783 = EDGE_LOOP('',(#16784,#16785,#16791,#16792));
#16784 = ORIENTED_EDGE('',*,*,#2814,.T.);
#16785 = ORIENTED_EDGE('',*,*,#16786,.T.);
#16786 = EDGE_CURVE('',#2815,#9021,#16787,.T.);
#16787 = LINE('',#16788,#16789);
#16788 = CARTESIAN_POINT('',(-52.864364,8.090459,-4.6E-02));
#16789 = VECTOR('',#16790,1.);
#16790 = DIRECTION('',(0.,0.,1.));
#16791 = ORIENTED_EDGE('',*,*,#9020,.F.);
#16792 = ORIENTED_EDGE('',*,*,#16786,.F.);
#16793 = CYLINDRICAL_SURFACE('',#16794,0.4);
#16794 = AXIS2_PLACEMENT_3D('',#16795,#16796,#16797);
#16795 = CARTESIAN_POINT('',(-52.864364,8.490459,-4.6E-02));
#16796 = DIRECTION('',(-0.,-0.,-1.));
#16797 = DIRECTION('',(-0.,-1.,0.));
#16798 = ADVANCED_FACE('',(#16799),#16810,.F.);
#16799 = FACE_BOUND('',#16800,.T.);
#16800 = EDGE_LOOP('',(#16801,#16802,#16808,#16809));
#16801 = ORIENTED_EDGE('',*,*,#2825,.T.);
#16802 = ORIENTED_EDGE('',*,*,#16803,.T.);
#16803 = EDGE_CURVE('',#2826,#9032,#16804,.T.);
#16804 = LINE('',#16805,#16806);
#16805 = CARTESIAN_POINT('',(-42.647589,6.134649,-4.6E-02));
#16806 = VECTOR('',#16807,1.);
#16807 = DIRECTION('',(0.,0.,1.));
#16808 = ORIENTED_EDGE('',*,*,#9031,.F.);
#16809 = ORIENTED_EDGE('',*,*,#16803,.F.);
#16810 = CYLINDRICAL_SURFACE('',#16811,1.525);
#16811 = AXIS2_PLACEMENT_3D('',#16812,#16813,#16814);
#16812 = CARTESIAN_POINT('',(-42.647589,7.659649,-4.6E-02));
#16813 = DIRECTION('',(-0.,-0.,-1.));
#16814 = DIRECTION('',(-4.659296627935E-15,-1.,0.));
#16815 = ADVANCED_FACE('',(#16816),#16827,.F.);
#16816 = FACE_BOUND('',#16817,.T.);
#16817 = EDGE_LOOP('',(#16818,#16819,#16825,#16826));
#16818 = ORIENTED_EDGE('',*,*,#2836,.T.);
#16819 = ORIENTED_EDGE('',*,*,#16820,.T.);
#16820 = EDGE_CURVE('',#2837,#9043,#16821,.T.);
#16821 = LINE('',#16822,#16823);
#16822 = CARTESIAN_POINT('',(-71.964037,10.594547,-4.6E-02));
#16823 = VECTOR('',#16824,1.);
#16824 = DIRECTION('',(0.,0.,1.));
#16825 = ORIENTED_EDGE('',*,*,#9042,.F.);
#16826 = ORIENTED_EDGE('',*,*,#16820,.F.);
#16827 = CYLINDRICAL_SURFACE('',#16828,0.4);
#16828 = AXIS2_PLACEMENT_3D('',#16829,#16830,#16831);
#16829 = CARTESIAN_POINT('',(-71.964037,10.994547,-4.6E-02));
#16830 = DIRECTION('',(-0.,-0.,-1.));
#16831 = DIRECTION('',(-3.552713678801E-14,-1.,0.));
#16832 = ADVANCED_FACE('',(#16833),#16844,.F.);
#16833 = FACE_BOUND('',#16834,.T.);
#16834 = EDGE_LOOP('',(#16835,#16836,#16842,#16843));
#16835 = ORIENTED_EDGE('',*,*,#2847,.T.);
#16836 = ORIENTED_EDGE('',*,*,#16837,.T.);
#16837 = EDGE_CURVE('',#2848,#9054,#16838,.T.);
#16838 = LINE('',#16839,#16840);
#16839 = CARTESIAN_POINT('',(-61.273161,9.292105,-4.6E-02));
#16840 = VECTOR('',#16841,1.);
#16841 = DIRECTION('',(0.,0.,1.));
#16842 = ORIENTED_EDGE('',*,*,#9053,.F.);
#16843 = ORIENTED_EDGE('',*,*,#16837,.F.);
#16844 = CYLINDRICAL_SURFACE('',#16845,2.525);
#16845 = AXIS2_PLACEMENT_3D('',#16846,#16847,#16848);
#16846 = CARTESIAN_POINT('',(-61.273161,11.817105,-4.6E-02));
#16847 = DIRECTION('',(-0.,-0.,-1.));
#16848 = DIRECTION('',(-0.,-1.,0.));
#16849 = ADVANCED_FACE('',(#16850),#16861,.F.);
#16850 = FACE_BOUND('',#16851,.T.);
#16851 = EDGE_LOOP('',(#16852,#16853,#16859,#16860));
#16852 = ORIENTED_EDGE('',*,*,#2858,.T.);
#16853 = ORIENTED_EDGE('',*,*,#16854,.T.);
#16854 = EDGE_CURVE('',#2859,#9065,#16855,.T.);
#16855 = LINE('',#16856,#16857);
#16856 = CARTESIAN_POINT('',(-66.5601,12.38311,-4.6E-02));
#16857 = VECTOR('',#16858,1.);
#16858 = DIRECTION('',(0.,0.,1.));
#16859 = ORIENTED_EDGE('',*,*,#9064,.F.);
#16860 = ORIENTED_EDGE('',*,*,#16854,.F.);
#16861 = CYLINDRICAL_SURFACE('',#16862,0.95);
#16862 = AXIS2_PLACEMENT_3D('',#16863,#16864,#16865);
#16863 = CARTESIAN_POINT('',(-66.5601,13.33311,-4.6E-02));
#16864 = DIRECTION('',(-0.,-0.,-1.));
#16865 = DIRECTION('',(-0.,-1.,0.));
#16866 = ADVANCED_FACE('',(#16867),#16878,.F.);
#16867 = FACE_BOUND('',#16868,.T.);
#16868 = EDGE_LOOP('',(#16869,#16870,#16876,#16877));
#16869 = ORIENTED_EDGE('',*,*,#2869,.T.);
#16870 = ORIENTED_EDGE('',*,*,#16871,.T.);
#16871 = EDGE_CURVE('',#2870,#9076,#16872,.T.);
#16872 = LINE('',#16873,#16874);
#16873 = CARTESIAN_POINT('',(-69.863677,17.91936,-4.6E-02));
#16874 = VECTOR('',#16875,1.);
#16875 = DIRECTION('',(0.,0.,1.));
#16876 = ORIENTED_EDGE('',*,*,#9075,.F.);
#16877 = ORIENTED_EDGE('',*,*,#16871,.F.);
#16878 = CYLINDRICAL_SURFACE('',#16879,0.4);
#16879 = AXIS2_PLACEMENT_3D('',#16880,#16881,#16882);
#16880 = CARTESIAN_POINT('',(-69.863677,18.31936,-4.6E-02));
#16881 = DIRECTION('',(-0.,-0.,-1.));
#16882 = DIRECTION('',(-0.,-1.,0.));
#16883 = ADVANCED_FACE('',(#16884),#16895,.F.);
#16884 = FACE_BOUND('',#16885,.T.);
#16885 = EDGE_LOOP('',(#16886,#16887,#16893,#16894));
#16886 = ORIENTED_EDGE('',*,*,#2880,.T.);
#16887 = ORIENTED_EDGE('',*,*,#16888,.T.);
#16888 = EDGE_CURVE('',#2881,#9087,#16889,.T.);
#16889 = LINE('',#16890,#16891);
#16890 = CARTESIAN_POINT('',(-72.985535,19.18,-4.6E-02));
#16891 = VECTOR('',#16892,1.);
#16892 = DIRECTION('',(0.,0.,1.));
#16893 = ORIENTED_EDGE('',*,*,#9086,.F.);
#16894 = ORIENTED_EDGE('',*,*,#16888,.F.);
#16895 = CYLINDRICAL_SURFACE('',#16896,0.95);
#16896 = AXIS2_PLACEMENT_3D('',#16897,#16898,#16899);
#16897 = CARTESIAN_POINT('',(-72.985535,20.13,-4.6E-02));
#16898 = DIRECTION('',(-0.,-0.,-1.));
#16899 = DIRECTION('',(-0.,-1.,0.));
#16900 = ADVANCED_FACE('',(#16901),#16912,.F.);
#16901 = FACE_BOUND('',#16902,.T.);
#16902 = EDGE_LOOP('',(#16903,#16904,#16910,#16911));
#16903 = ORIENTED_EDGE('',*,*,#2891,.T.);
#16904 = ORIENTED_EDGE('',*,*,#16905,.T.);
#16905 = EDGE_CURVE('',#2892,#9098,#16906,.T.);
#16906 = LINE('',#16907,#16908);
#16907 = CARTESIAN_POINT('',(-55.986222,9.3511,-4.6E-02));
#16908 = VECTOR('',#16909,1.);
#16909 = DIRECTION('',(0.,0.,1.));
#16910 = ORIENTED_EDGE('',*,*,#9097,.F.);
#16911 = ORIENTED_EDGE('',*,*,#16905,.F.);
#16912 = CYLINDRICAL_SURFACE('',#16913,0.95);
#16913 = AXIS2_PLACEMENT_3D('',#16914,#16915,#16916);
#16914 = CARTESIAN_POINT('',(-55.986222,10.3011,-4.6E-02));
#16915 = DIRECTION('',(-0.,-0.,-1.));
#16916 = DIRECTION('',(-0.,-1.,0.));
#16917 = ADVANCED_FACE('',(#16918),#16929,.F.);
#16918 = FACE_BOUND('',#16919,.T.);
#16919 = EDGE_LOOP('',(#16920,#16921,#16927,#16928));
#16920 = ORIENTED_EDGE('',*,*,#2902,.T.);
#16921 = ORIENTED_EDGE('',*,*,#16922,.T.);
#16922 = EDGE_CURVE('',#2903,#9109,#16923,.T.);
#16923 = LINE('',#16924,#16925);
#16924 = CARTESIAN_POINT('',(-55.419431,12.566712,-4.6E-02));
#16925 = VECTOR('',#16926,1.);
#16926 = DIRECTION('',(0.,0.,1.));
#16927 = ORIENTED_EDGE('',*,*,#9108,.F.);
#16928 = ORIENTED_EDGE('',*,*,#16922,.F.);
#16929 = CYLINDRICAL_SURFACE('',#16930,1.525);
#16930 = AXIS2_PLACEMENT_3D('',#16931,#16932,#16933);
#16931 = CARTESIAN_POINT('',(-55.419431,14.091712,-4.6E-02));
#16932 = DIRECTION('',(-0.,-0.,-1.));
#16933 = DIRECTION('',(-0.,-1.,0.));
#16934 = ADVANCED_FACE('',(#16935),#16946,.F.);
#16935 = FACE_BOUND('',#16936,.T.);
#16936 = EDGE_LOOP('',(#16937,#16938,#16944,#16945));
#16937 = ORIENTED_EDGE('',*,*,#2913,.T.);
#16938 = ORIENTED_EDGE('',*,*,#16939,.T.);
#16939 = EDGE_CURVE('',#2914,#9120,#16940,.T.);
#16940 = LINE('',#16941,#16942);
#16941 = CARTESIAN_POINT('',(-59.646901,15.963549,-4.6E-02));
#16942 = VECTOR('',#16943,1.);
#16943 = DIRECTION('',(0.,0.,1.));
#16944 = ORIENTED_EDGE('',*,*,#9119,.F.);
#16945 = ORIENTED_EDGE('',*,*,#16939,.F.);
#16946 = CYLINDRICAL_SURFACE('',#16947,1.525);
#16947 = AXIS2_PLACEMENT_3D('',#16948,#16949,#16950);
#16948 = CARTESIAN_POINT('',(-59.646901,17.488549,-4.6E-02));
#16949 = DIRECTION('',(-0.,-0.,-1.));
#16950 = DIRECTION('',(-0.,-1.,0.));
#16951 = ADVANCED_FACE('',(#16952),#16963,.F.);
#16952 = FACE_BOUND('',#16953,.T.);
#16953 = EDGE_LOOP('',(#16954,#16955,#16961,#16962));
#16954 = ORIENTED_EDGE('',*,*,#2924,.T.);
#16955 = ORIENTED_EDGE('',*,*,#16956,.T.);
#16956 = EDGE_CURVE('',#2925,#9131,#16957,.T.);
#16957 = LINE('',#16958,#16959);
#16958 = CARTESIAN_POINT('',(-45.248799,15.92793,-4.6E-02));
#16959 = VECTOR('',#16960,1.);
#16960 = DIRECTION('',(0.,0.,1.));
#16961 = ORIENTED_EDGE('',*,*,#9130,.F.);
#16962 = ORIENTED_EDGE('',*,*,#16956,.F.);
#16963 = CYLINDRICAL_SURFACE('',#16964,0.8);
#16964 = AXIS2_PLACEMENT_3D('',#16965,#16966,#16967);
#16965 = CARTESIAN_POINT('',(-45.248799,16.72793,-4.6E-02));
#16966 = DIRECTION('',(-0.,0.,-1.));
#16967 = DIRECTION('',(8.881784197001E-15,-1.,-0.));
#16968 = ADVANCED_FACE('',(#16969),#16980,.F.);
#16969 = FACE_BOUND('',#16970,.T.);
#16970 = EDGE_LOOP('',(#16971,#16972,#16978,#16979));
#16971 = ORIENTED_EDGE('',*,*,#2935,.T.);
#16972 = ORIENTED_EDGE('',*,*,#16973,.T.);
#16973 = EDGE_CURVE('',#2936,#9142,#16974,.T.);
#16974 = LINE('',#16975,#16976);
#16975 = CARTESIAN_POINT('',(-49.713833,19.077679,-4.6E-02));
#16976 = VECTOR('',#16977,1.);
#16977 = DIRECTION('',(0.,0.,1.));
#16978 = ORIENTED_EDGE('',*,*,#9141,.F.);
#16979 = ORIENTED_EDGE('',*,*,#16973,.F.);
#16980 = CYLINDRICAL_SURFACE('',#16981,0.4);
#16981 = AXIS2_PLACEMENT_3D('',#16982,#16983,#16984);
#16982 = CARTESIAN_POINT('',(-49.713833,19.477679,-4.6E-02));
#16983 = DIRECTION('',(-0.,-0.,-1.));
#16984 = DIRECTION('',(-0.,-1.,0.));
#16985 = ADVANCED_FACE('',(#16986),#16997,.F.);
#16986 = FACE_BOUND('',#16987,.T.);
#16987 = EDGE_LOOP('',(#16988,#16989,#16995,#16996));
#16988 = ORIENTED_EDGE('',*,*,#2946,.T.);
#16989 = ORIENTED_EDGE('',*,*,#16990,.T.);
#16990 = EDGE_CURVE('',#2947,#9153,#16991,.T.);
#16991 = LINE('',#16992,#16993);
#16992 = CARTESIAN_POINT('',(-38.98691,-0.4778,-4.6E-02));
#16993 = VECTOR('',#16994,1.);
#16994 = DIRECTION('',(0.,0.,1.));
#16995 = ORIENTED_EDGE('',*,*,#9152,.F.);
#16996 = ORIENTED_EDGE('',*,*,#16990,.F.);
#16997 = CYLINDRICAL_SURFACE('',#16998,0.95);
#16998 = AXIS2_PLACEMENT_3D('',#16999,#17000,#17001);
#16999 = CARTESIAN_POINT('',(-38.98691,0.4722,-4.6E-02));
#17000 = DIRECTION('',(-0.,-0.,-1.));
#17001 = DIRECTION('',(-7.479397218527E-15,-1.,0.));
#17002 = ADVANCED_FACE('',(#17003),#17014,.F.);
#17003 = FACE_BOUND('',#17004,.T.);
#17004 = EDGE_LOOP('',(#17005,#17006,#17012,#17013));
#17005 = ORIENTED_EDGE('',*,*,#2957,.T.);
#17006 = ORIENTED_EDGE('',*,*,#17007,.T.);
#17007 = EDGE_CURVE('',#2958,#9164,#17008,.T.);
#17008 = LINE('',#17009,#17010);
#17009 = CARTESIAN_POINT('',(-38.420119,2.737812,-4.6E-02));
#17010 = VECTOR('',#17011,1.);
#17011 = DIRECTION('',(0.,0.,1.));
#17012 = ORIENTED_EDGE('',*,*,#9163,.F.);
#17013 = ORIENTED_EDGE('',*,*,#17007,.F.);
#17014 = CYLINDRICAL_SURFACE('',#17015,1.525);
#17015 = AXIS2_PLACEMENT_3D('',#17016,#17017,#17018);
#17016 = CARTESIAN_POINT('',(-38.420119,4.262812,-4.6E-02));
#17017 = DIRECTION('',(-0.,-0.,-1.));
#17018 = DIRECTION('',(-0.,-1.,0.));
#17019 = ADVANCED_FACE('',(#17020),#17031,.F.);
#17020 = FACE_BOUND('',#17021,.T.);
#17021 = EDGE_LOOP('',(#17022,#17023,#17029,#17030));
#17022 = ORIENTED_EDGE('',*,*,#2968,.T.);
#17023 = ORIENTED_EDGE('',*,*,#17024,.T.);
#17024 = EDGE_CURVE('',#2969,#9175,#17025,.T.);
#17025 = LINE('',#17026,#17027);
#17026 = CARTESIAN_POINT('',(-32.714521,9.24878,-4.6E-02));
#17027 = VECTOR('',#17028,1.);
#17028 = DIRECTION('',(0.,0.,1.));
#17029 = ORIENTED_EDGE('',*,*,#9174,.F.);
#17030 = ORIENTED_EDGE('',*,*,#17024,.F.);
#17031 = CYLINDRICAL_SURFACE('',#17032,0.4);
#17032 = AXIS2_PLACEMENT_3D('',#17033,#17034,#17035);
#17033 = CARTESIAN_POINT('',(-32.714521,9.64878,-4.6E-02));
#17034 = DIRECTION('',(-0.,0.,-1.));
#17035 = DIRECTION('',(1.7763568394E-14,-1.,-0.));
#17036 = ADVANCED_FACE('',(#17037),#17048,.F.);
#17037 = FACE_BOUND('',#17038,.T.);
#17038 = EDGE_LOOP('',(#17039,#17040,#17046,#17047));
#17039 = ORIENTED_EDGE('',*,*,#2979,.T.);
#17040 = ORIENTED_EDGE('',*,*,#17041,.T.);
#17041 = EDGE_CURVE('',#2980,#9186,#17042,.T.);
#17042 = LINE('',#17043,#17044);
#17043 = CARTESIAN_POINT('',(-30.614161,16.573593,-4.6E-02));
#17044 = VECTOR('',#17045,1.);
#17045 = DIRECTION('',(0.,0.,1.));
#17046 = ORIENTED_EDGE('',*,*,#9185,.F.);
#17047 = ORIENTED_EDGE('',*,*,#17041,.F.);
#17048 = CYLINDRICAL_SURFACE('',#17049,0.4);
#17049 = AXIS2_PLACEMENT_3D('',#17050,#17051,#17052);
#17050 = CARTESIAN_POINT('',(-30.614161,16.973593,-4.6E-02));
#17051 = DIRECTION('',(-0.,0.,-1.));
#17052 = DIRECTION('',(8.881784197001E-15,-1.,-0.));
#17053 = ADVANCED_FACE('',(#17054),#17065,.F.);
#17054 = FACE_BOUND('',#17055,.T.);
#17055 = EDGE_LOOP('',(#17056,#17057,#17063,#17064));
#17056 = ORIENTED_EDGE('',*,*,#2990,.T.);
#17057 = ORIENTED_EDGE('',*,*,#17058,.T.);
#17058 = EDGE_CURVE('',#2991,#9197,#17059,.T.);
#17059 = LINE('',#17060,#17061);
#17060 = CARTESIAN_POINT('',(-33.736019,17.834236,-4.6E-02));
#17061 = VECTOR('',#17062,1.);
#17062 = DIRECTION('',(0.,0.,1.));
#17063 = ORIENTED_EDGE('',*,*,#9196,.F.);
#17064 = ORIENTED_EDGE('',*,*,#17058,.F.);
#17065 = CYLINDRICAL_SURFACE('',#17066,0.95);
#17066 = AXIS2_PLACEMENT_3D('',#17067,#17068,#17069);
#17067 = CARTESIAN_POINT('',(-33.736019,18.784236,-4.6E-02));
#17068 = DIRECTION('',(-0.,-0.,-1.));
#17069 = DIRECTION('',(-0.,-1.,0.));
#17070 = ADVANCED_FACE('',(#17071),#17082,.F.);
#17071 = FACE_BOUND('',#17072,.T.);
#17072 = EDGE_LOOP('',(#17073,#17074,#17080,#17081));
#17073 = ORIENTED_EDGE('',*,*,#3001,.T.);
#17074 = ORIENTED_EDGE('',*,*,#17075,.T.);
#17075 = EDGE_CURVE('',#3002,#9208,#17076,.T.);
#17076 = LINE('',#17077,#17078);
#17077 = CARTESIAN_POINT('',(-78.272474,19.121005,-4.6E-02));
#17078 = VECTOR('',#17079,1.);
#17079 = DIRECTION('',(0.,0.,1.));
#17080 = ORIENTED_EDGE('',*,*,#9207,.F.);
#17081 = ORIENTED_EDGE('',*,*,#17075,.F.);
#17082 = CYLINDRICAL_SURFACE('',#17083,2.525);
#17083 = AXIS2_PLACEMENT_3D('',#17084,#17085,#17086);
#17084 = CARTESIAN_POINT('',(-78.272474,21.646005,-4.6E-02));
#17085 = DIRECTION('',(-0.,-0.,-1.));
#17086 = DIRECTION('',(-5.628061273347E-15,-1.,0.));
#17087 = ADVANCED_FACE('',(#17088),#17099,.F.);
#17088 = FACE_BOUND('',#17089,.T.);
#17089 = EDGE_LOOP('',(#17090,#17091,#17097,#17098));
#17090 = ORIENTED_EDGE('',*,*,#3012,.T.);
#17091 = ORIENTED_EDGE('',*,*,#17092,.T.);
#17092 = EDGE_CURVE('',#3013,#9219,#17093,.T.);
#17093 = LINE('',#17094,#17095);
#17094 = CARTESIAN_POINT('',(-72.418744,22.395612,-4.6E-02));
#17095 = VECTOR('',#17096,1.);
#17096 = DIRECTION('',(0.,0.,1.));
#17097 = ORIENTED_EDGE('',*,*,#9218,.F.);
#17098 = ORIENTED_EDGE('',*,*,#17092,.F.);
#17099 = CYLINDRICAL_SURFACE('',#17100,1.525);
#17100 = AXIS2_PLACEMENT_3D('',#17101,#17102,#17103);
#17101 = CARTESIAN_POINT('',(-72.418744,23.920612,-4.6E-02));
#17102 = DIRECTION('',(-0.,-0.,-1.));
#17103 = DIRECTION('',(-0.,-1.,0.));
#17104 = ADVANCED_FACE('',(#17105),#17116,.F.);
#17105 = FACE_BOUND('',#17106,.T.);
#17106 = EDGE_LOOP('',(#17107,#17108,#17114,#17115));
#17107 = ORIENTED_EDGE('',*,*,#3023,.T.);
#17108 = ORIENTED_EDGE('',*,*,#17109,.T.);
#17109 = EDGE_CURVE('',#3024,#9230,#17110,.T.);
#17110 = LINE('',#17111,#17112);
#17111 = CARTESIAN_POINT('',(-76.646214,25.792449,-4.6E-02));
#17112 = VECTOR('',#17113,1.);
#17113 = DIRECTION('',(0.,0.,1.));
#17114 = ORIENTED_EDGE('',*,*,#9229,.F.);
#17115 = ORIENTED_EDGE('',*,*,#17109,.F.);
#17116 = CYLINDRICAL_SURFACE('',#17117,1.525);
#17117 = AXIS2_PLACEMENT_3D('',#17118,#17119,#17120);
#17118 = CARTESIAN_POINT('',(-76.646214,27.317449,-4.6E-02));
#17119 = DIRECTION('',(-0.,-0.,-1.));
#17120 = DIRECTION('',(-0.,-1.,0.));
#17121 = ADVANCED_FACE('',(#17122),#17133,.F.);
#17122 = FACE_BOUND('',#17123,.T.);
#17123 = EDGE_LOOP('',(#17124,#17125,#17131,#17132));
#17124 = ORIENTED_EDGE('',*,*,#3034,.T.);
#17125 = ORIENTED_EDGE('',*,*,#17126,.T.);
#17126 = EDGE_CURVE('',#3035,#9241,#17127,.T.);
#17127 = LINE('',#17128,#17129);
#17128 = CARTESIAN_POINT('',(-62.248111,25.75683,-4.6E-02));
#17129 = VECTOR('',#17130,1.);
#17130 = DIRECTION('',(0.,0.,1.));
#17131 = ORIENTED_EDGE('',*,*,#9240,.F.);
#17132 = ORIENTED_EDGE('',*,*,#17126,.F.);
#17133 = CYLINDRICAL_SURFACE('',#17134,0.8);
#17134 = AXIS2_PLACEMENT_3D('',#17135,#17136,#17137);
#17135 = CARTESIAN_POINT('',(-62.248111,26.55683,-4.6E-02));
#17136 = DIRECTION('',(-0.,-0.,-1.));
#17137 = DIRECTION('',(-8.881784197001E-15,-1.,0.));
#17138 = ADVANCED_FACE('',(#17139),#17150,.F.);
#17139 = FACE_BOUND('',#17140,.T.);
#17140 = EDGE_LOOP('',(#17141,#17142,#17148,#17149));
#17141 = ORIENTED_EDGE('',*,*,#3045,.T.);
#17142 = ORIENTED_EDGE('',*,*,#17143,.T.);
#17143 = EDGE_CURVE('',#3046,#9252,#17144,.T.);
#17144 = LINE('',#17145,#17146);
#17145 = CARTESIAN_POINT('',(-66.713145,28.906581,-4.6E-02));
#17146 = VECTOR('',#17147,1.);
#17147 = DIRECTION('',(0.,0.,1.));
#17148 = ORIENTED_EDGE('',*,*,#9251,.F.);
#17149 = ORIENTED_EDGE('',*,*,#17143,.F.);
#17150 = CYLINDRICAL_SURFACE('',#17151,0.4);
#17151 = AXIS2_PLACEMENT_3D('',#17152,#17153,#17154);
#17152 = CARTESIAN_POINT('',(-66.713145,29.306581,-4.6E-02));
#17153 = DIRECTION('',(-0.,-0.,-1.));
#17154 = DIRECTION('',(-0.,-1.,0.));
#17155 = ADVANCED_FACE('',(#17156),#17167,.F.);
#17156 = FACE_BOUND('',#17157,.T.);
#17157 = EDGE_LOOP('',(#17158,#17159,#17165,#17166));
#17158 = ORIENTED_EDGE('',*,*,#3056,.T.);
#17159 = ORIENTED_EDGE('',*,*,#17160,.T.);
#17160 = EDGE_CURVE('',#3057,#9263,#17161,.T.);
#17161 = LINE('',#17162,#17163);
#17162 = CARTESIAN_POINT('',(-44.309897,20.866246,-4.6E-02));
#17163 = VECTOR('',#17164,1.);
#17164 = DIRECTION('',(0.,0.,1.));
#17165 = ORIENTED_EDGE('',*,*,#9262,.F.);
#17166 = ORIENTED_EDGE('',*,*,#17160,.F.);
#17167 = CYLINDRICAL_SURFACE('',#17168,0.95);
#17168 = AXIS2_PLACEMENT_3D('',#17169,#17170,#17171);
#17169 = CARTESIAN_POINT('',(-44.309897,21.816246,-4.6E-02));
#17170 = DIRECTION('',(-0.,-0.,-1.));
#17171 = DIRECTION('',(-0.,-1.,0.));
#17172 = ADVANCED_FACE('',(#17173),#17184,.F.);
#17173 = FACE_BOUND('',#17174,.T.);
#17174 = EDGE_LOOP('',(#17175,#17176,#17182,#17183));
#17175 = ORIENTED_EDGE('',*,*,#3067,.T.);
#17176 = ORIENTED_EDGE('',*,*,#17177,.T.);
#17177 = EDGE_CURVE('',#3068,#9274,#17178,.T.);
#17178 = LINE('',#17179,#17180);
#17179 = CARTESIAN_POINT('',(-56.02227,27.604141,-4.6E-02));
#17180 = VECTOR('',#17181,1.);
#17181 = DIRECTION('',(0.,0.,1.));
#17182 = ORIENTED_EDGE('',*,*,#9273,.F.);
#17183 = ORIENTED_EDGE('',*,*,#17177,.F.);
#17184 = CYLINDRICAL_SURFACE('',#17185,2.525);
#17185 = AXIS2_PLACEMENT_3D('',#17186,#17187,#17188);
#17186 = CARTESIAN_POINT('',(-56.02227,30.129141,-4.6E-02));
#17187 = DIRECTION('',(-0.,-0.,-1.));
#17188 = DIRECTION('',(-0.,-1.,0.));
#17189 = ADVANCED_FACE('',(#17190),#17201,.F.);
#17190 = FACE_BOUND('',#17191,.T.);
#17191 = EDGE_LOOP('',(#17192,#17193,#17199,#17200));
#17192 = ORIENTED_EDGE('',*,*,#3078,.T.);
#17193 = ORIENTED_EDGE('',*,*,#17194,.T.);
#17194 = EDGE_CURVE('',#3079,#9285,#17195,.T.);
#17195 = LINE('',#17196,#17197);
#17196 = CARTESIAN_POINT('',(-50.735331,27.663136,-4.6E-02));
#17197 = VECTOR('',#17198,1.);
#17198 = DIRECTION('',(0.,0.,1.));
#17199 = ORIENTED_EDGE('',*,*,#9284,.F.);
#17200 = ORIENTED_EDGE('',*,*,#17194,.F.);
#17201 = CYLINDRICAL_SURFACE('',#17202,0.95);
#17202 = AXIS2_PLACEMENT_3D('',#17203,#17204,#17205);
#17203 = CARTESIAN_POINT('',(-50.735331,28.613136,-4.6E-02));
#17204 = DIRECTION('',(-0.,-0.,-1.));
#17205 = DIRECTION('',(-0.,-1.,0.));
#17206 = ADVANCED_FACE('',(#17207),#17218,.F.);
#17207 = FACE_BOUND('',#17208,.T.);
#17208 = EDGE_LOOP('',(#17209,#17210,#17216,#17217));
#17209 = ORIENTED_EDGE('',*,*,#3089,.T.);
#17210 = ORIENTED_EDGE('',*,*,#17211,.T.);
#17211 = EDGE_CURVE('',#3090,#9296,#17212,.T.);
#17212 = LINE('',#17213,#17214);
#17213 = CARTESIAN_POINT('',(-47.613473,26.402492,-4.6E-02));
#17214 = VECTOR('',#17215,1.);
#17215 = DIRECTION('',(0.,0.,1.));
#17216 = ORIENTED_EDGE('',*,*,#9295,.F.);
#17217 = ORIENTED_EDGE('',*,*,#17211,.F.);
#17218 = CYLINDRICAL_SURFACE('',#17219,0.4);
#17219 = AXIS2_PLACEMENT_3D('',#17220,#17221,#17222);
#17220 = CARTESIAN_POINT('',(-47.613473,26.802492,-4.6E-02));
#17221 = DIRECTION('',(-0.,-0.,-1.));
#17222 = DIRECTION('',(-0.,-1.,0.));
#17223 = ADVANCED_FACE('',(#17224),#17235,.F.);
#17224 = FACE_BOUND('',#17225,.T.);
#17225 = EDGE_LOOP('',(#17226,#17227,#17233,#17234));
#17226 = ORIENTED_EDGE('',*,*,#3100,.T.);
#17227 = ORIENTED_EDGE('',*,*,#17228,.T.);
#17228 = EDGE_CURVE('',#3101,#9307,#17229,.T.);
#17229 = LINE('',#17230,#17231);
#17230 = CARTESIAN_POINT('',(-61.309209,30.695146,-4.6E-02));
#17231 = VECTOR('',#17232,1.);
#17232 = DIRECTION('',(0.,0.,1.));
#17233 = ORIENTED_EDGE('',*,*,#9306,.F.);
#17234 = ORIENTED_EDGE('',*,*,#17228,.F.);
#17235 = CYLINDRICAL_SURFACE('',#17236,0.95);
#17236 = AXIS2_PLACEMENT_3D('',#17237,#17238,#17239);
#17237 = CARTESIAN_POINT('',(-61.309209,31.645146,-4.6E-02));
#17238 = DIRECTION('',(-0.,-0.,-1.));
#17239 = DIRECTION('',(-7.479397218527E-15,-1.,0.));
#17240 = ADVANCED_FACE('',(#17241),#17252,.F.);
#17241 = FACE_BOUND('',#17242,.T.);
#17242 = EDGE_LOOP('',(#17243,#17244,#17250,#17251));
#17243 = ORIENTED_EDGE('',*,*,#3111,.T.);
#17244 = ORIENTED_EDGE('',*,*,#17245,.T.);
#17245 = EDGE_CURVE('',#3112,#9318,#17246,.T.);
#17246 = LINE('',#17247,#17248);
#17247 = CARTESIAN_POINT('',(-79.247425,35.58573,-4.6E-02));
#17248 = VECTOR('',#17249,1.);
#17249 = DIRECTION('',(0.,0.,1.));
#17250 = ORIENTED_EDGE('',*,*,#9317,.F.);
#17251 = ORIENTED_EDGE('',*,*,#17245,.F.);
#17252 = CYLINDRICAL_SURFACE('',#17253,0.8);
#17253 = AXIS2_PLACEMENT_3D('',#17254,#17255,#17256);
#17254 = CARTESIAN_POINT('',(-79.247425,36.38573,-4.6E-02));
#17255 = DIRECTION('',(-0.,-0.,-1.));
#17256 = DIRECTION('',(-1.7763568394E-14,-1.,0.));
#17257 = ADVANCED_FACE('',(#17258),#17269,.F.);
#17258 = FACE_BOUND('',#17259,.T.);
#17259 = EDGE_LOOP('',(#17260,#17261,#17267,#17268));
#17260 = ORIENTED_EDGE('',*,*,#3122,.T.);
#17261 = ORIENTED_EDGE('',*,*,#17262,.T.);
#17262 = EDGE_CURVE('',#3123,#9329,#17263,.T.);
#17263 = LINE('',#17264,#17265);
#17264 = CARTESIAN_POINT('',(-73.021584,37.433041,-4.6E-02));
#17265 = VECTOR('',#17266,1.);
#17266 = DIRECTION('',(0.,0.,1.));
#17267 = ORIENTED_EDGE('',*,*,#9328,.F.);
#17268 = ORIENTED_EDGE('',*,*,#17262,.F.);
#17269 = CYLINDRICAL_SURFACE('',#17270,2.525);
#17270 = AXIS2_PLACEMENT_3D('',#17271,#17272,#17273);
#17271 = CARTESIAN_POINT('',(-73.021584,39.958041,-4.6E-02));
#17272 = DIRECTION('',(-0.,-0.,-1.));
#17273 = DIRECTION('',(-5.628061273347E-15,-1.,0.));
#17274 = ADVANCED_FACE('',(#17275),#17286,.F.);
#17275 = FACE_BOUND('',#17276,.T.);
#17276 = EDGE_LOOP('',(#17277,#17278,#17284,#17285));
#17277 = ORIENTED_EDGE('',*,*,#3133,.T.);
#17278 = ORIENTED_EDGE('',*,*,#17279,.T.);
#17279 = EDGE_CURVE('',#3134,#9340,#17280,.T.);
#17280 = LINE('',#17281,#17282);
#17281 = CARTESIAN_POINT('',(-64.612785,36.231394,-4.6E-02));
#17282 = VECTOR('',#17283,1.);
#17283 = DIRECTION('',(0.,0.,1.));
#17284 = ORIENTED_EDGE('',*,*,#9339,.F.);
#17285 = ORIENTED_EDGE('',*,*,#17279,.F.);
#17286 = CYLINDRICAL_SURFACE('',#17287,0.4);
#17287 = AXIS2_PLACEMENT_3D('',#17288,#17289,#17290);
#17288 = CARTESIAN_POINT('',(-64.612785,36.631394,-4.6E-02));
#17289 = DIRECTION('',(-0.,-0.,-1.));
#17290 = DIRECTION('',(-0.,-1.,0.));
#17291 = ADVANCED_FACE('',(#17292),#17303,.F.);
#17292 = FACE_BOUND('',#17293,.T.);
#17293 = EDGE_LOOP('',(#17294,#17295,#17301,#17302));
#17294 = ORIENTED_EDGE('',*,*,#3144,.T.);
#17295 = ORIENTED_EDGE('',*,*,#17296,.T.);
#17296 = EDGE_CURVE('',#3145,#9351,#17297,.T.);
#17297 = LINE('',#17298,#17299);
#17298 = CARTESIAN_POINT('',(-67.734645,37.492036,-4.6E-02));
#17299 = VECTOR('',#17300,1.);
#17300 = DIRECTION('',(0.,0.,1.));
#17301 = ORIENTED_EDGE('',*,*,#9350,.F.);
#17302 = ORIENTED_EDGE('',*,*,#17296,.F.);
#17303 = CYLINDRICAL_SURFACE('',#17304,0.95);
#17304 = AXIS2_PLACEMENT_3D('',#17305,#17306,#17307);
#17305 = CARTESIAN_POINT('',(-67.734645,38.442036,-4.6E-02));
#17306 = DIRECTION('',(-0.,-0.,-1.));
#17307 = DIRECTION('',(-0.,-1.,0.));
#17308 = ADVANCED_FACE('',(#17309),#17320,.F.);
#17309 = FACE_BOUND('',#17310,.T.);
#17310 = EDGE_LOOP('',(#17311,#17312,#17318,#17319));
#17311 = ORIENTED_EDGE('',*,*,#3155,.T.);
#17312 = ORIENTED_EDGE('',*,*,#17313,.T.);
#17313 = EDGE_CURVE('',#3156,#9362,#17314,.T.);
#17314 = LINE('',#17315,#17316);
#17315 = CARTESIAN_POINT('',(-50.16854,30.878748,-4.6E-02));
#17316 = VECTOR('',#17317,1.);
#17317 = DIRECTION('',(0.,0.,1.));
#17318 = ORIENTED_EDGE('',*,*,#9361,.F.);
#17319 = ORIENTED_EDGE('',*,*,#17313,.F.);
#17320 = CYLINDRICAL_SURFACE('',#17321,1.525);
#17321 = AXIS2_PLACEMENT_3D('',#17322,#17323,#17324);
#17322 = CARTESIAN_POINT('',(-50.16854,32.403748,-4.6E-02));
#17323 = DIRECTION('',(-0.,-0.,-1.));
#17324 = DIRECTION('',(-0.,-1.,0.));
#17325 = ADVANCED_FACE('',(#17326),#17337,.F.);
#17326 = FACE_BOUND('',#17327,.T.);
#17327 = EDGE_LOOP('',(#17328,#17329,#17335,#17336));
#17328 = ORIENTED_EDGE('',*,*,#3166,.T.);
#17329 = ORIENTED_EDGE('',*,*,#17330,.T.);
#17330 = EDGE_CURVE('',#3167,#9373,#17331,.T.);
#17331 = LINE('',#17332,#17333);
#17332 = CARTESIAN_POINT('',(-39.997907,34.239965,-4.6E-02));
#17333 = VECTOR('',#17334,1.);
#17334 = DIRECTION('',(0.,0.,1.));
#17335 = ORIENTED_EDGE('',*,*,#9372,.F.);
#17336 = ORIENTED_EDGE('',*,*,#17330,.F.);
#17337 = CYLINDRICAL_SURFACE('',#17338,0.8);
#17338 = AXIS2_PLACEMENT_3D('',#17339,#17340,#17341);
#17339 = CARTESIAN_POINT('',(-39.997907,35.039965,-4.6E-02));
#17340 = DIRECTION('',(-0.,-0.,-1.));
#17341 = DIRECTION('',(-0.,-1.,0.));
#17342 = ADVANCED_FACE('',(#17343),#17354,.F.);
#17343 = FACE_BOUND('',#17344,.T.);
#17344 = EDGE_LOOP('',(#17345,#17346,#17352,#17353));
#17345 = ORIENTED_EDGE('',*,*,#3177,.T.);
#17346 = ORIENTED_EDGE('',*,*,#17347,.T.);
#17347 = EDGE_CURVE('',#3178,#9384,#17348,.T.);
#17348 = LINE('',#17349,#17350);
#17349 = CARTESIAN_POINT('',(-54.39601,34.275585,-4.6E-02));
#17350 = VECTOR('',#17351,1.);
#17351 = DIRECTION('',(0.,0.,1.));
#17352 = ORIENTED_EDGE('',*,*,#9383,.F.);
#17353 = ORIENTED_EDGE('',*,*,#17347,.F.);
#17354 = CYLINDRICAL_SURFACE('',#17355,1.525);
#17355 = AXIS2_PLACEMENT_3D('',#17356,#17357,#17358);
#17356 = CARTESIAN_POINT('',(-54.39601,35.800585,-4.6E-02));
#17357 = DIRECTION('',(-0.,0.,-1.));
#17358 = DIRECTION('',(4.659296627935E-15,-1.,-0.));
#17359 = ADVANCED_FACE('',(#17360),#17371,.F.);
#17360 = FACE_BOUND('',#17361,.T.);
#17361 = EDGE_LOOP('',(#17362,#17363,#17369,#17370));
#17362 = ORIENTED_EDGE('',*,*,#3188,.T.);
#17363 = ORIENTED_EDGE('',*,*,#17364,.T.);
#17364 = EDGE_CURVE('',#3189,#9395,#17365,.T.);
#17365 = LINE('',#17366,#17367);
#17366 = CARTESIAN_POINT('',(-44.462941,37.389716,-4.6E-02));
#17367 = VECTOR('',#17368,1.);
#17368 = DIRECTION('',(0.,0.,1.));
#17369 = ORIENTED_EDGE('',*,*,#9394,.F.);
#17370 = ORIENTED_EDGE('',*,*,#17364,.F.);
#17371 = CYLINDRICAL_SURFACE('',#17372,0.4);
#17372 = AXIS2_PLACEMENT_3D('',#17373,#17374,#17375);
#17373 = CARTESIAN_POINT('',(-44.462941,37.789716,-4.6E-02));
#17374 = DIRECTION('',(-0.,-0.,-1.));
#17375 = DIRECTION('',(-0.,-1.,0.));
#17376 = ADVANCED_FACE('',(#17377),#17388,.F.);
#17377 = FACE_BOUND('',#17378,.T.);
#17378 = EDGE_LOOP('',(#17379,#17380,#17386,#17387));
#17379 = ORIENTED_EDGE('',*,*,#3199,.T.);
#17380 = ORIENTED_EDGE('',*,*,#17381,.T.);
#17381 = EDGE_CURVE('',#3200,#9406,#17382,.T.);
#17382 = LINE('',#17383,#17384);
#17383 = CARTESIAN_POINT('',(-39.022958,17.775241,-4.6E-02));
#17384 = VECTOR('',#17385,1.);
#17385 = DIRECTION('',(0.,0.,1.));
#17386 = ORIENTED_EDGE('',*,*,#9405,.F.);
#17387 = ORIENTED_EDGE('',*,*,#17381,.F.);
#17388 = CYLINDRICAL_SURFACE('',#17389,2.525);
#17389 = AXIS2_PLACEMENT_3D('',#17390,#17391,#17392);
#17390 = CARTESIAN_POINT('',(-39.022958,20.300241,-4.6E-02));
#17391 = DIRECTION('',(-0.,-0.,-1.));
#17392 = DIRECTION('',(-0.,-1.,0.));
#17393 = ADVANCED_FACE('',(#17394),#17405,.F.);
#17394 = FACE_BOUND('',#17395,.T.);
#17395 = EDGE_LOOP('',(#17396,#17397,#17403,#17404));
#17396 = ORIENTED_EDGE('',*,*,#3210,.T.);
#17397 = ORIENTED_EDGE('',*,*,#17398,.T.);
#17398 = EDGE_CURVE('',#3211,#9417,#17399,.T.);
#17399 = LINE('',#17400,#17401);
#17400 = CARTESIAN_POINT('',(-33.169228,21.049848,-4.6E-02));
#17401 = VECTOR('',#17402,1.);
#17402 = DIRECTION('',(0.,0.,1.));
#17403 = ORIENTED_EDGE('',*,*,#9416,.F.);
#17404 = ORIENTED_EDGE('',*,*,#17398,.F.);
#17405 = CYLINDRICAL_SURFACE('',#17406,1.525);
#17406 = AXIS2_PLACEMENT_3D('',#17407,#17408,#17409);
#17407 = CARTESIAN_POINT('',(-33.169228,22.574848,-4.6E-02));
#17408 = DIRECTION('',(-0.,0.,-1.));
#17409 = DIRECTION('',(4.659296627935E-15,-1.,-0.));
#17410 = ADVANCED_FACE('',(#17411),#17422,.F.);
#17411 = FACE_BOUND('',#17412,.T.);
#17412 = EDGE_LOOP('',(#17413,#17414,#17420,#17421));
#17413 = ORIENTED_EDGE('',*,*,#3221,.T.);
#17414 = ORIENTED_EDGE('',*,*,#17415,.T.);
#17415 = EDGE_CURVE('',#3222,#9428,#17416,.T.);
#17416 = LINE('',#17417,#17418);
#17417 = CARTESIAN_POINT('',(-37.396698,24.446685,-4.6E-02));
#17418 = VECTOR('',#17419,1.);
#17419 = DIRECTION('',(0.,0.,1.));
#17420 = ORIENTED_EDGE('',*,*,#9427,.F.);
#17421 = ORIENTED_EDGE('',*,*,#17415,.F.);
#17422 = CYLINDRICAL_SURFACE('',#17423,1.525);
#17423 = AXIS2_PLACEMENT_3D('',#17424,#17425,#17426);
#17424 = CARTESIAN_POINT('',(-37.396698,25.971685,-4.6E-02));
#17425 = DIRECTION('',(-0.,-0.,-1.));
#17426 = DIRECTION('',(-0.,-1.,0.));
#17427 = ADVANCED_FACE('',(#17428),#17439,.F.);
#17428 = FACE_BOUND('',#17429,.T.);
#17429 = EDGE_LOOP('',(#17430,#17431,#17437,#17438));
#17430 = ORIENTED_EDGE('',*,*,#3232,.T.);
#17431 = ORIENTED_EDGE('',*,*,#17432,.T.);
#17432 = EDGE_CURVE('',#3233,#9439,#17433,.T.);
#17433 = LINE('',#17434,#17435);
#17434 = CARTESIAN_POINT('',(-27.463629,27.560815,-4.6E-02));
#17435 = VECTOR('',#17436,1.);
#17436 = DIRECTION('',(0.,0.,1.));
#17437 = ORIENTED_EDGE('',*,*,#9438,.F.);
#17438 = ORIENTED_EDGE('',*,*,#17432,.F.);
#17439 = CYLINDRICAL_SURFACE('',#17440,0.4);
#17440 = AXIS2_PLACEMENT_3D('',#17441,#17442,#17443);
#17441 = CARTESIAN_POINT('',(-27.463629,27.960815,-4.6E-02));
#17442 = DIRECTION('',(-0.,-0.,-1.));
#17443 = DIRECTION('',(-8.881784197001E-15,-1.,0.));
#17444 = ADVANCED_FACE('',(#17445),#17456,.F.);
#17445 = FACE_BOUND('',#17446,.T.);
#17446 = EDGE_LOOP('',(#17447,#17448,#17454,#17455));
#17447 = ORIENTED_EDGE('',*,*,#3243,.T.);
#17448 = ORIENTED_EDGE('',*,*,#17449,.T.);
#17449 = EDGE_CURVE('',#3244,#9450,#17450,.T.);
#17450 = LINE('',#17451,#17452);
#17451 = CARTESIAN_POINT('',(-8.89,19.802373,-4.6E-02));
#17452 = VECTOR('',#17453,1.);
#17453 = DIRECTION('',(0.,0.,1.));
#17454 = ORIENTED_EDGE('',*,*,#9449,.F.);
#17455 = ORIENTED_EDGE('',*,*,#17449,.F.);
#17456 = CYLINDRICAL_SURFACE('',#17457,0.51);
#17457 = AXIS2_PLACEMENT_3D('',#17458,#17459,#17460);
#17458 = CARTESIAN_POINT('',(-8.89,20.312373,-4.6E-02));
#17459 = DIRECTION('',(-0.,-0.,-1.));
#17460 = DIRECTION('',(-0.,-1.,0.));
#17461 = ADVANCED_FACE('',(#17462),#17473,.F.);
#17462 = FACE_BOUND('',#17463,.T.);
#17463 = EDGE_LOOP('',(#17464,#17465,#17471,#17472));
#17464 = ORIENTED_EDGE('',*,*,#3254,.T.);
#17465 = ORIENTED_EDGE('',*,*,#17466,.T.);
#17466 = EDGE_CURVE('',#3255,#9461,#17467,.T.);
#17467 = LINE('',#17468,#17469);
#17468 = CARTESIAN_POINT('',(-2.54,20.032373,-4.6E-02));
#17469 = VECTOR('',#17470,1.);
#17470 = DIRECTION('',(0.,0.,1.));
#17471 = ORIENTED_EDGE('',*,*,#9460,.F.);
#17472 = ORIENTED_EDGE('',*,*,#17466,.F.);
#17473 = CYLINDRICAL_SURFACE('',#17474,0.51);
#17474 = AXIS2_PLACEMENT_3D('',#17475,#17476,#17477);
#17475 = CARTESIAN_POINT('',(-2.54,20.542373,-4.6E-02));
#17476 = DIRECTION('',(-0.,-0.,-1.));
#17477 = DIRECTION('',(-0.,-1.,0.));
#17478 = ADVANCED_FACE('',(#17479),#17490,.F.);
#17479 = FACE_BOUND('',#17480,.T.);
#17480 = EDGE_LOOP('',(#17481,#17482,#17488,#17489));
#17481 = ORIENTED_EDGE('',*,*,#3265,.T.);
#17482 = ORIENTED_EDGE('',*,*,#17483,.T.);
#17483 = EDGE_CURVE('',#3266,#9472,#17484,.T.);
#17484 = LINE('',#17485,#17486);
#17485 = CARTESIAN_POINT('',(-8.89,22.342373,-4.6E-02));
#17486 = VECTOR('',#17487,1.);
#17487 = DIRECTION('',(0.,0.,1.));
#17488 = ORIENTED_EDGE('',*,*,#9471,.F.);
#17489 = ORIENTED_EDGE('',*,*,#17483,.F.);
#17490 = CYLINDRICAL_SURFACE('',#17491,0.51);
#17491 = AXIS2_PLACEMENT_3D('',#17492,#17493,#17494);
#17492 = CARTESIAN_POINT('',(-8.89,22.852373,-4.6E-02));
#17493 = DIRECTION('',(-0.,-0.,-1.));
#17494 = DIRECTION('',(-0.,-1.,0.));
#17495 = ADVANCED_FACE('',(#17496),#17507,.F.);
#17496 = FACE_BOUND('',#17497,.T.);
#17497 = EDGE_LOOP('',(#17498,#17499,#17505,#17506));
#17498 = ORIENTED_EDGE('',*,*,#3276,.T.);
#17499 = ORIENTED_EDGE('',*,*,#17500,.T.);
#17500 = EDGE_CURVE('',#3277,#9483,#17501,.T.);
#17501 = LINE('',#17502,#17503);
#17502 = CARTESIAN_POINT('',(-8.89,24.882373,-4.6E-02));
#17503 = VECTOR('',#17504,1.);
#17504 = DIRECTION('',(0.,0.,1.));
#17505 = ORIENTED_EDGE('',*,*,#9482,.F.);
#17506 = ORIENTED_EDGE('',*,*,#17500,.F.);
#17507 = CYLINDRICAL_SURFACE('',#17508,0.51);
#17508 = AXIS2_PLACEMENT_3D('',#17509,#17510,#17511);
#17509 = CARTESIAN_POINT('',(-8.89,25.392373,-4.6E-02));
#17510 = DIRECTION('',(-0.,-0.,-1.));
#17511 = DIRECTION('',(-0.,-1.,0.));
#17512 = ADVANCED_FACE('',(#17513),#17524,.F.);
#17513 = FACE_BOUND('',#17514,.T.);
#17514 = EDGE_LOOP('',(#17515,#17516,#17522,#17523));
#17515 = ORIENTED_EDGE('',*,*,#3287,.T.);
#17516 = ORIENTED_EDGE('',*,*,#17517,.T.);
#17517 = EDGE_CURVE('',#3288,#9494,#17518,.T.);
#17518 = LINE('',#17519,#17520);
#17519 = CARTESIAN_POINT('',(-8.89,27.422373,-4.6E-02));
#17520 = VECTOR('',#17521,1.);
#17521 = DIRECTION('',(0.,0.,1.));
#17522 = ORIENTED_EDGE('',*,*,#9493,.F.);
#17523 = ORIENTED_EDGE('',*,*,#17517,.F.);
#17524 = CYLINDRICAL_SURFACE('',#17525,0.51);
#17525 = AXIS2_PLACEMENT_3D('',#17526,#17527,#17528);
#17526 = CARTESIAN_POINT('',(-8.89,27.932373,-4.6E-02));
#17527 = DIRECTION('',(-0.,-0.,-1.));
#17528 = DIRECTION('',(-0.,-1.,0.));
#17529 = ADVANCED_FACE('',(#17530),#17541,.F.);
#17530 = FACE_BOUND('',#17531,.T.);
#17531 = EDGE_LOOP('',(#17532,#17533,#17539,#17540));
#17532 = ORIENTED_EDGE('',*,*,#3298,.T.);
#17533 = ORIENTED_EDGE('',*,*,#17534,.T.);
#17534 = EDGE_CURVE('',#3299,#9505,#17535,.T.);
#17535 = LINE('',#17536,#17537);
#17536 = CARTESIAN_POINT('',(-25.363269,34.885628,-4.6E-02));
#17537 = VECTOR('',#17538,1.);
#17538 = DIRECTION('',(0.,0.,1.));
#17539 = ORIENTED_EDGE('',*,*,#9504,.F.);
#17540 = ORIENTED_EDGE('',*,*,#17534,.F.);
#17541 = CYLINDRICAL_SURFACE('',#17542,0.4);
#17542 = AXIS2_PLACEMENT_3D('',#17543,#17544,#17545);
#17543 = CARTESIAN_POINT('',(-25.363269,35.285628,-4.6E-02));
#17544 = DIRECTION('',(-0.,0.,-1.));
#17545 = DIRECTION('',(8.881784197001E-15,-1.,-0.));
#17546 = ADVANCED_FACE('',(#17547),#17558,.F.);
#17547 = FACE_BOUND('',#17548,.T.);
#17548 = EDGE_LOOP('',(#17549,#17550,#17556,#17557));
#17549 = ORIENTED_EDGE('',*,*,#3309,.T.);
#17550 = ORIENTED_EDGE('',*,*,#17551,.T.);
#17551 = EDGE_CURVE('',#3310,#9516,#17552,.T.);
#17552 = LINE('',#17553,#17554);
#17553 = CARTESIAN_POINT('',(-39.059005,39.178281,-4.6E-02));
#17554 = VECTOR('',#17555,1.);
#17555 = DIRECTION('',(0.,0.,1.));
#17556 = ORIENTED_EDGE('',*,*,#9515,.F.);
#17557 = ORIENTED_EDGE('',*,*,#17551,.F.);
#17558 = CYLINDRICAL_SURFACE('',#17559,0.95);
#17559 = AXIS2_PLACEMENT_3D('',#17560,#17561,#17562);
#17560 = CARTESIAN_POINT('',(-39.059005,40.128281,-4.6E-02));
#17561 = DIRECTION('',(-0.,-0.,-1.));
#17562 = DIRECTION('',(-0.,-1.,0.));
#17563 = ADVANCED_FACE('',(#17564),#17575,.F.);
#17564 = FACE_BOUND('',#17565,.T.);
#17565 = EDGE_LOOP('',(#17566,#17567,#17573,#17574));
#17566 = ORIENTED_EDGE('',*,*,#3320,.T.);
#17567 = ORIENTED_EDGE('',*,*,#17568,.T.);
#17568 = EDGE_CURVE('',#3321,#9527,#17569,.T.);
#17569 = LINE('',#17570,#17571);
#17570 = CARTESIAN_POINT('',(-33.772066,36.087276,-4.6E-02));
#17571 = VECTOR('',#17572,1.);
#17572 = DIRECTION('',(0.,0.,1.));
#17573 = ORIENTED_EDGE('',*,*,#9526,.F.);
#17574 = ORIENTED_EDGE('',*,*,#17568,.F.);
#17575 = CYLINDRICAL_SURFACE('',#17576,2.525);
#17576 = AXIS2_PLACEMENT_3D('',#17577,#17578,#17579);
#17577 = CARTESIAN_POINT('',(-33.772066,38.612276,-4.6E-02));
#17578 = DIRECTION('',(-0.,-0.,-1.));
#17579 = DIRECTION('',(-0.,-1.,0.));
#17580 = ADVANCED_FACE('',(#17581),#17592,.F.);
#17581 = FACE_BOUND('',#17582,.T.);
#17582 = EDGE_LOOP('',(#17583,#17584,#17590,#17591));
#17583 = ORIENTED_EDGE('',*,*,#3331,.T.);
#17584 = ORIENTED_EDGE('',*,*,#17585,.T.);
#17585 = EDGE_CURVE('',#3332,#9538,#17586,.T.);
#17586 = LINE('',#17587,#17588);
#17587 = CARTESIAN_POINT('',(-28.485127,36.146271,-4.6E-02));
#17588 = VECTOR('',#17589,1.);
#17589 = DIRECTION('',(0.,0.,1.));
#17590 = ORIENTED_EDGE('',*,*,#9537,.F.);
#17591 = ORIENTED_EDGE('',*,*,#17585,.F.);
#17592 = CYLINDRICAL_SURFACE('',#17593,0.95);
#17593 = AXIS2_PLACEMENT_3D('',#17594,#17595,#17596);
#17594 = CARTESIAN_POINT('',(-28.485127,37.096271,-4.6E-02));
#17595 = DIRECTION('',(-0.,-0.,-1.));
#17596 = DIRECTION('',(-0.,-1.,0.));
#17597 = ADVANCED_FACE('',(#17598),#17609,.F.);
#17598 = FACE_BOUND('',#17599,.T.);
#17599 = EDGE_LOOP('',(#17600,#17601,#17607,#17608));
#17600 = ORIENTED_EDGE('',*,*,#3342,.T.);
#17601 = ORIENTED_EDGE('',*,*,#17602,.T.);
#17602 = EDGE_CURVE('',#3343,#9549,#17603,.T.);
#17603 = LINE('',#17604,#17605);
#17604 = CARTESIAN_POINT('',(-8.89,29.962373,-4.6E-02));
#17605 = VECTOR('',#17606,1.);
#17606 = DIRECTION('',(0.,0.,1.));
#17607 = ORIENTED_EDGE('',*,*,#9548,.F.);
#17608 = ORIENTED_EDGE('',*,*,#17602,.F.);
#17609 = CYLINDRICAL_SURFACE('',#17610,0.51);
#17610 = AXIS2_PLACEMENT_3D('',#17611,#17612,#17613);
#17611 = CARTESIAN_POINT('',(-8.89,30.472373,-4.6E-02));
#17612 = DIRECTION('',(-0.,-0.,-1.));
#17613 = DIRECTION('',(-0.,-1.,0.));
#17614 = ADVANCED_FACE('',(#17615),#17626,.F.);
#17615 = FACE_BOUND('',#17616,.T.);
#17616 = EDGE_LOOP('',(#17617,#17618,#17624,#17625));
#17617 = ORIENTED_EDGE('',*,*,#3353,.T.);
#17618 = ORIENTED_EDGE('',*,*,#17619,.T.);
#17619 = EDGE_CURVE('',#3354,#9560,#17620,.T.);
#17620 = LINE('',#17621,#17622);
#17621 = CARTESIAN_POINT('',(-8.89,32.502373,-4.6E-02));
#17622 = VECTOR('',#17623,1.);
#17623 = DIRECTION('',(0.,0.,1.));
#17624 = ORIENTED_EDGE('',*,*,#9559,.F.);
#17625 = ORIENTED_EDGE('',*,*,#17619,.F.);
#17626 = CYLINDRICAL_SURFACE('',#17627,0.51);
#17627 = AXIS2_PLACEMENT_3D('',#17628,#17629,#17630);
#17628 = CARTESIAN_POINT('',(-8.89,33.012373,-4.6E-02));
#17629 = DIRECTION('',(-0.,-0.,-1.));
#17630 = DIRECTION('',(-0.,-1.,0.));
#17631 = ADVANCED_FACE('',(#17632),#17643,.F.);
#17632 = FACE_BOUND('',#17633,.T.);
#17633 = EDGE_LOOP('',(#17634,#17635,#17641,#17642));
#17634 = ORIENTED_EDGE('',*,*,#3364,.T.);
#17635 = ORIENTED_EDGE('',*,*,#17636,.T.);
#17636 = EDGE_CURVE('',#3365,#9571,#17637,.T.);
#17637 = LINE('',#17638,#17639);
#17638 = CARTESIAN_POINT('',(-8.89,35.042373,-4.6E-02));
#17639 = VECTOR('',#17640,1.);
#17640 = DIRECTION('',(0.,0.,1.));
#17641 = ORIENTED_EDGE('',*,*,#9570,.F.);
#17642 = ORIENTED_EDGE('',*,*,#17636,.F.);
#17643 = CYLINDRICAL_SURFACE('',#17644,0.51);
#17644 = AXIS2_PLACEMENT_3D('',#17645,#17646,#17647);
#17645 = CARTESIAN_POINT('',(-8.89,35.552373,-4.6E-02));
#17646 = DIRECTION('',(-0.,-0.,-1.));
#17647 = DIRECTION('',(-0.,-1.,0.));
#17648 = ADVANCED_FACE('',(#17649),#17660,.F.);
#17649 = FACE_BOUND('',#17650,.T.);
#17650 = EDGE_LOOP('',(#17651,#17652,#17658,#17659));
#17651 = ORIENTED_EDGE('',*,*,#3375,.T.);
#17652 = ORIENTED_EDGE('',*,*,#17653,.T.);
#17653 = EDGE_CURVE('',#3376,#9582,#17654,.T.);
#17654 = LINE('',#17655,#17656);
#17655 = CARTESIAN_POINT('',(-8.89,37.582373,-4.6E-02));
#17656 = VECTOR('',#17657,1.);
#17657 = DIRECTION('',(0.,0.,1.));
#17658 = ORIENTED_EDGE('',*,*,#9581,.F.);
#17659 = ORIENTED_EDGE('',*,*,#17653,.F.);
#17660 = CYLINDRICAL_SURFACE('',#17661,0.51);
#17661 = AXIS2_PLACEMENT_3D('',#17662,#17663,#17664);
#17662 = CARTESIAN_POINT('',(-8.89,38.092373,-4.6E-02));
#17663 = DIRECTION('',(-0.,-0.,-1.));
#17664 = DIRECTION('',(-0.,-1.,0.));
#17665 = ADVANCED_FACE('',(#17666),#17677,.F.);
#17666 = FACE_BOUND('',#17667,.T.);
#17667 = EDGE_LOOP('',(#17668,#17669,#17675,#17676));
#17668 = ORIENTED_EDGE('',*,*,#3386,.T.);
#17669 = ORIENTED_EDGE('',*,*,#17670,.T.);
#17670 = EDGE_CURVE('',#3387,#9593,#17671,.T.);
#17671 = LINE('',#17672,#17673);
#17672 = CARTESIAN_POINT('',(-139.86947,40.492444,-4.6E-02));
#17673 = VECTOR('',#17674,1.);
#17674 = DIRECTION('',(0.,0.,1.));
#17675 = ORIENTED_EDGE('',*,*,#9592,.F.);
#17676 = ORIENTED_EDGE('',*,*,#17670,.F.);
#17677 = CYLINDRICAL_SURFACE('',#17678,0.8);
#17678 = AXIS2_PLACEMENT_3D('',#17679,#17680,#17681);
#17679 = CARTESIAN_POINT('',(-139.86947,41.292444,-4.6E-02));
#17680 = DIRECTION('',(-0.,-0.,-1.));
#17681 = DIRECTION('',(-3.552713678801E-14,-1.,0.));
#17682 = ADVANCED_FACE('',(#17683),#17694,.F.);
#17683 = FACE_BOUND('',#17684,.T.);
#17684 = EDGE_LOOP('',(#17685,#17686,#17692,#17693));
#17685 = ORIENTED_EDGE('',*,*,#3397,.T.);
#17686 = ORIENTED_EDGE('',*,*,#17687,.T.);
#17687 = EDGE_CURVE('',#3398,#9604,#17688,.T.);
#17688 = LINE('',#17689,#17690);
#17689 = CARTESIAN_POINT('',(-139.287798,45.48386,-4.6E-02));
#17690 = VECTOR('',#17691,1.);
#17691 = DIRECTION('',(0.,0.,1.));
#17692 = ORIENTED_EDGE('',*,*,#9603,.F.);
#17693 = ORIENTED_EDGE('',*,*,#17687,.F.);
#17694 = CYLINDRICAL_SURFACE('',#17695,0.95);
#17695 = AXIS2_PLACEMENT_3D('',#17696,#17697,#17698);
#17696 = CARTESIAN_POINT('',(-139.287798,46.43386,-4.6E-02));
#17697 = DIRECTION('',(-0.,-0.,-1.));
#17698 = DIRECTION('',(-0.,-1.,0.));
#17699 = ADVANCED_FACE('',(#17700),#17711,.F.);
#17700 = FACE_BOUND('',#17701,.T.);
#17701 = EDGE_LOOP('',(#17702,#17703,#17709,#17710));
#17702 = ORIENTED_EDGE('',*,*,#3408,.T.);
#17703 = ORIENTED_EDGE('',*,*,#17704,.T.);
#17704 = EDGE_CURVE('',#3409,#9615,#17705,.T.);
#17705 = LINE('',#17706,#17707);
#17706 = CARTESIAN_POINT('',(-133.907987,42.765346,-4.6E-02));
#17707 = VECTOR('',#17708,1.);
#17708 = DIRECTION('',(0.,0.,1.));
#17709 = ORIENTED_EDGE('',*,*,#9614,.F.);
#17710 = ORIENTED_EDGE('',*,*,#17704,.F.);
#17711 = CYLINDRICAL_SURFACE('',#17712,2.525);
#17712 = AXIS2_PLACEMENT_3D('',#17713,#17714,#17715);
#17713 = CARTESIAN_POINT('',(-133.907987,45.290346,-4.6E-02));
#17714 = DIRECTION('',(-0.,-0.,-1.));
#17715 = DIRECTION('',(-0.,-1.,0.));
#17716 = ADVANCED_FACE('',(#17717),#17728,.F.);
#17717 = FACE_BOUND('',#17718,.T.);
#17718 = EDGE_LOOP('',(#17719,#17720,#17726,#17727));
#17719 = ORIENTED_EDGE('',*,*,#3419,.T.);
#17720 = ORIENTED_EDGE('',*,*,#17721,.T.);
#17721 = EDGE_CURVE('',#3420,#9626,#17722,.T.);
#17722 = LINE('',#17723,#17724);
#17723 = CARTESIAN_POINT('',(-125.287617,42.158371,-4.6E-02));
#17724 = VECTOR('',#17725,1.);
#17725 = DIRECTION('',(0.,0.,1.));
#17726 = ORIENTED_EDGE('',*,*,#9625,.F.);
#17727 = ORIENTED_EDGE('',*,*,#17721,.F.);
#17728 = CYLINDRICAL_SURFACE('',#17729,0.4);
#17729 = AXIS2_PLACEMENT_3D('',#17730,#17731,#17732);
#17730 = CARTESIAN_POINT('',(-125.287617,42.558371,-4.6E-02));
#17731 = DIRECTION('',(-0.,0.,-1.));
#17732 = DIRECTION('',(3.5527136788E-14,-1.,-0.));
#17733 = ADVANCED_FACE('',(#17734),#17745,.F.);
#17734 = FACE_BOUND('',#17735,.T.);
#17735 = EDGE_LOOP('',(#17736,#17737,#17743,#17744));
#17736 = ORIENTED_EDGE('',*,*,#3430,.T.);
#17737 = ORIENTED_EDGE('',*,*,#17738,.T.);
#17738 = EDGE_CURVE('',#3431,#9637,#17739,.T.);
#17739 = LINE('',#17740,#17741);
#17740 = CARTESIAN_POINT('',(-120.654086,41.523143,-4.6E-02));
#17741 = VECTOR('',#17742,1.);
#17742 = DIRECTION('',(0.,0.,1.));
#17743 = ORIENTED_EDGE('',*,*,#9636,.F.);
#17744 = ORIENTED_EDGE('',*,*,#17738,.F.);
#17745 = CYLINDRICAL_SURFACE('',#17746,0.95);
#17746 = AXIS2_PLACEMENT_3D('',#17747,#17748,#17749);
#17747 = CARTESIAN_POINT('',(-120.654086,42.473143,-4.6E-02));
#17748 = DIRECTION('',(-0.,-0.,-1.));
#17749 = DIRECTION('',(-0.,-1.,0.));
#17750 = ADVANCED_FACE('',(#17751),#17762,.F.);
#17751 = FACE_BOUND('',#17752,.T.);
#17752 = EDGE_LOOP('',(#17753,#17754,#17760,#17761));
#17753 = ORIENTED_EDGE('',*,*,#3441,.T.);
#17754 = ORIENTED_EDGE('',*,*,#17755,.T.);
#17755 = EDGE_CURVE('',#3442,#9648,#17756,.T.);
#17756 = LINE('',#17757,#17758);
#17757 = CARTESIAN_POINT('',(-128.528176,43.196832,-4.6E-02));
#17758 = VECTOR('',#17759,1.);
#17759 = DIRECTION('',(0.,0.,1.));
#17760 = ORIENTED_EDGE('',*,*,#9647,.F.);
#17761 = ORIENTED_EDGE('',*,*,#17755,.F.);
#17762 = CYLINDRICAL_SURFACE('',#17763,0.95);
#17763 = AXIS2_PLACEMENT_3D('',#17764,#17765,#17766);
#17764 = CARTESIAN_POINT('',(-128.528176,44.146832,-4.6E-02));
#17765 = DIRECTION('',(-0.,-0.,-1.));
#17766 = DIRECTION('',(-0.,-1.,0.));
#17767 = ADVANCED_FACE('',(#17768),#17779,.F.);
#17768 = FACE_BOUND('',#17769,.T.);
#17769 = EDGE_LOOP('',(#17770,#17771,#17777,#17778));
#17770 = ORIENTED_EDGE('',*,*,#3452,.T.);
#17771 = ORIENTED_EDGE('',*,*,#17772,.T.);
#17772 = EDGE_CURVE('',#3453,#9659,#17773,.T.);
#17773 = LINE('',#17774,#17775);
#17774 = CARTESIAN_POINT('',(-128.227185,46.442747,-4.6E-02));
#17775 = VECTOR('',#17776,1.);
#17776 = DIRECTION('',(0.,0.,1.));
#17777 = ORIENTED_EDGE('',*,*,#9658,.F.);
#17778 = ORIENTED_EDGE('',*,*,#17772,.F.);
#17779 = CYLINDRICAL_SURFACE('',#17780,1.525);
#17780 = AXIS2_PLACEMENT_3D('',#17781,#17782,#17783);
#17781 = CARTESIAN_POINT('',(-128.227185,47.967747,-4.6E-02));
#17782 = DIRECTION('',(-0.,-0.,-1.));
#17783 = DIRECTION('',(-0.,-1.,0.));
#17784 = ADVANCED_FACE('',(#17785),#17796,.F.);
#17785 = FACE_BOUND('',#17786,.T.);
#17786 = EDGE_LOOP('',(#17787,#17788,#17794,#17795));
#17787 = ORIENTED_EDGE('',*,*,#3463,.T.);
#17788 = ORIENTED_EDGE('',*,*,#17789,.T.);
#17789 = EDGE_CURVE('',#3464,#9670,#17790,.T.);
#17790 = LINE('',#17791,#17792);
#17791 = CARTESIAN_POINT('',(-132.681308,49.536417,-4.6E-02));
#17792 = VECTOR('',#17793,1.);
#17793 = DIRECTION('',(0.,0.,1.));
#17794 = ORIENTED_EDGE('',*,*,#9669,.F.);
#17795 = ORIENTED_EDGE('',*,*,#17789,.F.);
#17796 = CYLINDRICAL_SURFACE('',#17797,1.525);
#17797 = AXIS2_PLACEMENT_3D('',#17798,#17799,#17800);
#17798 = CARTESIAN_POINT('',(-132.681308,51.061417,-4.6E-02));
#17799 = DIRECTION('',(-0.,-0.,-1.));
#17800 = DIRECTION('',(-0.,-1.,0.));
#17801 = ADVANCED_FACE('',(#17802),#17813,.F.);
#17802 = FACE_BOUND('',#17803,.T.);
#17803 = EDGE_LOOP('',(#17804,#17805,#17811,#17812));
#17804 = ORIENTED_EDGE('',*,*,#3474,.T.);
#17805 = ORIENTED_EDGE('',*,*,#17806,.T.);
#17806 = EDGE_CURVE('',#3475,#9681,#17807,.T.);
#17807 = LINE('',#17808,#17809);
#17808 = CARTESIAN_POINT('',(-122.91119,53.338598,-4.6E-02));
#17809 = VECTOR('',#17810,1.);
#17810 = DIRECTION('',(0.,0.,1.));
#17811 = ORIENTED_EDGE('',*,*,#9680,.F.);
#17812 = ORIENTED_EDGE('',*,*,#17806,.F.);
#17813 = CYLINDRICAL_SURFACE('',#17814,0.4);
#17814 = AXIS2_PLACEMENT_3D('',#17815,#17816,#17817);
#17815 = CARTESIAN_POINT('',(-122.91119,53.738598,-4.6E-02));
#17816 = DIRECTION('',(-0.,-0.,-1.));
#17817 = DIRECTION('',(-0.,-1.,0.));
#17818 = ADVANCED_FACE('',(#17819),#17830,.F.);
#17819 = FACE_BOUND('',#17820,.T.);
#17820 = EDGE_LOOP('',(#17821,#17822,#17828,#17829));
#17821 = ORIENTED_EDGE('',*,*,#3485,.T.);
#17822 = ORIENTED_EDGE('',*,*,#17823,.T.);
#17823 = EDGE_CURVE('',#3486,#9692,#17824,.T.);
#17824 = LINE('',#17825,#17826);
#17825 = CARTESIAN_POINT('',(-135.908752,59.126156,-4.6E-02));
#17826 = VECTOR('',#17827,1.);
#17827 = DIRECTION('',(0.,0.,1.));
#17828 = ORIENTED_EDGE('',*,*,#9691,.F.);
#17829 = ORIENTED_EDGE('',*,*,#17823,.F.);
#17830 = CYLINDRICAL_SURFACE('',#17831,0.8);
#17831 = AXIS2_PLACEMENT_3D('',#17832,#17833,#17834);
#17832 = CARTESIAN_POINT('',(-135.908752,59.926156,-4.6E-02));
#17833 = DIRECTION('',(-0.,-0.,-1.));
#17834 = DIRECTION('',(-0.,-1.,0.));
#17835 = ADVANCED_FACE('',(#17836),#17847,.F.);
#17836 = FACE_BOUND('',#17837,.T.);
#17837 = EDGE_LOOP('',(#17838,#17839,#17845,#17846));
#17838 = ORIENTED_EDGE('',*,*,#3496,.T.);
#17839 = ORIENTED_EDGE('',*,*,#17840,.T.);
#17840 = EDGE_CURVE('',#3497,#9703,#17841,.T.);
#17841 = LINE('',#17842,#17843);
#17842 = CARTESIAN_POINT('',(-115.274275,38.804629,-4.6E-02));
#17843 = VECTOR('',#17844,1.);
#17844 = DIRECTION('',(0.,0.,1.));
#17845 = ORIENTED_EDGE('',*,*,#9702,.F.);
#17846 = ORIENTED_EDGE('',*,*,#17840,.F.);
#17847 = CYLINDRICAL_SURFACE('',#17848,2.525);
#17848 = AXIS2_PLACEMENT_3D('',#17849,#17850,#17851);
#17849 = CARTESIAN_POINT('',(-115.274275,41.329629,-4.6E-02));
#17850 = DIRECTION('',(-0.,-0.,-1.));
#17851 = DIRECTION('',(-5.628061273347E-15,-1.,0.));
#17852 = ADVANCED_FACE('',(#17853),#17864,.F.);
#17853 = FACE_BOUND('',#17854,.T.);
#17854 = EDGE_LOOP('',(#17855,#17856,#17862,#17863));
#17855 = ORIENTED_EDGE('',*,*,#3507,.T.);
#17856 = ORIENTED_EDGE('',*,*,#17857,.T.);
#17857 = EDGE_CURVE('',#3508,#9714,#17858,.T.);
#17858 = LINE('',#17859,#17860);
#17859 = CARTESIAN_POINT('',(-109.593473,42.48203,-4.6E-02));
#17860 = VECTOR('',#17861,1.);
#17861 = DIRECTION('',(0.,0.,1.));
#17862 = ORIENTED_EDGE('',*,*,#9713,.F.);
#17863 = ORIENTED_EDGE('',*,*,#17857,.F.);
#17864 = CYLINDRICAL_SURFACE('',#17865,1.525);
#17865 = AXIS2_PLACEMENT_3D('',#17866,#17867,#17868);
#17866 = CARTESIAN_POINT('',(-109.593473,44.00703,-4.6E-02));
#17867 = DIRECTION('',(-0.,-0.,-1.));
#17868 = DIRECTION('',(-9.31859325587E-15,-1.,0.));
#17869 = ADVANCED_FACE('',(#17870),#17881,.F.);
#17870 = FACE_BOUND('',#17871,.T.);
#17871 = EDGE_LOOP('',(#17872,#17873,#17879,#17880));
#17872 = ORIENTED_EDGE('',*,*,#3518,.T.);
#17873 = ORIENTED_EDGE('',*,*,#17874,.T.);
#17874 = EDGE_CURVE('',#3519,#9725,#17875,.T.);
#17875 = LINE('',#17876,#17877);
#17876 = CARTESIAN_POINT('',(-114.047596,45.5757,-4.6E-02));
#17877 = VECTOR('',#17878,1.);
#17878 = DIRECTION('',(0.,0.,1.));
#17879 = ORIENTED_EDGE('',*,*,#9724,.F.);
#17880 = ORIENTED_EDGE('',*,*,#17874,.F.);
#17881 = CYLINDRICAL_SURFACE('',#17882,1.525);
#17882 = AXIS2_PLACEMENT_3D('',#17883,#17884,#17885);
#17883 = CARTESIAN_POINT('',(-114.047596,47.1007,-4.6E-02));
#17884 = DIRECTION('',(-0.,-0.,-1.));
#17885 = DIRECTION('',(-0.,-1.,0.));
#17886 = ADVANCED_FACE('',(#17887),#17898,.F.);
#17887 = FACE_BOUND('',#17888,.T.);
#17888 = EDGE_LOOP('',(#17889,#17890,#17896,#17897));
#17889 = ORIENTED_EDGE('',*,*,#3529,.T.);
#17890 = ORIENTED_EDGE('',*,*,#17891,.T.);
#17891 = EDGE_CURVE('',#3530,#9736,#17892,.T.);
#17892 = LINE('',#17893,#17894);
#17893 = CARTESIAN_POINT('',(-104.277478,49.37788,-4.6E-02));
#17894 = VECTOR('',#17895,1.);
#17895 = DIRECTION('',(0.,0.,1.));
#17896 = ORIENTED_EDGE('',*,*,#9735,.F.);
#17897 = ORIENTED_EDGE('',*,*,#17891,.F.);
#17898 = CYLINDRICAL_SURFACE('',#17899,0.4);
#17899 = AXIS2_PLACEMENT_3D('',#17900,#17901,#17902);
#17900 = CARTESIAN_POINT('',(-104.277478,49.77788,-4.6E-02));
#17901 = DIRECTION('',(-0.,-0.,-1.));
#17902 = DIRECTION('',(-0.,-1.,0.));
#17903 = ADVANCED_FACE('',(#17904),#17915,.F.);
#17904 = FACE_BOUND('',#17905,.T.);
#17905 = EDGE_LOOP('',(#17906,#17907,#17913,#17914));
#17906 = ORIENTED_EDGE('',*,*,#3540,.T.);
#17907 = ORIENTED_EDGE('',*,*,#17908,.T.);
#17908 = EDGE_CURVE('',#3541,#9747,#17909,.T.);
#17909 = LINE('',#17910,#17911);
#17910 = CARTESIAN_POINT('',(-97.93328,41.196929,-4.6E-02));
#17911 = VECTOR('',#17912,1.);
#17912 = DIRECTION('',(0.,0.,1.));
#17913 = ORIENTED_EDGE('',*,*,#9746,.F.);
#17914 = ORIENTED_EDGE('',*,*,#17908,.F.);
#17915 = CYLINDRICAL_SURFACE('',#17916,0.95);
#17916 = AXIS2_PLACEMENT_3D('',#17917,#17918,#17919);
#17917 = CARTESIAN_POINT('',(-97.93328,42.146929,-4.6E-02));
#17918 = DIRECTION('',(-0.,-0.,-1.));
#17919 = DIRECTION('',(-0.,-1.,0.));
#17920 = ADVANCED_FACE('',(#17921),#17932,.F.);
#17921 = FACE_BOUND('',#17922,.T.);
#17922 = EDGE_LOOP('',(#17923,#17924,#17930,#17931));
#17923 = ORIENTED_EDGE('',*,*,#3551,.T.);
#17924 = ORIENTED_EDGE('',*,*,#17925,.T.);
#17925 = EDGE_CURVE('',#3552,#9758,#17926,.T.);
#17926 = LINE('',#17927,#17928);
#17927 = CARTESIAN_POINT('',(-92.646341,38.105924,-4.6E-02));
#17928 = VECTOR('',#17929,1.);
#17929 = DIRECTION('',(0.,0.,1.));
#17930 = ORIENTED_EDGE('',*,*,#9757,.F.);
#17931 = ORIENTED_EDGE('',*,*,#17925,.F.);
#17932 = CYLINDRICAL_SURFACE('',#17933,2.525);
#17933 = AXIS2_PLACEMENT_3D('',#17934,#17935,#17936);
#17934 = CARTESIAN_POINT('',(-92.646341,40.630924,-4.6E-02));
#17935 = DIRECTION('',(-0.,-0.,-1.));
#17936 = DIRECTION('',(-0.,-1.,0.));
#17937 = ADVANCED_FACE('',(#17938),#17949,.F.);
#17938 = FACE_BOUND('',#17939,.T.);
#17939 = EDGE_LOOP('',(#17940,#17941,#17947,#17948));
#17940 = ORIENTED_EDGE('',*,*,#3562,.T.);
#17941 = ORIENTED_EDGE('',*,*,#17942,.T.);
#17942 = EDGE_CURVE('',#3563,#9769,#17943,.T.);
#17943 = LINE('',#17944,#17945);
#17944 = CARTESIAN_POINT('',(-86.792611,41.380531,-4.6E-02));
#17945 = VECTOR('',#17946,1.);
#17946 = DIRECTION('',(0.,0.,1.));
#17947 = ORIENTED_EDGE('',*,*,#9768,.F.);
#17948 = ORIENTED_EDGE('',*,*,#17942,.F.);
#17949 = CYLINDRICAL_SURFACE('',#17950,1.525);
#17950 = AXIS2_PLACEMENT_3D('',#17951,#17952,#17953);
#17951 = CARTESIAN_POINT('',(-86.792611,42.905531,-4.6E-02));
#17952 = DIRECTION('',(-0.,-0.,-1.));
#17953 = DIRECTION('',(-0.,-1.,0.));
#17954 = ADVANCED_FACE('',(#17955),#17966,.F.);
#17955 = FACE_BOUND('',#17956,.T.);
#17956 = EDGE_LOOP('',(#17957,#17958,#17964,#17965));
#17957 = ORIENTED_EDGE('',*,*,#3573,.T.);
#17958 = ORIENTED_EDGE('',*,*,#17959,.T.);
#17959 = EDGE_CURVE('',#3574,#9780,#17960,.T.);
#17960 = LINE('',#17961,#17962);
#17961 = CARTESIAN_POINT('',(-91.020081,44.777368,-4.6E-02));
#17962 = VECTOR('',#17963,1.);
#17963 = DIRECTION('',(0.,0.,1.));
#17964 = ORIENTED_EDGE('',*,*,#9779,.F.);
#17965 = ORIENTED_EDGE('',*,*,#17959,.F.);
#17966 = CYLINDRICAL_SURFACE('',#17967,1.525);
#17967 = AXIS2_PLACEMENT_3D('',#17968,#17969,#17970);
#17968 = CARTESIAN_POINT('',(-91.020081,46.302368,-4.6E-02));
#17969 = DIRECTION('',(-0.,-0.,-1.));
#17970 = DIRECTION('',(-0.,-1.,0.));
#17971 = ADVANCED_FACE('',(#17972),#17983,.F.);
#17972 = FACE_BOUND('',#17973,.T.);
#17973 = EDGE_LOOP('',(#17974,#17975,#17981,#17982));
#17974 = ORIENTED_EDGE('',*,*,#3584,.T.);
#17975 = ORIENTED_EDGE('',*,*,#17976,.T.);
#17976 = EDGE_CURVE('',#3585,#9791,#17977,.T.);
#17977 = LINE('',#17978,#17979);
#17978 = CARTESIAN_POINT('',(-81.087012,47.8915,-4.6E-02));
#17979 = VECTOR('',#17980,1.);
#17980 = DIRECTION('',(0.,0.,1.));
#17981 = ORIENTED_EDGE('',*,*,#9790,.F.);
#17982 = ORIENTED_EDGE('',*,*,#17976,.F.);
#17983 = CYLINDRICAL_SURFACE('',#17984,0.4);
#17984 = AXIS2_PLACEMENT_3D('',#17985,#17986,#17987);
#17985 = CARTESIAN_POINT('',(-81.087012,48.2915,-4.6E-02));
#17986 = DIRECTION('',(-0.,-0.,-1.));
#17987 = DIRECTION('',(-3.552713678801E-14,-1.,0.));
#17988 = ADVANCED_FACE('',(#17989),#18000,.F.);
#17989 = FACE_BOUND('',#17990,.T.);
#17990 = EDGE_LOOP('',(#17991,#17992,#17998,#17999));
#17991 = ORIENTED_EDGE('',*,*,#3595,.T.);
#17992 = ORIENTED_EDGE('',*,*,#17993,.T.);
#17993 = EDGE_CURVE('',#3596,#9802,#17994,.T.);
#17994 = LINE('',#17995,#17996);
#17995 = CARTESIAN_POINT('',(-117.275041,55.165438,-4.6E-02));
#17996 = VECTOR('',#17997,1.);
#17997 = DIRECTION('',(0.,0.,1.));
#17998 = ORIENTED_EDGE('',*,*,#9801,.F.);
#17999 = ORIENTED_EDGE('',*,*,#17993,.F.);
#18000 = CYLINDRICAL_SURFACE('',#18001,0.8);
#18001 = AXIS2_PLACEMENT_3D('',#18002,#18003,#18004);
#18002 = CARTESIAN_POINT('',(-117.275041,55.965438,-4.6E-02));
#18003 = DIRECTION('',(-0.,-0.,-1.));
#18004 = DIRECTION('',(-0.,-1.,0.));
#18005 = ADVANCED_FACE('',(#18006),#18017,.F.);
#18006 = FACE_BOUND('',#18007,.T.);
#18007 = EDGE_LOOP('',(#18008,#18009,#18015,#18016));
#18008 = ORIENTED_EDGE('',*,*,#3606,.T.);
#18009 = ORIENTED_EDGE('',*,*,#18010,.T.);
#18010 = EDGE_CURVE('',#3607,#9813,#18011,.T.);
#18011 = LINE('',#18012,#18013);
#18012 = CARTESIAN_POINT('',(-111.313558,57.43834,-4.6E-02));
#18013 = VECTOR('',#18014,1.);
#18014 = DIRECTION('',(0.,0.,1.));
#18015 = ORIENTED_EDGE('',*,*,#9812,.F.);
#18016 = ORIENTED_EDGE('',*,*,#18010,.F.);
#18017 = CYLINDRICAL_SURFACE('',#18018,2.525);
#18018 = AXIS2_PLACEMENT_3D('',#18019,#18020,#18021);
#18019 = CARTESIAN_POINT('',(-111.313558,59.96334,-4.6E-02));
#18020 = DIRECTION('',(-0.,-0.,-1.));
#18021 = DIRECTION('',(-0.,-1.,0.));
#18022 = ADVANCED_FACE('',(#18023),#18034,.F.);
#18023 = FACE_BOUND('',#18024,.T.);
#18024 = EDGE_LOOP('',(#18025,#18026,#18032,#18033));
#18025 = ORIENTED_EDGE('',*,*,#3617,.T.);
#18026 = ORIENTED_EDGE('',*,*,#18027,.T.);
#18027 = EDGE_CURVE('',#3618,#9824,#18028,.T.);
#18028 = LINE('',#18029,#18030);
#18029 = CARTESIAN_POINT('',(-102.693188,56.831364,-4.6E-02));
#18030 = VECTOR('',#18031,1.);
#18031 = DIRECTION('',(0.,0.,1.));
#18032 = ORIENTED_EDGE('',*,*,#9823,.F.);
#18033 = ORIENTED_EDGE('',*,*,#18027,.F.);
#18034 = CYLINDRICAL_SURFACE('',#18035,0.4);
#18035 = AXIS2_PLACEMENT_3D('',#18036,#18037,#18038);
#18036 = CARTESIAN_POINT('',(-102.693188,57.231364,-4.6E-02));
#18037 = DIRECTION('',(-0.,-0.,-1.));
#18038 = DIRECTION('',(-3.552713678801E-14,-1.,0.));
#18039 = ADVANCED_FACE('',(#18040),#18051,.F.);
#18040 = FACE_BOUND('',#18041,.T.);
#18041 = EDGE_LOOP('',(#18042,#18043,#18049,#18050));
#18042 = ORIENTED_EDGE('',*,*,#3628,.T.);
#18043 = ORIENTED_EDGE('',*,*,#18044,.T.);
#18044 = EDGE_CURVE('',#3629,#9835,#18045,.T.);
#18045 = LINE('',#18046,#18047);
#18046 = CARTESIAN_POINT('',(-105.933747,57.869826,-4.6E-02));
#18047 = VECTOR('',#18048,1.);
#18048 = DIRECTION('',(0.,0.,1.));
#18049 = ORIENTED_EDGE('',*,*,#9834,.F.);
#18050 = ORIENTED_EDGE('',*,*,#18044,.F.);
#18051 = CYLINDRICAL_SURFACE('',#18052,0.95);
#18052 = AXIS2_PLACEMENT_3D('',#18053,#18054,#18055);
#18053 = CARTESIAN_POINT('',(-105.933747,58.819826,-4.6E-02));
#18054 = DIRECTION('',(-0.,-0.,-1.));
#18055 = DIRECTION('',(-0.,-1.,0.));
#18056 = ADVANCED_FACE('',(#18057),#18068,.F.);
#18057 = FACE_BOUND('',#18058,.T.);
#18058 = EDGE_LOOP('',(#18059,#18060,#18066,#18067));
#18059 = ORIENTED_EDGE('',*,*,#3639,.T.);
#18060 = ORIENTED_EDGE('',*,*,#18061,.T.);
#18061 = EDGE_CURVE('',#3640,#9846,#18062,.T.);
#18062 = LINE('',#18063,#18064);
#18063 = CARTESIAN_POINT('',(-93.621291,54.570648,-4.6E-02));
#18064 = VECTOR('',#18065,1.);
#18065 = DIRECTION('',(0.,0.,1.));
#18066 = ORIENTED_EDGE('',*,*,#9845,.F.);
#18067 = ORIENTED_EDGE('',*,*,#18061,.F.);
#18068 = CYLINDRICAL_SURFACE('',#18069,0.8);
#18069 = AXIS2_PLACEMENT_3D('',#18070,#18071,#18072);
#18070 = CARTESIAN_POINT('',(-93.621291,55.370648,-4.6E-02));
#18071 = DIRECTION('',(-0.,-0.,-1.));
#18072 = DIRECTION('',(-0.,-1.,0.));
#18073 = ADVANCED_FACE('',(#18074),#18085,.F.);
#18074 = FACE_BOUND('',#18075,.T.);
#18075 = EDGE_LOOP('',(#18076,#18077,#18083,#18084));
#18076 = ORIENTED_EDGE('',*,*,#3650,.T.);
#18077 = ORIENTED_EDGE('',*,*,#18078,.T.);
#18078 = EDGE_CURVE('',#3651,#9857,#18079,.T.);
#18079 = LINE('',#18080,#18081);
#18080 = CARTESIAN_POINT('',(-92.682389,59.508964,-4.6E-02));
#18081 = VECTOR('',#18082,1.);
#18082 = DIRECTION('',(0.,0.,1.));
#18083 = ORIENTED_EDGE('',*,*,#9856,.F.);
#18084 = ORIENTED_EDGE('',*,*,#18078,.F.);
#18085 = CYLINDRICAL_SURFACE('',#18086,0.95);
#18086 = AXIS2_PLACEMENT_3D('',#18087,#18088,#18089);
#18087 = CARTESIAN_POINT('',(-92.682389,60.458964,-4.6E-02));
#18088 = DIRECTION('',(-0.,-0.,-1.));
#18089 = DIRECTION('',(-0.,-1.,0.));
#18090 = ADVANCED_FACE('',(#18091),#18102,.F.);
#18091 = FACE_BOUND('',#18092,.T.);
#18092 = EDGE_LOOP('',(#18093,#18094,#18100,#18101));
#18093 = ORIENTED_EDGE('',*,*,#3661,.T.);
#18094 = ORIENTED_EDGE('',*,*,#18095,.T.);
#18095 = EDGE_CURVE('',#3662,#9868,#18096,.T.);
#18096 = LINE('',#18097,#18098);
#18097 = CARTESIAN_POINT('',(-82.108511,56.476954,-4.6E-02));
#18098 = VECTOR('',#18099,1.);
#18099 = DIRECTION('',(0.,0.,1.));
#18100 = ORIENTED_EDGE('',*,*,#9867,.F.);
#18101 = ORIENTED_EDGE('',*,*,#18095,.F.);
#18102 = CYLINDRICAL_SURFACE('',#18103,0.95);
#18103 = AXIS2_PLACEMENT_3D('',#18104,#18105,#18106);
#18104 = CARTESIAN_POINT('',(-82.108511,57.426954,-4.6E-02));
#18105 = DIRECTION('',(-0.,-0.,-1.));
#18106 = DIRECTION('',(-0.,-1.,0.));
#18107 = ADVANCED_FACE('',(#18108),#18119,.F.);
#18108 = FACE_BOUND('',#18109,.T.);
#18109 = EDGE_LOOP('',(#18110,#18111,#18117,#18118));
#18110 = ORIENTED_EDGE('',*,*,#3672,.T.);
#18111 = ORIENTED_EDGE('',*,*,#18112,.T.);
#18112 = EDGE_CURVE('',#3673,#9879,#18113,.T.);
#18113 = LINE('',#18114,#18115);
#18114 = CARTESIAN_POINT('',(-87.39545,56.417959,-4.6E-02));
#18115 = VECTOR('',#18116,1.);
#18116 = DIRECTION('',(0.,0.,1.));
#18117 = ORIENTED_EDGE('',*,*,#9878,.F.);
#18118 = ORIENTED_EDGE('',*,*,#18112,.F.);
#18119 = CYLINDRICAL_SURFACE('',#18120,2.525);
#18120 = AXIS2_PLACEMENT_3D('',#18121,#18122,#18123);
#18121 = CARTESIAN_POINT('',(-87.39545,58.942959,-4.6E-02));
#18122 = DIRECTION('',(-0.,0.,-1.));
#18123 = DIRECTION('',(5.628061273347E-15,-1.,-0.));
#18124 = ADVANCED_FACE('',(#18125),#18136,.F.);
#18125 = FACE_BOUND('',#18126,.T.);
#18126 = EDGE_LOOP('',(#18127,#18128,#18134,#18135));
#18127 = ORIENTED_EDGE('',*,*,#3683,.T.);
#18128 = ORIENTED_EDGE('',*,*,#18129,.T.);
#18129 = EDGE_CURVE('',#3684,#9890,#18130,.T.);
#18130 = LINE('',#18131,#18132);
#18131 = CARTESIAN_POINT('',(-135.32708,64.117572,-4.6E-02));
#18132 = VECTOR('',#18133,1.);
#18133 = DIRECTION('',(0.,0.,1.));
#18134 = ORIENTED_EDGE('',*,*,#9889,.F.);
#18135 = ORIENTED_EDGE('',*,*,#18129,.F.);
#18136 = CYLINDRICAL_SURFACE('',#18137,0.95);
#18137 = AXIS2_PLACEMENT_3D('',#18138,#18139,#18140);
#18138 = CARTESIAN_POINT('',(-135.32708,65.067572,-4.6E-02));
#18139 = DIRECTION('',(-0.,0.,-1.));
#18140 = DIRECTION('',(2.991758887411E-14,-1.,-0.));
#18141 = ADVANCED_FACE('',(#18142),#18153,.F.);
#18142 = FACE_BOUND('',#18143,.T.);
#18143 = EDGE_LOOP('',(#18144,#18145,#18151,#18152));
#18144 = ORIENTED_EDGE('',*,*,#3694,.T.);
#18145 = ORIENTED_EDGE('',*,*,#18146,.T.);
#18146 = EDGE_CURVE('',#3695,#9901,#18147,.T.);
#18147 = LINE('',#18148,#18149);
#18148 = CARTESIAN_POINT('',(-129.947269,61.399058,-4.6E-02));
#18149 = VECTOR('',#18150,1.);
#18150 = DIRECTION('',(0.,0.,1.));
#18151 = ORIENTED_EDGE('',*,*,#9900,.F.);
#18152 = ORIENTED_EDGE('',*,*,#18146,.F.);
#18153 = CYLINDRICAL_SURFACE('',#18154,2.525);
#18154 = AXIS2_PLACEMENT_3D('',#18155,#18156,#18157);
#18155 = CARTESIAN_POINT('',(-129.947269,63.924058,-4.6E-02));
#18156 = DIRECTION('',(-0.,-0.,-1.));
#18157 = DIRECTION('',(-0.,-1.,0.));
#18158 = ADVANCED_FACE('',(#18159),#18170,.F.);
#18159 = FACE_BOUND('',#18160,.T.);
#18160 = EDGE_LOOP('',(#18161,#18162,#18168,#18169));
#18161 = ORIENTED_EDGE('',*,*,#3705,.T.);
#18162 = ORIENTED_EDGE('',*,*,#18163,.T.);
#18163 = EDGE_CURVE('',#3706,#9912,#18164,.T.);
#18164 = LINE('',#18165,#18166);
#18165 = CARTESIAN_POINT('',(-124.567458,61.830544,-4.6E-02));
#18166 = VECTOR('',#18167,1.);
#18167 = DIRECTION('',(0.,0.,1.));
#18168 = ORIENTED_EDGE('',*,*,#9911,.F.);
#18169 = ORIENTED_EDGE('',*,*,#18163,.F.);
#18170 = CYLINDRICAL_SURFACE('',#18171,0.95);
#18171 = AXIS2_PLACEMENT_3D('',#18172,#18173,#18174);
#18172 = CARTESIAN_POINT('',(-124.567458,62.780544,-4.6E-02));
#18173 = DIRECTION('',(-0.,-0.,-1.));
#18174 = DIRECTION('',(-0.,-1.,0.));
#18175 = ADVANCED_FACE('',(#18176),#18187,.F.);
#18176 = FACE_BOUND('',#18177,.T.);
#18177 = EDGE_LOOP('',(#18178,#18179,#18185,#18186));
#18178 = ORIENTED_EDGE('',*,*,#3716,.T.);
#18179 = ORIENTED_EDGE('',*,*,#18180,.T.);
#18180 = EDGE_CURVE('',#3717,#9923,#18181,.T.);
#18181 = LINE('',#18182,#18183);
#18182 = CARTESIAN_POINT('',(-121.3269,60.792082,-4.6E-02));
#18183 = VECTOR('',#18184,1.);
#18184 = DIRECTION('',(0.,0.,1.));
#18185 = ORIENTED_EDGE('',*,*,#9922,.F.);
#18186 = ORIENTED_EDGE('',*,*,#18180,.F.);
#18187 = CYLINDRICAL_SURFACE('',#18188,0.4);
#18188 = AXIS2_PLACEMENT_3D('',#18189,#18190,#18191);
#18189 = CARTESIAN_POINT('',(-121.3269,61.192082,-4.6E-02));
#18190 = DIRECTION('',(-0.,-0.,-1.));
#18191 = DIRECTION('',(-0.,-1.,0.));
#18192 = ADVANCED_FACE('',(#18193),#18204,.F.);
#18193 = FACE_BOUND('',#18194,.T.);
#18194 = EDGE_LOOP('',(#18195,#18196,#18202,#18203));
#18195 = ORIENTED_EDGE('',*,*,#3727,.T.);
#18196 = ORIENTED_EDGE('',*,*,#18197,.T.);
#18197 = EDGE_CURVE('',#3728,#9934,#18198,.T.);
#18198 = LINE('',#18199,#18200);
#18199 = CARTESIAN_POINT('',(-124.266467,65.076459,-4.6E-02));
#18200 = VECTOR('',#18201,1.);
#18201 = DIRECTION('',(0.,0.,1.));
#18202 = ORIENTED_EDGE('',*,*,#9933,.F.);
#18203 = ORIENTED_EDGE('',*,*,#18197,.F.);
#18204 = CYLINDRICAL_SURFACE('',#18205,1.525);
#18205 = AXIS2_PLACEMENT_3D('',#18206,#18207,#18208);
#18206 = CARTESIAN_POINT('',(-124.266467,66.601459,-4.6E-02));
#18207 = DIRECTION('',(-0.,-0.,-1.));
#18208 = DIRECTION('',(-0.,-1.,0.));
#18209 = ADVANCED_FACE('',(#18210),#18221,.F.);
#18210 = FACE_BOUND('',#18211,.T.);
#18211 = EDGE_LOOP('',(#18212,#18213,#18219,#18220));
#18212 = ORIENTED_EDGE('',*,*,#3738,.T.);
#18213 = ORIENTED_EDGE('',*,*,#18214,.T.);
#18214 = EDGE_CURVE('',#3739,#9945,#18215,.T.);
#18215 = LINE('',#18216,#18217);
#18216 = CARTESIAN_POINT('',(-128.72059,68.170129,-4.6E-02));
#18217 = VECTOR('',#18218,1.);
#18218 = DIRECTION('',(0.,0.,1.));
#18219 = ORIENTED_EDGE('',*,*,#9944,.F.);
#18220 = ORIENTED_EDGE('',*,*,#18214,.F.);
#18221 = CYLINDRICAL_SURFACE('',#18222,1.525);
#18222 = AXIS2_PLACEMENT_3D('',#18223,#18224,#18225);
#18223 = CARTESIAN_POINT('',(-128.72059,69.695129,-4.6E-02));
#18224 = DIRECTION('',(-0.,-0.,-1.));
#18225 = DIRECTION('',(-0.,-1.,0.));
#18226 = ADVANCED_FACE('',(#18227),#18238,.F.);
#18227 = FACE_BOUND('',#18228,.T.);
#18228 = EDGE_LOOP('',(#18229,#18230,#18236,#18237));
#18229 = ORIENTED_EDGE('',*,*,#3749,.T.);
#18230 = ORIENTED_EDGE('',*,*,#18231,.T.);
#18231 = EDGE_CURVE('',#3750,#9956,#18232,.T.);
#18232 = LINE('',#18233,#18234);
#18233 = CARTESIAN_POINT('',(-140.651596,78.658125,-4.6E-02));
#18234 = VECTOR('',#18235,1.);
#18235 = DIRECTION('',(0.,0.,1.));
#18236 = ORIENTED_EDGE('',*,*,#9955,.F.);
#18237 = ORIENTED_EDGE('',*,*,#18231,.F.);
#18238 = CYLINDRICAL_SURFACE('',#18239,1.1);
#18239 = AXIS2_PLACEMENT_3D('',#18240,#18241,#18242);
#18240 = CARTESIAN_POINT('',(-140.651596,79.758125,-4.6E-02));
#18241 = DIRECTION('',(-0.,-0.,-1.));
#18242 = DIRECTION('',(-2.5837917664E-14,-1.,0.));
#18243 = ADVANCED_FACE('',(#18244),#18255,.F.);
#18244 = FACE_BOUND('',#18245,.T.);
#18245 = EDGE_LOOP('',(#18246,#18247,#18253,#18254));
#18246 = ORIENTED_EDGE('',*,*,#3760,.T.);
#18247 = ORIENTED_EDGE('',*,*,#18248,.T.);
#18248 = EDGE_CURVE('',#3761,#9967,#18249,.T.);
#18249 = LINE('',#18250,#18251);
#18250 = CARTESIAN_POINT('',(-116.693369,60.156854,-4.6E-02));
#18251 = VECTOR('',#18252,1.);
#18252 = DIRECTION('',(0.,0.,1.));
#18253 = ORIENTED_EDGE('',*,*,#9966,.F.);
#18254 = ORIENTED_EDGE('',*,*,#18248,.F.);
#18255 = CYLINDRICAL_SURFACE('',#18256,0.95);
#18256 = AXIS2_PLACEMENT_3D('',#18257,#18258,#18259);
#18257 = CARTESIAN_POINT('',(-116.693369,61.106854,-4.6E-02));
#18258 = DIRECTION('',(-0.,-0.,-1.));
#18259 = DIRECTION('',(-0.,-1.,0.));
#18260 = ADVANCED_FACE('',(#18261),#18272,.F.);
#18261 = FACE_BOUND('',#18262,.T.);
#18262 = EDGE_LOOP('',(#18263,#18264,#18270,#18271));
#18263 = ORIENTED_EDGE('',*,*,#3771,.T.);
#18264 = ORIENTED_EDGE('',*,*,#18265,.T.);
#18265 = EDGE_CURVE('',#3772,#9978,#18266,.T.);
#18266 = LINE('',#18267,#18268);
#18267 = CARTESIAN_POINT('',(-105.632756,61.115741,-4.6E-02));
#18268 = VECTOR('',#18269,1.);
#18269 = DIRECTION('',(0.,0.,1.));
#18270 = ORIENTED_EDGE('',*,*,#9977,.F.);
#18271 = ORIENTED_EDGE('',*,*,#18265,.F.);
#18272 = CYLINDRICAL_SURFACE('',#18273,1.525);
#18273 = AXIS2_PLACEMENT_3D('',#18274,#18275,#18276);
#18274 = CARTESIAN_POINT('',(-105.632756,62.640741,-4.6E-02));
#18275 = DIRECTION('',(-0.,-0.,-1.));
#18276 = DIRECTION('',(-0.,-1.,0.));
#18277 = ADVANCED_FACE('',(#18278),#18289,.F.);
#18278 = FACE_BOUND('',#18279,.T.);
#18279 = EDGE_LOOP('',(#18280,#18281,#18287,#18288));
#18280 = ORIENTED_EDGE('',*,*,#3782,.T.);
#18281 = ORIENTED_EDGE('',*,*,#18282,.T.);
#18282 = EDGE_CURVE('',#3783,#9989,#18283,.T.);
#18283 = LINE('',#18284,#18285);
#18284 = CARTESIAN_POINT('',(-110.086879,64.209411,-4.6E-02));
#18285 = VECTOR('',#18286,1.);
#18286 = DIRECTION('',(0.,0.,1.));
#18287 = ORIENTED_EDGE('',*,*,#9988,.F.);
#18288 = ORIENTED_EDGE('',*,*,#18282,.F.);
#18289 = CYLINDRICAL_SURFACE('',#18290,1.525);
#18290 = AXIS2_PLACEMENT_3D('',#18291,#18292,#18293);
#18291 = CARTESIAN_POINT('',(-110.086879,65.734411,-4.6E-02));
#18292 = DIRECTION('',(-0.,0.,-1.));
#18293 = DIRECTION('',(9.31859325587E-15,-1.,-0.));
#18294 = ADVANCED_FACE('',(#18295),#18306,.F.);
#18295 = FACE_BOUND('',#18296,.T.);
#18296 = EDGE_LOOP('',(#18297,#18298,#18304,#18305));
#18297 = ORIENTED_EDGE('',*,*,#3793,.T.);
#18298 = ORIENTED_EDGE('',*,*,#18299,.T.);
#18299 = EDGE_CURVE('',#3794,#10000,#18300,.T.);
#18300 = LINE('',#18301,#18302);
#18301 = CARTESIAN_POINT('',(-81.54172,59.692566,-4.6E-02));
#18302 = VECTOR('',#18303,1.);
#18303 = DIRECTION('',(0.,0.,1.));
#18304 = ORIENTED_EDGE('',*,*,#9999,.F.);
#18305 = ORIENTED_EDGE('',*,*,#18299,.F.);
#18306 = CYLINDRICAL_SURFACE('',#18307,1.525);
#18307 = AXIS2_PLACEMENT_3D('',#18308,#18309,#18310);
#18308 = CARTESIAN_POINT('',(-81.54172,61.217566,-4.6E-02));
#18309 = DIRECTION('',(-0.,-0.,-1.));
#18310 = DIRECTION('',(-0.,-1.,0.));
#18311 = ADVANCED_FACE('',(#18312),#18323,.F.);
#18312 = FACE_BOUND('',#18313,.T.);
#18313 = EDGE_LOOP('',(#18314,#18315,#18321,#18322));
#18314 = ORIENTED_EDGE('',*,*,#3804,.T.);
#18315 = ORIENTED_EDGE('',*,*,#18316,.T.);
#18316 = EDGE_CURVE('',#3805,#10011,#18317,.T.);
#18317 = LINE('',#18318,#18319);
#18318 = CARTESIAN_POINT('',(-85.76919,63.089403,-4.6E-02));
#18319 = VECTOR('',#18320,1.);
#18320 = DIRECTION('',(0.,0.,1.));
#18321 = ORIENTED_EDGE('',*,*,#10010,.F.);
#18322 = ORIENTED_EDGE('',*,*,#18316,.F.);
#18323 = CYLINDRICAL_SURFACE('',#18324,1.525);
#18324 = AXIS2_PLACEMENT_3D('',#18325,#18326,#18327);
#18325 = CARTESIAN_POINT('',(-85.76919,64.614403,-4.6E-02));
#18326 = DIRECTION('',(-0.,0.,-1.));
#18327 = DIRECTION('',(9.31859325587E-15,-1.,-0.));
#18328 = ADVANCED_FACE('',(#18329),#18340,.F.);
#18329 = FACE_BOUND('',#18330,.T.);
#18330 = EDGE_LOOP('',(#18331,#18332,#18338,#18339));
#18331 = ORIENTED_EDGE('',*,*,#3815,.T.);
#18332 = ORIENTED_EDGE('',*,*,#18333,.T.);
#18333 = EDGE_CURVE('',#3816,#10022,#18334,.T.);
#18334 = LINE('',#18335,#18336);
#18335 = CARTESIAN_POINT('',(-96.969174,74.385153,-4.6E-02));
#18336 = VECTOR('',#18337,1.);
#18337 = DIRECTION('',(0.,0.,1.));
#18338 = ORIENTED_EDGE('',*,*,#10021,.F.);
#18339 = ORIENTED_EDGE('',*,*,#18333,.F.);
#18340 = CYLINDRICAL_SURFACE('',#18341,1.1);
#18341 = AXIS2_PLACEMENT_3D('',#18342,#18343,#18344);
#18342 = CARTESIAN_POINT('',(-96.969174,75.485153,-4.6E-02));
#18343 = DIRECTION('',(-0.,0.,-1.));
#18344 = DIRECTION('',(1.2918958832E-14,-1.,-0.));
#18345 = ADVANCED_FACE('',(#18346),#18357,.F.);
#18346 = FACE_BOUND('',#18347,.T.);
#18347 = EDGE_LOOP('',(#18348,#18349,#18355,#18356));
#18348 = ORIENTED_EDGE('',*,*,#3826,.T.);
#18349 = ORIENTED_EDGE('',*,*,#18350,.T.);
#18350 = EDGE_CURVE('',#3827,#10033,#18351,.T.);
#18351 = LINE('',#18352,#18353);
#18352 = CARTESIAN_POINT('',(-78.308523,40.524046,-4.6E-02));
#18353 = VECTOR('',#18354,1.);
#18354 = DIRECTION('',(0.,0.,1.));
#18355 = ORIENTED_EDGE('',*,*,#10032,.F.);
#18356 = ORIENTED_EDGE('',*,*,#18350,.F.);
#18357 = CYLINDRICAL_SURFACE('',#18358,0.95);
#18358 = AXIS2_PLACEMENT_3D('',#18359,#18360,#18361);
#18359 = CARTESIAN_POINT('',(-78.308523,41.474046,-4.6E-02));
#18360 = DIRECTION('',(-0.,0.,-1.));
#18361 = DIRECTION('',(1.495879443705E-14,-1.,-0.));
#18362 = ADVANCED_FACE('',(#18363),#18374,.F.);
#18363 = FACE_BOUND('',#18364,.T.);
#18364 = EDGE_LOOP('',(#18365,#18366,#18372,#18373));
#18365 = ORIENTED_EDGE('',*,*,#3837,.T.);
#18366 = ORIENTED_EDGE('',*,*,#18367,.T.);
#18367 = EDGE_CURVE('',#3838,#10044,#18368,.T.);
#18368 = LINE('',#18369,#18370);
#18369 = CARTESIAN_POINT('',(-67.167854,40.707648,-4.6E-02));
#18370 = VECTOR('',#18371,1.);
#18371 = DIRECTION('',(0.,0.,1.));
#18372 = ORIENTED_EDGE('',*,*,#10043,.F.);
#18373 = ORIENTED_EDGE('',*,*,#18367,.F.);
#18374 = CYLINDRICAL_SURFACE('',#18375,1.525);
#18375 = AXIS2_PLACEMENT_3D('',#18376,#18377,#18378);
#18376 = CARTESIAN_POINT('',(-67.167854,42.232648,-4.6E-02));
#18377 = DIRECTION('',(-0.,-0.,-1.));
#18378 = DIRECTION('',(-0.,-1.,0.));
#18379 = ADVANCED_FACE('',(#18380),#18391,.F.);
#18380 = FACE_BOUND('',#18381,.T.);
#18381 = EDGE_LOOP('',(#18382,#18383,#18389,#18390));
#18382 = ORIENTED_EDGE('',*,*,#3848,.T.);
#18383 = ORIENTED_EDGE('',*,*,#18384,.T.);
#18384 = EDGE_CURVE('',#3849,#10055,#18385,.T.);
#18385 = LINE('',#18386,#18387);
#18386 = CARTESIAN_POINT('',(-71.395324,44.104485,-4.6E-02));
#18387 = VECTOR('',#18388,1.);
#18388 = DIRECTION('',(0.,0.,1.));
#18389 = ORIENTED_EDGE('',*,*,#10054,.F.);
#18390 = ORIENTED_EDGE('',*,*,#18384,.F.);
#18391 = CYLINDRICAL_SURFACE('',#18392,1.525);
#18392 = AXIS2_PLACEMENT_3D('',#18393,#18394,#18395);
#18393 = CARTESIAN_POINT('',(-71.395324,45.629485,-4.6E-02));
#18394 = DIRECTION('',(-0.,-0.,-1.));
#18395 = DIRECTION('',(-9.31859325587E-15,-1.,0.));
#18396 = ADVANCED_FACE('',(#18397),#18408,.F.);
#18397 = FACE_BOUND('',#18398,.T.);
#18398 = EDGE_LOOP('',(#18399,#18400,#18406,#18407));
#18399 = ORIENTED_EDGE('',*,*,#3859,.T.);
#18400 = ORIENTED_EDGE('',*,*,#18401,.T.);
#18401 = EDGE_CURVE('',#3860,#10066,#18402,.T.);
#18402 = LINE('',#18403,#18404);
#18403 = CARTESIAN_POINT('',(-61.462254,47.218617,-4.6E-02));
#18404 = VECTOR('',#18405,1.);
#18405 = DIRECTION('',(0.,0.,1.));
#18406 = ORIENTED_EDGE('',*,*,#10065,.F.);
#18407 = ORIENTED_EDGE('',*,*,#18401,.F.);
#18408 = CYLINDRICAL_SURFACE('',#18409,0.4);
#18409 = AXIS2_PLACEMENT_3D('',#18410,#18411,#18412);
#18410 = CARTESIAN_POINT('',(-61.462254,47.618617,-4.6E-02));
#18411 = DIRECTION('',(-0.,-0.,-1.));
#18412 = DIRECTION('',(-0.,-1.,0.));
#18413 = ADVANCED_FACE('',(#18414),#18425,.F.);
#18414 = FACE_BOUND('',#18415,.T.);
#18415 = EDGE_LOOP('',(#18416,#18417,#18423,#18424));
#18416 = ORIENTED_EDGE('',*,*,#3870,.T.);
#18417 = ORIENTED_EDGE('',*,*,#18418,.T.);
#18418 = EDGE_CURVE('',#3871,#10077,#18419,.T.);
#18419 = LINE('',#18420,#18421);
#18420 = CARTESIAN_POINT('',(-56.99722,44.068866,-4.6E-02));
#18421 = VECTOR('',#18422,1.);
#18422 = DIRECTION('',(0.,0.,1.));
#18423 = ORIENTED_EDGE('',*,*,#10076,.F.);
#18424 = ORIENTED_EDGE('',*,*,#18418,.F.);
#18425 = CYLINDRICAL_SURFACE('',#18426,0.8);
#18426 = AXIS2_PLACEMENT_3D('',#18427,#18428,#18429);
#18427 = CARTESIAN_POINT('',(-56.99722,44.868866,-4.6E-02));
#18428 = DIRECTION('',(-0.,-0.,-1.));
#18429 = DIRECTION('',(-0.,-1.,0.));
#18430 = ADVANCED_FACE('',(#18431),#18442,.F.);
#18431 = FACE_BOUND('',#18432,.T.);
#18432 = EDGE_LOOP('',(#18433,#18434,#18440,#18441));
#18433 = ORIENTED_EDGE('',*,*,#3881,.T.);
#18434 = ORIENTED_EDGE('',*,*,#18435,.T.);
#18435 = EDGE_CURVE('',#3882,#10088,#18436,.T.);
#18436 = LINE('',#18437,#18438);
#18437 = CARTESIAN_POINT('',(-42.362581,44.714529,-4.6E-02));
#18438 = VECTOR('',#18439,1.);
#18439 = DIRECTION('',(0.,0.,1.));
#18440 = ORIENTED_EDGE('',*,*,#10087,.F.);
#18441 = ORIENTED_EDGE('',*,*,#18435,.F.);
#18442 = CYLINDRICAL_SURFACE('',#18443,0.4);
#18443 = AXIS2_PLACEMENT_3D('',#18444,#18445,#18446);
#18444 = CARTESIAN_POINT('',(-42.362581,45.114529,-4.6E-02));
#18445 = DIRECTION('',(-0.,-0.,-1.));
#18446 = DIRECTION('',(-0.,-1.,0.));
#18447 = ADVANCED_FACE('',(#18448),#18459,.F.);
#18448 = FACE_BOUND('',#18449,.T.);
#18449 = EDGE_LOOP('',(#18450,#18451,#18457,#18458));
#18450 = ORIENTED_EDGE('',*,*,#3892,.T.);
#18451 = ORIENTED_EDGE('',*,*,#18452,.T.);
#18452 = EDGE_CURVE('',#3893,#10099,#18453,.T.);
#18453 = LINE('',#18454,#18455);
#18454 = CARTESIAN_POINT('',(-56.058318,49.007182,-4.6E-02));
#18455 = VECTOR('',#18456,1.);
#18456 = DIRECTION('',(0.,0.,1.));
#18457 = ORIENTED_EDGE('',*,*,#10098,.F.);
#18458 = ORIENTED_EDGE('',*,*,#18452,.F.);
#18459 = CYLINDRICAL_SURFACE('',#18460,0.95);
#18460 = AXIS2_PLACEMENT_3D('',#18461,#18462,#18463);
#18461 = CARTESIAN_POINT('',(-56.058318,49.957182,-4.6E-02));
#18462 = DIRECTION('',(-0.,-0.,-1.));
#18463 = DIRECTION('',(-0.,-1.,0.));
#18464 = ADVANCED_FACE('',(#18465),#18476,.F.);
#18465 = FACE_BOUND('',#18466,.T.);
#18466 = EDGE_LOOP('',(#18467,#18468,#18474,#18475));
#18467 = ORIENTED_EDGE('',*,*,#3903,.T.);
#18468 = ORIENTED_EDGE('',*,*,#18469,.T.);
#18469 = EDGE_CURVE('',#3904,#10110,#18470,.T.);
#18470 = LINE('',#18471,#18472);
#18471 = CARTESIAN_POINT('',(-50.771379,45.916177,-4.6E-02));
#18472 = VECTOR('',#18473,1.);
#18473 = DIRECTION('',(0.,0.,1.));
#18474 = ORIENTED_EDGE('',*,*,#10109,.F.);
#18475 = ORIENTED_EDGE('',*,*,#18469,.F.);
#18476 = CYLINDRICAL_SURFACE('',#18477,2.525);
#18477 = AXIS2_PLACEMENT_3D('',#18478,#18479,#18480);
#18478 = CARTESIAN_POINT('',(-50.771379,48.441177,-4.6E-02));
#18479 = DIRECTION('',(-0.,-0.,-1.));
#18480 = DIRECTION('',(-2.814030636674E-15,-1.,0.));
#18481 = ADVANCED_FACE('',(#18482),#18493,.F.);
#18482 = FACE_BOUND('',#18483,.T.);
#18483 = EDGE_LOOP('',(#18484,#18485,#18491,#18492));
#18484 = ORIENTED_EDGE('',*,*,#3914,.T.);
#18485 = ORIENTED_EDGE('',*,*,#18486,.T.);
#18486 = EDGE_CURVE('',#3915,#10121,#18487,.T.);
#18487 = LINE('',#18488,#18489);
#18488 = CARTESIAN_POINT('',(-45.48444,45.975172,-4.6E-02));
#18489 = VECTOR('',#18490,1.);
#18490 = DIRECTION('',(0.,0.,1.));
#18491 = ORIENTED_EDGE('',*,*,#10120,.F.);
#18492 = ORIENTED_EDGE('',*,*,#18486,.F.);
#18493 = CYLINDRICAL_SURFACE('',#18494,0.95);
#18494 = AXIS2_PLACEMENT_3D('',#18495,#18496,#18497);
#18495 = CARTESIAN_POINT('',(-45.48444,46.925172,-4.6E-02));
#18496 = DIRECTION('',(-0.,-0.,-1.));
#18497 = DIRECTION('',(-0.,-1.,0.));
#18498 = ADVANCED_FACE('',(#18499),#18510,.F.);
#18499 = FACE_BOUND('',#18500,.T.);
#18500 = EDGE_LOOP('',(#18501,#18502,#18508,#18509));
#18501 = ORIENTED_EDGE('',*,*,#3925,.T.);
#18502 = ORIENTED_EDGE('',*,*,#18503,.T.);
#18503 = EDGE_CURVE('',#3926,#10132,#18504,.T.);
#18504 = LINE('',#18505,#18506);
#18505 = CARTESIAN_POINT('',(-73.996532,53.897765,-4.6E-02));
#18506 = VECTOR('',#18507,1.);
#18507 = DIRECTION('',(0.,0.,1.));
#18508 = ORIENTED_EDGE('',*,*,#10131,.F.);
#18509 = ORIENTED_EDGE('',*,*,#18503,.F.);
#18510 = CYLINDRICAL_SURFACE('',#18511,0.8);
#18511 = AXIS2_PLACEMENT_3D('',#18512,#18513,#18514);
#18512 = CARTESIAN_POINT('',(-73.996532,54.697765,-4.6E-02));
#18513 = DIRECTION('',(-0.,-0.,-1.));
#18514 = DIRECTION('',(-0.,-1.,0.));
#18515 = ADVANCED_FACE('',(#18516),#18527,.F.);
#18516 = FACE_BOUND('',#18517,.T.);
#18517 = EDGE_LOOP('',(#18518,#18519,#18525,#18526));
#18518 = ORIENTED_EDGE('',*,*,#3936,.T.);
#18519 = ORIENTED_EDGE('',*,*,#18520,.T.);
#18520 = EDGE_CURVE('',#3937,#10143,#18521,.T.);
#18521 = LINE('',#18522,#18523);
#18522 = CARTESIAN_POINT('',(-78.986652,55.216313,-4.6E-02));
#18523 = VECTOR('',#18524,1.);
#18524 = DIRECTION('',(0.,0.,1.));
#18525 = ORIENTED_EDGE('',*,*,#10142,.F.);
#18526 = ORIENTED_EDGE('',*,*,#18520,.F.);
#18527 = CYLINDRICAL_SURFACE('',#18528,0.4);
#18528 = AXIS2_PLACEMENT_3D('',#18529,#18530,#18531);
#18529 = CARTESIAN_POINT('',(-78.986652,55.616313,-4.6E-02));
#18530 = DIRECTION('',(-0.,-0.,-1.));
#18531 = DIRECTION('',(-3.552713678801E-14,-1.,0.));
#18532 = ADVANCED_FACE('',(#18533),#18544,.F.);
#18533 = FACE_BOUND('',#18534,.T.);
#18534 = EDGE_LOOP('',(#18535,#18536,#18542,#18543));
#18535 = ORIENTED_EDGE('',*,*,#3947,.T.);
#18536 = ORIENTED_EDGE('',*,*,#18537,.T.);
#18537 = EDGE_CURVE('',#3948,#10154,#18538,.T.);
#18538 = LINE('',#18539,#18540);
#18539 = CARTESIAN_POINT('',(-73.05763,58.836081,-4.6E-02));
#18540 = VECTOR('',#18541,1.);
#18541 = DIRECTION('',(0.,0.,1.));
#18542 = ORIENTED_EDGE('',*,*,#10153,.F.);
#18543 = ORIENTED_EDGE('',*,*,#18537,.F.);
#18544 = CYLINDRICAL_SURFACE('',#18545,0.95);
#18545 = AXIS2_PLACEMENT_3D('',#18546,#18547,#18548);
#18546 = CARTESIAN_POINT('',(-73.05763,59.786081,-4.6E-02));
#18547 = DIRECTION('',(-0.,-0.,-1.));
#18548 = DIRECTION('',(-0.,-1.,0.));
#18549 = ADVANCED_FACE('',(#18550),#18561,.F.);
#18550 = FACE_BOUND('',#18551,.T.);
#18551 = EDGE_LOOP('',(#18552,#18553,#18559,#18560));
#18552 = ORIENTED_EDGE('',*,*,#3958,.T.);
#18553 = ORIENTED_EDGE('',*,*,#18554,.T.);
#18554 = EDGE_CURVE('',#3959,#10165,#18555,.T.);
#18555 = LINE('',#18556,#18557);
#18556 = CARTESIAN_POINT('',(-62.483752,55.804071,-4.6E-02));
#18557 = VECTOR('',#18558,1.);
#18558 = DIRECTION('',(0.,0.,1.));
#18559 = ORIENTED_EDGE('',*,*,#10164,.F.);
#18560 = ORIENTED_EDGE('',*,*,#18554,.F.);
#18561 = CYLINDRICAL_SURFACE('',#18562,0.95);
#18562 = AXIS2_PLACEMENT_3D('',#18563,#18564,#18565);
#18563 = CARTESIAN_POINT('',(-62.483752,56.754071,-4.6E-02));
#18564 = DIRECTION('',(-0.,-0.,-1.));
#18565 = DIRECTION('',(-7.479397218527E-15,-1.,0.));
#18566 = ADVANCED_FACE('',(#18567),#18578,.F.);
#18567 = FACE_BOUND('',#18568,.T.);
#18568 = EDGE_LOOP('',(#18569,#18570,#18576,#18577));
#18569 = ORIENTED_EDGE('',*,*,#3969,.T.);
#18570 = ORIENTED_EDGE('',*,*,#18571,.T.);
#18571 = EDGE_CURVE('',#3970,#10176,#18572,.T.);
#18572 = LINE('',#18573,#18574);
#18573 = CARTESIAN_POINT('',(-67.770691,55.745076,-4.6E-02));
#18574 = VECTOR('',#18575,1.);
#18575 = DIRECTION('',(0.,0.,1.));
#18576 = ORIENTED_EDGE('',*,*,#10175,.F.);
#18577 = ORIENTED_EDGE('',*,*,#18571,.F.);
#18578 = CYLINDRICAL_SURFACE('',#18579,2.525);
#18579 = AXIS2_PLACEMENT_3D('',#18580,#18581,#18582);
#18580 = CARTESIAN_POINT('',(-67.770691,58.270076,-4.6E-02));
#18581 = DIRECTION('',(-0.,-0.,-1.));
#18582 = DIRECTION('',(-0.,-1.,0.));
#18583 = ADVANCED_FACE('',(#18584),#18595,.F.);
#18584 = FACE_BOUND('',#18585,.T.);
#18585 = EDGE_LOOP('',(#18586,#18587,#18593,#18594));
#18586 = ORIENTED_EDGE('',*,*,#3980,.T.);
#18587 = ORIENTED_EDGE('',*,*,#18588,.T.);
#18588 = EDGE_CURVE('',#3981,#10187,#18589,.T.);
#18589 = LINE('',#18590,#18591);
#18590 = CARTESIAN_POINT('',(-61.916961,59.019683,-4.6E-02));
#18591 = VECTOR('',#18592,1.);
#18592 = DIRECTION('',(0.,0.,1.));
#18593 = ORIENTED_EDGE('',*,*,#10186,.F.);
#18594 = ORIENTED_EDGE('',*,*,#18588,.F.);
#18595 = CYLINDRICAL_SURFACE('',#18596,1.525);
#18596 = AXIS2_PLACEMENT_3D('',#18597,#18598,#18599);
#18597 = CARTESIAN_POINT('',(-61.916961,60.544683,-4.6E-02));
#18598 = DIRECTION('',(-0.,-0.,-1.));
#18599 = DIRECTION('',(-0.,-1.,0.));
#18600 = ADVANCED_FACE('',(#18601),#18612,.F.);
#18601 = FACE_BOUND('',#18602,.T.);
#18602 = EDGE_LOOP('',(#18603,#18604,#18610,#18611));
#18603 = ORIENTED_EDGE('',*,*,#3991,.T.);
#18604 = ORIENTED_EDGE('',*,*,#18605,.T.);
#18605 = EDGE_CURVE('',#3992,#10198,#18606,.T.);
#18606 = LINE('',#18607,#18608);
#18607 = CARTESIAN_POINT('',(-59.361894,54.54343,-4.6E-02));
#18608 = VECTOR('',#18609,1.);
#18609 = DIRECTION('',(0.,0.,1.));
#18610 = ORIENTED_EDGE('',*,*,#10197,.F.);
#18611 = ORIENTED_EDGE('',*,*,#18605,.F.);
#18612 = CYLINDRICAL_SURFACE('',#18613,0.4);
#18613 = AXIS2_PLACEMENT_3D('',#18614,#18615,#18616);
#18614 = CARTESIAN_POINT('',(-59.361894,54.94343,-4.6E-02));
#18615 = DIRECTION('',(-0.,-0.,-1.));
#18616 = DIRECTION('',(-0.,-1.,0.));
#18617 = ADVANCED_FACE('',(#18618),#18629,.F.);
#18618 = FACE_BOUND('',#18619,.T.);
#18619 = EDGE_LOOP('',(#18620,#18621,#18627,#18628));
#18620 = ORIENTED_EDGE('',*,*,#4002,.T.);
#18621 = ORIENTED_EDGE('',*,*,#18622,.T.);
#18622 = EDGE_CURVE('',#4003,#10209,#18623,.T.);
#18623 = LINE('',#18624,#18625);
#18624 = CARTESIAN_POINT('',(-44.917649,49.190784,-4.6E-02));
#18625 = VECTOR('',#18626,1.);
#18626 = DIRECTION('',(0.,0.,1.));
#18627 = ORIENTED_EDGE('',*,*,#10208,.F.);
#18628 = ORIENTED_EDGE('',*,*,#18622,.F.);
#18629 = CYLINDRICAL_SURFACE('',#18630,1.525);
#18630 = AXIS2_PLACEMENT_3D('',#18631,#18632,#18633);
#18631 = CARTESIAN_POINT('',(-44.917649,50.715784,-4.6E-02));
#18632 = DIRECTION('',(-0.,-0.,-1.));
#18633 = DIRECTION('',(-0.,-1.,0.));
#18634 = ADVANCED_FACE('',(#18635),#18646,.F.);
#18635 = FACE_BOUND('',#18636,.T.);
#18636 = EDGE_LOOP('',(#18637,#18638,#18644,#18645));
#18637 = ORIENTED_EDGE('',*,*,#4013,.T.);
#18638 = ORIENTED_EDGE('',*,*,#18639,.T.);
#18639 = EDGE_CURVE('',#4014,#10220,#18640,.T.);
#18640 = LINE('',#18641,#18642);
#18641 = CARTESIAN_POINT('',(-49.145119,52.587621,-4.6E-02));
#18642 = VECTOR('',#18643,1.);
#18643 = DIRECTION('',(0.,0.,1.));
#18644 = ORIENTED_EDGE('',*,*,#10219,.F.);
#18645 = ORIENTED_EDGE('',*,*,#18639,.F.);
#18646 = CYLINDRICAL_SURFACE('',#18647,1.525);
#18647 = AXIS2_PLACEMENT_3D('',#18648,#18649,#18650);
#18648 = CARTESIAN_POINT('',(-49.145119,54.112621,-4.6E-02));
#18649 = DIRECTION('',(-0.,-0.,-1.));
#18650 = DIRECTION('',(-0.,-1.,0.));
#18651 = ADVANCED_FACE('',(#18652),#18663,.F.);
#18652 = FACE_BOUND('',#18653,.T.);
#18653 = EDGE_LOOP('',(#18654,#18655,#18661,#18662));
#18654 = ORIENTED_EDGE('',*,*,#4024,.T.);
#18655 = ORIENTED_EDGE('',*,*,#18656,.T.);
#18656 = EDGE_CURVE('',#4025,#10231,#18657,.T.);
#18657 = LINE('',#18658,#18659);
#18658 = CARTESIAN_POINT('',(-32.145806,42.75872,-4.6E-02));
#18659 = VECTOR('',#18660,1.);
#18660 = DIRECTION('',(0.,0.,1.));
#18661 = ORIENTED_EDGE('',*,*,#10230,.F.);
#18662 = ORIENTED_EDGE('',*,*,#18656,.F.);
#18663 = CYLINDRICAL_SURFACE('',#18664,1.525);
#18664 = AXIS2_PLACEMENT_3D('',#18665,#18666,#18667);
#18665 = CARTESIAN_POINT('',(-32.145806,44.28372,-4.6E-02));
#18666 = DIRECTION('',(-0.,-0.,-1.));
#18667 = DIRECTION('',(-0.,-1.,0.));
#18668 = ADVANCED_FACE('',(#18669),#18680,.F.);
#18669 = FACE_BOUND('',#18670,.T.);
#18670 = EDGE_LOOP('',(#18671,#18672,#18678,#18679));
#18671 = ORIENTED_EDGE('',*,*,#4035,.T.);
#18672 = ORIENTED_EDGE('',*,*,#18673,.T.);
#18673 = EDGE_CURVE('',#4036,#10242,#18674,.T.);
#18674 = LINE('',#18675,#18676);
#18675 = CARTESIAN_POINT('',(-27.918336,39.361883,-4.6E-02));
#18676 = VECTOR('',#18677,1.);
#18677 = DIRECTION('',(0.,0.,1.));
#18678 = ORIENTED_EDGE('',*,*,#10241,.F.);
#18679 = ORIENTED_EDGE('',*,*,#18673,.F.);
#18680 = CYLINDRICAL_SURFACE('',#18681,1.525);
#18681 = AXIS2_PLACEMENT_3D('',#18682,#18683,#18684);
#18682 = CARTESIAN_POINT('',(-27.918336,40.886883,-4.6E-02));
#18683 = DIRECTION('',(-0.,-0.,-1.));
#18684 = DIRECTION('',(-0.,-1.,0.));
#18685 = ADVANCED_FACE('',(#18686),#18697,.F.);
#18686 = FACE_BOUND('',#18687,.T.);
#18687 = EDGE_LOOP('',(#18688,#18689,#18695,#18696));
#18688 = ORIENTED_EDGE('',*,*,#4046,.T.);
#18689 = ORIENTED_EDGE('',*,*,#18690,.T.);
#18690 = EDGE_CURVE('',#4047,#10253,#18691,.T.);
#18691 = LINE('',#18692,#18693);
#18692 = CARTESIAN_POINT('',(-8.89,40.122373,-4.6E-02));
#18693 = VECTOR('',#18694,1.);
#18694 = DIRECTION('',(0.,0.,1.));
#18695 = ORIENTED_EDGE('',*,*,#10252,.F.);
#18696 = ORIENTED_EDGE('',*,*,#18690,.F.);
#18697 = CYLINDRICAL_SURFACE('',#18698,0.51);
#18698 = AXIS2_PLACEMENT_3D('',#18699,#18700,#18701);
#18699 = CARTESIAN_POINT('',(-8.89,40.632373,-4.6E-02));
#18700 = DIRECTION('',(-0.,-0.,-1.));
#18701 = DIRECTION('',(-0.,-1.,0.));
#18702 = ADVANCED_FACE('',(#18703),#18714,.F.);
#18703 = FACE_BOUND('',#18704,.T.);
#18704 = EDGE_LOOP('',(#18705,#18706,#18712,#18713));
#18705 = ORIENTED_EDGE('',*,*,#4057,.T.);
#18706 = ORIENTED_EDGE('',*,*,#18707,.T.);
#18707 = EDGE_CURVE('',#4058,#10264,#18708,.T.);
#18708 = LINE('',#18709,#18710);
#18709 = CARTESIAN_POINT('',(-8.89,42.662373,-4.6E-02));
#18710 = VECTOR('',#18711,1.);
#18711 = DIRECTION('',(0.,0.,1.));
#18712 = ORIENTED_EDGE('',*,*,#10263,.F.);
#18713 = ORIENTED_EDGE('',*,*,#18707,.F.);
#18714 = CYLINDRICAL_SURFACE('',#18715,0.51);
#18715 = AXIS2_PLACEMENT_3D('',#18716,#18717,#18718);
#18716 = CARTESIAN_POINT('',(-8.89,43.172373,-4.6E-02));
#18717 = DIRECTION('',(-0.,-0.,-1.));
#18718 = DIRECTION('',(-0.,-1.,0.));
#18719 = ADVANCED_FACE('',(#18720),#18731,.F.);
#18720 = FACE_BOUND('',#18721,.T.);
#18721 = EDGE_LOOP('',(#18722,#18723,#18729,#18730));
#18722 = ORIENTED_EDGE('',*,*,#4068,.T.);
#18723 = ORIENTED_EDGE('',*,*,#18724,.T.);
#18724 = EDGE_CURVE('',#4069,#10275,#18725,.T.);
#18725 = LINE('',#18726,#18727);
#18726 = CARTESIAN_POINT('',(-8.89,45.202373,-4.6E-02));
#18727 = VECTOR('',#18728,1.);
#18728 = DIRECTION('',(0.,0.,1.));
#18729 = ORIENTED_EDGE('',*,*,#10274,.F.);
#18730 = ORIENTED_EDGE('',*,*,#18724,.F.);
#18731 = CYLINDRICAL_SURFACE('',#18732,0.51);
#18732 = AXIS2_PLACEMENT_3D('',#18733,#18734,#18735);
#18733 = CARTESIAN_POINT('',(-8.89,45.712373,-4.6E-02));
#18734 = DIRECTION('',(-0.,-0.,-1.));
#18735 = DIRECTION('',(-0.,-1.,0.));
#18736 = ADVANCED_FACE('',(#18737),#18748,.F.);
#18737 = FACE_BOUND('',#18738,.T.);
#18738 = EDGE_LOOP('',(#18739,#18740,#18746,#18747));
#18739 = ORIENTED_EDGE('',*,*,#4079,.T.);
#18740 = ORIENTED_EDGE('',*,*,#18741,.T.);
#18741 = EDGE_CURVE('',#4080,#10286,#18742,.T.);
#18742 = LINE('',#18743,#18744);
#18743 = CARTESIAN_POINT('',(-8.89,47.742373,-4.6E-02));
#18744 = VECTOR('',#18745,1.);
#18745 = DIRECTION('',(0.,0.,1.));
#18746 = ORIENTED_EDGE('',*,*,#10285,.F.);
#18747 = ORIENTED_EDGE('',*,*,#18741,.F.);
#18748 = CYLINDRICAL_SURFACE('',#18749,0.51);
#18749 = AXIS2_PLACEMENT_3D('',#18750,#18751,#18752);
#18750 = CARTESIAN_POINT('',(-8.89,48.252373,-4.6E-02));
#18751 = DIRECTION('',(-0.,-0.,-1.));
#18752 = DIRECTION('',(-0.,-1.,0.));
#18753 = ADVANCED_FACE('',(#18754),#18765,.F.);
#18754 = FACE_BOUND('',#18755,.T.);
#18755 = EDGE_LOOP('',(#18756,#18757,#18763,#18764));
#18756 = ORIENTED_EDGE('',*,*,#4090,.T.);
#18757 = ORIENTED_EDGE('',*,*,#18758,.T.);
#18758 = EDGE_CURVE('',#4091,#10297,#18759,.T.);
#18759 = LINE('',#18760,#18761);
#18760 = CARTESIAN_POINT('',(-8.89,50.282373,-4.6E-02));
#18761 = VECTOR('',#18762,1.);
#18762 = DIRECTION('',(0.,0.,1.));
#18763 = ORIENTED_EDGE('',*,*,#10296,.F.);
#18764 = ORIENTED_EDGE('',*,*,#18758,.F.);
#18765 = CYLINDRICAL_SURFACE('',#18766,0.51);
#18766 = AXIS2_PLACEMENT_3D('',#18767,#18768,#18769);
#18767 = CARTESIAN_POINT('',(-8.89,50.792373,-4.6E-02));
#18768 = DIRECTION('',(-0.,-0.,-1.));
#18769 = DIRECTION('',(-0.,-1.,0.));
#18770 = ADVANCED_FACE('',(#18771),#18782,.F.);
#18771 = FACE_BOUND('',#18772,.T.);
#18772 = EDGE_LOOP('',(#18773,#18774,#18780,#18781));
#18773 = ORIENTED_EDGE('',*,*,#4101,.T.);
#18774 = ORIENTED_EDGE('',*,*,#18775,.T.);
#18775 = EDGE_CURVE('',#4102,#10308,#18776,.T.);
#18776 = LINE('',#18777,#18778);
#18777 = CARTESIAN_POINT('',(-8.89,52.822373,-4.6E-02));
#18778 = VECTOR('',#18779,1.);
#18779 = DIRECTION('',(0.,0.,1.));
#18780 = ORIENTED_EDGE('',*,*,#10307,.F.);
#18781 = ORIENTED_EDGE('',*,*,#18775,.F.);
#18782 = CYLINDRICAL_SURFACE('',#18783,0.51);
#18783 = AXIS2_PLACEMENT_3D('',#18784,#18785,#18786);
#18784 = CARTESIAN_POINT('',(-8.89,53.332373,-4.6E-02));
#18785 = DIRECTION('',(-0.,-0.,-1.));
#18786 = DIRECTION('',(-0.,-1.,0.));
#18787 = ADVANCED_FACE('',(#18788),#18799,.F.);
#18788 = FACE_BOUND('',#18789,.T.);
#18789 = EDGE_LOOP('',(#18790,#18791,#18797,#18798));
#18790 = ORIENTED_EDGE('',*,*,#4112,.T.);
#18791 = ORIENTED_EDGE('',*,*,#18792,.T.);
#18792 = EDGE_CURVE('',#4113,#10319,#18793,.T.);
#18793 = LINE('',#18794,#18795);
#18794 = CARTESIAN_POINT('',(-8.89,55.362373,-4.6E-02));
#18795 = VECTOR('',#18796,1.);
#18796 = DIRECTION('',(0.,0.,1.));
#18797 = ORIENTED_EDGE('',*,*,#10318,.F.);
#18798 = ORIENTED_EDGE('',*,*,#18792,.F.);
#18799 = CYLINDRICAL_SURFACE('',#18800,0.51);
#18800 = AXIS2_PLACEMENT_3D('',#18801,#18802,#18803);
#18801 = CARTESIAN_POINT('',(-8.89,55.872373,-4.6E-02));
#18802 = DIRECTION('',(-0.,-0.,-1.));
#18803 = DIRECTION('',(-0.,-1.,0.));
#18804 = ADVANCED_FACE('',(#18805),#18816,.F.);
#18805 = FACE_BOUND('',#18806,.T.);
#18806 = EDGE_LOOP('',(#18807,#18808,#18814,#18815));
#18807 = ORIENTED_EDGE('',*,*,#4123,.T.);
#18808 = ORIENTED_EDGE('',*,*,#18809,.T.);
#18809 = EDGE_CURVE('',#4124,#10330,#18810,.T.);
#18810 = LINE('',#18811,#18812);
#18811 = CARTESIAN_POINT('',(-8.89,57.902373,-4.6E-02));
#18812 = VECTOR('',#18813,1.);
#18813 = DIRECTION('',(0.,0.,1.));
#18814 = ORIENTED_EDGE('',*,*,#10329,.F.);
#18815 = ORIENTED_EDGE('',*,*,#18809,.F.);
#18816 = CYLINDRICAL_SURFACE('',#18817,0.51);
#18817 = AXIS2_PLACEMENT_3D('',#18818,#18819,#18820);
#18818 = CARTESIAN_POINT('',(-8.89,58.412373,-4.6E-02));
#18819 = DIRECTION('',(-0.,-0.,-1.));
#18820 = DIRECTION('',(-0.,-1.,0.));
#18821 = ADVANCED_FACE('',(#18822),#18833,.F.);
#18822 = FACE_BOUND('',#18823,.T.);
#18823 = EDGE_LOOP('',(#18824,#18825,#18831,#18832));
#18824 = ORIENTED_EDGE('',*,*,#4134,.T.);
#18825 = ORIENTED_EDGE('',*,*,#18826,.T.);
#18826 = EDGE_CURVE('',#4135,#10341,#18827,.T.);
#18827 = LINE('',#18828,#18829);
#18828 = CARTESIAN_POINT('',(-66.144431,62.41652,-4.6E-02));
#18829 = VECTOR('',#18830,1.);
#18830 = DIRECTION('',(0.,0.,1.));
#18831 = ORIENTED_EDGE('',*,*,#10340,.F.);
#18832 = ORIENTED_EDGE('',*,*,#18826,.F.);
#18833 = CYLINDRICAL_SURFACE('',#18834,1.525);
#18834 = AXIS2_PLACEMENT_3D('',#18835,#18836,#18837);
#18835 = CARTESIAN_POINT('',(-66.144431,63.94152,-4.6E-02));
#18836 = DIRECTION('',(-0.,-0.,-1.));
#18837 = DIRECTION('',(-0.,-1.,0.));
#18838 = ADVANCED_FACE('',(#18839),#18850,.F.);
#18839 = FACE_BOUND('',#18840,.T.);
#18840 = EDGE_LOOP('',(#18841,#18842,#18848,#18849));
#18841 = ORIENTED_EDGE('',*,*,#4145,.T.);
#18842 = ORIENTED_EDGE('',*,*,#18843,.T.);
#18843 = EDGE_CURVE('',#4146,#10352,#18844,.T.);
#18844 = LINE('',#18845,#18846);
#18845 = CARTESIAN_POINT('',(-8.89,60.442373,-4.6E-02));
#18846 = VECTOR('',#18847,1.);
#18847 = DIRECTION('',(0.,0.,1.));
#18848 = ORIENTED_EDGE('',*,*,#10351,.F.);
#18849 = ORIENTED_EDGE('',*,*,#18843,.F.);
#18850 = CYLINDRICAL_SURFACE('',#18851,0.51);
#18851 = AXIS2_PLACEMENT_3D('',#18852,#18853,#18854);
#18852 = CARTESIAN_POINT('',(-8.89,60.952373,-4.6E-02));
#18853 = DIRECTION('',(-0.,-0.,-1.));
#18854 = DIRECTION('',(-0.,-1.,0.));
#18855 = ADVANCED_FACE('',(#18856),#18867,.F.);
#18856 = FACE_BOUND('',#18857,.T.);
#18857 = EDGE_LOOP('',(#18858,#18859,#18865,#18866));
#18858 = ORIENTED_EDGE('',*,*,#4156,.T.);
#18859 = ORIENTED_EDGE('',*,*,#18860,.T.);
#18860 = EDGE_CURVE('',#4157,#10363,#18861,.T.);
#18861 = LINE('',#18862,#18863);
#18862 = CARTESIAN_POINT('',(-8.89,62.982373,-4.6E-02));
#18863 = VECTOR('',#18864,1.);
#18864 = DIRECTION('',(0.,0.,1.));
#18865 = ORIENTED_EDGE('',*,*,#10362,.F.);
#18866 = ORIENTED_EDGE('',*,*,#18860,.F.);
#18867 = CYLINDRICAL_SURFACE('',#18868,0.51);
#18868 = AXIS2_PLACEMENT_3D('',#18869,#18870,#18871);
#18869 = CARTESIAN_POINT('',(-8.89,63.492373,-4.6E-02));
#18870 = DIRECTION('',(-0.,-0.,-1.));
#18871 = DIRECTION('',(-0.,-1.,0.));
#18872 = ADVANCED_FACE('',(#18873),#18884,.F.);
#18873 = FACE_BOUND('',#18874,.T.);
#18874 = EDGE_LOOP('',(#18875,#18876,#18882,#18883));
#18875 = ORIENTED_EDGE('',*,*,#4167,.T.);
#18876 = ORIENTED_EDGE('',*,*,#18877,.T.);
#18877 = EDGE_CURVE('',#4168,#10374,#18878,.T.);
#18878 = LINE('',#18879,#18880);
#18879 = CARTESIAN_POINT('',(-19.05,67.067373,-4.6E-02));
#18880 = VECTOR('',#18881,1.);
#18881 = DIRECTION('',(0.,0.,1.));
#18882 = ORIENTED_EDGE('',*,*,#10373,.F.);
#18883 = ORIENTED_EDGE('',*,*,#18877,.F.);
#18884 = CYLINDRICAL_SURFACE('',#18885,1.1);
#18885 = AXIS2_PLACEMENT_3D('',#18886,#18887,#18888);
#18886 = CARTESIAN_POINT('',(-19.05,68.167373,-4.6E-02));
#18887 = DIRECTION('',(-0.,-0.,-1.));
#18888 = DIRECTION('',(-3.229739708E-15,-1.,0.));
#18889 = ADVANCED_FACE('',(#18890),#18901,.F.);
#18890 = FACE_BOUND('',#18891,.T.);
#18891 = EDGE_LOOP('',(#18892,#18893,#18899,#18900));
#18892 = ORIENTED_EDGE('',*,*,#4178,.T.);
#18893 = ORIENTED_EDGE('',*,*,#18894,.T.);
#18894 = EDGE_CURVE('',#4179,#10385,#18895,.T.);
#18895 = LINE('',#18896,#18897);
#18896 = CARTESIAN_POINT('',(-8.89,65.522373,-4.6E-02));
#18897 = VECTOR('',#18898,1.);
#18898 = DIRECTION('',(0.,0.,1.));
#18899 = ORIENTED_EDGE('',*,*,#10384,.F.);
#18900 = ORIENTED_EDGE('',*,*,#18894,.F.);
#18901 = CYLINDRICAL_SURFACE('',#18902,0.51);
#18902 = AXIS2_PLACEMENT_3D('',#18903,#18904,#18905);
#18903 = CARTESIAN_POINT('',(-8.89,66.032373,-4.6E-02));
#18904 = DIRECTION('',(-0.,-0.,-1.));
#18905 = DIRECTION('',(-0.,-1.,0.));
#18906 = ADVANCED_FACE('',(#18907),#18918,.F.);
#18907 = FACE_BOUND('',#18908,.T.);
#18908 = EDGE_LOOP('',(#18909,#18910,#18916,#18917));
#18909 = ORIENTED_EDGE('',*,*,#4189,.T.);
#18910 = ORIENTED_EDGE('',*,*,#18911,.T.);
#18911 = EDGE_CURVE('',#4190,#10396,#18912,.T.);
#18912 = LINE('',#18913,#18914);
#18913 = CARTESIAN_POINT('',(-8.89,68.062373,-4.6E-02));
#18914 = VECTOR('',#18915,1.);
#18915 = DIRECTION('',(0.,0.,1.));
#18916 = ORIENTED_EDGE('',*,*,#10395,.F.);
#18917 = ORIENTED_EDGE('',*,*,#18911,.F.);
#18918 = CYLINDRICAL_SURFACE('',#18919,0.51);
#18919 = AXIS2_PLACEMENT_3D('',#18920,#18921,#18922);
#18920 = CARTESIAN_POINT('',(-8.89,68.572373,-4.6E-02));
#18921 = DIRECTION('',(-0.,-0.,-1.));
#18922 = DIRECTION('',(-0.,-1.,0.));
#18923 = ADVANCED_FACE('',(#18924),#18935,.F.);
#18924 = FACE_BOUND('',#18925,.T.);
#18925 = EDGE_LOOP('',(#18926,#18927,#18933,#18934));
#18926 = ORIENTED_EDGE('',*,*,#4200,.T.);
#18927 = ORIENTED_EDGE('',*,*,#18928,.T.);
#18928 = EDGE_CURVE('',#4201,#10407,#18929,.T.);
#18929 = LINE('',#18930,#18931);
#18930 = CARTESIAN_POINT('',(38.98691,-0.4778,-4.6E-02));
#18931 = VECTOR('',#18932,1.);
#18932 = DIRECTION('',(0.,0.,1.));
#18933 = ORIENTED_EDGE('',*,*,#10406,.F.);
#18934 = ORIENTED_EDGE('',*,*,#18928,.F.);
#18935 = CYLINDRICAL_SURFACE('',#18936,0.95);
#18936 = AXIS2_PLACEMENT_3D('',#18937,#18938,#18939);
#18937 = CARTESIAN_POINT('',(38.98691,0.4722,-4.6E-02));
#18938 = DIRECTION('',(-0.,0.,-1.));
#18939 = DIRECTION('',(7.479397218527E-15,-1.,-0.));
#18940 = ADVANCED_FACE('',(#18941),#18952,.F.);
#18941 = FACE_BOUND('',#18942,.T.);
#18942 = EDGE_LOOP('',(#18943,#18944,#18950,#18951));
#18943 = ORIENTED_EDGE('',*,*,#4211,.T.);
#18944 = ORIENTED_EDGE('',*,*,#18945,.T.);
#18945 = EDGE_CURVE('',#4212,#10418,#18946,.T.);
#18946 = LINE('',#18947,#18948);
#18947 = CARTESIAN_POINT('',(35.636183,13.171557,-4.6E-02));
#18948 = VECTOR('',#18949,1.);
#18949 = DIRECTION('',(0.,0.,1.));
#18950 = ORIENTED_EDGE('',*,*,#10417,.F.);
#18951 = ORIENTED_EDGE('',*,*,#18945,.F.);
#18952 = CYLINDRICAL_SURFACE('',#18953,0.8);
#18953 = AXIS2_PLACEMENT_3D('',#18954,#18955,#18956);
#18954 = CARTESIAN_POINT('',(35.636183,13.971557,-4.6E-02));
#18955 = DIRECTION('',(-0.,-0.,-1.));
#18956 = DIRECTION('',(-0.,-1.,0.));
#18957 = ADVANCED_FACE('',(#18958),#18969,.F.);
#18958 = FACE_BOUND('',#18959,.T.);
#18959 = EDGE_LOOP('',(#18960,#18961,#18967,#18968));
#18960 = ORIENTED_EDGE('',*,*,#4222,.T.);
#18961 = ORIENTED_EDGE('',*,*,#18962,.T.);
#18962 = EDGE_CURVE('',#4223,#10429,#18963,.T.);
#18963 = LINE('',#18964,#18965);
#18964 = CARTESIAN_POINT('',(33.736019,17.834236,-4.6E-02));
#18965 = VECTOR('',#18966,1.);
#18966 = DIRECTION('',(0.,0.,1.));
#18967 = ORIENTED_EDGE('',*,*,#10428,.F.);
#18968 = ORIENTED_EDGE('',*,*,#18962,.F.);
#18969 = CYLINDRICAL_SURFACE('',#18970,0.95);
#18970 = AXIS2_PLACEMENT_3D('',#18971,#18972,#18973);
#18971 = CARTESIAN_POINT('',(33.736019,18.784236,-4.6E-02));
#18972 = DIRECTION('',(-0.,-0.,-1.));
#18973 = DIRECTION('',(-0.,-1.,0.));
#18974 = ADVANCED_FACE('',(#18975),#18986,.F.);
#18975 = FACE_BOUND('',#18976,.T.);
#18976 = EDGE_LOOP('',(#18977,#18978,#18984,#18985));
#18977 = ORIENTED_EDGE('',*,*,#4233,.T.);
#18978 = ORIENTED_EDGE('',*,*,#18979,.T.);
#18979 = EDGE_CURVE('',#4234,#10440,#18980,.T.);
#18980 = LINE('',#18981,#18982);
#18981 = CARTESIAN_POINT('',(44.273849,-0.536795,-4.6E-02));
#18982 = VECTOR('',#18983,1.);
#18983 = DIRECTION('',(0.,0.,1.));
#18984 = ORIENTED_EDGE('',*,*,#10439,.F.);
#18985 = ORIENTED_EDGE('',*,*,#18979,.F.);
#18986 = CYLINDRICAL_SURFACE('',#18987,2.525);
#18987 = AXIS2_PLACEMENT_3D('',#18988,#18989,#18990);
#18988 = CARTESIAN_POINT('',(44.273849,1.988205,-4.6E-02));
#18989 = DIRECTION('',(-0.,-0.,-1.));
#18990 = DIRECTION('',(-0.,-1.,0.));
#18991 = ADVANCED_FACE('',(#18992),#19003,.F.);
#18992 = FACE_BOUND('',#18993,.T.);
#18993 = EDGE_LOOP('',(#18994,#18995,#19001,#19002));
#18994 = ORIENTED_EDGE('',*,*,#4244,.T.);
#18995 = ORIENTED_EDGE('',*,*,#18996,.T.);
#18996 = EDGE_CURVE('',#4245,#10451,#18997,.T.);
#18997 = LINE('',#18998,#18999);
#18998 = CARTESIAN_POINT('',(49.560788,2.55421,-4.6E-02));
#18999 = VECTOR('',#19000,1.);
#19000 = DIRECTION('',(0.,0.,1.));
#19001 = ORIENTED_EDGE('',*,*,#10450,.F.);
#19002 = ORIENTED_EDGE('',*,*,#18996,.F.);
#19003 = CYLINDRICAL_SURFACE('',#19004,0.95);
#19004 = AXIS2_PLACEMENT_3D('',#19005,#19006,#19007);
#19005 = CARTESIAN_POINT('',(49.560788,3.50421,-4.6E-02));
#19006 = DIRECTION('',(-0.,-0.,-1.));
#19007 = DIRECTION('',(-0.,-1.,0.));
#19008 = ADVANCED_FACE('',(#19009),#19020,.F.);
#19009 = FACE_BOUND('',#19010,.T.);
#19010 = EDGE_LOOP('',(#19011,#19012,#19018,#19019));
#19011 = ORIENTED_EDGE('',*,*,#4255,.T.);
#19012 = ORIENTED_EDGE('',*,*,#19013,.T.);
#19013 = EDGE_CURVE('',#4256,#10462,#19014,.T.);
#19014 = LINE('',#19015,#19016);
#19015 = CARTESIAN_POINT('',(53.167768,3.223033,-4.6E-02));
#19016 = VECTOR('',#19017,1.);
#19017 = DIRECTION('',(0.,0.,1.));
#19018 = ORIENTED_EDGE('',*,*,#10461,.F.);
#19019 = ORIENTED_EDGE('',*,*,#19013,.F.);
#19020 = CYLINDRICAL_SURFACE('',#19021,0.4);
#19021 = AXIS2_PLACEMENT_3D('',#19022,#19023,#19024);
#19022 = CARTESIAN_POINT('',(53.167768,3.623033,-4.6E-02));
#19023 = DIRECTION('',(-0.,0.,-1.));
#19024 = DIRECTION('',(1.7763568394E-14,-1.,-0.));
#19025 = ADVANCED_FACE('',(#19026),#19037,.F.);
#19026 = FACE_BOUND('',#19027,.T.);
#19027 = EDGE_LOOP('',(#19028,#19029,#19035,#19036));
#19028 = ORIENTED_EDGE('',*,*,#4266,.T.);
#19029 = ORIENTED_EDGE('',*,*,#19030,.T.);
#19030 = EDGE_CURVE('',#4267,#10473,#19031,.T.);
#19031 = LINE('',#19032,#19033);
#19032 = CARTESIAN_POINT('',(48.032736,5.494186,-4.6E-02));
#19033 = VECTOR('',#19034,1.);
#19034 = DIRECTION('',(0.,0.,1.));
#19035 = ORIENTED_EDGE('',*,*,#10472,.F.);
#19036 = ORIENTED_EDGE('',*,*,#19030,.F.);
#19037 = CYLINDRICAL_SURFACE('',#19038,1.525);
#19038 = AXIS2_PLACEMENT_3D('',#19039,#19040,#19041);
#19039 = CARTESIAN_POINT('',(48.032736,7.019186,-4.6E-02));
#19040 = DIRECTION('',(-0.,-0.,-1.));
#19041 = DIRECTION('',(-0.,-1.,0.));
#19042 = ADVANCED_FACE('',(#19043),#19054,.F.);
#19043 = FACE_BOUND('',#19044,.T.);
#19044 = EDGE_LOOP('',(#19045,#19046,#19052,#19053));
#19045 = ORIENTED_EDGE('',*,*,#4277,.T.);
#19046 = ORIENTED_EDGE('',*,*,#19047,.T.);
#19047 = EDGE_CURVE('',#4278,#10484,#19048,.T.);
#19048 = LINE('',#19049,#19050);
#19049 = CARTESIAN_POINT('',(42.647589,6.134649,-4.6E-02));
#19050 = VECTOR('',#19051,1.);
#19051 = DIRECTION('',(0.,0.,1.));
#19052 = ORIENTED_EDGE('',*,*,#10483,.F.);
#19053 = ORIENTED_EDGE('',*,*,#19047,.F.);
#19054 = CYLINDRICAL_SURFACE('',#19055,1.525);
#19055 = AXIS2_PLACEMENT_3D('',#19056,#19057,#19058);
#19056 = CARTESIAN_POINT('',(42.647589,7.659649,-4.6E-02));
#19057 = DIRECTION('',(-0.,0.,-1.));
#19058 = DIRECTION('',(4.659296627935E-15,-1.,-0.));
#19059 = ADVANCED_FACE('',(#19060),#19071,.F.);
#19060 = FACE_BOUND('',#19061,.T.);
#19061 = EDGE_LOOP('',(#19062,#19063,#19069,#19070));
#19062 = ORIENTED_EDGE('',*,*,#4288,.T.);
#19063 = ORIENTED_EDGE('',*,*,#19064,.T.);
#19064 = EDGE_CURVE('',#4289,#10495,#19065,.T.);
#19065 = LINE('',#19066,#19067);
#19066 = CARTESIAN_POINT('',(57.886386,4.688422,-4.6E-02));
#19067 = VECTOR('',#19068,1.);
#19068 = DIRECTION('',(0.,0.,1.));
#19069 = ORIENTED_EDGE('',*,*,#10494,.F.);
#19070 = ORIENTED_EDGE('',*,*,#19064,.F.);
#19071 = CYLINDRICAL_SURFACE('',#19072,0.8);
#19072 = AXIS2_PLACEMENT_3D('',#19073,#19074,#19075);
#19073 = CARTESIAN_POINT('',(57.886386,5.488422,-4.6E-02));
#19074 = DIRECTION('',(-0.,-0.,-1.));
#19075 = DIRECTION('',(-0.,-1.,0.));
#19076 = ADVANCED_FACE('',(#19077),#19088,.F.);
#19077 = FACE_BOUND('',#19078,.T.);
#19078 = EDGE_LOOP('',(#19079,#19080,#19086,#19087));
#19079 = ORIENTED_EDGE('',*,*,#4299,.T.);
#19080 = ORIENTED_EDGE('',*,*,#19081,.T.);
#19081 = EDGE_CURVE('',#4300,#10506,#19082,.T.);
#19082 = LINE('',#19083,#19084);
#19083 = CARTESIAN_POINT('',(78.236427,0.867966,-4.6E-02));
#19084 = VECTOR('',#19085,1.);
#19085 = DIRECTION('',(0.,0.,1.));
#19086 = ORIENTED_EDGE('',*,*,#10505,.F.);
#19087 = ORIENTED_EDGE('',*,*,#19081,.F.);
#19088 = CYLINDRICAL_SURFACE('',#19089,0.95);
#19089 = AXIS2_PLACEMENT_3D('',#19090,#19091,#19092);
#19090 = CARTESIAN_POINT('',(78.236427,1.817966,-4.6E-02));
#19091 = DIRECTION('',(-0.,0.,-1.));
#19092 = DIRECTION('',(1.495879443705E-14,-1.,-0.));
#19093 = ADVANCED_FACE('',(#19094),#19105,.F.);
#19094 = FACE_BOUND('',#19095,.T.);
#19095 = EDGE_LOOP('',(#19096,#19097,#19103,#19104));
#19096 = ORIENTED_EDGE('',*,*,#4310,.T.);
#19097 = ORIENTED_EDGE('',*,*,#19098,.T.);
#19098 = EDGE_CURVE('',#4311,#10517,#19099,.T.);
#19099 = LINE('',#19100,#19101);
#19100 = CARTESIAN_POINT('',(72.267435,5.727118,-4.6E-02));
#19101 = VECTOR('',#19102,1.);
#19102 = DIRECTION('',(0.,0.,1.));
#19103 = ORIENTED_EDGE('',*,*,#10516,.F.);
#19104 = ORIENTED_EDGE('',*,*,#19098,.F.);
#19105 = CYLINDRICAL_SURFACE('',#19106,0.4);
#19106 = AXIS2_PLACEMENT_3D('',#19107,#19108,#19109);
#19107 = CARTESIAN_POINT('',(72.267435,6.127118,-4.6E-02));
#19108 = DIRECTION('',(-0.,-0.,-1.));
#19109 = DIRECTION('',(-0.,-1.,0.));
#19110 = ADVANCED_FACE('',(#19111),#19122,.F.);
#19111 = FACE_BOUND('',#19112,.T.);
#19112 = EDGE_LOOP('',(#19113,#19114,#19120,#19121));
#19113 = ORIENTED_EDGE('',*,*,#4321,.T.);
#19114 = ORIENTED_EDGE('',*,*,#19115,.T.);
#19115 = EDGE_CURVE('',#4322,#10528,#19116,.T.);
#19116 = LINE('',#19117,#19118);
#19117 = CARTESIAN_POINT('',(55.986222,9.351101,-4.6E-02));
#19118 = VECTOR('',#19119,1.);
#19119 = DIRECTION('',(0.,0.,1.));
#19120 = ORIENTED_EDGE('',*,*,#10527,.F.);
#19121 = ORIENTED_EDGE('',*,*,#19115,.F.);
#19122 = CYLINDRICAL_SURFACE('',#19123,0.95);
#19123 = AXIS2_PLACEMENT_3D('',#19124,#19125,#19126);
#19124 = CARTESIAN_POINT('',(55.986222,10.301101,-4.6E-02));
#19125 = DIRECTION('',(-0.,-0.,-1.));
#19126 = DIRECTION('',(-0.,-1.,0.));
#19127 = ADVANCED_FACE('',(#19128),#19139,.F.);
#19128 = FACE_BOUND('',#19129,.T.);
#19129 = EDGE_LOOP('',(#19130,#19131,#19137,#19138));
#19130 = ORIENTED_EDGE('',*,*,#4332,.T.);
#19131 = ORIENTED_EDGE('',*,*,#19132,.T.);
#19132 = EDGE_CURVE('',#4333,#10539,#19133,.T.);
#19133 = LINE('',#19134,#19135);
#19134 = CARTESIAN_POINT('',(50.01723,14.210252,-4.6E-02));
#19135 = VECTOR('',#19136,1.);
#19136 = DIRECTION('',(0.,0.,1.));
#19137 = ORIENTED_EDGE('',*,*,#10538,.F.);
#19138 = ORIENTED_EDGE('',*,*,#19132,.F.);
#19139 = CYLINDRICAL_SURFACE('',#19140,0.4);
#19140 = AXIS2_PLACEMENT_3D('',#19141,#19142,#19143);
#19141 = CARTESIAN_POINT('',(50.01723,14.610252,-4.6E-02));
#19142 = DIRECTION('',(-0.,-0.,-1.));
#19143 = DIRECTION('',(-0.,-1.,0.));
#19144 = ADVANCED_FACE('',(#19145),#19156,.F.);
#19145 = FACE_BOUND('',#19146,.T.);
#19146 = EDGE_LOOP('',(#19147,#19148,#19154,#19155));
#19147 = ORIENTED_EDGE('',*,*,#4343,.T.);
#19148 = ORIENTED_EDGE('',*,*,#19149,.T.);
#19149 = EDGE_CURVE('',#4344,#10550,#19150,.T.);
#19150 = LINE('',#19151,#19152);
#19151 = CARTESIAN_POINT('',(59.646901,15.96355,-4.6E-02));
#19152 = VECTOR('',#19153,1.);
#19153 = DIRECTION('',(0.,0.,1.));
#19154 = ORIENTED_EDGE('',*,*,#10549,.F.);
#19155 = ORIENTED_EDGE('',*,*,#19149,.F.);
#19156 = CYLINDRICAL_SURFACE('',#19157,1.525);
#19157 = AXIS2_PLACEMENT_3D('',#19158,#19159,#19160);
#19158 = CARTESIAN_POINT('',(59.646901,17.48855,-4.6E-02));
#19159 = DIRECTION('',(-0.,-0.,-1.));
#19160 = DIRECTION('',(-0.,-1.,0.));
#19161 = ADVANCED_FACE('',(#19162),#19173,.F.);
#19162 = FACE_BOUND('',#19163,.T.);
#19163 = EDGE_LOOP('',(#19164,#19165,#19171,#19172));
#19164 = ORIENTED_EDGE('',*,*,#4354,.T.);
#19165 = ORIENTED_EDGE('',*,*,#19166,.T.);
#19166 = EDGE_CURVE('',#4355,#10561,#19167,.T.);
#19167 = LINE('',#19168,#19169);
#19168 = CARTESIAN_POINT('',(61.273161,9.292106,-4.6E-02));
#19169 = VECTOR('',#19170,1.);
#19170 = DIRECTION('',(0.,0.,1.));
#19171 = ORIENTED_EDGE('',*,*,#10560,.F.);
#19172 = ORIENTED_EDGE('',*,*,#19166,.F.);
#19173 = CYLINDRICAL_SURFACE('',#19174,2.525);
#19174 = AXIS2_PLACEMENT_3D('',#19175,#19176,#19177);
#19175 = CARTESIAN_POINT('',(61.273161,11.817106,-4.6E-02));
#19176 = DIRECTION('',(-0.,-0.,-1.));
#19177 = DIRECTION('',(-0.,-1.,0.));
#19178 = ADVANCED_FACE('',(#19179),#19190,.F.);
#19179 = FACE_BOUND('',#19180,.T.);
#19180 = EDGE_LOOP('',(#19181,#19182,#19188,#19189));
#19181 = ORIENTED_EDGE('',*,*,#4365,.T.);
#19182 = ORIENTED_EDGE('',*,*,#19183,.T.);
#19183 = EDGE_CURVE('',#4366,#10572,#19184,.T.);
#19184 = LINE('',#19185,#19186);
#19185 = CARTESIAN_POINT('',(66.5601,12.383111,-4.6E-02));
#19186 = VECTOR('',#19187,1.);
#19187 = DIRECTION('',(0.,0.,1.));
#19188 = ORIENTED_EDGE('',*,*,#10571,.F.);
#19189 = ORIENTED_EDGE('',*,*,#19183,.F.);
#19190 = CYLINDRICAL_SURFACE('',#19191,0.95);
#19191 = AXIS2_PLACEMENT_3D('',#19192,#19193,#19194);
#19192 = CARTESIAN_POINT('',(66.5601,13.333111,-4.6E-02));
#19193 = DIRECTION('',(-0.,-0.,-1.));
#19194 = DIRECTION('',(-0.,-1.,0.));
#19195 = ADVANCED_FACE('',(#19196),#19207,.F.);
#19196 = FACE_BOUND('',#19197,.T.);
#19197 = EDGE_LOOP('',(#19198,#19199,#19205,#19206));
#19198 = ORIENTED_EDGE('',*,*,#4376,.T.);
#19199 = ORIENTED_EDGE('',*,*,#19200,.T.);
#19200 = EDGE_CURVE('',#4377,#10583,#19201,.T.);
#19201 = LINE('',#19202,#19203);
#19202 = CARTESIAN_POINT('',(70.167081,13.051933,-4.6E-02));
#19203 = VECTOR('',#19204,1.);
#19204 = DIRECTION('',(0.,0.,1.));
#19205 = ORIENTED_EDGE('',*,*,#10582,.F.);
#19206 = ORIENTED_EDGE('',*,*,#19200,.F.);
#19207 = CYLINDRICAL_SURFACE('',#19208,0.4);
#19208 = AXIS2_PLACEMENT_3D('',#19209,#19210,#19211);
#19209 = CARTESIAN_POINT('',(70.167081,13.451933,-4.6E-02));
#19210 = DIRECTION('',(-0.,-0.,-1.));
#19211 = DIRECTION('',(-0.,-1.,0.));
#19212 = ADVANCED_FACE('',(#19213),#19224,.F.);
#19213 = FACE_BOUND('',#19214,.T.);
#19214 = EDGE_LOOP('',(#19215,#19216,#19222,#19223));
#19215 = ORIENTED_EDGE('',*,*,#4387,.T.);
#19216 = ORIENTED_EDGE('',*,*,#19217,.T.);
#19217 = EDGE_CURVE('',#4388,#10594,#19218,.T.);
#19218 = LINE('',#19219,#19220);
#19219 = CARTESIAN_POINT('',(65.032048,15.323087,-4.6E-02));
#19220 = VECTOR('',#19221,1.);
#19221 = DIRECTION('',(0.,0.,1.));
#19222 = ORIENTED_EDGE('',*,*,#10593,.F.);
#19223 = ORIENTED_EDGE('',*,*,#19217,.F.);
#19224 = CYLINDRICAL_SURFACE('',#19225,1.525);
#19225 = AXIS2_PLACEMENT_3D('',#19226,#19227,#19228);
#19226 = CARTESIAN_POINT('',(65.032048,16.848087,-4.6E-02));
#19227 = DIRECTION('',(-0.,-0.,-1.));
#19228 = DIRECTION('',(-0.,-1.,0.));
#19229 = ADVANCED_FACE('',(#19230),#19241,.F.);
#19230 = FACE_BOUND('',#19231,.T.);
#19231 = EDGE_LOOP('',(#19232,#19233,#19239,#19240));
#19232 = ORIENTED_EDGE('',*,*,#4398,.T.);
#19233 = ORIENTED_EDGE('',*,*,#19234,.T.);
#19234 = EDGE_CURVE('',#4399,#10605,#19235,.T.);
#19235 = LINE('',#19236,#19237);
#19236 = CARTESIAN_POINT('',(74.885699,14.517321,-4.6E-02));
#19237 = VECTOR('',#19238,1.);
#19238 = DIRECTION('',(0.,0.,1.));
#19239 = ORIENTED_EDGE('',*,*,#10604,.F.);
#19240 = ORIENTED_EDGE('',*,*,#19234,.F.);
#19241 = CYLINDRICAL_SURFACE('',#19242,0.8);
#19242 = AXIS2_PLACEMENT_3D('',#19243,#19244,#19245);
#19243 = CARTESIAN_POINT('',(74.885699,15.317321,-4.6E-02));
#19244 = DIRECTION('',(-0.,-0.,-1.));
#19245 = DIRECTION('',(-0.,-1.,0.));
#19246 = ADVANCED_FACE('',(#19247),#19258,.F.);
#19247 = FACE_BOUND('',#19248,.T.);
#19248 = EDGE_LOOP('',(#19249,#19250,#19256,#19257));
#19249 = ORIENTED_EDGE('',*,*,#4409,.T.);
#19250 = ORIENTED_EDGE('',*,*,#19251,.T.);
#19251 = EDGE_CURVE('',#4410,#10616,#19252,.T.);
#19252 = LINE('',#19253,#19254);
#19253 = CARTESIAN_POINT('',(72.985535,19.18,-4.6E-02));
#19254 = VECTOR('',#19255,1.);
#19255 = DIRECTION('',(0.,0.,1.));
#19256 = ORIENTED_EDGE('',*,*,#10615,.F.);
#19257 = ORIENTED_EDGE('',*,*,#19251,.F.);
#19258 = CYLINDRICAL_SURFACE('',#19259,0.95);
#19259 = AXIS2_PLACEMENT_3D('',#19260,#19261,#19262);
#19260 = CARTESIAN_POINT('',(72.985535,20.13,-4.6E-02));
#19261 = DIRECTION('',(-0.,-0.,-1.));
#19262 = DIRECTION('',(-0.,-1.,0.));
#19263 = ADVANCED_FACE('',(#19264),#19275,.F.);
#19264 = FACE_BOUND('',#19265,.T.);
#19265 = EDGE_LOOP('',(#19266,#19267,#19273,#19274));
#19266 = ORIENTED_EDGE('',*,*,#4420,.T.);
#19267 = ORIENTED_EDGE('',*,*,#19268,.T.);
#19268 = EDGE_CURVE('',#4421,#10627,#19269,.T.);
#19269 = LINE('',#19270,#19271);
#19270 = CARTESIAN_POINT('',(5.546678239835E-32,20.032373,-4.6E-02));
#19271 = VECTOR('',#19272,1.);
#19272 = DIRECTION('',(0.,0.,1.));
#19273 = ORIENTED_EDGE('',*,*,#10626,.F.);
#19274 = ORIENTED_EDGE('',*,*,#19268,.F.);
#19275 = CYLINDRICAL_SURFACE('',#19276,0.51);
#19276 = AXIS2_PLACEMENT_3D('',#19277,#19278,#19279);
#19277 = CARTESIAN_POINT('',(2.95367690447E-17,20.542373,-4.6E-02));
#19278 = DIRECTION('',(-0.,-0.,-1.));
#19279 = DIRECTION('',(-5.791523342098E-17,-1.,0.));
#19280 = ADVANCED_FACE('',(#19281),#19292,.F.);
#19281 = FACE_BOUND('',#19282,.T.);
#19282 = EDGE_LOOP('',(#19283,#19284,#19290,#19291));
#19283 = ORIENTED_EDGE('',*,*,#4431,.T.);
#19284 = ORIENTED_EDGE('',*,*,#19285,.T.);
#19285 = EDGE_CURVE('',#4432,#10638,#19286,.T.);
#19286 = LINE('',#19287,#19288);
#19287 = CARTESIAN_POINT('',(2.54,20.032373,-4.6E-02));
#19288 = VECTOR('',#19289,1.);
#19289 = DIRECTION('',(0.,0.,1.));
#19290 = ORIENTED_EDGE('',*,*,#10637,.F.);
#19291 = ORIENTED_EDGE('',*,*,#19285,.F.);
#19292 = CYLINDRICAL_SURFACE('',#19293,0.51);
#19293 = AXIS2_PLACEMENT_3D('',#19294,#19295,#19296);
#19294 = CARTESIAN_POINT('',(2.54,20.542373,-4.6E-02));
#19295 = DIRECTION('',(-0.,-0.,-1.));
#19296 = DIRECTION('',(-0.,-1.,0.));
#19297 = ADVANCED_FACE('',(#19298),#19309,.F.);
#19298 = FACE_BOUND('',#19299,.T.);
#19299 = EDGE_LOOP('',(#19300,#19301,#19307,#19308));
#19300 = ORIENTED_EDGE('',*,*,#4442,.T.);
#19301 = ORIENTED_EDGE('',*,*,#19302,.T.);
#19302 = EDGE_CURVE('',#4443,#10649,#19303,.T.);
#19303 = LINE('',#19304,#19305);
#19304 = CARTESIAN_POINT('',(8.89,19.802373,-4.6E-02));
#19305 = VECTOR('',#19306,1.);
#19306 = DIRECTION('',(0.,0.,1.));
#19307 = ORIENTED_EDGE('',*,*,#10648,.F.);
#19308 = ORIENTED_EDGE('',*,*,#19302,.F.);
#19309 = CYLINDRICAL_SURFACE('',#19310,0.51);
#19310 = AXIS2_PLACEMENT_3D('',#19311,#19312,#19313);
#19311 = CARTESIAN_POINT('',(8.89,20.312373,-4.6E-02));
#19312 = DIRECTION('',(-0.,-0.,-1.));
#19313 = DIRECTION('',(-0.,-1.,0.));
#19314 = ADVANCED_FACE('',(#19315),#19326,.F.);
#19315 = FACE_BOUND('',#19316,.T.);
#19316 = EDGE_LOOP('',(#19317,#19318,#19324,#19325));
#19317 = ORIENTED_EDGE('',*,*,#4453,.T.);
#19318 = ORIENTED_EDGE('',*,*,#19319,.T.);
#19319 = EDGE_CURVE('',#4454,#10660,#19320,.T.);
#19320 = LINE('',#19321,#19322);
#19321 = CARTESIAN_POINT('',(8.89,22.342373,-4.6E-02));
#19322 = VECTOR('',#19323,1.);
#19323 = DIRECTION('',(0.,0.,1.));
#19324 = ORIENTED_EDGE('',*,*,#10659,.F.);
#19325 = ORIENTED_EDGE('',*,*,#19319,.F.);
#19326 = CYLINDRICAL_SURFACE('',#19327,0.51);
#19327 = AXIS2_PLACEMENT_3D('',#19328,#19329,#19330);
#19328 = CARTESIAN_POINT('',(8.89,22.852373,-4.6E-02));
#19329 = DIRECTION('',(-0.,-0.,-1.));
#19330 = DIRECTION('',(-0.,-1.,0.));
#19331 = ADVANCED_FACE('',(#19332),#19343,.F.);
#19332 = FACE_BOUND('',#19333,.T.);
#19333 = EDGE_LOOP('',(#19334,#19335,#19341,#19342));
#19334 = ORIENTED_EDGE('',*,*,#4464,.T.);
#19335 = ORIENTED_EDGE('',*,*,#19336,.T.);
#19336 = EDGE_CURVE('',#4465,#10671,#19337,.T.);
#19337 = LINE('',#19338,#19339);
#19338 = CARTESIAN_POINT('',(8.89,24.882373,-4.6E-02));
#19339 = VECTOR('',#19340,1.);
#19340 = DIRECTION('',(0.,0.,1.));
#19341 = ORIENTED_EDGE('',*,*,#10670,.F.);
#19342 = ORIENTED_EDGE('',*,*,#19336,.F.);
#19343 = CYLINDRICAL_SURFACE('',#19344,0.51);
#19344 = AXIS2_PLACEMENT_3D('',#19345,#19346,#19347);
#19345 = CARTESIAN_POINT('',(8.89,25.392373,-4.6E-02));
#19346 = DIRECTION('',(-0.,-0.,-1.));
#19347 = DIRECTION('',(-0.,-1.,0.));
#19348 = ADVANCED_FACE('',(#19349),#19360,.F.);
#19349 = FACE_BOUND('',#19350,.T.);
#19350 = EDGE_LOOP('',(#19351,#19352,#19358,#19359));
#19351 = ORIENTED_EDGE('',*,*,#4475,.T.);
#19352 = ORIENTED_EDGE('',*,*,#19353,.T.);
#19353 = EDGE_CURVE('',#4476,#10682,#19354,.T.);
#19354 = LINE('',#19355,#19356);
#19355 = CARTESIAN_POINT('',(8.89,27.422373,-4.6E-02));
#19356 = VECTOR('',#19357,1.);
#19357 = DIRECTION('',(0.,0.,1.));
#19358 = ORIENTED_EDGE('',*,*,#10681,.F.);
#19359 = ORIENTED_EDGE('',*,*,#19353,.F.);
#19360 = CYLINDRICAL_SURFACE('',#19361,0.51);
#19361 = AXIS2_PLACEMENT_3D('',#19362,#19363,#19364);
#19362 = CARTESIAN_POINT('',(8.89,27.932373,-4.6E-02));
#19363 = DIRECTION('',(-0.,-0.,-1.));
#19364 = DIRECTION('',(-0.,-1.,0.));
#19365 = ADVANCED_FACE('',(#19366),#19377,.F.);
#19366 = FACE_BOUND('',#19367,.T.);
#19367 = EDGE_LOOP('',(#19368,#19369,#19375,#19376));
#19368 = ORIENTED_EDGE('',*,*,#4486,.T.);
#19369 = ORIENTED_EDGE('',*,*,#19370,.T.);
#19370 = EDGE_CURVE('',#4487,#10693,#19371,.T.);
#19371 = LINE('',#19372,#19373);
#19372 = CARTESIAN_POINT('',(39.022958,17.775241,-4.6E-02));
#19373 = VECTOR('',#19374,1.);
#19374 = DIRECTION('',(0.,0.,1.));
#19375 = ORIENTED_EDGE('',*,*,#10692,.F.);
#19376 = ORIENTED_EDGE('',*,*,#19370,.F.);
#19377 = CYLINDRICAL_SURFACE('',#19378,2.525);
#19378 = AXIS2_PLACEMENT_3D('',#19379,#19380,#19381);
#19379 = CARTESIAN_POINT('',(39.022958,20.300241,-4.6E-02));
#19380 = DIRECTION('',(-0.,-0.,-1.));
#19381 = DIRECTION('',(-0.,-1.,0.));
#19382 = ADVANCED_FACE('',(#19383),#19394,.F.);
#19383 = FACE_BOUND('',#19384,.T.);
#19384 = EDGE_LOOP('',(#19385,#19386,#19392,#19393));
#19385 = ORIENTED_EDGE('',*,*,#4497,.T.);
#19386 = ORIENTED_EDGE('',*,*,#19387,.T.);
#19387 = EDGE_CURVE('',#4498,#10704,#19388,.T.);
#19388 = LINE('',#19389,#19390);
#19389 = CARTESIAN_POINT('',(37.396698,24.446685,-4.6E-02));
#19390 = VECTOR('',#19391,1.);
#19391 = DIRECTION('',(0.,0.,1.));
#19392 = ORIENTED_EDGE('',*,*,#10703,.F.);
#19393 = ORIENTED_EDGE('',*,*,#19387,.F.);
#19394 = CYLINDRICAL_SURFACE('',#19395,1.525);
#19395 = AXIS2_PLACEMENT_3D('',#19396,#19397,#19398);
#19396 = CARTESIAN_POINT('',(37.396698,25.971685,-4.6E-02));
#19397 = DIRECTION('',(-0.,-0.,-1.));
#19398 = DIRECTION('',(-0.,-1.,0.));
#19399 = ADVANCED_FACE('',(#19400),#19411,.F.);
#19400 = FACE_BOUND('',#19401,.T.);
#19401 = EDGE_LOOP('',(#19402,#19403,#19409,#19410));
#19402 = ORIENTED_EDGE('',*,*,#4508,.T.);
#19403 = ORIENTED_EDGE('',*,*,#19404,.T.);
#19404 = EDGE_CURVE('',#4509,#10715,#19405,.T.);
#19405 = LINE('',#19406,#19407);
#19406 = CARTESIAN_POINT('',(8.89,29.962373,-4.6E-02));
#19407 = VECTOR('',#19408,1.);
#19408 = DIRECTION('',(0.,0.,1.));
#19409 = ORIENTED_EDGE('',*,*,#10714,.F.);
#19410 = ORIENTED_EDGE('',*,*,#19404,.F.);
#19411 = CYLINDRICAL_SURFACE('',#19412,0.51);
#19412 = AXIS2_PLACEMENT_3D('',#19413,#19414,#19415);
#19413 = CARTESIAN_POINT('',(8.89,30.472373,-4.6E-02));
#19414 = DIRECTION('',(-0.,-0.,-1.));
#19415 = DIRECTION('',(-0.,-1.,0.));
#19416 = ADVANCED_FACE('',(#19417),#19428,.F.);
#19417 = FACE_BOUND('',#19418,.T.);
#19418 = EDGE_LOOP('',(#19419,#19420,#19426,#19427));
#19419 = ORIENTED_EDGE('',*,*,#4519,.T.);
#19420 = ORIENTED_EDGE('',*,*,#19421,.T.);
#19421 = EDGE_CURVE('',#4520,#10726,#19422,.T.);
#19422 = LINE('',#19423,#19424);
#19423 = CARTESIAN_POINT('',(8.89,32.502373,-4.6E-02));
#19424 = VECTOR('',#19425,1.);
#19425 = DIRECTION('',(0.,0.,1.));
#19426 = ORIENTED_EDGE('',*,*,#10725,.F.);
#19427 = ORIENTED_EDGE('',*,*,#19421,.F.);
#19428 = CYLINDRICAL_SURFACE('',#19429,0.51);
#19429 = AXIS2_PLACEMENT_3D('',#19430,#19431,#19432);
#19430 = CARTESIAN_POINT('',(8.89,33.012373,-4.6E-02));
#19431 = DIRECTION('',(-0.,-0.,-1.));
#19432 = DIRECTION('',(-0.,-1.,0.));
#19433 = ADVANCED_FACE('',(#19434),#19445,.F.);
#19434 = FACE_BOUND('',#19435,.T.);
#19435 = EDGE_LOOP('',(#19436,#19437,#19443,#19444));
#19436 = ORIENTED_EDGE('',*,*,#4530,.T.);
#19437 = ORIENTED_EDGE('',*,*,#19438,.T.);
#19438 = EDGE_CURVE('',#4531,#10737,#19439,.T.);
#19439 = LINE('',#19440,#19441);
#19440 = CARTESIAN_POINT('',(8.89,35.042373,-4.6E-02));
#19441 = VECTOR('',#19442,1.);
#19442 = DIRECTION('',(0.,0.,1.));
#19443 = ORIENTED_EDGE('',*,*,#10736,.F.);
#19444 = ORIENTED_EDGE('',*,*,#19438,.F.);
#19445 = CYLINDRICAL_SURFACE('',#19446,0.51);
#19446 = AXIS2_PLACEMENT_3D('',#19447,#19448,#19449);
#19447 = CARTESIAN_POINT('',(8.89,35.552373,-4.6E-02));
#19448 = DIRECTION('',(-0.,-0.,-1.));
#19449 = DIRECTION('',(-0.,-1.,0.));
#19450 = ADVANCED_FACE('',(#19451),#19462,.F.);
#19451 = FACE_BOUND('',#19452,.T.);
#19452 = EDGE_LOOP('',(#19453,#19454,#19460,#19461));
#19453 = ORIENTED_EDGE('',*,*,#4541,.T.);
#19454 = ORIENTED_EDGE('',*,*,#19455,.T.);
#19455 = EDGE_CURVE('',#4542,#10748,#19456,.T.);
#19456 = LINE('',#19457,#19458);
#19457 = CARTESIAN_POINT('',(8.89,37.582373,-4.6E-02));
#19458 = VECTOR('',#19459,1.);
#19459 = DIRECTION('',(0.,0.,1.));
#19460 = ORIENTED_EDGE('',*,*,#10747,.F.);
#19461 = ORIENTED_EDGE('',*,*,#19455,.F.);
#19462 = CYLINDRICAL_SURFACE('',#19463,0.51);
#19463 = AXIS2_PLACEMENT_3D('',#19464,#19465,#19466);
#19464 = CARTESIAN_POINT('',(8.89,38.092373,-4.6E-02));
#19465 = DIRECTION('',(-0.,-0.,-1.));
#19466 = DIRECTION('',(-0.,-1.,0.));
#19467 = ADVANCED_FACE('',(#19468),#19479,.F.);
#19468 = FACE_BOUND('',#19469,.T.);
#19469 = EDGE_LOOP('',(#19470,#19471,#19477,#19478));
#19470 = ORIENTED_EDGE('',*,*,#4552,.T.);
#19471 = ORIENTED_EDGE('',*,*,#19472,.T.);
#19472 = EDGE_CURVE('',#4553,#10759,#19473,.T.);
#19473 = LINE('',#19474,#19475);
#19474 = CARTESIAN_POINT('',(14.2875,37.204873,-4.6E-02));
#19475 = VECTOR('',#19476,1.);
#19476 = DIRECTION('',(0.,0.,1.));
#19477 = ORIENTED_EDGE('',*,*,#10758,.F.);
#19478 = ORIENTED_EDGE('',*,*,#19472,.F.);
#19479 = CYLINDRICAL_SURFACE('',#19480,0.65);
#19480 = AXIS2_PLACEMENT_3D('',#19481,#19482,#19483);
#19481 = CARTESIAN_POINT('',(14.2875,37.854873,-4.6E-02));
#19482 = DIRECTION('',(-0.,-0.,-1.));
#19483 = DIRECTION('',(-0.,-1.,0.));
#19484 = ADVANCED_FACE('',(#19485),#19496,.F.);
#19485 = FACE_BOUND('',#19486,.T.);
#19486 = EDGE_LOOP('',(#19487,#19488,#19494,#19495));
#19487 = ORIENTED_EDGE('',*,*,#4563,.T.);
#19488 = ORIENTED_EDGE('',*,*,#19489,.T.);
#19489 = EDGE_CURVE('',#4564,#10770,#19490,.T.);
#19490 = LINE('',#19491,#19492);
#19491 = CARTESIAN_POINT('',(30.385291,31.483592,-4.6E-02));
#19492 = VECTOR('',#19493,1.);
#19493 = DIRECTION('',(0.,0.,1.));
#19494 = ORIENTED_EDGE('',*,*,#10769,.F.);
#19495 = ORIENTED_EDGE('',*,*,#19489,.F.);
#19496 = CYLINDRICAL_SURFACE('',#19497,0.8);
#19497 = AXIS2_PLACEMENT_3D('',#19498,#19499,#19500);
#19498 = CARTESIAN_POINT('',(30.385291,32.283592,-4.6E-02));
#19499 = DIRECTION('',(-0.,-0.,-1.));
#19500 = DIRECTION('',(-4.440892098501E-15,-1.,0.));
#19501 = ADVANCED_FACE('',(#19502),#19513,.F.);
#19502 = FACE_BOUND('',#19503,.T.);
#19503 = EDGE_LOOP('',(#19504,#19505,#19511,#19512));
#19504 = ORIENTED_EDGE('',*,*,#4574,.T.);
#19505 = ORIENTED_EDGE('',*,*,#19506,.T.);
#19506 = EDGE_CURVE('',#4575,#10781,#19507,.T.);
#19507 = LINE('',#19508,#19509);
#19508 = CARTESIAN_POINT('',(28.485127,36.146271,-4.6E-02));
#19509 = VECTOR('',#19510,1.);
#19510 = DIRECTION('',(0.,0.,1.));
#19511 = ORIENTED_EDGE('',*,*,#10780,.F.);
#19512 = ORIENTED_EDGE('',*,*,#19506,.F.);
#19513 = CYLINDRICAL_SURFACE('',#19514,0.95);
#19514 = AXIS2_PLACEMENT_3D('',#19515,#19516,#19517);
#19515 = CARTESIAN_POINT('',(28.485127,37.096271,-4.6E-02));
#19516 = DIRECTION('',(-0.,-0.,-1.));
#19517 = DIRECTION('',(-0.,-1.,0.));
#19518 = ADVANCED_FACE('',(#19519),#19530,.F.);
#19519 = FACE_BOUND('',#19520,.T.);
#19520 = EDGE_LOOP('',(#19521,#19522,#19528,#19529));
#19521 = ORIENTED_EDGE('',*,*,#4585,.T.);
#19522 = ORIENTED_EDGE('',*,*,#19523,.T.);
#19523 = EDGE_CURVE('',#4586,#10792,#19524,.T.);
#19524 = LINE('',#19525,#19526);
#19525 = CARTESIAN_POINT('',(33.772066,36.087276,-4.6E-02));
#19526 = VECTOR('',#19527,1.);
#19527 = DIRECTION('',(0.,0.,1.));
#19528 = ORIENTED_EDGE('',*,*,#10791,.F.);
#19529 = ORIENTED_EDGE('',*,*,#19523,.F.);
#19530 = CYLINDRICAL_SURFACE('',#19531,2.525);
#19531 = AXIS2_PLACEMENT_3D('',#19532,#19533,#19534);
#19532 = CARTESIAN_POINT('',(33.772066,38.612276,-4.6E-02));
#19533 = DIRECTION('',(-0.,-0.,-1.));
#19534 = DIRECTION('',(-0.,-1.,0.));
#19535 = ADVANCED_FACE('',(#19536),#19547,.F.);
#19536 = FACE_BOUND('',#19537,.T.);
#19537 = EDGE_LOOP('',(#19538,#19539,#19545,#19546));
#19538 = ORIENTED_EDGE('',*,*,#4596,.T.);
#19539 = ORIENTED_EDGE('',*,*,#19540,.T.);
#19540 = EDGE_CURVE('',#4597,#10803,#19541,.T.);
#19541 = LINE('',#19542,#19543);
#19542 = CARTESIAN_POINT('',(39.059005,39.178281,-4.6E-02));
#19543 = VECTOR('',#19544,1.);
#19544 = DIRECTION('',(0.,0.,1.));
#19545 = ORIENTED_EDGE('',*,*,#10802,.F.);
#19546 = ORIENTED_EDGE('',*,*,#19540,.F.);
#19547 = CYLINDRICAL_SURFACE('',#19548,0.95);
#19548 = AXIS2_PLACEMENT_3D('',#19549,#19550,#19551);
#19549 = CARTESIAN_POINT('',(39.059005,40.128281,-4.6E-02));
#19550 = DIRECTION('',(-0.,-0.,-1.));
#19551 = DIRECTION('',(-0.,-1.,0.));
#19552 = ADVANCED_FACE('',(#19553),#19564,.F.);
#19553 = FACE_BOUND('',#19554,.T.);
#19554 = EDGE_LOOP('',(#19555,#19556,#19562,#19563));
#19555 = ORIENTED_EDGE('',*,*,#4607,.T.);
#19556 = ORIENTED_EDGE('',*,*,#19557,.T.);
#19557 = EDGE_CURVE('',#4608,#10814,#19558,.T.);
#19558 = LINE('',#19559,#19560);
#19559 = CARTESIAN_POINT('',(44.309897,20.866246,-4.6E-02));
#19560 = VECTOR('',#19561,1.);
#19561 = DIRECTION('',(0.,0.,1.));
#19562 = ORIENTED_EDGE('',*,*,#10813,.F.);
#19563 = ORIENTED_EDGE('',*,*,#19557,.F.);
#19564 = CYLINDRICAL_SURFACE('',#19565,0.95);
#19565 = AXIS2_PLACEMENT_3D('',#19566,#19567,#19568);
#19566 = CARTESIAN_POINT('',(44.309897,21.816246,-4.6E-02));
#19567 = DIRECTION('',(-0.,-0.,-1.));
#19568 = DIRECTION('',(-0.,-1.,0.));
#19569 = ADVANCED_FACE('',(#19570),#19581,.F.);
#19570 = FACE_BOUND('',#19571,.T.);
#19571 = EDGE_LOOP('',(#19572,#19573,#19579,#19580));
#19572 = ORIENTED_EDGE('',*,*,#4618,.T.);
#19573 = ORIENTED_EDGE('',*,*,#19574,.T.);
#19574 = EDGE_CURVE('',#4619,#10825,#19575,.T.);
#19575 = LINE('',#19576,#19577);
#19576 = CARTESIAN_POINT('',(47.916876,21.535067,-4.6E-02));
#19577 = VECTOR('',#19578,1.);
#19578 = DIRECTION('',(0.,0.,1.));
#19579 = ORIENTED_EDGE('',*,*,#10824,.F.);
#19580 = ORIENTED_EDGE('',*,*,#19574,.F.);
#19581 = CYLINDRICAL_SURFACE('',#19582,0.4);
#19582 = AXIS2_PLACEMENT_3D('',#19583,#19584,#19585);
#19583 = CARTESIAN_POINT('',(47.916876,21.935067,-4.6E-02));
#19584 = DIRECTION('',(-0.,-0.,-1.));
#19585 = DIRECTION('',(-0.,-1.,0.));
#19586 = ADVANCED_FACE('',(#19587),#19598,.F.);
#19587 = FACE_BOUND('',#19588,.T.);
#19588 = EDGE_LOOP('',(#19589,#19590,#19596,#19597));
#19589 = ORIENTED_EDGE('',*,*,#4629,.T.);
#19590 = ORIENTED_EDGE('',*,*,#19591,.T.);
#19591 = EDGE_CURVE('',#4630,#10836,#19592,.T.);
#19592 = LINE('',#19593,#19594);
#19593 = CARTESIAN_POINT('',(52.635495,23.000457,-4.6E-02));
#19594 = VECTOR('',#19595,1.);
#19595 = DIRECTION('',(0.,0.,1.));
#19596 = ORIENTED_EDGE('',*,*,#10835,.F.);
#19597 = ORIENTED_EDGE('',*,*,#19591,.F.);
#19598 = CYLINDRICAL_SURFACE('',#19599,0.8);
#19599 = AXIS2_PLACEMENT_3D('',#19600,#19601,#19602);
#19600 = CARTESIAN_POINT('',(52.635495,23.800457,-4.6E-02));
#19601 = DIRECTION('',(-0.,-0.,-1.));
#19602 = DIRECTION('',(-8.881784197001E-15,-1.,0.));
#19603 = ADVANCED_FACE('',(#19604),#19615,.F.);
#19604 = FACE_BOUND('',#19605,.T.);
#19605 = EDGE_LOOP('',(#19606,#19607,#19613,#19614));
#19606 = ORIENTED_EDGE('',*,*,#4640,.T.);
#19607 = ORIENTED_EDGE('',*,*,#19608,.T.);
#19608 = EDGE_CURVE('',#4641,#10847,#19609,.T.);
#19609 = LINE('',#19610,#19611);
#19610 = CARTESIAN_POINT('',(42.781845,23.806222,-4.6E-02));
#19611 = VECTOR('',#19612,1.);
#19612 = DIRECTION('',(0.,0.,1.));
#19613 = ORIENTED_EDGE('',*,*,#10846,.F.);
#19614 = ORIENTED_EDGE('',*,*,#19608,.F.);
#19615 = CYLINDRICAL_SURFACE('',#19616,1.525);
#19616 = AXIS2_PLACEMENT_3D('',#19617,#19618,#19619);
#19617 = CARTESIAN_POINT('',(42.781845,25.331222,-4.6E-02));
#19618 = DIRECTION('',(-0.,-0.,-1.));
#19619 = DIRECTION('',(-4.659296627935E-15,-1.,0.));
#19620 = ADVANCED_FACE('',(#19621),#19632,.F.);
#19621 = FACE_BOUND('',#19622,.T.);
#19622 = EDGE_LOOP('',(#19623,#19624,#19630,#19631));
#19623 = ORIENTED_EDGE('',*,*,#4651,.T.);
#19624 = ORIENTED_EDGE('',*,*,#19625,.T.);
#19625 = EDGE_CURVE('',#4652,#10858,#19626,.T.);
#19626 = LINE('',#19627,#19628);
#19627 = CARTESIAN_POINT('',(50.735331,27.663136,-4.6E-02));
#19628 = VECTOR('',#19629,1.);
#19629 = DIRECTION('',(0.,0.,1.));
#19630 = ORIENTED_EDGE('',*,*,#10857,.F.);
#19631 = ORIENTED_EDGE('',*,*,#19625,.F.);
#19632 = CYLINDRICAL_SURFACE('',#19633,0.95);
#19633 = AXIS2_PLACEMENT_3D('',#19634,#19635,#19636);
#19634 = CARTESIAN_POINT('',(50.735331,28.613136,-4.6E-02));
#19635 = DIRECTION('',(-0.,-0.,-1.));
#19636 = DIRECTION('',(-0.,-1.,0.));
#19637 = ADVANCED_FACE('',(#19638),#19649,.F.);
#19638 = FACE_BOUND('',#19639,.T.);
#19639 = EDGE_LOOP('',(#19640,#19641,#19647,#19648));
#19640 = ORIENTED_EDGE('',*,*,#4662,.T.);
#19641 = ORIENTED_EDGE('',*,*,#19642,.T.);
#19642 = EDGE_CURVE('',#4663,#10869,#19643,.T.);
#19643 = LINE('',#19644,#19645);
#19644 = CARTESIAN_POINT('',(56.02227,27.604141,-4.6E-02));
#19645 = VECTOR('',#19646,1.);
#19646 = DIRECTION('',(0.,0.,1.));
#19647 = ORIENTED_EDGE('',*,*,#10868,.F.);
#19648 = ORIENTED_EDGE('',*,*,#19642,.F.);
#19649 = CYLINDRICAL_SURFACE('',#19650,2.525);
#19650 = AXIS2_PLACEMENT_3D('',#19651,#19652,#19653);
#19651 = CARTESIAN_POINT('',(56.02227,30.129141,-4.6E-02));
#19652 = DIRECTION('',(-0.,-0.,-1.));
#19653 = DIRECTION('',(-0.,-1.,0.));
#19654 = ADVANCED_FACE('',(#19655),#19666,.F.);
#19655 = FACE_BOUND('',#19656,.T.);
#19656 = EDGE_LOOP('',(#19657,#19658,#19664,#19665));
#19657 = ORIENTED_EDGE('',*,*,#4673,.T.);
#19658 = ORIENTED_EDGE('',*,*,#19659,.T.);
#19659 = EDGE_CURVE('',#4674,#10880,#19660,.T.);
#19660 = LINE('',#19661,#19662);
#19661 = CARTESIAN_POINT('',(67.016543,24.039153,-4.6E-02));
#19662 = VECTOR('',#19663,1.);
#19663 = DIRECTION('',(0.,0.,1.));
#19664 = ORIENTED_EDGE('',*,*,#10879,.F.);
#19665 = ORIENTED_EDGE('',*,*,#19659,.F.);
#19666 = CYLINDRICAL_SURFACE('',#19667,0.4);
#19667 = AXIS2_PLACEMENT_3D('',#19668,#19669,#19670);
#19668 = CARTESIAN_POINT('',(67.016543,24.439153,-4.6E-02));
#19669 = DIRECTION('',(-0.,-0.,-1.));
#19670 = DIRECTION('',(-0.,-1.,0.));
#19671 = ADVANCED_FACE('',(#19672),#19683,.F.);
#19672 = FACE_BOUND('',#19673,.T.);
#19673 = EDGE_LOOP('',(#19674,#19675,#19681,#19682));
#19674 = ORIENTED_EDGE('',*,*,#4684,.T.);
#19675 = ORIENTED_EDGE('',*,*,#19676,.T.);
#19676 = EDGE_CURVE('',#4685,#10891,#19677,.T.);
#19677 = LINE('',#19678,#19679);
#19678 = CARTESIAN_POINT('',(78.272474,19.121005,-4.6E-02));
#19679 = VECTOR('',#19680,1.);
#19680 = DIRECTION('',(0.,0.,1.));
#19681 = ORIENTED_EDGE('',*,*,#10890,.F.);
#19682 = ORIENTED_EDGE('',*,*,#19676,.F.);
#19683 = CYLINDRICAL_SURFACE('',#19684,2.525);
#19684 = AXIS2_PLACEMENT_3D('',#19685,#19686,#19687);
#19685 = CARTESIAN_POINT('',(78.272474,21.646005,-4.6E-02));
#19686 = DIRECTION('',(-0.,0.,-1.));
#19687 = DIRECTION('',(5.628061273347E-15,-1.,-0.));
#19688 = ADVANCED_FACE('',(#19689),#19700,.F.);
#19689 = FACE_BOUND('',#19690,.T.);
#19690 = EDGE_LOOP('',(#19691,#19692,#19698,#19699));
#19691 = ORIENTED_EDGE('',*,*,#4695,.T.);
#19692 = ORIENTED_EDGE('',*,*,#19693,.T.);
#19693 = EDGE_CURVE('',#4696,#10902,#19694,.T.);
#19694 = LINE('',#19695,#19696);
#19695 = CARTESIAN_POINT('',(76.646214,25.792449,-4.6E-02));
#19696 = VECTOR('',#19697,1.);
#19697 = DIRECTION('',(0.,0.,1.));
#19698 = ORIENTED_EDGE('',*,*,#10901,.F.);
#19699 = ORIENTED_EDGE('',*,*,#19693,.F.);
#19700 = CYLINDRICAL_SURFACE('',#19701,1.525);
#19701 = AXIS2_PLACEMENT_3D('',#19702,#19703,#19704);
#19702 = CARTESIAN_POINT('',(76.646214,27.317449,-4.6E-02));
#19703 = DIRECTION('',(-0.,-0.,-1.));
#19704 = DIRECTION('',(-0.,-1.,0.));
#19705 = ADVANCED_FACE('',(#19706),#19717,.F.);
#19706 = FACE_BOUND('',#19707,.T.);
#19707 = EDGE_LOOP('',(#19708,#19709,#19715,#19716));
#19708 = ORIENTED_EDGE('',*,*,#4706,.T.);
#19709 = ORIENTED_EDGE('',*,*,#19710,.T.);
#19710 = EDGE_CURVE('',#4707,#10913,#19711,.T.);
#19711 = LINE('',#19712,#19713);
#19712 = CARTESIAN_POINT('',(44.766338,32.522288,-4.6E-02));
#19713 = VECTOR('',#19714,1.);
#19714 = DIRECTION('',(0.,0.,1.));
#19715 = ORIENTED_EDGE('',*,*,#10912,.F.);
#19716 = ORIENTED_EDGE('',*,*,#19710,.F.);
#19717 = CYLINDRICAL_SURFACE('',#19718,0.4);
#19718 = AXIS2_PLACEMENT_3D('',#19719,#19720,#19721);
#19719 = CARTESIAN_POINT('',(44.766338,32.922288,-4.6E-02));
#19720 = DIRECTION('',(-0.,-0.,-1.));
#19721 = DIRECTION('',(-1.7763568394E-14,-1.,0.));
#19722 = ADVANCED_FACE('',(#19723),#19734,.F.);
#19723 = FACE_BOUND('',#19724,.T.);
#19724 = EDGE_LOOP('',(#19725,#19726,#19732,#19733));
#19725 = ORIENTED_EDGE('',*,*,#4717,.T.);
#19726 = ORIENTED_EDGE('',*,*,#19727,.T.);
#19727 = EDGE_CURVE('',#4718,#10924,#19728,.T.);
#19728 = LINE('',#19729,#19730);
#19729 = CARTESIAN_POINT('',(42.665984,39.847103,-4.6E-02));
#19730 = VECTOR('',#19731,1.);
#19731 = DIRECTION('',(0.,0.,1.));
#19732 = ORIENTED_EDGE('',*,*,#10923,.F.);
#19733 = ORIENTED_EDGE('',*,*,#19727,.F.);
#19734 = CYLINDRICAL_SURFACE('',#19735,0.4);
#19735 = AXIS2_PLACEMENT_3D('',#19736,#19737,#19738);
#19736 = CARTESIAN_POINT('',(42.665984,40.247103,-4.6E-02));
#19737 = DIRECTION('',(-0.,-0.,-1.));
#19738 = DIRECTION('',(-0.,-1.,0.));
#19739 = ADVANCED_FACE('',(#19740),#19751,.F.);
#19740 = FACE_BOUND('',#19741,.T.);
#19741 = EDGE_LOOP('',(#19742,#19743,#19749,#19750));
#19742 = ORIENTED_EDGE('',*,*,#4728,.T.);
#19743 = ORIENTED_EDGE('',*,*,#19744,.T.);
#19744 = EDGE_CURVE('',#4729,#10935,#19745,.T.);
#19745 = LINE('',#19746,#19747);
#19746 = CARTESIAN_POINT('',(54.39601,34.275585,-4.6E-02));
#19747 = VECTOR('',#19748,1.);
#19748 = DIRECTION('',(0.,0.,1.));
#19749 = ORIENTED_EDGE('',*,*,#10934,.F.);
#19750 = ORIENTED_EDGE('',*,*,#19744,.F.);
#19751 = CYLINDRICAL_SURFACE('',#19752,1.525);
#19752 = AXIS2_PLACEMENT_3D('',#19753,#19754,#19755);
#19753 = CARTESIAN_POINT('',(54.39601,35.800585,-4.6E-02));
#19754 = DIRECTION('',(-0.,-0.,-1.));
#19755 = DIRECTION('',(-4.659296627935E-15,-1.,0.));
#19756 = ADVANCED_FACE('',(#19757),#19768,.F.);
#19757 = FACE_BOUND('',#19758,.T.);
#19758 = EDGE_LOOP('',(#19759,#19760,#19766,#19767));
#19759 = ORIENTED_EDGE('',*,*,#4739,.T.);
#19760 = ORIENTED_EDGE('',*,*,#19761,.T.);
#19761 = EDGE_CURVE('',#4740,#10946,#19762,.T.);
#19762 = LINE('',#19763,#19764);
#19763 = CARTESIAN_POINT('',(61.309209,30.695146,-4.6E-02));
#19764 = VECTOR('',#19765,1.);
#19765 = DIRECTION('',(0.,0.,1.));
#19766 = ORIENTED_EDGE('',*,*,#10945,.F.);
#19767 = ORIENTED_EDGE('',*,*,#19761,.F.);
#19768 = CYLINDRICAL_SURFACE('',#19769,0.95);
#19769 = AXIS2_PLACEMENT_3D('',#19770,#19771,#19772);
#19770 = CARTESIAN_POINT('',(61.309209,31.645146,-4.6E-02));
#19771 = DIRECTION('',(-0.,0.,-1.));
#19772 = DIRECTION('',(7.479397218527E-15,-1.,-0.));
#19773 = ADVANCED_FACE('',(#19774),#19785,.F.);
#19774 = FACE_BOUND('',#19775,.T.);
#19775 = EDGE_LOOP('',(#19776,#19777,#19783,#19784));
#19776 = ORIENTED_EDGE('',*,*,#4750,.T.);
#19777 = ORIENTED_EDGE('',*,*,#19778,.T.);
#19778 = EDGE_CURVE('',#4751,#10957,#19779,.T.);
#19779 = LINE('',#19780,#19781);
#19780 = CARTESIAN_POINT('',(64.916189,31.363968,-4.6E-02));
#19781 = VECTOR('',#19782,1.);
#19782 = DIRECTION('',(0.,0.,1.));
#19783 = ORIENTED_EDGE('',*,*,#10956,.F.);
#19784 = ORIENTED_EDGE('',*,*,#19778,.F.);
#19785 = CYLINDRICAL_SURFACE('',#19786,0.4);
#19786 = AXIS2_PLACEMENT_3D('',#19787,#19788,#19789);
#19787 = CARTESIAN_POINT('',(64.916189,31.763968,-4.6E-02));
#19788 = DIRECTION('',(-0.,-0.,-1.));
#19789 = DIRECTION('',(-0.,-1.,0.));
#19790 = ADVANCED_FACE('',(#19791),#19802,.F.);
#19791 = FACE_BOUND('',#19792,.T.);
#19792 = EDGE_LOOP('',(#19793,#19794,#19800,#19801));
#19793 = ORIENTED_EDGE('',*,*,#4761,.T.);
#19794 = ORIENTED_EDGE('',*,*,#19795,.T.);
#19795 = EDGE_CURVE('',#4762,#10968,#19796,.T.);
#19796 = LINE('',#19797,#19798);
#19797 = CARTESIAN_POINT('',(59.781157,33.635122,-4.6E-02));
#19798 = VECTOR('',#19799,1.);
#19799 = DIRECTION('',(0.,0.,1.));
#19800 = ORIENTED_EDGE('',*,*,#10967,.F.);
#19801 = ORIENTED_EDGE('',*,*,#19795,.F.);
#19802 = CYLINDRICAL_SURFACE('',#19803,1.525);
#19803 = AXIS2_PLACEMENT_3D('',#19804,#19805,#19806);
#19804 = CARTESIAN_POINT('',(59.781157,35.160122,-4.6E-02));
#19805 = DIRECTION('',(-0.,-0.,-1.));
#19806 = DIRECTION('',(-0.,-1.,0.));
#19807 = ADVANCED_FACE('',(#19808),#19819,.F.);
#19808 = FACE_BOUND('',#19809,.T.);
#19809 = EDGE_LOOP('',(#19810,#19811,#19817,#19818));
#19810 = ORIENTED_EDGE('',*,*,#4772,.T.);
#19811 = ORIENTED_EDGE('',*,*,#19812,.T.);
#19812 = EDGE_CURVE('',#4773,#10979,#19813,.T.);
#19813 = LINE('',#19814,#19815);
#19814 = CARTESIAN_POINT('',(69.634809,32.829357,-4.6E-02));
#19815 = VECTOR('',#19816,1.);
#19816 = DIRECTION('',(0.,0.,1.));
#19817 = ORIENTED_EDGE('',*,*,#10978,.F.);
#19818 = ORIENTED_EDGE('',*,*,#19812,.F.);
#19819 = CYLINDRICAL_SURFACE('',#19820,0.8);
#19820 = AXIS2_PLACEMENT_3D('',#19821,#19822,#19823);
#19821 = CARTESIAN_POINT('',(69.634809,33.629357,-4.6E-02));
#19822 = DIRECTION('',(-0.,-0.,-1.));
#19823 = DIRECTION('',(-0.,-1.,0.));
#19824 = ADVANCED_FACE('',(#19825),#19836,.F.);
#19825 = FACE_BOUND('',#19826,.T.);
#19826 = EDGE_LOOP('',(#19827,#19828,#19834,#19835));
#19827 = ORIENTED_EDGE('',*,*,#4783,.T.);
#19828 = ORIENTED_EDGE('',*,*,#19829,.T.);
#19829 = EDGE_CURVE('',#4784,#10990,#19830,.T.);
#19830 = LINE('',#19831,#19832);
#19831 = CARTESIAN_POINT('',(67.734645,37.492036,-4.6E-02));
#19832 = VECTOR('',#19833,1.);
#19833 = DIRECTION('',(0.,0.,1.));
#19834 = ORIENTED_EDGE('',*,*,#10989,.F.);
#19835 = ORIENTED_EDGE('',*,*,#19829,.F.);
#19836 = CYLINDRICAL_SURFACE('',#19837,0.95);
#19837 = AXIS2_PLACEMENT_3D('',#19838,#19839,#19840);
#19838 = CARTESIAN_POINT('',(67.734645,38.442036,-4.6E-02));
#19839 = DIRECTION('',(-0.,-0.,-1.));
#19840 = DIRECTION('',(-0.,-1.,0.));
#19841 = ADVANCED_FACE('',(#19842),#19853,.F.);
#19842 = FACE_BOUND('',#19843,.T.);
#19843 = EDGE_LOOP('',(#19844,#19845,#19851,#19852));
#19844 = ORIENTED_EDGE('',*,*,#4794,.T.);
#19845 = ORIENTED_EDGE('',*,*,#19846,.T.);
#19846 = EDGE_CURVE('',#4795,#11001,#19847,.T.);
#19847 = LINE('',#19848,#19849);
#19848 = CARTESIAN_POINT('',(73.021584,37.433041,-4.6E-02));
#19849 = VECTOR('',#19850,1.);
#19850 = DIRECTION('',(0.,0.,1.));
#19851 = ORIENTED_EDGE('',*,*,#11000,.F.);
#19852 = ORIENTED_EDGE('',*,*,#19846,.F.);
#19853 = CYLINDRICAL_SURFACE('',#19854,2.525);
#19854 = AXIS2_PLACEMENT_3D('',#19855,#19856,#19857);
#19855 = CARTESIAN_POINT('',(73.021584,39.958041,-4.6E-02));
#19856 = DIRECTION('',(-0.,0.,-1.));
#19857 = DIRECTION('',(5.628061273347E-15,-1.,-0.));
#19858 = ADVANCED_FACE('',(#19859),#19870,.F.);
#19859 = FACE_BOUND('',#19860,.T.);
#19860 = EDGE_LOOP('',(#19861,#19862,#19868,#19869));
#19861 = ORIENTED_EDGE('',*,*,#4805,.T.);
#19862 = ORIENTED_EDGE('',*,*,#19863,.T.);
#19863 = EDGE_CURVE('',#4806,#11012,#19864,.T.);
#19864 = LINE('',#19865,#19866);
#19865 = CARTESIAN_POINT('',(83.523366,0.808971,-4.6E-02));
#19866 = VECTOR('',#19867,1.);
#19867 = DIRECTION('',(0.,0.,1.));
#19868 = ORIENTED_EDGE('',*,*,#11011,.F.);
#19869 = ORIENTED_EDGE('',*,*,#19863,.F.);
#19870 = CYLINDRICAL_SURFACE('',#19871,2.525);
#19871 = AXIS2_PLACEMENT_3D('',#19872,#19873,#19874);
#19872 = CARTESIAN_POINT('',(83.523366,3.333971,-4.6E-02));
#19873 = DIRECTION('',(-0.,-0.,-1.));
#19874 = DIRECTION('',(-5.628061273347E-15,-1.,0.));
#19875 = ADVANCED_FACE('',(#19876),#19887,.F.);
#19876 = FACE_BOUND('',#19877,.T.);
#19877 = EDGE_LOOP('',(#19878,#19879,#19885,#19886));
#19878 = ORIENTED_EDGE('',*,*,#4816,.T.);
#19879 = ORIENTED_EDGE('',*,*,#19880,.T.);
#19880 = EDGE_CURVE('',#4817,#11023,#19881,.T.);
#19881 = LINE('',#19882,#19883);
#19882 = CARTESIAN_POINT('',(88.810305,3.899976,-4.6E-02));
#19883 = VECTOR('',#19884,1.);
#19884 = DIRECTION('',(0.,0.,1.));
#19885 = ORIENTED_EDGE('',*,*,#11022,.F.);
#19886 = ORIENTED_EDGE('',*,*,#19880,.F.);
#19887 = CYLINDRICAL_SURFACE('',#19888,0.95);
#19888 = AXIS2_PLACEMENT_3D('',#19889,#19890,#19891);
#19889 = CARTESIAN_POINT('',(88.810305,4.849976,-4.6E-02));
#19890 = DIRECTION('',(-0.,-0.,-1.));
#19891 = DIRECTION('',(-0.,-1.,0.));
#19892 = ADVANCED_FACE('',(#19893),#19904,.F.);
#19893 = FACE_BOUND('',#19894,.T.);
#19894 = EDGE_LOOP('',(#19895,#19896,#19902,#19903));
#19895 = ORIENTED_EDGE('',*,*,#4827,.T.);
#19896 = ORIENTED_EDGE('',*,*,#19897,.T.);
#19897 = EDGE_CURVE('',#4828,#11034,#19898,.T.);
#19898 = LINE('',#19899,#19900);
#19899 = CARTESIAN_POINT('',(97.861185,1.540849,-4.6E-02));
#19900 = VECTOR('',#19901,1.);
#19901 = DIRECTION('',(0.,0.,1.));
#19902 = ORIENTED_EDGE('',*,*,#11033,.F.);
#19903 = ORIENTED_EDGE('',*,*,#19897,.F.);
#19904 = CYLINDRICAL_SURFACE('',#19905,0.95);
#19905 = AXIS2_PLACEMENT_3D('',#19906,#19907,#19908);
#19906 = CARTESIAN_POINT('',(97.861185,2.490849,-4.6E-02));
#19907 = DIRECTION('',(-0.,-0.,-1.));
#19908 = DIRECTION('',(-0.,-1.,0.));
#19909 = ADVANCED_FACE('',(#19910),#19921,.F.);
#19910 = FACE_BOUND('',#19911,.T.);
#19911 = EDGE_LOOP('',(#19912,#19913,#19919,#19920));
#19912 = ORIENTED_EDGE('',*,*,#4838,.T.);
#19913 = ORIENTED_EDGE('',*,*,#19914,.T.);
#19914 = EDGE_CURVE('',#4839,#11045,#19915,.T.);
#19915 = LINE('',#19916,#19917);
#19916 = CARTESIAN_POINT('',(92.417285,4.568798,-4.6E-02));
#19917 = VECTOR('',#19918,1.);
#19918 = DIRECTION('',(0.,0.,1.));
#19919 = ORIENTED_EDGE('',*,*,#11044,.F.);
#19920 = ORIENTED_EDGE('',*,*,#19914,.F.);
#19921 = CYLINDRICAL_SURFACE('',#19922,0.4);
#19922 = AXIS2_PLACEMENT_3D('',#19923,#19924,#19925);
#19923 = CARTESIAN_POINT('',(92.417285,4.968798,-4.6E-02));
#19924 = DIRECTION('',(-0.,0.,-1.));
#19925 = DIRECTION('',(3.5527136788E-14,-1.,-0.));
#19926 = ADVANCED_FACE('',(#19927),#19938,.F.);
#19927 = FACE_BOUND('',#19928,.T.);
#19928 = EDGE_LOOP('',(#19929,#19930,#19936,#19937));
#19929 = ORIENTED_EDGE('',*,*,#4849,.T.);
#19930 = ORIENTED_EDGE('',*,*,#19931,.T.);
#19931 = EDGE_CURVE('',#4850,#11056,#19932,.T.);
#19932 = LINE('',#19933,#19934);
#19933 = CARTESIAN_POINT('',(81.897106,7.480415,-4.6E-02));
#19934 = VECTOR('',#19935,1.);
#19935 = DIRECTION('',(0.,0.,1.));
#19936 = ORIENTED_EDGE('',*,*,#11055,.F.);
#19937 = ORIENTED_EDGE('',*,*,#19931,.F.);
#19938 = CYLINDRICAL_SURFACE('',#19939,1.525);
#19939 = AXIS2_PLACEMENT_3D('',#19940,#19941,#19942);
#19940 = CARTESIAN_POINT('',(81.897106,9.005415,-4.6E-02));
#19941 = DIRECTION('',(-0.,-0.,-1.));
#19942 = DIRECTION('',(-9.31859325587E-15,-1.,0.));
#19943 = ADVANCED_FACE('',(#19944),#19955,.F.);
#19944 = FACE_BOUND('',#19945,.T.);
#19945 = EDGE_LOOP('',(#19946,#19947,#19953,#19954));
#19946 = ORIENTED_EDGE('',*,*,#4860,.T.);
#19947 = ORIENTED_EDGE('',*,*,#19948,.T.);
#19948 = EDGE_CURVE('',#4861,#11067,#19949,.T.);
#19949 = LINE('',#19950,#19951);
#19950 = CARTESIAN_POINT('',(87.282253,6.839952,-4.6E-02));
#19951 = VECTOR('',#19952,1.);
#19952 = DIRECTION('',(0.,0.,1.));
#19953 = ORIENTED_EDGE('',*,*,#11066,.F.);
#19954 = ORIENTED_EDGE('',*,*,#19948,.F.);
#19955 = CYLINDRICAL_SURFACE('',#19956,1.525);
#19956 = AXIS2_PLACEMENT_3D('',#19957,#19958,#19959);
#19957 = CARTESIAN_POINT('',(87.282253,8.364952,-4.6E-02));
#19958 = DIRECTION('',(-0.,-0.,-1.));
#19959 = DIRECTION('',(-0.,-1.,0.));
#19960 = ADVANCED_FACE('',(#19961),#19972,.F.);
#19961 = FACE_BOUND('',#19962,.T.);
#19962 = EDGE_LOOP('',(#19963,#19964,#19970,#19971));
#19963 = ORIENTED_EDGE('',*,*,#4871,.T.);
#19964 = ORIENTED_EDGE('',*,*,#19965,.T.);
#19965 = EDGE_CURVE('',#4872,#11078,#19966,.T.);
#19966 = LINE('',#19967,#19968);
#19967 = CARTESIAN_POINT('',(103.148124,1.481854,-4.6E-02));
#19968 = VECTOR('',#19969,1.);
#19969 = DIRECTION('',(0.,0.,1.));
#19970 = ORIENTED_EDGE('',*,*,#11077,.F.);
#19971 = ORIENTED_EDGE('',*,*,#19965,.F.);
#19972 = CYLINDRICAL_SURFACE('',#19973,2.525);
#19973 = AXIS2_PLACEMENT_3D('',#19974,#19975,#19976);
#19974 = CARTESIAN_POINT('',(103.148124,4.006854,-4.6E-02));
#19975 = DIRECTION('',(-0.,-0.,-1.));
#19976 = DIRECTION('',(-0.,-1.,0.));
#19977 = ADVANCED_FACE('',(#19978),#19989,.F.);
#19978 = FACE_BOUND('',#19979,.T.);
#19979 = EDGE_LOOP('',(#19980,#19981,#19987,#19988));
#19980 = ORIENTED_EDGE('',*,*,#4882,.T.);
#19981 = ORIENTED_EDGE('',*,*,#19982,.T.);
#19982 = EDGE_CURVE('',#4883,#11089,#19983,.T.);
#19983 = LINE('',#19984,#19985);
#19984 = CARTESIAN_POINT('',(117.815899,1.968691,-4.6E-02));
#19985 = VECTOR('',#19986,1.);
#19986 = DIRECTION('',(0.,0.,1.));
#19987 = ORIENTED_EDGE('',*,*,#11088,.F.);
#19988 = ORIENTED_EDGE('',*,*,#19982,.F.);
#19989 = CYLINDRICAL_SURFACE('',#19990,0.95);
#19990 = AXIS2_PLACEMENT_3D('',#19991,#19992,#19993);
#19991 = CARTESIAN_POINT('',(117.815899,2.918691,-4.6E-02));
#19992 = DIRECTION('',(-0.,-0.,-1.));
#19993 = DIRECTION('',(-0.,-1.,0.));
#19994 = ADVANCED_FACE('',(#19995),#20006,.F.);
#19995 = FACE_BOUND('',#19996,.T.);
#19996 = EDGE_LOOP('',(#19997,#19998,#20004,#20005));
#19997 = ORIENTED_EDGE('',*,*,#4893,.T.);
#19998 = ORIENTED_EDGE('',*,*,#19999,.T.);
#19999 = EDGE_CURVE('',#4894,#11100,#20000,.T.);
#20000 = LINE('',#20001,#20002);
#20001 = CARTESIAN_POINT('',(108.435063,4.572859,-4.6E-02));
#20002 = VECTOR('',#20003,1.);
#20003 = DIRECTION('',(0.,0.,1.));
#20004 = ORIENTED_EDGE('',*,*,#11099,.F.);
#20005 = ORIENTED_EDGE('',*,*,#19999,.F.);
#20006 = CYLINDRICAL_SURFACE('',#20007,0.95);
#20007 = AXIS2_PLACEMENT_3D('',#20008,#20009,#20010);
#20008 = CARTESIAN_POINT('',(108.435063,5.522859,-4.6E-02));
#20009 = DIRECTION('',(-0.,-0.,-1.));
#20010 = DIRECTION('',(-0.,-1.,0.));
#20011 = ADVANCED_FACE('',(#20012),#20023,.F.);
#20012 = FACE_BOUND('',#20013,.T.);
#20013 = EDGE_LOOP('',(#20014,#20015,#20021,#20022));
#20014 = ORIENTED_EDGE('',*,*,#4904,.T.);
#20015 = ORIENTED_EDGE('',*,*,#20016,.T.);
#20016 = EDGE_CURVE('',#4905,#11111,#20017,.T.);
#20017 = LINE('',#20018,#20019);
#20018 = CARTESIAN_POINT('',(101.521864,8.153298,-4.6E-02));
#20019 = VECTOR('',#20020,1.);
#20020 = DIRECTION('',(0.,0.,1.));
#20021 = ORIENTED_EDGE('',*,*,#11110,.F.);
#20022 = ORIENTED_EDGE('',*,*,#20016,.F.);
#20023 = CYLINDRICAL_SURFACE('',#20024,1.525);
#20024 = AXIS2_PLACEMENT_3D('',#20025,#20026,#20027);
#20025 = CARTESIAN_POINT('',(101.521864,9.678298,-4.6E-02));
#20026 = DIRECTION('',(-0.,-0.,-1.));
#20027 = DIRECTION('',(-0.,-1.,0.));
#20028 = ADVANCED_FACE('',(#20029),#20040,.F.);
#20029 = FACE_BOUND('',#20030,.T.);
#20030 = EDGE_LOOP('',(#20031,#20032,#20038,#20039));
#20031 = ORIENTED_EDGE('',*,*,#4915,.T.);
#20032 = ORIENTED_EDGE('',*,*,#20033,.T.);
#20033 = EDGE_CURVE('',#4916,#11122,#20034,.T.);
#20034 = LINE('',#20035,#20036);
#20035 = CARTESIAN_POINT('',(106.907011,7.512835,-4.6E-02));
#20036 = VECTOR('',#20037,1.);
#20037 = DIRECTION('',(0.,0.,1.));
#20038 = ORIENTED_EDGE('',*,*,#11121,.F.);
#20039 = ORIENTED_EDGE('',*,*,#20033,.F.);
#20040 = CYLINDRICAL_SURFACE('',#20041,1.525);
#20041 = AXIS2_PLACEMENT_3D('',#20042,#20043,#20044);
#20042 = CARTESIAN_POINT('',(106.907011,9.037835,-4.6E-02));
#20043 = DIRECTION('',(-0.,-0.,-1.));
#20044 = DIRECTION('',(-9.31859325587E-15,-1.,0.));
#20045 = ADVANCED_FACE('',(#20046),#20057,.F.);
#20046 = FACE_BOUND('',#20047,.T.);
#20047 = EDGE_LOOP('',(#20048,#20049,#20055,#20056));
#20048 = ORIENTED_EDGE('',*,*,#4926,.T.);
#20049 = ORIENTED_EDGE('',*,*,#20050,.T.);
#20050 = EDGE_CURVE('',#4927,#11133,#20051,.T.);
#20051 = LINE('',#20052,#20053);
#20052 = CARTESIAN_POINT('',(112.042042,5.24168,-4.6E-02));
#20053 = VECTOR('',#20054,1.);
#20054 = DIRECTION('',(0.,0.,1.));
#20055 = ORIENTED_EDGE('',*,*,#11132,.F.);
#20056 = ORIENTED_EDGE('',*,*,#20050,.F.);
#20057 = CYLINDRICAL_SURFACE('',#20058,0.4);
#20058 = AXIS2_PLACEMENT_3D('',#20059,#20060,#20061);
#20059 = CARTESIAN_POINT('',(112.042042,5.64168,-4.6E-02));
#20060 = DIRECTION('',(-0.,-0.,-1.));
#20061 = DIRECTION('',(-3.552713678801E-14,-1.,0.));
#20062 = ADVANCED_FACE('',(#20063),#20074,.F.);
#20063 = FACE_BOUND('',#20064,.T.);
#20064 = EDGE_LOOP('',(#20065,#20066,#20072,#20073));
#20065 = ORIENTED_EDGE('',*,*,#4937,.T.);
#20066 = ORIENTED_EDGE('',*,*,#20067,.T.);
#20067 = EDGE_CURVE('',#4938,#11144,#20068,.T.);
#20068 = LINE('',#20069,#20070);
#20069 = CARTESIAN_POINT('',(89.266746,15.556018,-4.6E-02));
#20070 = VECTOR('',#20071,1.);
#20071 = DIRECTION('',(0.,0.,1.));
#20072 = ORIENTED_EDGE('',*,*,#11143,.F.);
#20073 = ORIENTED_EDGE('',*,*,#20067,.F.);
#20074 = CYLINDRICAL_SURFACE('',#20075,0.4);
#20075 = AXIS2_PLACEMENT_3D('',#20076,#20077,#20078);
#20076 = CARTESIAN_POINT('',(89.266746,15.956018,-4.6E-02));
#20077 = DIRECTION('',(-0.,-0.,-1.));
#20078 = DIRECTION('',(-3.552713678801E-14,-1.,0.));
#20079 = ADVANCED_FACE('',(#20080),#20091,.F.);
#20080 = FACE_BOUND('',#20081,.T.);
#20081 = EDGE_LOOP('',(#20082,#20083,#20089,#20090));
#20082 = ORIENTED_EDGE('',*,*,#4948,.T.);
#20083 = ORIENTED_EDGE('',*,*,#20084,.T.);
#20084 = EDGE_CURVE('',#4949,#11155,#20085,.T.);
#20085 = LINE('',#20086,#20087);
#20086 = CARTESIAN_POINT('',(94.510457,15.190204,-4.6E-02));
#20087 = VECTOR('',#20088,1.);
#20088 = DIRECTION('',(0.,0.,1.));
#20089 = ORIENTED_EDGE('',*,*,#11154,.F.);
#20090 = ORIENTED_EDGE('',*,*,#20084,.F.);
#20091 = CYLINDRICAL_SURFACE('',#20092,0.8);
#20092 = AXIS2_PLACEMENT_3D('',#20093,#20094,#20095);
#20093 = CARTESIAN_POINT('',(94.510457,15.990204,-4.6E-02));
#20094 = DIRECTION('',(-0.,-0.,-1.));
#20095 = DIRECTION('',(-0.,-1.,0.));
#20096 = ADVANCED_FACE('',(#20097),#20108,.F.);
#20097 = FACE_BOUND('',#20098,.T.);
#20098 = EDGE_LOOP('',(#20099,#20100,#20106,#20107));
#20099 = ORIENTED_EDGE('',*,*,#4959,.T.);
#20100 = ORIENTED_EDGE('',*,*,#20101,.T.);
#20101 = EDGE_CURVE('',#4960,#11166,#20102,.T.);
#20102 = LINE('',#20103,#20104);
#20103 = CARTESIAN_POINT('',(108.891505,16.228901,-4.6E-02));
#20104 = VECTOR('',#20105,1.);
#20105 = DIRECTION('',(0.,0.,1.));
#20106 = ORIENTED_EDGE('',*,*,#11165,.F.);
#20107 = ORIENTED_EDGE('',*,*,#20101,.F.);
#20108 = CYLINDRICAL_SURFACE('',#20109,0.4);
#20109 = AXIS2_PLACEMENT_3D('',#20110,#20111,#20112);
#20110 = CARTESIAN_POINT('',(108.891505,16.628901,-4.6E-02));
#20111 = DIRECTION('',(-0.,-0.,-1.));
#20112 = DIRECTION('',(-0.,-1.,0.));
#20113 = ADVANCED_FACE('',(#20114),#20125,.F.);
#20114 = FACE_BOUND('',#20115,.T.);
#20115 = EDGE_LOOP('',(#20116,#20117,#20123,#20124));
#20116 = ORIENTED_EDGE('',*,*,#4970,.T.);
#20117 = ORIENTED_EDGE('',*,*,#20118,.T.);
#20118 = EDGE_CURVE('',#4971,#11177,#20119,.T.);
#20119 = LINE('',#20120,#20121);
#20120 = CARTESIAN_POINT('',(115.415001,15.818898,-4.6E-02));
#20121 = VECTOR('',#20122,1.);
#20122 = DIRECTION('',(0.,0.,1.));
#20123 = ORIENTED_EDGE('',*,*,#11176,.F.);
#20124 = ORIENTED_EDGE('',*,*,#20118,.F.);
#20125 = CYLINDRICAL_SURFACE('',#20126,0.8);
#20126 = AXIS2_PLACEMENT_3D('',#20127,#20128,#20129);
#20127 = CARTESIAN_POINT('',(115.415001,16.618898,-4.6E-02));
#20128 = DIRECTION('',(-0.,-0.,-1.));
#20129 = DIRECTION('',(-0.,-1.,0.));
#20130 = ADVANCED_FACE('',(#20131),#20142,.F.);
#20131 = FACE_BOUND('',#20132,.T.);
#20132 = EDGE_LOOP('',(#20133,#20134,#20140,#20141));
#20133 = ORIENTED_EDGE('',*,*,#4981,.T.);
#20134 = ORIENTED_EDGE('',*,*,#20135,.T.);
#20135 = EDGE_CURVE('',#4982,#11188,#20136,.T.);
#20136 = LINE('',#20137,#20138);
#20137 = CARTESIAN_POINT('',(123.19571,1.537205,-4.6E-02));
#20138 = VECTOR('',#20139,1.);
#20139 = DIRECTION('',(0.,0.,1.));
#20140 = ORIENTED_EDGE('',*,*,#11187,.F.);
#20141 = ORIENTED_EDGE('',*,*,#20135,.F.);
#20142 = CYLINDRICAL_SURFACE('',#20143,2.525);
#20143 = AXIS2_PLACEMENT_3D('',#20144,#20145,#20146);
#20144 = CARTESIAN_POINT('',(123.19571,4.062205,-4.6E-02));
#20145 = DIRECTION('',(-0.,0.,-1.));
#20146 = DIRECTION('',(5.628061273347E-15,-1.,-0.));
#20147 = ADVANCED_FACE('',(#20148),#20159,.F.);
#20148 = FACE_BOUND('',#20149,.T.);
#20149 = EDGE_LOOP('',(#20150,#20151,#20157,#20158));
#20150 = ORIENTED_EDGE('',*,*,#4992,.T.);
#20151 = ORIENTED_EDGE('',*,*,#20152,.T.);
#20152 = EDGE_CURVE('',#4993,#11199,#20153,.T.);
#20153 = LINE('',#20154,#20155);
#20154 = CARTESIAN_POINT('',(138.009431,1.145905,-4.6E-02));
#20155 = VECTOR('',#20156,1.);
#20156 = DIRECTION('',(0.,0.,1.));
#20157 = ORIENTED_EDGE('',*,*,#11198,.F.);
#20158 = ORIENTED_EDGE('',*,*,#20152,.F.);
#20159 = CYLINDRICAL_SURFACE('',#20160,0.8);
#20160 = AXIS2_PLACEMENT_3D('',#20161,#20162,#20163);
#20161 = CARTESIAN_POINT('',(138.009431,1.945905,-4.6E-02));
#20162 = DIRECTION('',(-0.,-0.,-1.));
#20163 = DIRECTION('',(-0.,-1.,0.));
#20164 = ADVANCED_FACE('',(#20165),#20176,.F.);
#20165 = FACE_BOUND('',#20166,.T.);
#20166 = EDGE_LOOP('',(#20167,#20168,#20174,#20175));
#20167 = ORIENTED_EDGE('',*,*,#5003,.T.);
#20168 = ORIENTED_EDGE('',*,*,#20169,.T.);
#20169 = EDGE_CURVE('',#5004,#11210,#20170,.T.);
#20170 = LINE('',#20171,#20172);
#20171 = CARTESIAN_POINT('',(128.575521,4.255719,-4.6E-02));
#20172 = VECTOR('',#20173,1.);
#20173 = DIRECTION('',(0.,0.,1.));
#20174 = ORIENTED_EDGE('',*,*,#11209,.F.);
#20175 = ORIENTED_EDGE('',*,*,#20169,.F.);
#20176 = CYLINDRICAL_SURFACE('',#20177,0.95);
#20177 = AXIS2_PLACEMENT_3D('',#20178,#20179,#20180);
#20178 = CARTESIAN_POINT('',(128.575521,5.205719,-4.6E-02));
#20179 = DIRECTION('',(-0.,-0.,-1.));
#20180 = DIRECTION('',(-0.,-1.,0.));
#20181 = ADVANCED_FACE('',(#20182),#20193,.F.);
#20182 = FACE_BOUND('',#20183,.T.);
#20183 = EDGE_LOOP('',(#20184,#20185,#20191,#20192));
#20184 = ORIENTED_EDGE('',*,*,#5014,.T.);
#20185 = ORIENTED_EDGE('',*,*,#20186,.T.);
#20186 = EDGE_CURVE('',#5015,#11221,#20187,.T.);
#20187 = LINE('',#20188,#20189);
#20188 = CARTESIAN_POINT('',(121.969031,8.308276,-4.6E-02));
#20189 = VECTOR('',#20190,1.);
#20190 = DIRECTION('',(0.,0.,1.));
#20191 = ORIENTED_EDGE('',*,*,#11220,.F.);
#20192 = ORIENTED_EDGE('',*,*,#20186,.F.);
#20193 = CYLINDRICAL_SURFACE('',#20194,1.525);
#20194 = AXIS2_PLACEMENT_3D('',#20195,#20196,#20197);
#20195 = CARTESIAN_POINT('',(121.969031,9.833276,-4.6E-02));
#20196 = DIRECTION('',(-0.,-0.,-1.));
#20197 = DIRECTION('',(-0.,-1.,0.));
#20198 = ADVANCED_FACE('',(#20199),#20210,.F.);
#20199 = FACE_BOUND('',#20200,.T.);
#20200 = EDGE_LOOP('',(#20201,#20202,#20208,#20209));
#20201 = ORIENTED_EDGE('',*,*,#5025,.T.);
#20202 = ORIENTED_EDGE('',*,*,#20203,.T.);
#20203 = EDGE_CURVE('',#5026,#11232,#20204,.T.);
#20204 = LINE('',#20205,#20206);
#20205 = CARTESIAN_POINT('',(127.296384,7.293724,-4.6E-02));
#20206 = VECTOR('',#20207,1.);
#20207 = DIRECTION('',(0.,0.,1.));
#20208 = ORIENTED_EDGE('',*,*,#11231,.F.);
#20209 = ORIENTED_EDGE('',*,*,#20203,.F.);
#20210 = CYLINDRICAL_SURFACE('',#20211,1.525);
#20211 = AXIS2_PLACEMENT_3D('',#20212,#20213,#20214);
#20212 = CARTESIAN_POINT('',(127.296384,8.818724,-4.6E-02));
#20213 = DIRECTION('',(-0.,0.,-1.));
#20214 = DIRECTION('',(9.31859325587E-15,-1.,-0.));
#20215 = ADVANCED_FACE('',(#20216),#20227,.F.);
#20216 = FACE_BOUND('',#20217,.T.);
#20217 = EDGE_LOOP('',(#20218,#20219,#20225,#20226));
#20218 = ORIENTED_EDGE('',*,*,#5036,.T.);
#20219 = ORIENTED_EDGE('',*,*,#20220,.T.);
#20220 = EDGE_CURVE('',#5037,#11243,#20221,.T.);
#20221 = LINE('',#20222,#20223);
#20222 = CARTESIAN_POINT('',(132.182004,4.67264,-4.6E-02));
#20223 = VECTOR('',#20224,1.);
#20224 = DIRECTION('',(0.,0.,1.));
#20225 = ORIENTED_EDGE('',*,*,#11242,.F.);
#20226 = ORIENTED_EDGE('',*,*,#20220,.F.);
#20227 = CYLINDRICAL_SURFACE('',#20228,0.4);
#20228 = AXIS2_PLACEMENT_3D('',#20229,#20230,#20231);
#20229 = CARTESIAN_POINT('',(132.182004,5.07264,-4.6E-02));
#20230 = DIRECTION('',(-0.,-0.,-1.));
#20231 = DIRECTION('',(-0.,-1.,0.));
#20232 = ADVANCED_FACE('',(#20233),#20244,.F.);
#20233 = FACE_BOUND('',#20234,.T.);
#20234 = EDGE_LOOP('',(#20235,#20236,#20242,#20243));
#20235 = ORIENTED_EDGE('',*,*,#5047,.T.);
#20236 = ORIENTED_EDGE('',*,*,#20237,.T.);
#20237 = EDGE_CURVE('',#5048,#11254,#20238,.T.);
#20238 = LINE('',#20239,#20240);
#20239 = CARTESIAN_POINT('',(136.449612,5.929409,-4.6E-02));
#20240 = VECTOR('',#20241,1.);
#20241 = DIRECTION('',(0.,0.,1.));
#20242 = ORIENTED_EDGE('',*,*,#11253,.F.);
#20243 = ORIENTED_EDGE('',*,*,#20237,.F.);
#20244 = CYLINDRICAL_SURFACE('',#20245,0.95);
#20245 = AXIS2_PLACEMENT_3D('',#20246,#20247,#20248);
#20246 = CARTESIAN_POINT('',(136.449612,6.879409,-4.6E-02));
#20247 = DIRECTION('',(-0.,-0.,-1.));
#20248 = DIRECTION('',(-0.,-1.,0.));
#20249 = ADVANCED_FACE('',(#20250),#20261,.F.);
#20250 = FACE_BOUND('',#20251,.T.);
#20251 = EDGE_LOOP('',(#20252,#20253,#20259,#20260));
#20252 = ORIENTED_EDGE('',*,*,#5058,.T.);
#20253 = ORIENTED_EDGE('',*,*,#20254,.T.);
#20254 = EDGE_CURVE('',#5059,#11265,#20255,.T.);
#20255 = LINE('',#20256,#20257);
#20256 = CARTESIAN_POINT('',(152.4,1.179873,-4.6E-02));
#20257 = VECTOR('',#20258,1.);
#20258 = DIRECTION('',(0.,0.,1.));
#20259 = ORIENTED_EDGE('',*,*,#11264,.F.);
#20260 = ORIENTED_EDGE('',*,*,#20254,.F.);
#20261 = CYLINDRICAL_SURFACE('',#20262,0.4);
#20262 = AXIS2_PLACEMENT_3D('',#20263,#20264,#20265);
#20263 = CARTESIAN_POINT('',(152.4,1.579873,-4.6E-02));
#20264 = DIRECTION('',(-0.,-0.,-1.));
#20265 = DIRECTION('',(-0.,-1.,0.));
#20266 = ADVANCED_FACE('',(#20267),#20278,.F.);
#20267 = FACE_BOUND('',#20268,.T.);
#20268 = EDGE_LOOP('',(#20269,#20270,#20276,#20277));
#20269 = ORIENTED_EDGE('',*,*,#5069,.T.);
#20270 = ORIENTED_EDGE('',*,*,#20271,.T.);
#20271 = EDGE_CURVE('',#5070,#11276,#20272,.T.);
#20272 = LINE('',#20273,#20274);
#20273 = CARTESIAN_POINT('',(141.829423,5.497923,-4.6E-02));
#20274 = VECTOR('',#20275,1.);
#20275 = DIRECTION('',(0.,0.,1.));
#20276 = ORIENTED_EDGE('',*,*,#11275,.F.);
#20277 = ORIENTED_EDGE('',*,*,#20271,.F.);
#20278 = CYLINDRICAL_SURFACE('',#20279,2.525);
#20279 = AXIS2_PLACEMENT_3D('',#20280,#20281,#20282);
#20280 = CARTESIAN_POINT('',(141.829423,8.022923,-4.6E-02));
#20281 = DIRECTION('',(-0.,-0.,-1.));
#20282 = DIRECTION('',(-1.125612254669E-14,-1.,0.));
#20283 = ADVANCED_FACE('',(#20284),#20295,.F.);
#20284 = FACE_BOUND('',#20285,.T.);
#20285 = EDGE_LOOP('',(#20286,#20287,#20293,#20294));
#20286 = ORIENTED_EDGE('',*,*,#5080,.T.);
#20287 = ORIENTED_EDGE('',*,*,#20288,.T.);
#20288 = EDGE_CURVE('',#5081,#11287,#20289,.T.);
#20289 = LINE('',#20290,#20291);
#20290 = CARTESIAN_POINT('',(147.209234,8.216437,-4.6E-02));
#20291 = VECTOR('',#20292,1.);
#20292 = DIRECTION('',(0.,0.,1.));
#20293 = ORIENTED_EDGE('',*,*,#11286,.F.);
#20294 = ORIENTED_EDGE('',*,*,#20288,.F.);
#20295 = CYLINDRICAL_SURFACE('',#20296,0.95);
#20296 = AXIS2_PLACEMENT_3D('',#20297,#20298,#20299);
#20297 = CARTESIAN_POINT('',(147.209234,9.166437,-4.6E-02));
#20298 = DIRECTION('',(-0.,0.,-1.));
#20299 = DIRECTION('',(2.991758887411E-14,-1.,-0.));
#20300 = ADVANCED_FACE('',(#20301),#20312,.F.);
#20301 = FACE_BOUND('',#20302,.T.);
#20302 = EDGE_LOOP('',(#20303,#20304,#20310,#20311));
#20303 = ORIENTED_EDGE('',*,*,#5091,.T.);
#20304 = ORIENTED_EDGE('',*,*,#20305,.T.);
#20305 = EDGE_CURVE('',#5092,#11298,#20306,.T.);
#20306 = LINE('',#20307,#20308);
#20307 = CARTESIAN_POINT('',(150.815716,8.633358,-4.6E-02));
#20308 = VECTOR('',#20309,1.);
#20309 = DIRECTION('',(0.,0.,1.));
#20310 = ORIENTED_EDGE('',*,*,#11297,.F.);
#20311 = ORIENTED_EDGE('',*,*,#20305,.F.);
#20312 = CYLINDRICAL_SURFACE('',#20313,0.4);
#20313 = AXIS2_PLACEMENT_3D('',#20314,#20315,#20316);
#20314 = CARTESIAN_POINT('',(150.815716,9.033358,-4.6E-02));
#20315 = DIRECTION('',(-0.,-0.,-1.));
#20316 = DIRECTION('',(-0.,-1.,0.));
#20317 = ADVANCED_FACE('',(#20318),#20329,.F.);
#20318 = FACE_BOUND('',#20319,.T.);
#20319 = EDGE_LOOP('',(#20320,#20321,#20327,#20328));
#20320 = ORIENTED_EDGE('',*,*,#5102,.T.);
#20321 = ORIENTED_EDGE('',*,*,#20322,.T.);
#20322 = EDGE_CURVE('',#5103,#11309,#20323,.T.);
#20323 = LINE('',#20324,#20325);
#20324 = CARTESIAN_POINT('',(129.805571,15.852867,-4.6E-02));
#20325 = VECTOR('',#20326,1.);
#20326 = DIRECTION('',(0.,0.,1.));
#20327 = ORIENTED_EDGE('',*,*,#11308,.F.);
#20328 = ORIENTED_EDGE('',*,*,#20322,.F.);
#20329 = CYLINDRICAL_SURFACE('',#20330,0.4);
#20330 = AXIS2_PLACEMENT_3D('',#20331,#20332,#20333);
#20331 = CARTESIAN_POINT('',(129.805571,16.252867,-4.6E-02));
#20332 = DIRECTION('',(-0.,-0.,-1.));
#20333 = DIRECTION('',(-0.,-1.,0.));
#20334 = ADVANCED_FACE('',(#20335),#20346,.F.);
#20335 = FACE_BOUND('',#20336,.T.);
#20336 = EDGE_LOOP('',(#20337,#20338,#20344,#20345));
#20337 = ORIENTED_EDGE('',*,*,#5113,.T.);
#20338 = ORIENTED_EDGE('',*,*,#20339,.T.);
#20339 = EDGE_CURVE('',#5114,#11320,#20340,.T.);
#20340 = LINE('',#20341,#20342);
#20341 = CARTESIAN_POINT('',(140.602744,12.268994,-4.6E-02));
#20342 = VECTOR('',#20343,1.);
#20343 = DIRECTION('',(0.,0.,1.));
#20344 = ORIENTED_EDGE('',*,*,#11319,.F.);
#20345 = ORIENTED_EDGE('',*,*,#20339,.F.);
#20346 = CYLINDRICAL_SURFACE('',#20347,1.525);
#20347 = AXIS2_PLACEMENT_3D('',#20348,#20349,#20350);
#20348 = CARTESIAN_POINT('',(140.602744,13.793994,-4.6E-02));
#20349 = DIRECTION('',(-0.,-0.,-1.));
#20350 = DIRECTION('',(-0.,-1.,0.));
#20351 = ADVANCED_FACE('',(#20352),#20363,.F.);
#20352 = FACE_BOUND('',#20353,.T.);
#20353 = EDGE_LOOP('',(#20354,#20355,#20361,#20362));
#20354 = ORIENTED_EDGE('',*,*,#5124,.T.);
#20355 = ORIENTED_EDGE('',*,*,#20356,.T.);
#20356 = EDGE_CURVE('',#5125,#11331,#20357,.T.);
#20357 = LINE('',#20358,#20359);
#20358 = CARTESIAN_POINT('',(145.930097,11.254442,-4.6E-02));
#20359 = VECTOR('',#20360,1.);
#20360 = DIRECTION('',(0.,0.,1.));
#20361 = ORIENTED_EDGE('',*,*,#11330,.F.);
#20362 = ORIENTED_EDGE('',*,*,#20356,.F.);
#20363 = CYLINDRICAL_SURFACE('',#20364,1.525);
#20364 = AXIS2_PLACEMENT_3D('',#20365,#20366,#20367);
#20365 = CARTESIAN_POINT('',(145.930097,12.779442,-4.6E-02));
#20366 = DIRECTION('',(-0.,-0.,-1.));
#20367 = DIRECTION('',(-0.,-1.,0.));
#20368 = ADVANCED_FACE('',(#20369),#20380,.F.);
#20369 = FACE_BOUND('',#20370,.T.);
#20370 = EDGE_LOOP('',(#20371,#20372,#20378,#20379));
#20371 = ORIENTED_EDGE('',*,*,#5135,.T.);
#20372 = ORIENTED_EDGE('',*,*,#20373,.T.);
#20373 = EDGE_CURVE('',#5136,#11342,#20374,.T.);
#20374 = LINE('',#20375,#20376);
#20375 = CARTESIAN_POINT('',(148.439282,19.813585,-4.6E-02));
#20376 = VECTOR('',#20377,1.);
#20377 = DIRECTION('',(0.,0.,1.));
#20378 = ORIENTED_EDGE('',*,*,#11341,.F.);
#20379 = ORIENTED_EDGE('',*,*,#20373,.F.);
#20380 = CYLINDRICAL_SURFACE('',#20381,0.4);
#20381 = AXIS2_PLACEMENT_3D('',#20382,#20383,#20384);
#20382 = CARTESIAN_POINT('',(148.439282,20.213585,-4.6E-02));
#20383 = DIRECTION('',(-0.,-0.,-1.));
#20384 = DIRECTION('',(-0.,-1.,0.));
#20385 = ADVANCED_FACE('',(#20386),#20397,.F.);
#20386 = FACE_BOUND('',#20387,.T.);
#20387 = EDGE_LOOP('',(#20388,#20389,#20395,#20396));
#20388 = ORIENTED_EDGE('',*,*,#5146,.T.);
#20389 = ORIENTED_EDGE('',*,*,#20390,.T.);
#20390 = EDGE_CURVE('',#5147,#11353,#20391,.T.);
#20391 = LINE('',#20392,#20393);
#20392 = CARTESIAN_POINT('',(83.559413,22.21201,-4.6E-02));
#20393 = VECTOR('',#20394,1.);
#20394 = DIRECTION('',(0.,0.,1.));
#20395 = ORIENTED_EDGE('',*,*,#11352,.F.);
#20396 = ORIENTED_EDGE('',*,*,#20390,.F.);
#20397 = CYLINDRICAL_SURFACE('',#20398,0.95);
#20398 = AXIS2_PLACEMENT_3D('',#20399,#20400,#20401);
#20399 = CARTESIAN_POINT('',(83.559413,23.16201,-4.6E-02));
#20400 = DIRECTION('',(-0.,-0.,-1.));
#20401 = DIRECTION('',(-0.,-1.,0.));
#20402 = ADVANCED_FACE('',(#20403),#20414,.F.);
#20403 = FACE_BOUND('',#20404,.T.);
#20404 = EDGE_LOOP('',(#20405,#20406,#20412,#20413));
#20405 = ORIENTED_EDGE('',*,*,#5157,.T.);
#20406 = ORIENTED_EDGE('',*,*,#20407,.T.);
#20407 = EDGE_CURVE('',#5158,#11364,#20408,.T.);
#20408 = LINE('',#20409,#20410);
#20409 = CARTESIAN_POINT('',(87.166392,22.880833,-4.6E-02));
#20410 = VECTOR('',#20411,1.);
#20411 = DIRECTION('',(0.,0.,1.));
#20412 = ORIENTED_EDGE('',*,*,#11363,.F.);
#20413 = ORIENTED_EDGE('',*,*,#20407,.F.);
#20414 = CYLINDRICAL_SURFACE('',#20415,0.4);
#20415 = AXIS2_PLACEMENT_3D('',#20416,#20417,#20418);
#20416 = CARTESIAN_POINT('',(87.166392,23.280833,-4.6E-02));
#20417 = DIRECTION('',(-0.,-0.,-1.));
#20418 = DIRECTION('',(-0.,-1.,0.));
#20419 = ADVANCED_FACE('',(#20420),#20431,.F.);
#20420 = FACE_BOUND('',#20421,.T.);
#20421 = EDGE_LOOP('',(#20422,#20423,#20429,#20430));
#20422 = ORIENTED_EDGE('',*,*,#5168,.T.);
#20423 = ORIENTED_EDGE('',*,*,#20424,.T.);
#20424 = EDGE_CURVE('',#5169,#11375,#20425,.T.);
#20425 = LINE('',#20426,#20427);
#20426 = CARTESIAN_POINT('',(92.610293,19.852883,-4.6E-02));
#20427 = VECTOR('',#20428,1.);
#20428 = DIRECTION('',(0.,0.,1.));
#20429 = ORIENTED_EDGE('',*,*,#11374,.F.);
#20430 = ORIENTED_EDGE('',*,*,#20424,.F.);
#20431 = CYLINDRICAL_SURFACE('',#20432,0.95);
#20432 = AXIS2_PLACEMENT_3D('',#20433,#20434,#20435);
#20433 = CARTESIAN_POINT('',(92.610293,20.802883,-4.6E-02));
#20434 = DIRECTION('',(-0.,-0.,-1.));
#20435 = DIRECTION('',(-0.,-1.,0.));
#20436 = ADVANCED_FACE('',(#20437),#20448,.F.);
#20437 = FACE_BOUND('',#20438,.T.);
#20438 = EDGE_LOOP('',(#20439,#20440,#20446,#20447));
#20439 = ORIENTED_EDGE('',*,*,#5179,.T.);
#20440 = ORIENTED_EDGE('',*,*,#20441,.T.);
#20441 = EDGE_CURVE('',#5180,#11386,#20442,.T.);
#20442 = LINE('',#20443,#20444);
#20443 = CARTESIAN_POINT('',(97.897232,19.793888,-4.6E-02));
#20444 = VECTOR('',#20445,1.);
#20445 = DIRECTION('',(0.,0.,1.));
#20446 = ORIENTED_EDGE('',*,*,#11385,.F.);
#20447 = ORIENTED_EDGE('',*,*,#20441,.F.);
#20448 = CYLINDRICAL_SURFACE('',#20449,2.525);
#20449 = AXIS2_PLACEMENT_3D('',#20450,#20451,#20452);
#20450 = CARTESIAN_POINT('',(97.897232,22.318888,-4.6E-02));
#20451 = DIRECTION('',(-0.,-0.,-1.));
#20452 = DIRECTION('',(-0.,-1.,0.));
#20453 = ADVANCED_FACE('',(#20454),#20465,.F.);
#20454 = FACE_BOUND('',#20455,.T.);
#20455 = EDGE_LOOP('',(#20456,#20457,#20463,#20464));
#20456 = ORIENTED_EDGE('',*,*,#5190,.T.);
#20457 = ORIENTED_EDGE('',*,*,#20458,.T.);
#20458 = EDGE_CURVE('',#5191,#11397,#20459,.T.);
#20459 = LINE('',#20460,#20461);
#20460 = CARTESIAN_POINT('',(82.031361,25.151986,-4.6E-02));
#20461 = VECTOR('',#20462,1.);
#20462 = DIRECTION('',(0.,0.,1.));
#20463 = ORIENTED_EDGE('',*,*,#11396,.F.);
#20464 = ORIENTED_EDGE('',*,*,#20458,.F.);
#20465 = CYLINDRICAL_SURFACE('',#20466,1.525);
#20466 = AXIS2_PLACEMENT_3D('',#20467,#20468,#20469);
#20467 = CARTESIAN_POINT('',(82.031361,26.676986,-4.6E-02));
#20468 = DIRECTION('',(-0.,-0.,-1.));
#20469 = DIRECTION('',(-0.,-1.,0.));
#20470 = ADVANCED_FACE('',(#20471),#20482,.F.);
#20471 = FACE_BOUND('',#20472,.T.);
#20472 = EDGE_LOOP('',(#20473,#20474,#20480,#20481));
#20473 = ORIENTED_EDGE('',*,*,#5201,.T.);
#20474 = ORIENTED_EDGE('',*,*,#20475,.T.);
#20475 = EDGE_CURVE('',#5202,#11408,#20476,.T.);
#20476 = LINE('',#20477,#20478);
#20477 = CARTESIAN_POINT('',(96.270972,26.465332,-4.6E-02));
#20478 = VECTOR('',#20479,1.);
#20479 = DIRECTION('',(0.,0.,1.));
#20480 = ORIENTED_EDGE('',*,*,#11407,.F.);
#20481 = ORIENTED_EDGE('',*,*,#20475,.F.);
#20482 = CYLINDRICAL_SURFACE('',#20483,1.525);
#20483 = AXIS2_PLACEMENT_3D('',#20484,#20485,#20486);
#20484 = CARTESIAN_POINT('',(96.270972,27.990332,-4.6E-02));
#20485 = DIRECTION('',(-0.,-0.,-1.));
#20486 = DIRECTION('',(-0.,-1.,0.));
#20487 = ADVANCED_FACE('',(#20488),#20499,.F.);
#20488 = FACE_BOUND('',#20489,.T.);
#20489 = EDGE_LOOP('',(#20490,#20491,#20497,#20498));
#20490 = ORIENTED_EDGE('',*,*,#5212,.T.);
#20491 = ORIENTED_EDGE('',*,*,#20492,.T.);
#20492 = EDGE_CURVE('',#5213,#11419,#20493,.T.);
#20493 = LINE('',#20494,#20495);
#20494 = CARTESIAN_POINT('',(103.184171,22.884893,-4.6E-02));
#20495 = VECTOR('',#20496,1.);
#20496 = DIRECTION('',(0.,0.,1.));
#20497 = ORIENTED_EDGE('',*,*,#11418,.F.);
#20498 = ORIENTED_EDGE('',*,*,#20492,.F.);
#20499 = CYLINDRICAL_SURFACE('',#20500,0.95);
#20500 = AXIS2_PLACEMENT_3D('',#20501,#20502,#20503);
#20501 = CARTESIAN_POINT('',(103.184171,23.834893,-4.6E-02));
#20502 = DIRECTION('',(-0.,0.,-1.));
#20503 = DIRECTION('',(1.495879443705E-14,-1.,-0.));
#20504 = ADVANCED_FACE('',(#20505),#20516,.F.);
#20505 = FACE_BOUND('',#20506,.T.);
#20506 = EDGE_LOOP('',(#20507,#20508,#20514,#20515));
#20507 = ORIENTED_EDGE('',*,*,#5223,.T.);
#20508 = ORIENTED_EDGE('',*,*,#20509,.T.);
#20509 = EDGE_CURVE('',#5224,#11430,#20510,.T.);
#20510 = LINE('',#20511,#20512);
#20511 = CARTESIAN_POINT('',(106.791151,23.553716,-4.6E-02));
#20512 = VECTOR('',#20513,1.);
#20513 = DIRECTION('',(0.,0.,1.));
#20514 = ORIENTED_EDGE('',*,*,#11429,.F.);
#20515 = ORIENTED_EDGE('',*,*,#20509,.F.);
#20516 = CYLINDRICAL_SURFACE('',#20517,0.4);
#20517 = AXIS2_PLACEMENT_3D('',#20518,#20519,#20520);
#20518 = CARTESIAN_POINT('',(106.791151,23.953716,-4.6E-02));
#20519 = DIRECTION('',(-0.,-0.,-1.));
#20520 = DIRECTION('',(-0.,-1.,0.));
#20521 = ADVANCED_FACE('',(#20522),#20533,.F.);
#20522 = FACE_BOUND('',#20523,.T.);
#20523 = EDGE_LOOP('',(#20524,#20525,#20531,#20532));
#20524 = ORIENTED_EDGE('',*,*,#5234,.T.);
#20525 = ORIENTED_EDGE('',*,*,#20526,.T.);
#20526 = EDGE_CURVE('',#5235,#11441,#20527,.T.);
#20527 = LINE('',#20528,#20529);
#20528 = CARTESIAN_POINT('',(113.855182,20.602402,-4.6E-02));
#20529 = VECTOR('',#20530,1.);
#20530 = DIRECTION('',(0.,0.,1.));
#20531 = ORIENTED_EDGE('',*,*,#11440,.F.);
#20532 = ORIENTED_EDGE('',*,*,#20526,.F.);
#20533 = CYLINDRICAL_SURFACE('',#20534,0.95);
#20534 = AXIS2_PLACEMENT_3D('',#20535,#20536,#20537);
#20535 = CARTESIAN_POINT('',(113.855182,21.552402,-4.6E-02));
#20536 = DIRECTION('',(-0.,-0.,-1.));
#20537 = DIRECTION('',(-0.,-1.,0.));
#20538 = ADVANCED_FACE('',(#20539),#20550,.F.);
#20539 = FACE_BOUND('',#20540,.T.);
#20540 = EDGE_LOOP('',(#20541,#20542,#20548,#20549));
#20541 = ORIENTED_EDGE('',*,*,#5245,.T.);
#20542 = ORIENTED_EDGE('',*,*,#20543,.T.);
#20543 = EDGE_CURVE('',#5246,#11452,#20544,.T.);
#20544 = LINE('',#20545,#20546);
#20545 = CARTESIAN_POINT('',(119.234993,20.170916,-4.6E-02));
#20546 = VECTOR('',#20547,1.);
#20547 = DIRECTION('',(0.,0.,1.));
#20548 = ORIENTED_EDGE('',*,*,#11451,.F.);
#20549 = ORIENTED_EDGE('',*,*,#20543,.F.);
#20550 = CYLINDRICAL_SURFACE('',#20551,2.525);
#20551 = AXIS2_PLACEMENT_3D('',#20552,#20553,#20554);
#20552 = CARTESIAN_POINT('',(119.234993,22.695916,-4.6E-02));
#20553 = DIRECTION('',(-0.,-0.,-1.));
#20554 = DIRECTION('',(-0.,-1.,0.));
#20555 = ADVANCED_FACE('',(#20556),#20567,.F.);
#20556 = FACE_BOUND('',#20557,.T.);
#20557 = EDGE_LOOP('',(#20558,#20559,#20565,#20566));
#20558 = ORIENTED_EDGE('',*,*,#5256,.T.);
#20559 = ORIENTED_EDGE('',*,*,#20560,.T.);
#20560 = EDGE_CURVE('',#5257,#11463,#20561,.T.);
#20561 = LINE('',#20562,#20563);
#20562 = CARTESIAN_POINT('',(101.656119,25.824869,-4.6E-02));
#20563 = VECTOR('',#20564,1.);
#20564 = DIRECTION('',(0.,0.,1.));
#20565 = ORIENTED_EDGE('',*,*,#11462,.F.);
#20566 = ORIENTED_EDGE('',*,*,#20560,.F.);
#20567 = CYLINDRICAL_SURFACE('',#20568,1.525);
#20568 = AXIS2_PLACEMENT_3D('',#20569,#20570,#20571);
#20569 = CARTESIAN_POINT('',(101.656119,27.349869,-4.6E-02));
#20570 = DIRECTION('',(-0.,0.,-1.));
#20571 = DIRECTION('',(9.31859325587E-15,-1.,-0.));
#20572 = ADVANCED_FACE('',(#20573),#20584,.F.);
#20573 = FACE_BOUND('',#20574,.T.);
#20574 = EDGE_LOOP('',(#20575,#20576,#20582,#20583));
#20575 = ORIENTED_EDGE('',*,*,#5267,.T.);
#20576 = ORIENTED_EDGE('',*,*,#20577,.T.);
#20577 = EDGE_CURVE('',#5268,#11474,#20578,.T.);
#20578 = LINE('',#20579,#20580);
#20579 = CARTESIAN_POINT('',(118.008314,26.941987,-4.6E-02));
#20580 = VECTOR('',#20581,1.);
#20581 = DIRECTION('',(0.,0.,1.));
#20582 = ORIENTED_EDGE('',*,*,#11473,.F.);
#20583 = ORIENTED_EDGE('',*,*,#20577,.F.);
#20584 = CYLINDRICAL_SURFACE('',#20585,1.525);
#20585 = AXIS2_PLACEMENT_3D('',#20586,#20587,#20588);
#20586 = CARTESIAN_POINT('',(118.008314,28.466987,-4.6E-02));
#20587 = DIRECTION('',(-0.,-0.,-1.));
#20588 = DIRECTION('',(-0.,-1.,0.));
#20589 = ADVANCED_FACE('',(#20590),#20601,.F.);
#20590 = FACE_BOUND('',#20591,.T.);
#20591 = EDGE_LOOP('',(#20592,#20593,#20599,#20600));
#20592 = ORIENTED_EDGE('',*,*,#5278,.T.);
#20593 = ORIENTED_EDGE('',*,*,#20594,.T.);
#20594 = EDGE_CURVE('',#5279,#11485,#20595,.T.);
#20595 = LINE('',#20596,#20597);
#20596 = CARTESIAN_POINT('',(84.015855,33.868053,-4.6E-02));
#20597 = VECTOR('',#20598,1.);
#20598 = DIRECTION('',(0.,0.,1.));
#20599 = ORIENTED_EDGE('',*,*,#11484,.F.);
#20600 = ORIENTED_EDGE('',*,*,#20594,.F.);
#20601 = CYLINDRICAL_SURFACE('',#20602,0.4);
#20602 = AXIS2_PLACEMENT_3D('',#20603,#20604,#20605);
#20603 = CARTESIAN_POINT('',(84.015855,34.268053,-4.6E-02));
#20604 = DIRECTION('',(-0.,0.,-1.));
#20605 = DIRECTION('',(3.5527136788E-14,-1.,-0.));
#20606 = ADVANCED_FACE('',(#20607),#20618,.F.);
#20607 = FACE_BOUND('',#20608,.T.);
#20608 = EDGE_LOOP('',(#20609,#20610,#20616,#20617));
#20609 = ORIENTED_EDGE('',*,*,#5289,.T.);
#20610 = ORIENTED_EDGE('',*,*,#20611,.T.);
#20611 = EDGE_CURVE('',#5290,#11496,#20612,.T.);
#20612 = LINE('',#20613,#20614);
#20613 = CARTESIAN_POINT('',(89.259566,33.50224,-4.6E-02));
#20614 = VECTOR('',#20615,1.);
#20615 = DIRECTION('',(0.,0.,1.));
#20616 = ORIENTED_EDGE('',*,*,#11495,.F.);
#20617 = ORIENTED_EDGE('',*,*,#20611,.F.);
#20618 = CYLINDRICAL_SURFACE('',#20619,0.8);
#20619 = AXIS2_PLACEMENT_3D('',#20620,#20621,#20622);
#20620 = CARTESIAN_POINT('',(89.259566,34.30224,-4.6E-02));
#20621 = DIRECTION('',(-0.,-0.,-1.));
#20622 = DIRECTION('',(-0.,-1.,0.));
#20623 = ADVANCED_FACE('',(#20624),#20635,.F.);
#20624 = FACE_BOUND('',#20625,.T.);
#20625 = EDGE_LOOP('',(#20626,#20627,#20633,#20634));
#20626 = ORIENTED_EDGE('',*,*,#5300,.T.);
#20627 = ORIENTED_EDGE('',*,*,#20628,.T.);
#20628 = EDGE_CURVE('',#5301,#11507,#20629,.T.);
#20629 = LINE('',#20630,#20631);
#20630 = CARTESIAN_POINT('',(87.359402,38.164919,-4.6E-02));
#20631 = VECTOR('',#20632,1.);
#20632 = DIRECTION('',(0.,0.,1.));
#20633 = ORIENTED_EDGE('',*,*,#11506,.F.);
#20634 = ORIENTED_EDGE('',*,*,#20628,.F.);
#20635 = CYLINDRICAL_SURFACE('',#20636,0.95);
#20636 = AXIS2_PLACEMENT_3D('',#20637,#20638,#20639);
#20637 = CARTESIAN_POINT('',(87.359402,39.114919,-4.6E-02));
#20638 = DIRECTION('',(-0.,-0.,-1.));
#20639 = DIRECTION('',(-0.,-1.,0.));
#20640 = ADVANCED_FACE('',(#20641),#20652,.F.);
#20641 = FACE_BOUND('',#20642,.T.);
#20642 = EDGE_LOOP('',(#20643,#20644,#20650,#20651));
#20643 = ORIENTED_EDGE('',*,*,#5311,.T.);
#20644 = ORIENTED_EDGE('',*,*,#20645,.T.);
#20645 = EDGE_CURVE('',#5312,#11518,#20646,.T.);
#20646 = LINE('',#20647,#20648);
#20647 = CARTESIAN_POINT('',(103.640613,34.540936,-4.6E-02));
#20648 = VECTOR('',#20649,1.);
#20649 = DIRECTION('',(0.,0.,1.));
#20650 = ORIENTED_EDGE('',*,*,#11517,.F.);
#20651 = ORIENTED_EDGE('',*,*,#20645,.F.);
#20652 = CYLINDRICAL_SURFACE('',#20653,0.4);
#20653 = AXIS2_PLACEMENT_3D('',#20654,#20655,#20656);
#20654 = CARTESIAN_POINT('',(103.640613,34.940936,-4.6E-02));
#20655 = DIRECTION('',(-0.,-0.,-1.));
#20656 = DIRECTION('',(-0.,-1.,0.));
#20657 = ADVANCED_FACE('',(#20658),#20669,.F.);
#20658 = FACE_BOUND('',#20659,.T.);
#20659 = EDGE_LOOP('',(#20660,#20661,#20667,#20668));
#20660 = ORIENTED_EDGE('',*,*,#5322,.T.);
#20661 = ORIENTED_EDGE('',*,*,#20662,.T.);
#20662 = EDGE_CURVE('',#5323,#11529,#20663,.T.);
#20663 = LINE('',#20664,#20665);
#20664 = CARTESIAN_POINT('',(111.454283,34.452611,-4.6E-02));
#20665 = VECTOR('',#20666,1.);
#20666 = DIRECTION('',(0.,0.,1.));
#20667 = ORIENTED_EDGE('',*,*,#11528,.F.);
#20668 = ORIENTED_EDGE('',*,*,#20662,.F.);
#20669 = CYLINDRICAL_SURFACE('',#20670,0.8);
#20670 = AXIS2_PLACEMENT_3D('',#20671,#20672,#20673);
#20671 = CARTESIAN_POINT('',(111.454283,35.252611,-4.6E-02));
#20672 = DIRECTION('',(-0.,-0.,-1.));
#20673 = DIRECTION('',(-0.,-1.,0.));
#20674 = ADVANCED_FACE('',(#20675),#20686,.F.);
#20675 = FACE_BOUND('',#20676,.T.);
#20676 = EDGE_LOOP('',(#20677,#20678,#20684,#20685));
#20677 = ORIENTED_EDGE('',*,*,#5333,.T.);
#20678 = ORIENTED_EDGE('',*,*,#20679,.T.);
#20679 = EDGE_CURVE('',#5334,#11540,#20680,.T.);
#20680 = LINE('',#20681,#20682);
#20681 = CARTESIAN_POINT('',(109.894464,39.236115,-4.6E-02));
#20682 = VECTOR('',#20683,1.);
#20683 = DIRECTION('',(0.,0.,1.));
#20684 = ORIENTED_EDGE('',*,*,#11539,.F.);
#20685 = ORIENTED_EDGE('',*,*,#20679,.F.);
#20686 = CYLINDRICAL_SURFACE('',#20687,0.95);
#20687 = AXIS2_PLACEMENT_3D('',#20688,#20689,#20690);
#20688 = CARTESIAN_POINT('',(109.894464,40.186115,-4.6E-02));
#20689 = DIRECTION('',(-0.,-0.,-1.));
#20690 = DIRECTION('',(-0.,-1.,0.));
#20691 = ADVANCED_FACE('',(#20692),#20703,.F.);
#20692 = FACE_BOUND('',#20693,.T.);
#20693 = EDGE_LOOP('',(#20694,#20695,#20701,#20702));
#20694 = ORIENTED_EDGE('',*,*,#5344,.T.);
#20695 = ORIENTED_EDGE('',*,*,#20696,.T.);
#20696 = EDGE_CURVE('',#5345,#11551,#20697,.T.);
#20697 = LINE('',#20698,#20699);
#20698 = CARTESIAN_POINT('',(124.614804,22.88943,-4.6E-02));
#20699 = VECTOR('',#20700,1.);
#20700 = DIRECTION('',(0.,0.,1.));
#20701 = ORIENTED_EDGE('',*,*,#11550,.F.);
#20702 = ORIENTED_EDGE('',*,*,#20696,.F.);
#20703 = CYLINDRICAL_SURFACE('',#20704,0.95);
#20704 = AXIS2_PLACEMENT_3D('',#20705,#20706,#20707);
#20705 = CARTESIAN_POINT('',(124.614804,23.83943,-4.6E-02));
#20706 = DIRECTION('',(-0.,0.,-1.));
#20707 = DIRECTION('',(1.495879443705E-14,-1.,-0.));
#20708 = ADVANCED_FACE('',(#20709),#20720,.F.);
#20709 = FACE_BOUND('',#20710,.T.);
#20710 = EDGE_LOOP('',(#20711,#20712,#20718,#20719));
#20711 = ORIENTED_EDGE('',*,*,#5355,.T.);
#20712 = ORIENTED_EDGE('',*,*,#20713,.T.);
#20713 = EDGE_CURVE('',#5356,#11562,#20714,.T.);
#20714 = LINE('',#20715,#20716);
#20715 = CARTESIAN_POINT('',(128.221287,23.306352,-4.6E-02));
#20716 = VECTOR('',#20717,1.);
#20717 = DIRECTION('',(0.,0.,1.));
#20718 = ORIENTED_EDGE('',*,*,#11561,.F.);
#20719 = ORIENTED_EDGE('',*,*,#20713,.F.);
#20720 = CYLINDRICAL_SURFACE('',#20721,0.4);
#20721 = AXIS2_PLACEMENT_3D('',#20722,#20723,#20724);
#20722 = CARTESIAN_POINT('',(128.221287,23.706352,-4.6E-02));
#20723 = DIRECTION('',(-0.,-0.,-1.));
#20724 = DIRECTION('',(-0.,-1.,0.));
#20725 = ADVANCED_FACE('',(#20726),#20737,.F.);
#20726 = FACE_BOUND('',#20727,.T.);
#20727 = EDGE_LOOP('',(#20728,#20729,#20735,#20736));
#20728 = ORIENTED_EDGE('',*,*,#5366,.T.);
#20729 = ORIENTED_EDGE('',*,*,#20730,.T.);
#20730 = EDGE_CURVE('',#5367,#11573,#20731,.T.);
#20731 = LINE('',#20732,#20733);
#20732 = CARTESIAN_POINT('',(134.048713,19.779616,-4.6E-02));
#20733 = VECTOR('',#20734,1.);
#20734 = DIRECTION('',(0.,0.,1.));
#20735 = ORIENTED_EDGE('',*,*,#11572,.F.);
#20736 = ORIENTED_EDGE('',*,*,#20730,.F.);
#20737 = CYLINDRICAL_SURFACE('',#20738,0.8);
#20738 = AXIS2_PLACEMENT_3D('',#20739,#20740,#20741);
#20739 = CARTESIAN_POINT('',(134.048713,20.579616,-4.6E-02));
#20740 = DIRECTION('',(-0.,-0.,-1.));
#20741 = DIRECTION('',(-3.552713678801E-14,-1.,0.));
#20742 = ADVANCED_FACE('',(#20743),#20754,.F.);
#20743 = FACE_BOUND('',#20744,.T.);
#20744 = EDGE_LOOP('',(#20745,#20746,#20752,#20753));
#20745 = ORIENTED_EDGE('',*,*,#5377,.T.);
#20746 = ORIENTED_EDGE('',*,*,#20747,.T.);
#20747 = EDGE_CURVE('',#5378,#11584,#20748,.T.);
#20748 = LINE('',#20749,#20750);
#20749 = CARTESIAN_POINT('',(123.335667,25.927435,-4.6E-02));
#20750 = VECTOR('',#20751,1.);
#20751 = DIRECTION('',(0.,0.,1.));
#20752 = ORIENTED_EDGE('',*,*,#11583,.F.);
#20753 = ORIENTED_EDGE('',*,*,#20747,.F.);
#20754 = CYLINDRICAL_SURFACE('',#20755,1.525);
#20755 = AXIS2_PLACEMENT_3D('',#20756,#20757,#20758);
#20756 = CARTESIAN_POINT('',(123.335667,27.452435,-4.6E-02));
#20757 = DIRECTION('',(-0.,-0.,-1.));
#20758 = DIRECTION('',(-0.,-1.,0.));
#20759 = ADVANCED_FACE('',(#20760),#20771,.F.);
#20760 = FACE_BOUND('',#20761,.T.);
#20761 = EDGE_LOOP('',(#20762,#20763,#20769,#20770));
#20762 = ORIENTED_EDGE('',*,*,#5388,.T.);
#20763 = ORIENTED_EDGE('',*,*,#20764,.T.);
#20764 = EDGE_CURVE('',#5389,#11595,#20765,.T.);
#20765 = LINE('',#20766,#20767);
#20766 = CARTESIAN_POINT('',(132.488894,24.56312,-4.6E-02));
#20767 = VECTOR('',#20768,1.);
#20768 = DIRECTION('',(0.,0.,1.));
#20769 = ORIENTED_EDGE('',*,*,#11594,.F.);
#20770 = ORIENTED_EDGE('',*,*,#20764,.F.);
#20771 = CYLINDRICAL_SURFACE('',#20772,0.95);
#20772 = AXIS2_PLACEMENT_3D('',#20773,#20774,#20775);
#20773 = CARTESIAN_POINT('',(132.488894,25.51312,-4.6E-02));
#20774 = DIRECTION('',(-0.,-0.,-1.));
#20775 = DIRECTION('',(-2.991758887411E-14,-1.,0.));
#20776 = ADVANCED_FACE('',(#20777),#20788,.F.);
#20777 = FACE_BOUND('',#20778,.T.);
#20778 = EDGE_LOOP('',(#20779,#20780,#20786,#20787));
#20779 = ORIENTED_EDGE('',*,*,#5399,.T.);
#20780 = ORIENTED_EDGE('',*,*,#20781,.T.);
#20781 = EDGE_CURVE('',#5400,#11606,#20782,.T.);
#20782 = LINE('',#20783,#20784);
#20783 = CARTESIAN_POINT('',(137.868705,24.131634,-4.6E-02));
#20784 = VECTOR('',#20785,1.);
#20785 = DIRECTION('',(0.,0.,1.));
#20786 = ORIENTED_EDGE('',*,*,#11605,.F.);
#20787 = ORIENTED_EDGE('',*,*,#20781,.F.);
#20788 = CYLINDRICAL_SURFACE('',#20789,2.525);
#20789 = AXIS2_PLACEMENT_3D('',#20790,#20791,#20792);
#20790 = CARTESIAN_POINT('',(137.868705,26.656634,-4.6E-02));
#20791 = DIRECTION('',(-0.,-0.,-1.));
#20792 = DIRECTION('',(-0.,-1.,0.));
#20793 = ADVANCED_FACE('',(#20794),#20805,.F.);
#20794 = FACE_BOUND('',#20795,.T.);
#20795 = EDGE_LOOP('',(#20796,#20797,#20803,#20804));
#20796 = ORIENTED_EDGE('',*,*,#5410,.T.);
#20797 = ORIENTED_EDGE('',*,*,#20798,.T.);
#20798 = EDGE_CURVE('',#5411,#11617,#20799,.T.);
#20799 = LINE('',#20800,#20801);
#20800 = CARTESIAN_POINT('',(146.854998,27.26707,-4.6E-02));
#20801 = VECTOR('',#20802,1.);
#20802 = DIRECTION('',(0.,0.,1.));
#20803 = ORIENTED_EDGE('',*,*,#11616,.F.);
#20804 = ORIENTED_EDGE('',*,*,#20798,.F.);
#20805 = CYLINDRICAL_SURFACE('',#20806,0.4);
#20806 = AXIS2_PLACEMENT_3D('',#20807,#20808,#20809);
#20807 = CARTESIAN_POINT('',(146.854998,27.66707,-4.6E-02));
#20808 = DIRECTION('',(-0.,-0.,-1.));
#20809 = DIRECTION('',(-0.,-1.,0.));
#20810 = ADVANCED_FACE('',(#20811),#20822,.F.);
#20811 = FACE_BOUND('',#20812,.T.);
#20812 = EDGE_LOOP('',(#20813,#20814,#20820,#20821));
#20813 = ORIENTED_EDGE('',*,*,#5421,.T.);
#20814 = ORIENTED_EDGE('',*,*,#20815,.T.);
#20815 = EDGE_CURVE('',#5422,#11628,#20816,.T.);
#20816 = LINE('',#20817,#20818);
#20817 = CARTESIAN_POINT('',(143.248516,26.850148,-4.6E-02));
#20818 = VECTOR('',#20819,1.);
#20819 = DIRECTION('',(0.,0.,1.));
#20820 = ORIENTED_EDGE('',*,*,#11627,.F.);
#20821 = ORIENTED_EDGE('',*,*,#20815,.F.);
#20822 = CYLINDRICAL_SURFACE('',#20823,0.95);
#20823 = AXIS2_PLACEMENT_3D('',#20824,#20825,#20826);
#20824 = CARTESIAN_POINT('',(143.248516,27.800148,-4.6E-02));
#20825 = DIRECTION('',(-0.,-0.,-1.));
#20826 = DIRECTION('',(-0.,-1.,0.));
#20827 = ADVANCED_FACE('',(#20828),#20839,.F.);
#20828 = FACE_BOUND('',#20829,.T.);
#20829 = EDGE_LOOP('',(#20830,#20831,#20837,#20838));
#20830 = ORIENTED_EDGE('',*,*,#5432,.T.);
#20831 = ORIENTED_EDGE('',*,*,#20832,.T.);
#20832 = EDGE_CURVE('',#5433,#11639,#20833,.T.);
#20833 = LINE('',#20834,#20835);
#20834 = CARTESIAN_POINT('',(125.844853,34.486578,-4.6E-02));
#20835 = VECTOR('',#20836,1.);
#20836 = DIRECTION('',(0.,0.,1.));
#20837 = ORIENTED_EDGE('',*,*,#11638,.F.);
#20838 = ORIENTED_EDGE('',*,*,#20832,.F.);
#20839 = CYLINDRICAL_SURFACE('',#20840,0.4);
#20840 = AXIS2_PLACEMENT_3D('',#20841,#20842,#20843);
#20841 = CARTESIAN_POINT('',(125.844853,34.886578,-4.6E-02));
#20842 = DIRECTION('',(-0.,-0.,-1.));
#20843 = DIRECTION('',(-0.,-1.,0.));
#20844 = ADVANCED_FACE('',(#20845),#20856,.F.);
#20845 = FACE_BOUND('',#20846,.T.);
#20846 = EDGE_LOOP('',(#20847,#20848,#20854,#20855));
#20847 = ORIENTED_EDGE('',*,*,#5443,.T.);
#20848 = ORIENTED_EDGE('',*,*,#20849,.T.);
#20849 = EDGE_CURVE('',#5444,#11650,#20850,.T.);
#20850 = LINE('',#20851,#20852);
#20851 = CARTESIAN_POINT('',(136.642026,30.902705,-4.6E-02));
#20852 = VECTOR('',#20853,1.);
#20853 = DIRECTION('',(0.,0.,1.));
#20854 = ORIENTED_EDGE('',*,*,#11649,.F.);
#20855 = ORIENTED_EDGE('',*,*,#20849,.F.);
#20856 = CYLINDRICAL_SURFACE('',#20857,1.525);
#20857 = AXIS2_PLACEMENT_3D('',#20858,#20859,#20860);
#20858 = CARTESIAN_POINT('',(136.642026,32.427705,-4.6E-02));
#20859 = DIRECTION('',(-0.,-0.,-1.));
#20860 = DIRECTION('',(-0.,-1.,0.));
#20861 = ADVANCED_FACE('',(#20862),#20873,.F.);
#20862 = FACE_BOUND('',#20863,.T.);
#20863 = EDGE_LOOP('',(#20864,#20865,#20871,#20872));
#20864 = ORIENTED_EDGE('',*,*,#5454,.T.);
#20865 = ORIENTED_EDGE('',*,*,#20866,.T.);
#20866 = EDGE_CURVE('',#5455,#11661,#20867,.T.);
#20867 = LINE('',#20868,#20869);
#20868 = CARTESIAN_POINT('',(130.087995,38.413328,-4.6E-02));
#20869 = VECTOR('',#20870,1.);
#20870 = DIRECTION('',(0.,0.,1.));
#20871 = ORIENTED_EDGE('',*,*,#11660,.F.);
#20872 = ORIENTED_EDGE('',*,*,#20866,.F.);
#20873 = CYLINDRICAL_SURFACE('',#20874,0.8);
#20874 = AXIS2_PLACEMENT_3D('',#20875,#20876,#20877);
#20875 = CARTESIAN_POINT('',(130.087995,39.213328,-4.6E-02));
#20876 = DIRECTION('',(-0.,0.,-1.));
#20877 = DIRECTION('',(3.5527136788E-14,-1.,-0.));
#20878 = ADVANCED_FACE('',(#20879),#20890,.F.);
#20879 = FACE_BOUND('',#20880,.T.);
#20880 = EDGE_LOOP('',(#20881,#20882,#20888,#20889));
#20881 = ORIENTED_EDGE('',*,*,#5465,.T.);
#20882 = ORIENTED_EDGE('',*,*,#20883,.T.);
#20883 = EDGE_CURVE('',#5466,#11672,#20884,.T.);
#20884 = LINE('',#20885,#20886);
#20885 = CARTESIAN_POINT('',(141.969379,29.888153,-4.6E-02));
#20886 = VECTOR('',#20887,1.);
#20887 = DIRECTION('',(0.,0.,1.));
#20888 = ORIENTED_EDGE('',*,*,#11671,.F.);
#20889 = ORIENTED_EDGE('',*,*,#20883,.F.);
#20890 = CYLINDRICAL_SURFACE('',#20891,1.525);
#20891 = AXIS2_PLACEMENT_3D('',#20892,#20893,#20894);
#20892 = CARTESIAN_POINT('',(141.969379,31.413153,-4.6E-02));
#20893 = DIRECTION('',(-0.,-0.,-1.));
#20894 = DIRECTION('',(-0.,-1.,0.));
#20895 = ADVANCED_FACE('',(#20896),#20907,.F.);
#20896 = FACE_BOUND('',#20897,.T.);
#20897 = EDGE_LOOP('',(#20898,#20899,#20905,#20906));
#20898 = ORIENTED_EDGE('',*,*,#5476,.T.);
#20899 = ORIENTED_EDGE('',*,*,#20900,.T.);
#20900 = EDGE_CURVE('',#5477,#11683,#20901,.T.);
#20901 = LINE('',#20902,#20903);
#20902 = CARTESIAN_POINT('',(144.478565,38.447296,-4.6E-02));
#20903 = VECTOR('',#20904,1.);
#20904 = DIRECTION('',(0.,0.,1.));
#20905 = ORIENTED_EDGE('',*,*,#11682,.F.);
#20906 = ORIENTED_EDGE('',*,*,#20900,.F.);
#20907 = CYLINDRICAL_SURFACE('',#20908,0.4);
#20908 = AXIS2_PLACEMENT_3D('',#20909,#20910,#20911);
#20909 = CARTESIAN_POINT('',(144.478565,38.847296,-4.6E-02));
#20910 = DIRECTION('',(-0.,-0.,-1.));
#20911 = DIRECTION('',(-0.,-1.,0.));
#20912 = ADVANCED_FACE('',(#20913),#20924,.F.);
#20913 = FACE_BOUND('',#20914,.T.);
#20914 = EDGE_LOOP('',(#20915,#20916,#20922,#20923));
#20915 = ORIENTED_EDGE('',*,*,#5487,.T.);
#20916 = ORIENTED_EDGE('',*,*,#20917,.T.);
#20917 = EDGE_CURVE('',#5488,#11694,#20918,.T.);
#20918 = LINE('',#20919,#20920);
#20919 = CARTESIAN_POINT('',(8.89,40.122373,-4.6E-02));
#20920 = VECTOR('',#20921,1.);
#20921 = DIRECTION('',(0.,0.,1.));
#20922 = ORIENTED_EDGE('',*,*,#11693,.F.);
#20923 = ORIENTED_EDGE('',*,*,#20917,.F.);
#20924 = CYLINDRICAL_SURFACE('',#20925,0.51);
#20925 = AXIS2_PLACEMENT_3D('',#20926,#20927,#20928);
#20926 = CARTESIAN_POINT('',(8.89,40.632373,-4.6E-02));
#20927 = DIRECTION('',(-0.,-0.,-1.));
#20928 = DIRECTION('',(-0.,-1.,0.));
#20929 = ADVANCED_FACE('',(#20930),#20941,.F.);
#20930 = FACE_BOUND('',#20931,.T.);
#20931 = EDGE_LOOP('',(#20932,#20933,#20939,#20940));
#20932 = ORIENTED_EDGE('',*,*,#5498,.T.);
#20933 = ORIENTED_EDGE('',*,*,#20934,.T.);
#20934 = EDGE_CURVE('',#5499,#11705,#20935,.T.);
#20935 = LINE('',#20936,#20937);
#20936 = CARTESIAN_POINT('',(8.89,42.662373,-4.6E-02));
#20937 = VECTOR('',#20938,1.);
#20938 = DIRECTION('',(0.,0.,1.));
#20939 = ORIENTED_EDGE('',*,*,#11704,.F.);
#20940 = ORIENTED_EDGE('',*,*,#20934,.F.);
#20941 = CYLINDRICAL_SURFACE('',#20942,0.51);
#20942 = AXIS2_PLACEMENT_3D('',#20943,#20944,#20945);
#20943 = CARTESIAN_POINT('',(8.89,43.172373,-4.6E-02));
#20944 = DIRECTION('',(-0.,-0.,-1.));
#20945 = DIRECTION('',(-0.,-1.,0.));
#20946 = ADVANCED_FACE('',(#20947),#20958,.F.);
#20947 = FACE_BOUND('',#20948,.T.);
#20948 = EDGE_LOOP('',(#20949,#20950,#20956,#20957));
#20949 = ORIENTED_EDGE('',*,*,#5509,.T.);
#20950 = ORIENTED_EDGE('',*,*,#20951,.T.);
#20951 = EDGE_CURVE('',#5510,#11716,#20952,.T.);
#20952 = LINE('',#20953,#20954);
#20953 = CARTESIAN_POINT('',(14.2875,43.704873,-4.6E-02));
#20954 = VECTOR('',#20955,1.);
#20955 = DIRECTION('',(0.,0.,1.));
#20956 = ORIENTED_EDGE('',*,*,#11715,.F.);
#20957 = ORIENTED_EDGE('',*,*,#20951,.F.);
#20958 = CYLINDRICAL_SURFACE('',#20959,0.65);
#20959 = AXIS2_PLACEMENT_3D('',#20960,#20961,#20962);
#20960 = CARTESIAN_POINT('',(14.2875,44.354873,-4.6E-02));
#20961 = DIRECTION('',(-0.,-0.,-1.));
#20962 = DIRECTION('',(-0.,-1.,0.));
#20963 = ADVANCED_FACE('',(#20964),#20975,.F.);
#20964 = FACE_BOUND('',#20965,.T.);
#20965 = EDGE_LOOP('',(#20966,#20967,#20973,#20974));
#20966 = ORIENTED_EDGE('',*,*,#5520,.T.);
#20967 = ORIENTED_EDGE('',*,*,#20968,.T.);
#20968 = EDGE_CURVE('',#5521,#11727,#20969,.T.);
#20969 = LINE('',#20970,#20971);
#20970 = CARTESIAN_POINT('',(8.89,45.202373,-4.6E-02));
#20971 = VECTOR('',#20972,1.);
#20972 = DIRECTION('',(0.,0.,1.));
#20973 = ORIENTED_EDGE('',*,*,#11726,.F.);
#20974 = ORIENTED_EDGE('',*,*,#20968,.F.);
#20975 = CYLINDRICAL_SURFACE('',#20976,0.51);
#20976 = AXIS2_PLACEMENT_3D('',#20977,#20978,#20979);
#20977 = CARTESIAN_POINT('',(8.89,45.712373,-4.6E-02));
#20978 = DIRECTION('',(-0.,-0.,-1.));
#20979 = DIRECTION('',(-0.,-1.,0.));
#20980 = ADVANCED_FACE('',(#20981),#20992,.F.);
#20981 = FACE_BOUND('',#20982,.T.);
#20982 = EDGE_LOOP('',(#20983,#20984,#20990,#20991));
#20983 = ORIENTED_EDGE('',*,*,#5531,.T.);
#20984 = ORIENTED_EDGE('',*,*,#20985,.T.);
#20985 = EDGE_CURVE('',#5532,#11738,#20986,.T.);
#20986 = LINE('',#20987,#20988);
#20987 = CARTESIAN_POINT('',(8.89,47.742373,-4.6E-02));
#20988 = VECTOR('',#20989,1.);
#20989 = DIRECTION('',(0.,0.,1.));
#20990 = ORIENTED_EDGE('',*,*,#11737,.F.);
#20991 = ORIENTED_EDGE('',*,*,#20985,.F.);
#20992 = CYLINDRICAL_SURFACE('',#20993,0.51);
#20993 = AXIS2_PLACEMENT_3D('',#20994,#20995,#20996);
#20994 = CARTESIAN_POINT('',(8.89,48.252373,-4.6E-02));
#20995 = DIRECTION('',(-0.,-0.,-1.));
#20996 = DIRECTION('',(-0.,-1.,0.));
#20997 = ADVANCED_FACE('',(#20998),#21009,.F.);
#20998 = FACE_BOUND('',#20999,.T.);
#20999 = EDGE_LOOP('',(#21000,#21001,#21007,#21008));
#21000 = ORIENTED_EDGE('',*,*,#5542,.T.);
#21001 = ORIENTED_EDGE('',*,*,#21002,.T.);
#21002 = EDGE_CURVE('',#5543,#11749,#21003,.T.);
#21003 = LINE('',#21004,#21005);
#21004 = CARTESIAN_POINT('',(32.145806,42.75872,-4.6E-02));
#21005 = VECTOR('',#21006,1.);
#21006 = DIRECTION('',(0.,0.,1.));
#21007 = ORIENTED_EDGE('',*,*,#11748,.F.);
#21008 = ORIENTED_EDGE('',*,*,#21002,.F.);
#21009 = CYLINDRICAL_SURFACE('',#21010,1.525);
#21010 = AXIS2_PLACEMENT_3D('',#21011,#21012,#21013);
#21011 = CARTESIAN_POINT('',(32.145806,44.28372,-4.6E-02));
#21012 = DIRECTION('',(-0.,-0.,-1.));
#21013 = DIRECTION('',(-0.,-1.,0.));
#21014 = ADVANCED_FACE('',(#21015),#21026,.F.);
#21015 = FACE_BOUND('',#21016,.T.);
#21016 = EDGE_LOOP('',(#21017,#21018,#21024,#21025));
#21017 = ORIENTED_EDGE('',*,*,#5553,.T.);
#21018 = ORIENTED_EDGE('',*,*,#21019,.T.);
#21019 = EDGE_CURVE('',#5554,#11760,#21020,.T.);
#21020 = LINE('',#21021,#21022);
#21021 = CARTESIAN_POINT('',(37.530953,42.118257,-4.6E-02));
#21022 = VECTOR('',#21023,1.);
#21023 = DIRECTION('',(0.,0.,1.));
#21024 = ORIENTED_EDGE('',*,*,#11759,.F.);
#21025 = ORIENTED_EDGE('',*,*,#21019,.F.);
#21026 = CYLINDRICAL_SURFACE('',#21027,1.525);
#21027 = AXIS2_PLACEMENT_3D('',#21028,#21029,#21030);
#21028 = CARTESIAN_POINT('',(37.530953,43.643257,-4.6E-02));
#21029 = DIRECTION('',(-0.,-0.,-1.));
#21030 = DIRECTION('',(-0.,-1.,0.));
#21031 = ADVANCED_FACE('',(#21032),#21043,.F.);
#21032 = FACE_BOUND('',#21033,.T.);
#21033 = EDGE_LOOP('',(#21034,#21035,#21041,#21042));
#21034 = ORIENTED_EDGE('',*,*,#5564,.T.);
#21035 = ORIENTED_EDGE('',*,*,#21036,.T.);
#21036 = EDGE_CURVE('',#5565,#11771,#21037,.T.);
#21037 = LINE('',#21038,#21039);
#21038 = CARTESIAN_POINT('',(8.89,50.282373,-4.6E-02));
#21039 = VECTOR('',#21040,1.);
#21040 = DIRECTION('',(0.,0.,1.));
#21041 = ORIENTED_EDGE('',*,*,#11770,.F.);
#21042 = ORIENTED_EDGE('',*,*,#21036,.F.);
#21043 = CYLINDRICAL_SURFACE('',#21044,0.51);
#21044 = AXIS2_PLACEMENT_3D('',#21045,#21046,#21047);
#21045 = CARTESIAN_POINT('',(8.89,50.792373,-4.6E-02));
#21046 = DIRECTION('',(-0.,-0.,-1.));
#21047 = DIRECTION('',(-0.,-1.,0.));
#21048 = ADVANCED_FACE('',(#21049),#21060,.F.);
#21049 = FACE_BOUND('',#21050,.T.);
#21050 = EDGE_LOOP('',(#21051,#21052,#21058,#21059));
#21051 = ORIENTED_EDGE('',*,*,#5575,.T.);
#21052 = ORIENTED_EDGE('',*,*,#21053,.T.);
#21053 = EDGE_CURVE('',#5576,#11782,#21054,.T.);
#21054 = LINE('',#21055,#21056);
#21055 = CARTESIAN_POINT('',(8.89,52.822373,-4.6E-02));
#21056 = VECTOR('',#21057,1.);
#21057 = DIRECTION('',(0.,0.,1.));
#21058 = ORIENTED_EDGE('',*,*,#11781,.F.);
#21059 = ORIENTED_EDGE('',*,*,#21053,.F.);
#21060 = CYLINDRICAL_SURFACE('',#21061,0.51);
#21061 = AXIS2_PLACEMENT_3D('',#21062,#21063,#21064);
#21062 = CARTESIAN_POINT('',(8.89,53.332373,-4.6E-02));
#21063 = DIRECTION('',(-0.,-0.,-1.));
#21064 = DIRECTION('',(-0.,-1.,0.));
#21065 = ADVANCED_FACE('',(#21066),#21077,.F.);
#21066 = FACE_BOUND('',#21067,.T.);
#21067 = EDGE_LOOP('',(#21068,#21069,#21075,#21076));
#21068 = ORIENTED_EDGE('',*,*,#5586,.T.);
#21069 = ORIENTED_EDGE('',*,*,#21070,.T.);
#21070 = EDGE_CURVE('',#5587,#11793,#21071,.T.);
#21071 = LINE('',#21072,#21073);
#21072 = CARTESIAN_POINT('',(8.89,55.362373,-4.6E-02));
#21073 = VECTOR('',#21074,1.);
#21074 = DIRECTION('',(0.,0.,1.));
#21075 = ORIENTED_EDGE('',*,*,#11792,.F.);
#21076 = ORIENTED_EDGE('',*,*,#21070,.F.);
#21077 = CYLINDRICAL_SURFACE('',#21078,0.51);
#21078 = AXIS2_PLACEMENT_3D('',#21079,#21080,#21081);
#21079 = CARTESIAN_POINT('',(8.89,55.872373,-4.6E-02));
#21080 = DIRECTION('',(-0.,-0.,-1.));
#21081 = DIRECTION('',(-0.,-1.,0.));
#21082 = ADVANCED_FACE('',(#21083),#21094,.F.);
#21083 = FACE_BOUND('',#21084,.T.);
#21084 = EDGE_LOOP('',(#21085,#21086,#21092,#21093));
#21085 = ORIENTED_EDGE('',*,*,#5597,.T.);
#21086 = ORIENTED_EDGE('',*,*,#21087,.T.);
#21087 = EDGE_CURVE('',#5598,#11804,#21088,.T.);
#21088 = LINE('',#21089,#21090);
#21089 = CARTESIAN_POINT('',(8.89,57.902373,-4.6E-02));
#21090 = VECTOR('',#21091,1.);
#21091 = DIRECTION('',(0.,0.,1.));
#21092 = ORIENTED_EDGE('',*,*,#11803,.F.);
#21093 = ORIENTED_EDGE('',*,*,#21087,.F.);
#21094 = CYLINDRICAL_SURFACE('',#21095,0.51);
#21095 = AXIS2_PLACEMENT_3D('',#21096,#21097,#21098);
#21096 = CARTESIAN_POINT('',(8.89,58.412373,-4.6E-02));
#21097 = DIRECTION('',(-0.,-0.,-1.));
#21098 = DIRECTION('',(-0.,-1.,0.));
#21099 = ADVANCED_FACE('',(#21100),#21111,.F.);
#21100 = FACE_BOUND('',#21101,.T.);
#21101 = EDGE_LOOP('',(#21102,#21103,#21109,#21110));
#21102 = ORIENTED_EDGE('',*,*,#5608,.T.);
#21103 = ORIENTED_EDGE('',*,*,#21104,.T.);
#21104 = EDGE_CURVE('',#5609,#11815,#21105,.T.);
#21105 = LINE('',#21106,#21107);
#21106 = CARTESIAN_POINT('',(47.384604,41.312493,-4.6E-02));
#21107 = VECTOR('',#21108,1.);
#21108 = DIRECTION('',(0.,0.,1.));
#21109 = ORIENTED_EDGE('',*,*,#11814,.F.);
#21110 = ORIENTED_EDGE('',*,*,#21104,.F.);
#21111 = CYLINDRICAL_SURFACE('',#21112,0.8);
#21112 = AXIS2_PLACEMENT_3D('',#21113,#21114,#21115);
#21113 = CARTESIAN_POINT('',(47.384604,42.112493,-4.6E-02));
#21114 = DIRECTION('',(-0.,0.,-1.));
#21115 = DIRECTION('',(8.881784197001E-15,-1.,-0.));
#21116 = ADVANCED_FACE('',(#21117),#21128,.F.);
#21117 = FACE_BOUND('',#21118,.T.);
#21118 = EDGE_LOOP('',(#21119,#21120,#21126,#21127));
#21119 = ORIENTED_EDGE('',*,*,#5619,.T.);
#21120 = ORIENTED_EDGE('',*,*,#21121,.T.);
#21121 = EDGE_CURVE('',#5620,#11826,#21122,.T.);
#21122 = LINE('',#21123,#21124);
#21123 = CARTESIAN_POINT('',(45.48444,45.975172,-4.6E-02));
#21124 = VECTOR('',#21125,1.);
#21125 = DIRECTION('',(0.,0.,1.));
#21126 = ORIENTED_EDGE('',*,*,#11825,.F.);
#21127 = ORIENTED_EDGE('',*,*,#21121,.F.);
#21128 = CYLINDRICAL_SURFACE('',#21129,0.95);
#21129 = AXIS2_PLACEMENT_3D('',#21130,#21131,#21132);
#21130 = CARTESIAN_POINT('',(45.48444,46.925172,-4.6E-02));
#21131 = DIRECTION('',(-0.,-0.,-1.));
#21132 = DIRECTION('',(-0.,-1.,0.));
#21133 = ADVANCED_FACE('',(#21134),#21145,.F.);
#21134 = FACE_BOUND('',#21135,.T.);
#21135 = EDGE_LOOP('',(#21136,#21137,#21143,#21144));
#21136 = ORIENTED_EDGE('',*,*,#5630,.T.);
#21137 = ORIENTED_EDGE('',*,*,#21138,.T.);
#21138 = EDGE_CURVE('',#5631,#11837,#21139,.T.);
#21139 = LINE('',#21140,#21141);
#21140 = CARTESIAN_POINT('',(50.771379,45.916177,-4.6E-02));
#21141 = VECTOR('',#21142,1.);
#21142 = DIRECTION('',(0.,0.,1.));
#21143 = ORIENTED_EDGE('',*,*,#11836,.F.);
#21144 = ORIENTED_EDGE('',*,*,#21138,.F.);
#21145 = CYLINDRICAL_SURFACE('',#21146,2.525);
#21146 = AXIS2_PLACEMENT_3D('',#21147,#21148,#21149);
#21147 = CARTESIAN_POINT('',(50.771379,48.441177,-4.6E-02));
#21148 = DIRECTION('',(-0.,0.,-1.));
#21149 = DIRECTION('',(2.814030636674E-15,-1.,-0.));
#21150 = ADVANCED_FACE('',(#21151),#21162,.F.);
#21151 = FACE_BOUND('',#21152,.T.);
#21152 = EDGE_LOOP('',(#21153,#21154,#21160,#21161));
#21153 = ORIENTED_EDGE('',*,*,#5641,.T.);
#21154 = ORIENTED_EDGE('',*,*,#21155,.T.);
#21155 = EDGE_CURVE('',#5642,#11848,#21156,.T.);
#21156 = LINE('',#21157,#21158);
#21157 = CARTESIAN_POINT('',(56.058318,49.007182,-4.6E-02));
#21158 = VECTOR('',#21159,1.);
#21159 = DIRECTION('',(0.,0.,1.));
#21160 = ORIENTED_EDGE('',*,*,#11847,.F.);
#21161 = ORIENTED_EDGE('',*,*,#21155,.F.);
#21162 = CYLINDRICAL_SURFACE('',#21163,0.95);
#21163 = AXIS2_PLACEMENT_3D('',#21164,#21165,#21166);
#21164 = CARTESIAN_POINT('',(56.058318,49.957182,-4.6E-02));
#21165 = DIRECTION('',(-0.,-0.,-1.));
#21166 = DIRECTION('',(-0.,-1.,0.));
#21167 = ADVANCED_FACE('',(#21168),#21179,.F.);
#21168 = FACE_BOUND('',#21169,.T.);
#21169 = EDGE_LOOP('',(#21170,#21171,#21177,#21178));
#21170 = ORIENTED_EDGE('',*,*,#5652,.T.);
#21171 = ORIENTED_EDGE('',*,*,#21172,.T.);
#21172 = EDGE_CURVE('',#5653,#11859,#21173,.T.);
#21173 = LINE('',#21174,#21175);
#21174 = CARTESIAN_POINT('',(59.665298,49.676003,-4.6E-02));
#21175 = VECTOR('',#21176,1.);
#21176 = DIRECTION('',(0.,0.,1.));
#21177 = ORIENTED_EDGE('',*,*,#11858,.F.);
#21178 = ORIENTED_EDGE('',*,*,#21172,.F.);
#21179 = CYLINDRICAL_SURFACE('',#21180,0.4);
#21180 = AXIS2_PLACEMENT_3D('',#21181,#21182,#21183);
#21181 = CARTESIAN_POINT('',(59.665298,50.076003,-4.6E-02));
#21182 = DIRECTION('',(-0.,-0.,-1.));
#21183 = DIRECTION('',(-0.,-1.,0.));
#21184 = ADVANCED_FACE('',(#21185),#21196,.F.);
#21185 = FACE_BOUND('',#21186,.T.);
#21186 = EDGE_LOOP('',(#21187,#21188,#21194,#21195));
#21187 = ORIENTED_EDGE('',*,*,#5663,.T.);
#21188 = ORIENTED_EDGE('',*,*,#21189,.T.);
#21189 = EDGE_CURVE('',#5664,#11870,#21190,.T.);
#21190 = LINE('',#21191,#21192);
#21191 = CARTESIAN_POINT('',(61.765652,42.351188,-4.6E-02));
#21192 = VECTOR('',#21193,1.);
#21193 = DIRECTION('',(0.,0.,1.));
#21194 = ORIENTED_EDGE('',*,*,#11869,.F.);
#21195 = ORIENTED_EDGE('',*,*,#21189,.F.);
#21196 = CYLINDRICAL_SURFACE('',#21197,0.4);
#21197 = AXIS2_PLACEMENT_3D('',#21198,#21199,#21200);
#21198 = CARTESIAN_POINT('',(61.765652,42.751188,-4.6E-02));
#21199 = DIRECTION('',(-0.,-0.,-1.));
#21200 = DIRECTION('',(-0.,-1.,0.));
#21201 = ADVANCED_FACE('',(#21202),#21213,.F.);
#21202 = FACE_BOUND('',#21203,.T.);
#21203 = EDGE_LOOP('',(#21204,#21205,#21211,#21212));
#21204 = ORIENTED_EDGE('',*,*,#5674,.T.);
#21205 = ORIENTED_EDGE('',*,*,#21206,.T.);
#21206 = EDGE_CURVE('',#5675,#11881,#21207,.T.);
#21207 = LINE('',#21208,#21209);
#21208 = CARTESIAN_POINT('',(78.308523,40.524046,-4.6E-02));
#21209 = VECTOR('',#21210,1.);
#21210 = DIRECTION('',(0.,0.,1.));
#21211 = ORIENTED_EDGE('',*,*,#11880,.F.);
#21212 = ORIENTED_EDGE('',*,*,#21206,.F.);
#21213 = CYLINDRICAL_SURFACE('',#21214,0.95);
#21214 = AXIS2_PLACEMENT_3D('',#21215,#21216,#21217);
#21215 = CARTESIAN_POINT('',(78.308523,41.474046,-4.6E-02));
#21216 = DIRECTION('',(-0.,-0.,-1.));
#21217 = DIRECTION('',(-1.495879443705E-14,-1.,0.));
#21218 = ADVANCED_FACE('',(#21219),#21230,.F.);
#21219 = FACE_BOUND('',#21220,.T.);
#21220 = EDGE_LOOP('',(#21221,#21222,#21228,#21229));
#21221 = ORIENTED_EDGE('',*,*,#5685,.T.);
#21222 = ORIENTED_EDGE('',*,*,#21223,.T.);
#21223 = EDGE_CURVE('',#5686,#11892,#21224,.T.);
#21224 = LINE('',#21225,#21226);
#21225 = CARTESIAN_POINT('',(76.780471,43.464022,-4.6E-02));
#21226 = VECTOR('',#21227,1.);
#21227 = DIRECTION('',(0.,0.,1.));
#21228 = ORIENTED_EDGE('',*,*,#11891,.F.);
#21229 = ORIENTED_EDGE('',*,*,#21223,.F.);
#21230 = CYLINDRICAL_SURFACE('',#21231,1.525);
#21231 = AXIS2_PLACEMENT_3D('',#21232,#21233,#21234);
#21232 = CARTESIAN_POINT('',(76.780471,44.989022,-4.6E-02));
#21233 = DIRECTION('',(-0.,-0.,-1.));
#21234 = DIRECTION('',(-0.,-1.,0.));
#21235 = ADVANCED_FACE('',(#21236),#21247,.F.);
#21236 = FACE_BOUND('',#21237,.T.);
#21237 = EDGE_LOOP('',(#21238,#21239,#21245,#21246));
#21238 = ORIENTED_EDGE('',*,*,#5696,.T.);
#21239 = ORIENTED_EDGE('',*,*,#21240,.T.);
#21240 = EDGE_CURVE('',#5697,#11903,#21241,.T.);
#21241 = LINE('',#21242,#21243);
#21242 = CARTESIAN_POINT('',(71.395324,44.104485,-4.6E-02));
#21243 = VECTOR('',#21244,1.);
#21244 = DIRECTION('',(0.,0.,1.));
#21245 = ORIENTED_EDGE('',*,*,#11902,.F.);
#21246 = ORIENTED_EDGE('',*,*,#21240,.F.);
#21247 = CYLINDRICAL_SURFACE('',#21248,1.525);
#21248 = AXIS2_PLACEMENT_3D('',#21249,#21250,#21251);
#21249 = CARTESIAN_POINT('',(71.395324,45.629485,-4.6E-02));
#21250 = DIRECTION('',(-0.,0.,-1.));
#21251 = DIRECTION('',(9.31859325587E-15,-1.,-0.));
#21252 = ADVANCED_FACE('',(#21253),#21264,.F.);
#21253 = FACE_BOUND('',#21254,.T.);
#21254 = EDGE_LOOP('',(#21255,#21256,#21262,#21263));
#21255 = ORIENTED_EDGE('',*,*,#5707,.T.);
#21256 = ORIENTED_EDGE('',*,*,#21257,.T.);
#21257 = EDGE_CURVE('',#5708,#11914,#21258,.T.);
#21258 = LINE('',#21259,#21260);
#21259 = CARTESIAN_POINT('',(49.145119,52.587621,-4.6E-02));
#21260 = VECTOR('',#21261,1.);
#21261 = DIRECTION('',(0.,0.,1.));
#21262 = ORIENTED_EDGE('',*,*,#11913,.F.);
#21263 = ORIENTED_EDGE('',*,*,#21257,.F.);
#21264 = CYLINDRICAL_SURFACE('',#21265,1.525);
#21265 = AXIS2_PLACEMENT_3D('',#21266,#21267,#21268);
#21266 = CARTESIAN_POINT('',(49.145119,54.112621,-4.6E-02));
#21267 = DIRECTION('',(-0.,-0.,-1.));
#21268 = DIRECTION('',(-0.,-1.,0.));
#21269 = ADVANCED_FACE('',(#21270),#21281,.F.);
#21270 = FACE_BOUND('',#21271,.T.);
#21271 = EDGE_LOOP('',(#21272,#21273,#21279,#21280));
#21272 = ORIENTED_EDGE('',*,*,#5718,.T.);
#21273 = ORIENTED_EDGE('',*,*,#21274,.T.);
#21274 = EDGE_CURVE('',#5719,#11925,#21275,.T.);
#21275 = LINE('',#21276,#21277);
#21276 = CARTESIAN_POINT('',(54.530266,51.947158,-4.6E-02));
#21277 = VECTOR('',#21278,1.);
#21278 = DIRECTION('',(0.,0.,1.));
#21279 = ORIENTED_EDGE('',*,*,#11924,.F.);
#21280 = ORIENTED_EDGE('',*,*,#21274,.F.);
#21281 = CYLINDRICAL_SURFACE('',#21282,1.525);
#21282 = AXIS2_PLACEMENT_3D('',#21283,#21284,#21285);
#21283 = CARTESIAN_POINT('',(54.530266,53.472158,-4.6E-02));
#21284 = DIRECTION('',(-0.,-0.,-1.));
#21285 = DIRECTION('',(-0.,-1.,0.));
#21286 = ADVANCED_FACE('',(#21287),#21298,.F.);
#21287 = FACE_BOUND('',#21288,.T.);
#21288 = EDGE_LOOP('',(#21289,#21290,#21296,#21297));
#21289 = ORIENTED_EDGE('',*,*,#5729,.T.);
#21290 = ORIENTED_EDGE('',*,*,#21291,.T.);
#21291 = EDGE_CURVE('',#5730,#11936,#21292,.T.);
#21292 = LINE('',#21293,#21294);
#21293 = CARTESIAN_POINT('',(64.383916,51.141392,-4.6E-02));
#21294 = VECTOR('',#21295,1.);
#21295 = DIRECTION('',(0.,0.,1.));
#21296 = ORIENTED_EDGE('',*,*,#11935,.F.);
#21297 = ORIENTED_EDGE('',*,*,#21291,.F.);
#21298 = CYLINDRICAL_SURFACE('',#21299,0.8);
#21299 = AXIS2_PLACEMENT_3D('',#21300,#21301,#21302);
#21300 = CARTESIAN_POINT('',(64.383916,51.941392,-4.6E-02));
#21301 = DIRECTION('',(-0.,-0.,-1.));
#21302 = DIRECTION('',(-0.,-1.,0.));
#21303 = ADVANCED_FACE('',(#21304),#21315,.F.);
#21304 = FACE_BOUND('',#21305,.T.);
#21305 = EDGE_LOOP('',(#21306,#21307,#21313,#21314));
#21306 = ORIENTED_EDGE('',*,*,#5740,.T.);
#21307 = ORIENTED_EDGE('',*,*,#21308,.T.);
#21308 = EDGE_CURVE('',#5741,#11947,#21309,.T.);
#21309 = LINE('',#21310,#21311);
#21310 = CARTESIAN_POINT('',(78.764964,52.180088,-4.6E-02));
#21311 = VECTOR('',#21312,1.);
#21312 = DIRECTION('',(0.,0.,1.));
#21313 = ORIENTED_EDGE('',*,*,#11946,.F.);
#21314 = ORIENTED_EDGE('',*,*,#21308,.F.);
#21315 = CYLINDRICAL_SURFACE('',#21316,0.4);
#21316 = AXIS2_PLACEMENT_3D('',#21317,#21318,#21319);
#21317 = CARTESIAN_POINT('',(78.764964,52.580088,-4.6E-02));
#21318 = DIRECTION('',(-0.,0.,-1.));
#21319 = DIRECTION('',(3.5527136788E-14,-1.,-0.));
#21320 = ADVANCED_FACE('',(#21321),#21332,.F.);
#21321 = FACE_BOUND('',#21322,.T.);
#21322 = EDGE_LOOP('',(#21323,#21324,#21330,#21331));
#21323 = ORIENTED_EDGE('',*,*,#5751,.T.);
#21324 = ORIENTED_EDGE('',*,*,#21325,.T.);
#21325 = EDGE_CURVE('',#5752,#11958,#21326,.T.);
#21326 = LINE('',#21327,#21328);
#21327 = CARTESIAN_POINT('',(62.483752,55.804071,-4.6E-02));
#21328 = VECTOR('',#21329,1.);
#21329 = DIRECTION('',(0.,0.,1.));
#21330 = ORIENTED_EDGE('',*,*,#11957,.F.);
#21331 = ORIENTED_EDGE('',*,*,#21325,.F.);
#21332 = CYLINDRICAL_SURFACE('',#21333,0.95);
#21333 = AXIS2_PLACEMENT_3D('',#21334,#21335,#21336);
#21334 = CARTESIAN_POINT('',(62.483752,56.754071,-4.6E-02));
#21335 = DIRECTION('',(-0.,0.,-1.));
#21336 = DIRECTION('',(7.479397218527E-15,-1.,-0.));
#21337 = ADVANCED_FACE('',(#21338),#21349,.F.);
#21338 = FACE_BOUND('',#21339,.T.);
#21339 = EDGE_LOOP('',(#21340,#21341,#21347,#21348));
#21340 = ORIENTED_EDGE('',*,*,#5762,.T.);
#21341 = ORIENTED_EDGE('',*,*,#21342,.T.);
#21342 = EDGE_CURVE('',#5763,#11969,#21343,.T.);
#21343 = LINE('',#21344,#21345);
#21344 = CARTESIAN_POINT('',(67.770691,55.745076,-4.6E-02));
#21345 = VECTOR('',#21346,1.);
#21346 = DIRECTION('',(0.,0.,1.));
#21347 = ORIENTED_EDGE('',*,*,#11968,.F.);
#21348 = ORIENTED_EDGE('',*,*,#21342,.F.);
#21349 = CYLINDRICAL_SURFACE('',#21350,2.525);
#21350 = AXIS2_PLACEMENT_3D('',#21351,#21352,#21353);
#21351 = CARTESIAN_POINT('',(67.770691,58.270076,-4.6E-02));
#21352 = DIRECTION('',(-0.,-0.,-1.));
#21353 = DIRECTION('',(-0.,-1.,0.));
#21354 = ADVANCED_FACE('',(#21355),#21366,.F.);
#21355 = FACE_BOUND('',#21356,.T.);
#21356 = EDGE_LOOP('',(#21357,#21358,#21364,#21365));
#21357 = ORIENTED_EDGE('',*,*,#5773,.T.);
#21358 = ORIENTED_EDGE('',*,*,#21359,.T.);
#21359 = EDGE_CURVE('',#5774,#11980,#21360,.T.);
#21360 = LINE('',#21361,#21362);
#21361 = CARTESIAN_POINT('',(73.05763,58.836081,-4.6E-02));
#21362 = VECTOR('',#21363,1.);
#21363 = DIRECTION('',(0.,0.,1.));
#21364 = ORIENTED_EDGE('',*,*,#11979,.F.);
#21365 = ORIENTED_EDGE('',*,*,#21359,.F.);
#21366 = CYLINDRICAL_SURFACE('',#21367,0.95);
#21367 = AXIS2_PLACEMENT_3D('',#21368,#21369,#21370);
#21368 = CARTESIAN_POINT('',(73.05763,59.786081,-4.6E-02));
#21369 = DIRECTION('',(-0.,-0.,-1.));
#21370 = DIRECTION('',(-0.,-1.,0.));
#21371 = ADVANCED_FACE('',(#21372),#21383,.F.);
#21372 = FACE_BOUND('',#21373,.T.);
#21373 = EDGE_LOOP('',(#21374,#21375,#21381,#21382));
#21374 = ORIENTED_EDGE('',*,*,#5784,.T.);
#21375 = ORIENTED_EDGE('',*,*,#21376,.T.);
#21376 = EDGE_CURVE('',#5785,#11991,#21377,.T.);
#21377 = LINE('',#21378,#21379);
#21378 = CARTESIAN_POINT('',(76.66461,59.504903,-4.6E-02));
#21379 = VECTOR('',#21380,1.);
#21380 = DIRECTION('',(0.,0.,1.));
#21381 = ORIENTED_EDGE('',*,*,#11990,.F.);
#21382 = ORIENTED_EDGE('',*,*,#21376,.F.);
#21383 = CYLINDRICAL_SURFACE('',#21384,0.4);
#21384 = AXIS2_PLACEMENT_3D('',#21385,#21386,#21387);
#21385 = CARTESIAN_POINT('',(76.66461,59.904903,-4.6E-02));
#21386 = DIRECTION('',(-0.,-0.,-1.));
#21387 = DIRECTION('',(-3.552713678801E-14,-1.,0.));
#21388 = ADVANCED_FACE('',(#21389),#21400,.F.);
#21389 = FACE_BOUND('',#21390,.T.);
#21390 = EDGE_LOOP('',(#21391,#21392,#21398,#21399));
#21391 = ORIENTED_EDGE('',*,*,#5795,.T.);
#21392 = ORIENTED_EDGE('',*,*,#21393,.T.);
#21393 = EDGE_CURVE('',#5796,#12002,#21394,.T.);
#21394 = LINE('',#21395,#21396);
#21395 = CARTESIAN_POINT('',(8.89,60.442373,-4.6E-02));
#21396 = VECTOR('',#21397,1.);
#21397 = DIRECTION('',(0.,0.,1.));
#21398 = ORIENTED_EDGE('',*,*,#12001,.F.);
#21399 = ORIENTED_EDGE('',*,*,#21393,.F.);
#21400 = CYLINDRICAL_SURFACE('',#21401,0.51);
#21401 = AXIS2_PLACEMENT_3D('',#21402,#21403,#21404);
#21402 = CARTESIAN_POINT('',(8.89,60.952373,-4.6E-02));
#21403 = DIRECTION('',(-0.,-0.,-1.));
#21404 = DIRECTION('',(-0.,-1.,0.));
#21405 = ADVANCED_FACE('',(#21406),#21417,.F.);
#21406 = FACE_BOUND('',#21407,.T.);
#21407 = EDGE_LOOP('',(#21408,#21409,#21415,#21416));
#21408 = ORIENTED_EDGE('',*,*,#5806,.T.);
#21409 = ORIENTED_EDGE('',*,*,#21410,.T.);
#21410 = EDGE_CURVE('',#5807,#12013,#21411,.T.);
#21411 = LINE('',#21412,#21413);
#21412 = CARTESIAN_POINT('',(8.89,62.982373,-4.6E-02));
#21413 = VECTOR('',#21414,1.);
#21414 = DIRECTION('',(0.,0.,1.));
#21415 = ORIENTED_EDGE('',*,*,#12012,.F.);
#21416 = ORIENTED_EDGE('',*,*,#21410,.F.);
#21417 = CYLINDRICAL_SURFACE('',#21418,0.51);
#21418 = AXIS2_PLACEMENT_3D('',#21419,#21420,#21421);
#21419 = CARTESIAN_POINT('',(8.89,63.492373,-4.6E-02));
#21420 = DIRECTION('',(-0.,-0.,-1.));
#21421 = DIRECTION('',(-0.,-1.,0.));
#21422 = ADVANCED_FACE('',(#21423),#21434,.F.);
#21423 = FACE_BOUND('',#21424,.T.);
#21424 = EDGE_LOOP('',(#21425,#21426,#21432,#21433));
#21425 = ORIENTED_EDGE('',*,*,#5817,.T.);
#21426 = ORIENTED_EDGE('',*,*,#21427,.T.);
#21427 = EDGE_CURVE('',#5818,#12024,#21428,.T.);
#21428 = LINE('',#21429,#21430);
#21429 = CARTESIAN_POINT('',(8.89,65.522373,-4.6E-02));
#21430 = VECTOR('',#21431,1.);
#21431 = DIRECTION('',(0.,0.,1.));
#21432 = ORIENTED_EDGE('',*,*,#12023,.F.);
#21433 = ORIENTED_EDGE('',*,*,#21427,.F.);
#21434 = CYLINDRICAL_SURFACE('',#21435,0.51);
#21435 = AXIS2_PLACEMENT_3D('',#21436,#21437,#21438);
#21436 = CARTESIAN_POINT('',(8.89,66.032373,-4.6E-02));
#21437 = DIRECTION('',(-0.,-0.,-1.));
#21438 = DIRECTION('',(-0.,-1.,0.));
#21439 = ADVANCED_FACE('',(#21440),#21451,.F.);
#21440 = FACE_BOUND('',#21441,.T.);
#21441 = EDGE_LOOP('',(#21442,#21443,#21449,#21450));
#21442 = ORIENTED_EDGE('',*,*,#5828,.T.);
#21443 = ORIENTED_EDGE('',*,*,#21444,.T.);
#21444 = EDGE_CURVE('',#5829,#12035,#21445,.T.);
#21445 = LINE('',#21446,#21447);
#21446 = CARTESIAN_POINT('',(8.89,68.062373,-4.6E-02));
#21447 = VECTOR('',#21448,1.);
#21448 = DIRECTION('',(0.,0.,1.));
#21449 = ORIENTED_EDGE('',*,*,#12034,.F.);
#21450 = ORIENTED_EDGE('',*,*,#21444,.F.);
#21451 = CYLINDRICAL_SURFACE('',#21452,0.51);
#21452 = AXIS2_PLACEMENT_3D('',#21453,#21454,#21455);
#21453 = CARTESIAN_POINT('',(8.89,68.572373,-4.6E-02));
#21454 = DIRECTION('',(-0.,-0.,-1.));
#21455 = DIRECTION('',(-0.,-1.,0.));
#21456 = ADVANCED_FACE('',(#21457),#21468,.F.);
#21457 = FACE_BOUND('',#21458,.T.);
#21458 = EDGE_LOOP('',(#21459,#21460,#21466,#21467));
#21459 = ORIENTED_EDGE('',*,*,#5839,.T.);
#21460 = ORIENTED_EDGE('',*,*,#21461,.T.);
#21461 = EDGE_CURVE('',#5840,#12046,#21462,.T.);
#21462 = LINE('',#21463,#21464);
#21463 = CARTESIAN_POINT('',(19.05,67.067373,-4.6E-02));
#21464 = VECTOR('',#21465,1.);
#21465 = DIRECTION('',(0.,0.,1.));
#21466 = ORIENTED_EDGE('',*,*,#12045,.F.);
#21467 = ORIENTED_EDGE('',*,*,#21461,.F.);
#21468 = CYLINDRICAL_SURFACE('',#21469,1.1);
#21469 = AXIS2_PLACEMENT_3D('',#21470,#21471,#21472);
#21470 = CARTESIAN_POINT('',(19.05,68.167373,-4.6E-02));
#21471 = DIRECTION('',(-0.,0.,-1.));
#21472 = DIRECTION('',(3.229739708E-15,-1.,-0.));
#21473 = ADVANCED_FACE('',(#21474),#21485,.F.);
#21474 = FACE_BOUND('',#21475,.T.);
#21475 = EDGE_LOOP('',(#21476,#21477,#21483,#21484));
#21476 = ORIENTED_EDGE('',*,*,#5850,.T.);
#21477 = ORIENTED_EDGE('',*,*,#21478,.T.);
#21478 = EDGE_CURVE('',#5851,#12057,#21479,.T.);
#21479 = LINE('',#21480,#21481);
#21480 = CARTESIAN_POINT('',(66.144431,62.41652,-4.6E-02));
#21481 = VECTOR('',#21482,1.);
#21482 = DIRECTION('',(0.,0.,1.));
#21483 = ORIENTED_EDGE('',*,*,#12056,.F.);
#21484 = ORIENTED_EDGE('',*,*,#21478,.F.);
#21485 = CYLINDRICAL_SURFACE('',#21486,1.525);
#21486 = AXIS2_PLACEMENT_3D('',#21487,#21488,#21489);
#21487 = CARTESIAN_POINT('',(66.144431,63.94152,-4.6E-02));
#21488 = DIRECTION('',(-0.,-0.,-1.));
#21489 = DIRECTION('',(-0.,-1.,0.));
#21490 = ADVANCED_FACE('',(#21491),#21502,.F.);
#21491 = FACE_BOUND('',#21492,.T.);
#21492 = EDGE_LOOP('',(#21493,#21494,#21500,#21501));
#21493 = ORIENTED_EDGE('',*,*,#5861,.T.);
#21494 = ORIENTED_EDGE('',*,*,#21495,.T.);
#21495 = EDGE_CURVE('',#5862,#12068,#21496,.T.);
#21496 = LINE('',#21497,#21498);
#21497 = CARTESIAN_POINT('',(71.529578,61.776057,-4.6E-02));
#21498 = VECTOR('',#21499,1.);
#21499 = DIRECTION('',(0.,0.,1.));
#21500 = ORIENTED_EDGE('',*,*,#12067,.F.);
#21501 = ORIENTED_EDGE('',*,*,#21495,.F.);
#21502 = CYLINDRICAL_SURFACE('',#21503,1.525);
#21503 = AXIS2_PLACEMENT_3D('',#21504,#21505,#21506);
#21504 = CARTESIAN_POINT('',(71.529578,63.301057,-4.6E-02));
#21505 = DIRECTION('',(-0.,-0.,-1.));
#21506 = DIRECTION('',(-0.,-1.,0.));
#21507 = ADVANCED_FACE('',(#21508),#21519,.F.);
#21508 = FACE_BOUND('',#21509,.T.);
#21509 = EDGE_LOOP('',(#21510,#21511,#21517,#21518));
#21510 = ORIENTED_EDGE('',*,*,#5872,.T.);
#21511 = ORIENTED_EDGE('',*,*,#21512,.T.);
#21512 = EDGE_CURVE('',#5873,#12079,#21513,.T.);
#21513 = LINE('',#21514,#21515);
#21514 = CARTESIAN_POINT('',(81.915501,41.192868,-4.6E-02));
#21515 = VECTOR('',#21516,1.);
#21516 = DIRECTION('',(0.,0.,1.));
#21517 = ORIENTED_EDGE('',*,*,#12078,.F.);
#21518 = ORIENTED_EDGE('',*,*,#21512,.F.);
#21519 = CYLINDRICAL_SURFACE('',#21520,0.4);
#21520 = AXIS2_PLACEMENT_3D('',#21521,#21522,#21523);
#21521 = CARTESIAN_POINT('',(81.915501,41.592868,-4.6E-02));
#21522 = DIRECTION('',(-0.,-0.,-1.));
#21523 = DIRECTION('',(-0.,-1.,0.));
#21524 = ADVANCED_FACE('',(#21525),#21536,.F.);
#21525 = FACE_BOUND('',#21526,.T.);
#21526 = EDGE_LOOP('',(#21527,#21528,#21534,#21535));
#21527 = ORIENTED_EDGE('',*,*,#5883,.T.);
#21528 = ORIENTED_EDGE('',*,*,#21529,.T.);
#21529 = EDGE_CURVE('',#5884,#12090,#21530,.T.);
#21530 = LINE('',#21531,#21532);
#21531 = CARTESIAN_POINT('',(92.646341,38.105924,-4.6E-02));
#21532 = VECTOR('',#21533,1.);
#21533 = DIRECTION('',(0.,0.,1.));
#21534 = ORIENTED_EDGE('',*,*,#12089,.F.);
#21535 = ORIENTED_EDGE('',*,*,#21529,.F.);
#21536 = CYLINDRICAL_SURFACE('',#21537,2.525);
#21537 = AXIS2_PLACEMENT_3D('',#21538,#21539,#21540);
#21538 = CARTESIAN_POINT('',(92.646341,40.630924,-4.6E-02));
#21539 = DIRECTION('',(-0.,-0.,-1.));
#21540 = DIRECTION('',(-0.,-1.,0.));
#21541 = ADVANCED_FACE('',(#21542),#21553,.F.);
#21542 = FACE_BOUND('',#21543,.T.);
#21543 = EDGE_LOOP('',(#21544,#21545,#21551,#21552));
#21544 = ORIENTED_EDGE('',*,*,#5894,.T.);
#21545 = ORIENTED_EDGE('',*,*,#21546,.T.);
#21546 = EDGE_CURVE('',#5895,#12101,#21547,.T.);
#21547 = LINE('',#21548,#21549);
#21548 = CARTESIAN_POINT('',(97.93328,41.196929,-4.6E-02));
#21549 = VECTOR('',#21550,1.);
#21550 = DIRECTION('',(0.,0.,1.));
#21551 = ORIENTED_EDGE('',*,*,#12100,.F.);
#21552 = ORIENTED_EDGE('',*,*,#21546,.F.);
#21553 = CYLINDRICAL_SURFACE('',#21554,0.95);
#21554 = AXIS2_PLACEMENT_3D('',#21555,#21556,#21557);
#21555 = CARTESIAN_POINT('',(97.93328,42.146929,-4.6E-02));
#21556 = DIRECTION('',(-0.,-0.,-1.));
#21557 = DIRECTION('',(-0.,-1.,0.));
#21558 = ADVANCED_FACE('',(#21559),#21570,.F.);
#21559 = FACE_BOUND('',#21560,.T.);
#21560 = EDGE_LOOP('',(#21561,#21562,#21568,#21569));
#21561 = ORIENTED_EDGE('',*,*,#5905,.T.);
#21562 = ORIENTED_EDGE('',*,*,#21563,.T.);
#21563 = EDGE_CURVE('',#5906,#12112,#21564,.T.);
#21564 = LINE('',#21565,#21566);
#21565 = CARTESIAN_POINT('',(91.020081,44.777368,-4.6E-02));
#21566 = VECTOR('',#21567,1.);
#21567 = DIRECTION('',(0.,0.,1.));
#21568 = ORIENTED_EDGE('',*,*,#12111,.F.);
#21569 = ORIENTED_EDGE('',*,*,#21563,.F.);
#21570 = CYLINDRICAL_SURFACE('',#21571,1.525);
#21571 = AXIS2_PLACEMENT_3D('',#21572,#21573,#21574);
#21572 = CARTESIAN_POINT('',(91.020081,46.302368,-4.6E-02));
#21573 = DIRECTION('',(-0.,-0.,-1.));
#21574 = DIRECTION('',(-0.,-1.,0.));
#21575 = ADVANCED_FACE('',(#21576),#21587,.F.);
#21576 = FACE_BOUND('',#21577,.T.);
#21577 = EDGE_LOOP('',(#21578,#21579,#21585,#21586));
#21578 = ORIENTED_EDGE('',*,*,#5916,.T.);
#21579 = ORIENTED_EDGE('',*,*,#21580,.T.);
#21580 = EDGE_CURVE('',#5917,#12123,#21581,.T.);
#21581 = LINE('',#21582,#21583);
#21582 = CARTESIAN_POINT('',(96.405228,44.136905,-4.6E-02));
#21583 = VECTOR('',#21584,1.);
#21584 = DIRECTION('',(0.,0.,1.));
#21585 = ORIENTED_EDGE('',*,*,#12122,.F.);
#21586 = ORIENTED_EDGE('',*,*,#21580,.F.);
#21587 = CYLINDRICAL_SURFACE('',#21588,1.525);
#21588 = AXIS2_PLACEMENT_3D('',#21589,#21590,#21591);
#21589 = CARTESIAN_POINT('',(96.405228,45.661905,-4.6E-02));
#21590 = DIRECTION('',(-0.,-0.,-1.));
#21591 = DIRECTION('',(-0.,-1.,0.));
#21592 = ADVANCED_FACE('',(#21593),#21604,.F.);
#21593 = FACE_BOUND('',#21594,.T.);
#21594 = EDGE_LOOP('',(#21595,#21596,#21602,#21603));
#21595 = ORIENTED_EDGE('',*,*,#5927,.T.);
#21596 = ORIENTED_EDGE('',*,*,#21597,.T.);
#21597 = EDGE_CURVE('',#5928,#12134,#21598,.T.);
#21598 = LINE('',#21599,#21600);
#21599 = CARTESIAN_POINT('',(101.540259,41.865751,-4.6E-02));
#21600 = VECTOR('',#21601,1.);
#21601 = DIRECTION('',(0.,0.,1.));
#21602 = ORIENTED_EDGE('',*,*,#12133,.F.);
#21603 = ORIENTED_EDGE('',*,*,#21597,.F.);
#21604 = CYLINDRICAL_SURFACE('',#21605,0.4);
#21605 = AXIS2_PLACEMENT_3D('',#21606,#21607,#21608);
#21606 = CARTESIAN_POINT('',(101.540259,42.265751,-4.6E-02));
#21607 = DIRECTION('',(-0.,0.,-1.));
#21608 = DIRECTION('',(3.5527136788E-14,-1.,-0.));
#21609 = ADVANCED_FACE('',(#21610),#21621,.F.);
#21610 = FACE_BOUND('',#21611,.T.);
#21611 = EDGE_LOOP('',(#21612,#21613,#21619,#21620));
#21612 = ORIENTED_EDGE('',*,*,#5938,.T.);
#21613 = ORIENTED_EDGE('',*,*,#21614,.T.);
#21614 = EDGE_CURVE('',#5939,#12145,#21615,.T.);
#21615 = LINE('',#21616,#21617);
#21616 = CARTESIAN_POINT('',(115.274275,38.804629,-4.6E-02));
#21617 = VECTOR('',#21618,1.);
#21618 = DIRECTION('',(0.,0.,1.));
#21619 = ORIENTED_EDGE('',*,*,#12144,.F.);
#21620 = ORIENTED_EDGE('',*,*,#21614,.F.);
#21621 = CYLINDRICAL_SURFACE('',#21622,2.525);
#21622 = AXIS2_PLACEMENT_3D('',#21623,#21624,#21625);
#21623 = CARTESIAN_POINT('',(115.274275,41.329629,-4.6E-02));
#21624 = DIRECTION('',(-0.,0.,-1.));
#21625 = DIRECTION('',(5.628061273347E-15,-1.,-0.));
#21626 = ADVANCED_FACE('',(#21627),#21638,.F.);
#21627 = FACE_BOUND('',#21628,.T.);
#21628 = EDGE_LOOP('',(#21629,#21630,#21636,#21637));
#21629 = ORIENTED_EDGE('',*,*,#5949,.T.);
#21630 = ORIENTED_EDGE('',*,*,#21631,.T.);
#21631 = EDGE_CURVE('',#5950,#12156,#21632,.T.);
#21632 = LINE('',#21633,#21634);
#21633 = CARTESIAN_POINT('',(114.047596,45.5757,-4.6E-02));
#21634 = VECTOR('',#21635,1.);
#21635 = DIRECTION('',(0.,0.,1.));
#21636 = ORIENTED_EDGE('',*,*,#12155,.F.);
#21637 = ORIENTED_EDGE('',*,*,#21631,.F.);
#21638 = CYLINDRICAL_SURFACE('',#21639,1.525);
#21639 = AXIS2_PLACEMENT_3D('',#21640,#21641,#21642);
#21640 = CARTESIAN_POINT('',(114.047596,47.1007,-4.6E-02));
#21641 = DIRECTION('',(-0.,-0.,-1.));
#21642 = DIRECTION('',(-0.,-1.,0.));
#21643 = ADVANCED_FACE('',(#21644),#21655,.F.);
#21644 = FACE_BOUND('',#21645,.T.);
#21645 = EDGE_LOOP('',(#21646,#21647,#21653,#21654));
#21646 = ORIENTED_EDGE('',*,*,#5960,.T.);
#21647 = ORIENTED_EDGE('',*,*,#21648,.T.);
#21648 = EDGE_CURVE('',#5961,#12167,#21649,.T.);
#21649 = LINE('',#21650,#21651);
#21650 = CARTESIAN_POINT('',(84.008675,51.814275,-4.6E-02));
#21651 = VECTOR('',#21652,1.);
#21652 = DIRECTION('',(0.,0.,1.));
#21653 = ORIENTED_EDGE('',*,*,#12166,.F.);
#21654 = ORIENTED_EDGE('',*,*,#21648,.F.);
#21655 = CYLINDRICAL_SURFACE('',#21656,0.8);
#21656 = AXIS2_PLACEMENT_3D('',#21657,#21658,#21659);
#21657 = CARTESIAN_POINT('',(84.008675,52.614275,-4.6E-02));
#21658 = DIRECTION('',(-0.,-0.,-1.));
#21659 = DIRECTION('',(-0.,-1.,0.));
#21660 = ADVANCED_FACE('',(#21661),#21672,.F.);
#21661 = FACE_BOUND('',#21662,.T.);
#21662 = EDGE_LOOP('',(#21663,#21664,#21670,#21671));
#21663 = ORIENTED_EDGE('',*,*,#5971,.T.);
#21664 = ORIENTED_EDGE('',*,*,#21665,.T.);
#21665 = EDGE_CURVE('',#5972,#12178,#21666,.T.);
#21666 = LINE('',#21667,#21668);
#21667 = CARTESIAN_POINT('',(98.389723,52.852972,-4.6E-02));
#21668 = VECTOR('',#21669,1.);
#21669 = DIRECTION('',(0.,0.,1.));
#21670 = ORIENTED_EDGE('',*,*,#12177,.F.);
#21671 = ORIENTED_EDGE('',*,*,#21665,.F.);
#21672 = CYLINDRICAL_SURFACE('',#21673,0.4);
#21673 = AXIS2_PLACEMENT_3D('',#21674,#21675,#21676);
#21674 = CARTESIAN_POINT('',(98.389723,53.252972,-4.6E-02));
#21675 = DIRECTION('',(-0.,-0.,-1.));
#21676 = DIRECTION('',(-0.,-1.,0.));
#21677 = ADVANCED_FACE('',(#21678),#21689,.F.);
#21678 = FACE_BOUND('',#21679,.T.);
#21679 = EDGE_LOOP('',(#21680,#21681,#21687,#21688));
#21680 = ORIENTED_EDGE('',*,*,#5982,.T.);
#21681 = ORIENTED_EDGE('',*,*,#21682,.T.);
#21682 = EDGE_CURVE('',#5983,#12189,#21683,.T.);
#21683 = LINE('',#21684,#21685);
#21684 = CARTESIAN_POINT('',(82.108511,56.476954,-4.6E-02));
#21685 = VECTOR('',#21686,1.);
#21686 = DIRECTION('',(0.,0.,1.));
#21687 = ORIENTED_EDGE('',*,*,#12188,.F.);
#21688 = ORIENTED_EDGE('',*,*,#21682,.F.);
#21689 = CYLINDRICAL_SURFACE('',#21690,0.95);
#21690 = AXIS2_PLACEMENT_3D('',#21691,#21692,#21693);
#21691 = CARTESIAN_POINT('',(82.108511,57.426954,-4.6E-02));
#21692 = DIRECTION('',(-0.,-0.,-1.));
#21693 = DIRECTION('',(-0.,-1.,0.));
#21694 = ADVANCED_FACE('',(#21695),#21706,.F.);
#21695 = FACE_BOUND('',#21696,.T.);
#21696 = EDGE_LOOP('',(#21697,#21698,#21704,#21705));
#21697 = ORIENTED_EDGE('',*,*,#5993,.T.);
#21698 = ORIENTED_EDGE('',*,*,#21699,.T.);
#21699 = EDGE_CURVE('',#5994,#12200,#21700,.T.);
#21700 = LINE('',#21701,#21702);
#21701 = CARTESIAN_POINT('',(87.39545,56.417959,-4.6E-02));
#21702 = VECTOR('',#21703,1.);
#21703 = DIRECTION('',(0.,0.,1.));
#21704 = ORIENTED_EDGE('',*,*,#12199,.F.);
#21705 = ORIENTED_EDGE('',*,*,#21699,.F.);
#21706 = CYLINDRICAL_SURFACE('',#21707,2.525);
#21707 = AXIS2_PLACEMENT_3D('',#21708,#21709,#21710);
#21708 = CARTESIAN_POINT('',(87.39545,58.942959,-4.6E-02));
#21709 = DIRECTION('',(-0.,-0.,-1.));
#21710 = DIRECTION('',(-5.628061273347E-15,-1.,0.));
#21711 = ADVANCED_FACE('',(#21712),#21723,.F.);
#21712 = FACE_BOUND('',#21713,.T.);
#21713 = EDGE_LOOP('',(#21714,#21715,#21721,#21722));
#21714 = ORIENTED_EDGE('',*,*,#6004,.T.);
#21715 = ORIENTED_EDGE('',*,*,#21716,.T.);
#21716 = EDGE_CURVE('',#6005,#12211,#21717,.T.);
#21717 = LINE('',#21718,#21719);
#21718 = CARTESIAN_POINT('',(92.682389,59.508964,-4.6E-02));
#21719 = VECTOR('',#21720,1.);
#21720 = DIRECTION('',(0.,0.,1.));
#21721 = ORIENTED_EDGE('',*,*,#12210,.F.);
#21722 = ORIENTED_EDGE('',*,*,#21716,.F.);
#21723 = CYLINDRICAL_SURFACE('',#21724,0.95);
#21724 = AXIS2_PLACEMENT_3D('',#21725,#21726,#21727);
#21725 = CARTESIAN_POINT('',(92.682389,60.458964,-4.6E-02));
#21726 = DIRECTION('',(-0.,-0.,-1.));
#21727 = DIRECTION('',(-0.,-1.,0.));
#21728 = ADVANCED_FACE('',(#21729),#21740,.F.);
#21729 = FACE_BOUND('',#21730,.T.);
#21730 = EDGE_LOOP('',(#21731,#21732,#21738,#21739));
#21731 = ORIENTED_EDGE('',*,*,#6015,.T.);
#21732 = ORIENTED_EDGE('',*,*,#21733,.T.);
#21733 = EDGE_CURVE('',#6016,#12222,#21734,.T.);
#21734 = LINE('',#21735,#21736);
#21735 = CARTESIAN_POINT('',(96.289369,60.177787,-4.6E-02));
#21736 = VECTOR('',#21737,1.);
#21737 = DIRECTION('',(0.,0.,1.));
#21738 = ORIENTED_EDGE('',*,*,#12221,.F.);
#21739 = ORIENTED_EDGE('',*,*,#21733,.F.);
#21740 = CYLINDRICAL_SURFACE('',#21741,0.4);
#21741 = AXIS2_PLACEMENT_3D('',#21742,#21743,#21744);
#21742 = CARTESIAN_POINT('',(96.289369,60.577787,-4.6E-02));
#21743 = DIRECTION('',(-0.,-0.,-1.));
#21744 = DIRECTION('',(-0.,-1.,0.));
#21745 = ADVANCED_FACE('',(#21746),#21757,.F.);
#21746 = FACE_BOUND('',#21747,.T.);
#21747 = EDGE_LOOP('',(#21748,#21749,#21755,#21756));
#21748 = ORIENTED_EDGE('',*,*,#6026,.T.);
#21749 = ORIENTED_EDGE('',*,*,#21750,.T.);
#21750 = EDGE_CURVE('',#6027,#12233,#21751,.T.);
#21751 = LINE('',#21752,#21753);
#21752 = CARTESIAN_POINT('',(107.493566,53.086322,-4.6E-02));
#21753 = VECTOR('',#21754,1.);
#21754 = DIRECTION('',(0.,0.,1.));
#21755 = ORIENTED_EDGE('',*,*,#12232,.F.);
#21756 = ORIENTED_EDGE('',*,*,#21750,.F.);
#21757 = CYLINDRICAL_SURFACE('',#21758,0.8);
#21758 = AXIS2_PLACEMENT_3D('',#21759,#21760,#21761);
#21759 = CARTESIAN_POINT('',(107.493566,53.886322,-4.6E-02));
#21760 = DIRECTION('',(-0.,-0.,-1.));
#21761 = DIRECTION('',(-0.,-1.,0.));
#21762 = ADVANCED_FACE('',(#21763),#21774,.F.);
#21763 = FACE_BOUND('',#21764,.T.);
#21764 = EDGE_LOOP('',(#21765,#21766,#21772,#21773));
#21765 = ORIENTED_EDGE('',*,*,#6037,.T.);
#21766 = ORIENTED_EDGE('',*,*,#21767,.T.);
#21767 = EDGE_CURVE('',#6038,#12244,#21768,.T.);
#21768 = LINE('',#21769,#21770);
#21769 = CARTESIAN_POINT('',(105.933747,57.869826,-4.6E-02));
#21770 = VECTOR('',#21771,1.);
#21771 = DIRECTION('',(0.,0.,1.));
#21772 = ORIENTED_EDGE('',*,*,#12243,.F.);
#21773 = ORIENTED_EDGE('',*,*,#21767,.F.);
#21774 = CYLINDRICAL_SURFACE('',#21775,0.95);
#21775 = AXIS2_PLACEMENT_3D('',#21776,#21777,#21778);
#21776 = CARTESIAN_POINT('',(105.933747,58.819826,-4.6E-02));
#21777 = DIRECTION('',(-0.,-0.,-1.));
#21778 = DIRECTION('',(-0.,-1.,0.));
#21779 = ADVANCED_FACE('',(#21780),#21791,.F.);
#21780 = FACE_BOUND('',#21781,.T.);
#21781 = EDGE_LOOP('',(#21782,#21783,#21789,#21790));
#21782 = ORIENTED_EDGE('',*,*,#6048,.T.);
#21783 = ORIENTED_EDGE('',*,*,#21784,.T.);
#21784 = EDGE_CURVE('',#6049,#12255,#21785,.T.);
#21785 = LINE('',#21786,#21787);
#21786 = CARTESIAN_POINT('',(111.313558,57.43834,-4.6E-02));
#21787 = VECTOR('',#21788,1.);
#21788 = DIRECTION('',(0.,0.,1.));
#21789 = ORIENTED_EDGE('',*,*,#12254,.F.);
#21790 = ORIENTED_EDGE('',*,*,#21784,.F.);
#21791 = CYLINDRICAL_SURFACE('',#21792,2.525);
#21792 = AXIS2_PLACEMENT_3D('',#21793,#21794,#21795);
#21793 = CARTESIAN_POINT('',(111.313558,59.96334,-4.6E-02));
#21794 = DIRECTION('',(-0.,-0.,-1.));
#21795 = DIRECTION('',(-0.,-1.,0.));
#21796 = ADVANCED_FACE('',(#21797),#21808,.F.);
#21797 = FACE_BOUND('',#21798,.T.);
#21798 = EDGE_LOOP('',(#21799,#21800,#21806,#21807));
#21799 = ORIENTED_EDGE('',*,*,#6059,.T.);
#21800 = ORIENTED_EDGE('',*,*,#21801,.T.);
#21801 = EDGE_CURVE('',#6060,#12266,#21802,.T.);
#21802 = LINE('',#21803,#21804);
#21803 = CARTESIAN_POINT('',(120.654086,41.523143,-4.6E-02));
#21804 = VECTOR('',#21805,1.);
#21805 = DIRECTION('',(0.,0.,1.));
#21806 = ORIENTED_EDGE('',*,*,#12265,.F.);
#21807 = ORIENTED_EDGE('',*,*,#21801,.F.);
#21808 = CYLINDRICAL_SURFACE('',#21809,0.95);
#21809 = AXIS2_PLACEMENT_3D('',#21810,#21811,#21812);
#21810 = CARTESIAN_POINT('',(120.654086,42.473143,-4.6E-02));
#21811 = DIRECTION('',(-0.,-0.,-1.));
#21812 = DIRECTION('',(-0.,-1.,0.));
#21813 = ADVANCED_FACE('',(#21814),#21825,.F.);
#21814 = FACE_BOUND('',#21815,.T.);
#21815 = EDGE_LOOP('',(#21816,#21817,#21823,#21824));
#21816 = ORIENTED_EDGE('',*,*,#6070,.T.);
#21817 = ORIENTED_EDGE('',*,*,#21818,.T.);
#21818 = EDGE_CURVE('',#6071,#12277,#21819,.T.);
#21819 = LINE('',#21820,#21821);
#21820 = CARTESIAN_POINT('',(124.260569,41.940063,-4.6E-02));
#21821 = VECTOR('',#21822,1.);
#21822 = DIRECTION('',(0.,0.,1.));
#21823 = ORIENTED_EDGE('',*,*,#12276,.F.);
#21824 = ORIENTED_EDGE('',*,*,#21818,.F.);
#21825 = CYLINDRICAL_SURFACE('',#21826,0.4);
#21826 = AXIS2_PLACEMENT_3D('',#21827,#21828,#21829);
#21827 = CARTESIAN_POINT('',(124.260569,42.340063,-4.6E-02));
#21828 = DIRECTION('',(-0.,-0.,-1.));
#21829 = DIRECTION('',(-0.,-1.,0.));
#21830 = ADVANCED_FACE('',(#21831),#21842,.F.);
#21831 = FACE_BOUND('',#21832,.T.);
#21832 = EDGE_LOOP('',(#21833,#21834,#21840,#21841));
#21833 = ORIENTED_EDGE('',*,*,#6081,.T.);
#21834 = ORIENTED_EDGE('',*,*,#21835,.T.);
#21835 = EDGE_CURVE('',#6082,#12288,#21836,.T.);
#21836 = LINE('',#21837,#21838);
#21837 = CARTESIAN_POINT('',(128.528176,43.196832,-4.6E-02));
#21838 = VECTOR('',#21839,1.);
#21839 = DIRECTION('',(0.,0.,1.));
#21840 = ORIENTED_EDGE('',*,*,#12287,.F.);
#21841 = ORIENTED_EDGE('',*,*,#21835,.F.);
#21842 = CYLINDRICAL_SURFACE('',#21843,0.95);
#21843 = AXIS2_PLACEMENT_3D('',#21844,#21845,#21846);
#21844 = CARTESIAN_POINT('',(128.528176,44.146832,-4.6E-02));
#21845 = DIRECTION('',(-0.,-0.,-1.));
#21846 = DIRECTION('',(-0.,-1.,0.));
#21847 = ADVANCED_FACE('',(#21848),#21859,.F.);
#21848 = FACE_BOUND('',#21849,.T.);
#21849 = EDGE_LOOP('',(#21850,#21851,#21857,#21858));
#21850 = ORIENTED_EDGE('',*,*,#6092,.T.);
#21851 = ORIENTED_EDGE('',*,*,#21852,.T.);
#21852 = EDGE_CURVE('',#6093,#12299,#21853,.T.);
#21853 = LINE('',#21854,#21855);
#21854 = CARTESIAN_POINT('',(133.907987,42.765346,-4.6E-02));
#21855 = VECTOR('',#21856,1.);
#21856 = DIRECTION('',(0.,0.,1.));
#21857 = ORIENTED_EDGE('',*,*,#12298,.F.);
#21858 = ORIENTED_EDGE('',*,*,#21852,.F.);
#21859 = CYLINDRICAL_SURFACE('',#21860,2.525);
#21860 = AXIS2_PLACEMENT_3D('',#21861,#21862,#21863);
#21861 = CARTESIAN_POINT('',(133.907987,45.290346,-4.6E-02));
#21862 = DIRECTION('',(-0.,-0.,-1.));
#21863 = DIRECTION('',(-0.,-1.,0.));
#21864 = ADVANCED_FACE('',(#21865),#21876,.F.);
#21865 = FACE_BOUND('',#21866,.T.);
#21866 = EDGE_LOOP('',(#21867,#21868,#21874,#21875));
#21867 = ORIENTED_EDGE('',*,*,#6103,.T.);
#21868 = ORIENTED_EDGE('',*,*,#21869,.T.);
#21869 = EDGE_CURVE('',#6104,#12310,#21870,.T.);
#21870 = LINE('',#21871,#21872);
#21871 = CARTESIAN_POINT('',(119.374949,44.561148,-4.6E-02));
#21872 = VECTOR('',#21873,1.);
#21873 = DIRECTION('',(0.,0.,1.));
#21874 = ORIENTED_EDGE('',*,*,#12309,.F.);
#21875 = ORIENTED_EDGE('',*,*,#21869,.F.);
#21876 = CYLINDRICAL_SURFACE('',#21877,1.525);
#21877 = AXIS2_PLACEMENT_3D('',#21878,#21879,#21880);
#21878 = CARTESIAN_POINT('',(119.374949,46.086148,-4.6E-02));
#21879 = DIRECTION('',(-0.,-0.,-1.));
#21880 = DIRECTION('',(-0.,-1.,0.));
#21881 = ADVANCED_FACE('',(#21882),#21893,.F.);
#21882 = FACE_BOUND('',#21883,.T.);
#21883 = EDGE_LOOP('',(#21884,#21885,#21891,#21892));
#21884 = ORIENTED_EDGE('',*,*,#6114,.T.);
#21885 = ORIENTED_EDGE('',*,*,#21886,.T.);
#21886 = EDGE_CURVE('',#6115,#12321,#21887,.T.);
#21887 = LINE('',#21888,#21889);
#21888 = CARTESIAN_POINT('',(138.008661,48.521865,-4.6E-02));
#21889 = VECTOR('',#21890,1.);
#21890 = DIRECTION('',(0.,0.,1.));
#21891 = ORIENTED_EDGE('',*,*,#12320,.F.);
#21892 = ORIENTED_EDGE('',*,*,#21886,.F.);
#21893 = CYLINDRICAL_SURFACE('',#21894,1.525);
#21894 = AXIS2_PLACEMENT_3D('',#21895,#21896,#21897);
#21895 = CARTESIAN_POINT('',(138.008661,50.046865,-4.6E-02));
#21896 = DIRECTION('',(-0.,-0.,-1.));
#21897 = DIRECTION('',(-1.863718651174E-14,-1.,0.));
#21898 = ADVANCED_FACE('',(#21899),#21910,.F.);
#21899 = FACE_BOUND('',#21900,.T.);
#21900 = EDGE_LOOP('',(#21901,#21902,#21908,#21909));
#21901 = ORIENTED_EDGE('',*,*,#6125,.T.);
#21902 = ORIENTED_EDGE('',*,*,#21903,.T.);
#21903 = EDGE_CURVE('',#6126,#12332,#21904,.T.);
#21904 = LINE('',#21905,#21906);
#21905 = CARTESIAN_POINT('',(139.287798,45.48386,-4.6E-02));
#21906 = VECTOR('',#21907,1.);
#21907 = DIRECTION('',(0.,0.,1.));
#21908 = ORIENTED_EDGE('',*,*,#12331,.F.);
#21909 = ORIENTED_EDGE('',*,*,#21903,.F.);
#21910 = CYLINDRICAL_SURFACE('',#21911,0.95);
#21911 = AXIS2_PLACEMENT_3D('',#21912,#21913,#21914);
#21912 = CARTESIAN_POINT('',(139.287798,46.43386,-4.6E-02));
#21913 = DIRECTION('',(-0.,-0.,-1.));
#21914 = DIRECTION('',(-0.,-1.,0.));
#21915 = ADVANCED_FACE('',(#21916),#21927,.F.);
#21916 = FACE_BOUND('',#21917,.T.);
#21917 = EDGE_LOOP('',(#21918,#21919,#21925,#21926));
#21918 = ORIENTED_EDGE('',*,*,#6136,.T.);
#21919 = ORIENTED_EDGE('',*,*,#21920,.T.);
#21920 = EDGE_CURVE('',#6137,#12343,#21921,.T.);
#21921 = LINE('',#21922,#21923);
#21922 = CARTESIAN_POINT('',(142.894281,45.900781,-4.6E-02));
#21923 = VECTOR('',#21924,1.);
#21924 = DIRECTION('',(0.,0.,1.));
#21925 = ORIENTED_EDGE('',*,*,#12342,.F.);
#21926 = ORIENTED_EDGE('',*,*,#21920,.F.);
#21927 = CYLINDRICAL_SURFACE('',#21928,0.4);
#21928 = AXIS2_PLACEMENT_3D('',#21929,#21930,#21931);
#21929 = CARTESIAN_POINT('',(142.894281,46.300781,-4.6E-02));
#21930 = DIRECTION('',(-0.,-0.,-1.));
#21931 = DIRECTION('',(-0.,-1.,0.));
#21932 = ADVANCED_FACE('',(#21933),#21944,.F.);
#21933 = FACE_BOUND('',#21934,.T.);
#21934 = EDGE_LOOP('',(#21935,#21936,#21942,#21943));
#21935 = ORIENTED_EDGE('',*,*,#6147,.T.);
#21936 = ORIENTED_EDGE('',*,*,#21937,.T.);
#21937 = EDGE_CURVE('',#6148,#12354,#21938,.T.);
#21938 = LINE('',#21939,#21940);
#21939 = CARTESIAN_POINT('',(121.884134,53.120291,-4.6E-02));
#21940 = VECTOR('',#21941,1.);
#21941 = DIRECTION('',(0.,0.,1.));
#21942 = ORIENTED_EDGE('',*,*,#12353,.F.);
#21943 = ORIENTED_EDGE('',*,*,#21937,.F.);
#21944 = CYLINDRICAL_SURFACE('',#21945,0.4);
#21945 = AXIS2_PLACEMENT_3D('',#21946,#21947,#21948);
#21946 = CARTESIAN_POINT('',(121.884134,53.520291,-4.6E-02));
#21947 = DIRECTION('',(-0.,0.,-1.));
#21948 = DIRECTION('',(3.5527136788E-14,-1.,-0.));
#21949 = ADVANCED_FACE('',(#21950),#21961,.F.);
#21950 = FACE_BOUND('',#21951,.T.);
#21951 = EDGE_LOOP('',(#21952,#21953,#21959,#21960));
#21952 = ORIENTED_EDGE('',*,*,#6158,.T.);
#21953 = ORIENTED_EDGE('',*,*,#21954,.T.);
#21954 = EDGE_CURVE('',#6159,#12365,#21955,.T.);
#21955 = LINE('',#21956,#21957);
#21956 = CARTESIAN_POINT('',(132.681308,49.536417,-4.6E-02));
#21957 = VECTOR('',#21958,1.);
#21958 = DIRECTION('',(0.,0.,1.));
#21959 = ORIENTED_EDGE('',*,*,#12364,.F.);
#21960 = ORIENTED_EDGE('',*,*,#21954,.F.);
#21961 = CYLINDRICAL_SURFACE('',#21962,1.525);
#21962 = AXIS2_PLACEMENT_3D('',#21963,#21964,#21965);
#21963 = CARTESIAN_POINT('',(132.681308,51.061417,-4.6E-02));
#21964 = DIRECTION('',(-0.,-0.,-1.));
#21965 = DIRECTION('',(-0.,-1.,0.));
#21966 = ADVANCED_FACE('',(#21967),#21978,.F.);
#21967 = FACE_BOUND('',#21968,.T.);
#21968 = EDGE_LOOP('',(#21969,#21970,#21976,#21977));
#21969 = ORIENTED_EDGE('',*,*,#6169,.T.);
#21970 = ORIENTED_EDGE('',*,*,#21971,.T.);
#21971 = EDGE_CURVE('',#6170,#12376,#21972,.T.);
#21972 = LINE('',#21973,#21974);
#21973 = CARTESIAN_POINT('',(126.127277,57.04704,-4.6E-02));
#21974 = VECTOR('',#21975,1.);
#21975 = DIRECTION('',(0.,0.,1.));
#21976 = ORIENTED_EDGE('',*,*,#12375,.F.);
#21977 = ORIENTED_EDGE('',*,*,#21971,.F.);
#21978 = CYLINDRICAL_SURFACE('',#21979,0.8);
#21979 = AXIS2_PLACEMENT_3D('',#21980,#21981,#21982);
#21980 = CARTESIAN_POINT('',(126.127277,57.84704,-4.6E-02));
#21981 = DIRECTION('',(-0.,0.,-1.));
#21982 = DIRECTION('',(1.7763568394E-14,-1.,-0.));
#21983 = ADVANCED_FACE('',(#21984),#21995,.F.);
#21984 = FACE_BOUND('',#21985,.T.);
#21985 = EDGE_LOOP('',(#21986,#21987,#21993,#21994));
#21986 = ORIENTED_EDGE('',*,*,#6180,.T.);
#21987 = ORIENTED_EDGE('',*,*,#21988,.T.);
#21988 = EDGE_CURVE('',#6181,#12387,#21989,.T.);
#21989 = LINE('',#21990,#21991);
#21990 = CARTESIAN_POINT('',(140.517848,57.081008,-4.6E-02));
#21991 = VECTOR('',#21992,1.);
#21992 = DIRECTION('',(0.,0.,1.));
#21993 = ORIENTED_EDGE('',*,*,#12386,.F.);
#21994 = ORIENTED_EDGE('',*,*,#21988,.F.);
#21995 = CYLINDRICAL_SURFACE('',#21996,0.4);
#21996 = AXIS2_PLACEMENT_3D('',#21997,#21998,#21999);
#21997 = CARTESIAN_POINT('',(140.517848,57.481008,-4.6E-02));
#21998 = DIRECTION('',(-0.,-0.,-1.));
#21999 = DIRECTION('',(-7.105427357601E-14,-1.,0.));
#22000 = ADVANCED_FACE('',(#22001),#22012,.F.);
#22001 = FACE_BOUND('',#22002,.T.);
#22002 = EDGE_LOOP('',(#22003,#22004,#22010,#22011));
#22003 = ORIENTED_EDGE('',*,*,#6191,.T.);
#22004 = ORIENTED_EDGE('',*,*,#22005,.T.);
#22005 = EDGE_CURVE('',#6192,#12398,#22006,.T.);
#22006 = LINE('',#22007,#22008);
#22007 = CARTESIAN_POINT('',(85.76919,63.089403,-4.6E-02));
#22008 = VECTOR('',#22009,1.);
#22009 = DIRECTION('',(0.,0.,1.));
#22010 = ORIENTED_EDGE('',*,*,#12397,.F.);
#22011 = ORIENTED_EDGE('',*,*,#22005,.F.);
#22012 = CYLINDRICAL_SURFACE('',#22013,1.525);
#22013 = AXIS2_PLACEMENT_3D('',#22014,#22015,#22016);
#22014 = CARTESIAN_POINT('',(85.76919,64.614403,-4.6E-02));
#22015 = DIRECTION('',(-0.,-0.,-1.));
#22016 = DIRECTION('',(-9.31859325587E-15,-1.,0.));
#22017 = ADVANCED_FACE('',(#22018),#22029,.F.);
#22018 = FACE_BOUND('',#22019,.T.);
#22019 = EDGE_LOOP('',(#22020,#22021,#22027,#22028));
#22020 = ORIENTED_EDGE('',*,*,#6202,.T.);
#22021 = ORIENTED_EDGE('',*,*,#22022,.T.);
#22022 = EDGE_CURVE('',#6203,#12409,#22023,.T.);
#22023 = LINE('',#22024,#22025);
#22024 = CARTESIAN_POINT('',(91.154337,62.44894,-4.6E-02));
#22025 = VECTOR('',#22026,1.);
#22026 = DIRECTION('',(0.,0.,1.));
#22027 = ORIENTED_EDGE('',*,*,#12408,.F.);
#22028 = ORIENTED_EDGE('',*,*,#22022,.F.);
#22029 = CYLINDRICAL_SURFACE('',#22030,1.525);
#22030 = AXIS2_PLACEMENT_3D('',#22031,#22032,#22033);
#22031 = CARTESIAN_POINT('',(91.154337,63.97394,-4.6E-02));
#22032 = DIRECTION('',(-0.,-0.,-1.));
#22033 = DIRECTION('',(-0.,-1.,0.));
#22034 = ADVANCED_FACE('',(#22035),#22046,.F.);
#22035 = FACE_BOUND('',#22036,.T.);
#22036 = EDGE_LOOP('',(#22037,#22038,#22044,#22045));
#22037 = ORIENTED_EDGE('',*,*,#6213,.T.);
#22038 = ORIENTED_EDGE('',*,*,#22039,.T.);
#22039 = EDGE_CURVE('',#6214,#12420,#22040,.T.);
#22040 = LINE('',#22041,#22042);
#22041 = CARTESIAN_POINT('',(116.693369,60.156854,-4.6E-02));
#22042 = VECTOR('',#22043,1.);
#22043 = DIRECTION('',(0.,0.,1.));
#22044 = ORIENTED_EDGE('',*,*,#12419,.F.);
#22045 = ORIENTED_EDGE('',*,*,#22039,.F.);
#22046 = CYLINDRICAL_SURFACE('',#22047,0.95);
#22047 = AXIS2_PLACEMENT_3D('',#22048,#22049,#22050);
#22048 = CARTESIAN_POINT('',(116.693369,61.106854,-4.6E-02));
#22049 = DIRECTION('',(-0.,-0.,-1.));
#22050 = DIRECTION('',(-0.,-1.,0.));
#22051 = ADVANCED_FACE('',(#22052),#22063,.F.);
#22052 = FACE_BOUND('',#22053,.T.);
#22053 = EDGE_LOOP('',(#22054,#22055,#22061,#22062));
#22054 = ORIENTED_EDGE('',*,*,#6224,.T.);
#22055 = ORIENTED_EDGE('',*,*,#22056,.T.);
#22056 = EDGE_CURVE('',#6225,#12431,#22057,.T.);
#22057 = LINE('',#22058,#22059);
#22058 = CARTESIAN_POINT('',(115.414232,63.194859,-4.6E-02));
#22059 = VECTOR('',#22060,1.);
#22060 = DIRECTION('',(0.,0.,1.));
#22061 = ORIENTED_EDGE('',*,*,#12430,.F.);
#22062 = ORIENTED_EDGE('',*,*,#22056,.F.);
#22063 = CYLINDRICAL_SURFACE('',#22064,1.525);
#22064 = AXIS2_PLACEMENT_3D('',#22065,#22066,#22067);
#22065 = CARTESIAN_POINT('',(115.414232,64.719859,-4.6E-02));
#22066 = DIRECTION('',(-0.,-0.,-1.));
#22067 = DIRECTION('',(-0.,-1.,0.));
#22068 = ADVANCED_FACE('',(#22069),#22080,.F.);
#22069 = FACE_BOUND('',#22070,.T.);
#22070 = EDGE_LOOP('',(#22071,#22072,#22078,#22079));
#22071 = ORIENTED_EDGE('',*,*,#6235,.T.);
#22072 = ORIENTED_EDGE('',*,*,#22073,.T.);
#22073 = EDGE_CURVE('',#6236,#12442,#22074,.T.);
#22074 = LINE('',#22075,#22076);
#22075 = CARTESIAN_POINT('',(110.086879,64.209411,-4.6E-02));
#22076 = VECTOR('',#22077,1.);
#22077 = DIRECTION('',(0.,0.,1.));
#22078 = ORIENTED_EDGE('',*,*,#12441,.F.);
#22079 = ORIENTED_EDGE('',*,*,#22073,.F.);
#22080 = CYLINDRICAL_SURFACE('',#22081,1.525);
#22081 = AXIS2_PLACEMENT_3D('',#22082,#22083,#22084);
#22082 = CARTESIAN_POINT('',(110.086879,65.734411,-4.6E-02));
#22083 = DIRECTION('',(-0.,-0.,-1.));
#22084 = DIRECTION('',(-9.31859325587E-15,-1.,0.));
#22085 = ADVANCED_FACE('',(#22086),#22097,.F.);
#22086 = FACE_BOUND('',#22087,.T.);
#22087 = EDGE_LOOP('',(#22088,#22089,#22095,#22096));
#22088 = ORIENTED_EDGE('',*,*,#6246,.T.);
#22089 = ORIENTED_EDGE('',*,*,#22090,.T.);
#22090 = EDGE_CURVE('',#6247,#12453,#22091,.T.);
#22091 = LINE('',#22092,#22093);
#22092 = CARTESIAN_POINT('',(96.969174,74.385153,-4.6E-02));
#22093 = VECTOR('',#22094,1.);
#22094 = DIRECTION('',(0.,0.,1.));
#22095 = ORIENTED_EDGE('',*,*,#12452,.F.);
#22096 = ORIENTED_EDGE('',*,*,#22090,.F.);
#22097 = CYLINDRICAL_SURFACE('',#22098,1.1);
#22098 = AXIS2_PLACEMENT_3D('',#22099,#22100,#22101);
#22099 = CARTESIAN_POINT('',(96.969174,75.485153,-4.6E-02));
#22100 = DIRECTION('',(-0.,-0.,-1.));
#22101 = DIRECTION('',(-1.2918958832E-14,-1.,0.));
#22102 = ADVANCED_FACE('',(#22103),#22114,.F.);
#22103 = FACE_BOUND('',#22104,.T.);
#22104 = EDGE_LOOP('',(#22105,#22106,#22112,#22113));
#22105 = ORIENTED_EDGE('',*,*,#6257,.T.);
#22106 = ORIENTED_EDGE('',*,*,#22107,.T.);
#22107 = EDGE_CURVE('',#6258,#12464,#22108,.T.);
#22108 = LINE('',#22109,#22110);
#22109 = CARTESIAN_POINT('',(120.29985,60.573776,-4.6E-02));
#22110 = VECTOR('',#22111,1.);
#22111 = DIRECTION('',(0.,0.,1.));
#22112 = ORIENTED_EDGE('',*,*,#12463,.F.);
#22113 = ORIENTED_EDGE('',*,*,#22107,.F.);
#22114 = CYLINDRICAL_SURFACE('',#22115,0.4);
#22115 = AXIS2_PLACEMENT_3D('',#22116,#22117,#22118);
#22116 = CARTESIAN_POINT('',(120.29985,60.973776,-4.6E-02));
#22117 = DIRECTION('',(-0.,0.,-1.));
#22118 = DIRECTION('',(3.5527136788E-14,-1.,-0.));
#22119 = ADVANCED_FACE('',(#22120),#22131,.F.);
#22120 = FACE_BOUND('',#22121,.T.);
#22121 = EDGE_LOOP('',(#22122,#22123,#22129,#22130));
#22122 = ORIENTED_EDGE('',*,*,#6268,.T.);
#22123 = ORIENTED_EDGE('',*,*,#22124,.T.);
#22124 = EDGE_CURVE('',#6269,#12475,#22125,.T.);
#22125 = LINE('',#22126,#22127);
#22126 = CARTESIAN_POINT('',(124.567458,61.830544,-4.6E-02));
#22127 = VECTOR('',#22128,1.);
#22128 = DIRECTION('',(0.,0.,1.));
#22129 = ORIENTED_EDGE('',*,*,#12474,.F.);
#22130 = ORIENTED_EDGE('',*,*,#22124,.F.);
#22131 = CYLINDRICAL_SURFACE('',#22132,0.95);
#22132 = AXIS2_PLACEMENT_3D('',#22133,#22134,#22135);
#22133 = CARTESIAN_POINT('',(124.567458,62.780544,-4.6E-02));
#22134 = DIRECTION('',(-0.,-0.,-1.));
#22135 = DIRECTION('',(-0.,-1.,0.));
#22136 = ADVANCED_FACE('',(#22137),#22148,.F.);
#22137 = FACE_BOUND('',#22138,.T.);
#22138 = EDGE_LOOP('',(#22139,#22140,#22146,#22147));
#22139 = ORIENTED_EDGE('',*,*,#6279,.T.);
#22140 = ORIENTED_EDGE('',*,*,#22141,.T.);
#22141 = EDGE_CURVE('',#6280,#12486,#22142,.T.);
#22142 = LINE('',#22143,#22144);
#22143 = CARTESIAN_POINT('',(129.947269,61.399058,-4.6E-02));
#22144 = VECTOR('',#22145,1.);
#22145 = DIRECTION('',(0.,0.,1.));
#22146 = ORIENTED_EDGE('',*,*,#12485,.F.);
#22147 = ORIENTED_EDGE('',*,*,#22141,.F.);
#22148 = CYLINDRICAL_SURFACE('',#22149,2.525);
#22149 = AXIS2_PLACEMENT_3D('',#22150,#22151,#22152);
#22150 = CARTESIAN_POINT('',(129.947269,63.924058,-4.6E-02));
#22151 = DIRECTION('',(-0.,-0.,-1.));
#22152 = DIRECTION('',(-0.,-1.,0.));
#22153 = ADVANCED_FACE('',(#22154),#22165,.F.);
#22154 = FACE_BOUND('',#22155,.T.);
#22155 = EDGE_LOOP('',(#22156,#22157,#22163,#22164));
#22156 = ORIENTED_EDGE('',*,*,#6290,.T.);
#22157 = ORIENTED_EDGE('',*,*,#22158,.T.);
#22158 = EDGE_CURVE('',#6291,#12497,#22159,.T.);
#22159 = LINE('',#22160,#22161);
#22160 = CARTESIAN_POINT('',(135.32708,64.117572,-4.6E-02));
#22161 = VECTOR('',#22162,1.);
#22162 = DIRECTION('',(0.,0.,1.));
#22163 = ORIENTED_EDGE('',*,*,#12496,.F.);
#22164 = ORIENTED_EDGE('',*,*,#22158,.F.);
#22165 = CYLINDRICAL_SURFACE('',#22166,0.95);
#22166 = AXIS2_PLACEMENT_3D('',#22167,#22168,#22169);
#22167 = CARTESIAN_POINT('',(135.32708,65.067572,-4.6E-02));
#22168 = DIRECTION('',(-0.,-0.,-1.));
#22169 = DIRECTION('',(-2.991758887411E-14,-1.,0.));
#22170 = ADVANCED_FACE('',(#22171),#22182,.F.);
#22171 = FACE_BOUND('',#22172,.T.);
#22172 = EDGE_LOOP('',(#22173,#22174,#22180,#22181));
#22173 = ORIENTED_EDGE('',*,*,#6301,.T.);
#22174 = ORIENTED_EDGE('',*,*,#22175,.T.);
#22175 = EDGE_CURVE('',#6302,#12508,#22176,.T.);
#22176 = LINE('',#22177,#22178);
#22177 = CARTESIAN_POINT('',(138.933564,64.534493,-4.6E-02));
#22178 = VECTOR('',#22179,1.);
#22179 = DIRECTION('',(0.,0.,1.));
#22180 = ORIENTED_EDGE('',*,*,#12507,.F.);
#22181 = ORIENTED_EDGE('',*,*,#22175,.F.);
#22182 = CYLINDRICAL_SURFACE('',#22183,0.4);
#22183 = AXIS2_PLACEMENT_3D('',#22184,#22185,#22186);
#22184 = CARTESIAN_POINT('',(138.933564,64.934493,-4.6E-02));
#22185 = DIRECTION('',(-0.,-0.,-1.));
#22186 = DIRECTION('',(-0.,-1.,0.));
#22187 = ADVANCED_FACE('',(#22188),#22199,.F.);
#22188 = FACE_BOUND('',#22189,.T.);
#22189 = EDGE_LOOP('',(#22190,#22191,#22197,#22198));
#22190 = ORIENTED_EDGE('',*,*,#6312,.T.);
#22191 = ORIENTED_EDGE('',*,*,#22192,.T.);
#22192 = EDGE_CURVE('',#6313,#12519,#22193,.T.);
#22193 = LINE('',#22194,#22195);
#22194 = CARTESIAN_POINT('',(128.72059,68.170129,-4.6E-02));
#22195 = VECTOR('',#22196,1.);
#22196 = DIRECTION('',(0.,0.,1.));
#22197 = ORIENTED_EDGE('',*,*,#12518,.F.);
#22198 = ORIENTED_EDGE('',*,*,#22192,.F.);
#22199 = CYLINDRICAL_SURFACE('',#22200,1.525);
#22200 = AXIS2_PLACEMENT_3D('',#22201,#22202,#22203);
#22201 = CARTESIAN_POINT('',(128.72059,69.695129,-4.6E-02));
#22202 = DIRECTION('',(-0.,-0.,-1.));
#22203 = DIRECTION('',(-0.,-1.,0.));
#22204 = ADVANCED_FACE('',(#22205),#22216,.F.);
#22205 = FACE_BOUND('',#22206,.T.);
#22206 = EDGE_LOOP('',(#22207,#22208,#22214,#22215));
#22207 = ORIENTED_EDGE('',*,*,#6323,.T.);
#22208 = ORIENTED_EDGE('',*,*,#22209,.T.);
#22209 = EDGE_CURVE('',#6324,#12530,#22210,.T.);
#22210 = LINE('',#22211,#22212);
#22211 = CARTESIAN_POINT('',(134.047943,67.155577,-4.6E-02));
#22212 = VECTOR('',#22213,1.);
#22213 = DIRECTION('',(0.,0.,1.));
#22214 = ORIENTED_EDGE('',*,*,#12529,.F.);
#22215 = ORIENTED_EDGE('',*,*,#22209,.F.);
#22216 = CYLINDRICAL_SURFACE('',#22217,1.525);
#22217 = AXIS2_PLACEMENT_3D('',#22218,#22219,#22220);
#22218 = CARTESIAN_POINT('',(134.047943,68.680577,-4.6E-02));
#22219 = DIRECTION('',(-0.,-0.,-1.));
#22220 = DIRECTION('',(-0.,-1.,0.));
#22221 = ADVANCED_FACE('',(#22222),#22233,.F.);
#22222 = FACE_BOUND('',#22223,.T.);
#22223 = EDGE_LOOP('',(#22224,#22225,#22231,#22232));
#22224 = ORIENTED_EDGE('',*,*,#6334,.T.);
#22225 = ORIENTED_EDGE('',*,*,#22226,.T.);
#22226 = EDGE_CURVE('',#6335,#12541,#22227,.T.);
#22227 = LINE('',#22228,#22229);
#22228 = CARTESIAN_POINT('',(140.651596,78.658125,-4.6E-02));
#22229 = VECTOR('',#22230,1.);
#22230 = DIRECTION('',(0.,0.,1.));
#22231 = ORIENTED_EDGE('',*,*,#12540,.F.);
#22232 = ORIENTED_EDGE('',*,*,#22226,.F.);
#22233 = CYLINDRICAL_SURFACE('',#22234,1.1);
#22234 = AXIS2_PLACEMENT_3D('',#22235,#22236,#22237);
#22235 = CARTESIAN_POINT('',(140.651596,79.758125,-4.6E-02));
#22236 = DIRECTION('',(-0.,0.,-1.));
#22237 = DIRECTION('',(2.5837917664E-14,-1.,-0.));
#22238 = ( GEOMETRIC_REPRESENTATION_CONTEXT(3) 
GLOBAL_UNCERTAINTY_ASSIGNED_CONTEXT((#22242)) 
GLOBAL_UNIT_ASSIGNED_CONTEXT((#22239,#22240,#22241)) 
REPRESENTATION_CONTEXT('Context #1',
  '3D Context with UNIT and UNCERTAINTY') );
#22239 = ( LENGTH_UNIT() NAMED_UNIT(*) SI_UNIT(.MILLI.,.METRE.) );
#22240 = ( NAMED_UNIT(*) PLANE_ANGLE_UNIT() SI_UNIT($,.RADIAN.) );
#22241 = ( NAMED_UNIT(*) SI_UNIT($,.STERADIAN.) SOLID_ANGLE_UNIT() );
#22242 = UNCERTAINTY_MEASURE_WITH_UNIT(LENGTH_MEASURE(1.E-07),#22239,
  'distance_accuracy_value','confusion accuracy');
#22243 = CONTEXT_DEPENDENT_SHAPE_REPRESENTATION(#22244,#22246);
#22244 = ( REPRESENTATION_RELATIONSHIP('','',#32,#10) 
REPRESENTATION_RELATIONSHIP_WITH_TRANSFORMATION(#22245) 
SHAPE_REPRESENTATION_RELATIONSHIP() );
#22245 = ITEM_DEFINED_TRANSFORMATION('','',#11,#15);
#22246 = PRODUCT_DEFINITION_SHAPE('Placement','Placement of an item',
  #22247);
#22247 = NEXT_ASSEMBLY_USAGE_OCCURRENCE('1','=>[0:1:1:2]','',#5,#27,$);
#22248 = PRODUCT_RELATED_PRODUCT_CATEGORY('part',$,(#29));
#22249 = MECHANICAL_DESIGN_GEOMETRIC_PRESENTATION_REPRESENTATION('',(
    #22250),#22238);
#22250 = STYLED_ITEM('color',(#22251),#33);
#22251 = PRESENTATION_STYLE_ASSIGNMENT((#22252));
#22252 = SURFACE_STYLE_USAGE(.BOTH.,#22253);
#22253 = SURFACE_SIDE_STYLE('',(#22254));
#22254 = SURFACE_STYLE_FILL_AREA(#22255);
#22255 = FILL_AREA_STYLE('',(#22256));
#22256 = FILL_AREA_STYLE_COLOUR('',#22257);
#22257 = COLOUR_RGB('',0.313304153717,0.484529207832,0.410020903123);
ENDSEC;
END-ISO-10303-21;
